Cadence Genus(TM) Synthesis Solution.
Copyright 2023 Cadence Design Systems, Inc. All rights reserved worldwide.
Cadence and the Cadence logo are registered trademarks and Genus is a trademark
of Cadence Design Systems, Inc. in the United States and other countries.

[01:34:43.095609] Configured Lic search path (21.01-s002): 5280@cadence

Version: 21.18-s082_1, built Tue Jul 18 00:08:41 PDT 2023
Options: -files scripts/run_synth.tcl 
Date:    Sat Jun 27 01:34:43 2026
Host:    cadence (x86_64 w/Linux 3.10.0-1160.el7.x86_64) (8cores*32cpus*2physical cpus*Intel(R) Xeon(R) CPU E5-2440 v2 @ 1.90GHz 20480KB) (197849384KB)
PID:     20452
OS:      Red Hat Enterprise Linux Server release 7.9 (Maipo)


[01:34:43.170952] Periodic Lic check successful
[01:34:43.170985] Feature usage summary:
[01:34:43.170987] Genus_Synthesis
Checking out license: Genus_Synthesis


***********************************************************************************************************
***********************************************************************************************************



Loading tool scripts...
Finished loading tool scripts (17 seconds elapsed).

#@ Processing -files option
@genus 1> source scripts/run_synth.tcl
#@ Begin verbose source ./scripts/run_synth.tcl
@file(run_synth.tcl) 3: if {[file exists /proc/cpuinfo]} {
  sh grep "model name" /proc/cpuinfo
    sh grep "cpu MHz"    /proc/cpuinfo
    }
model name	: Intel(R) Xeon(R) CPU E5-2440 v2 @ 1.90GHz
model name	: Intel(R) Xeon(R) CPU E5-2440 v2 @ 1.90GHz
model name	: Intel(R) Xeon(R) CPU E5-2440 v2 @ 1.90GHz
model name	: Intel(R) Xeon(R) CPU E5-2440 v2 @ 1.90GHz
model name	: Intel(R) Xeon(R) CPU E5-2440 v2 @ 1.90GHz
model name	: Intel(R) Xeon(R) CPU E5-2440 v2 @ 1.90GHz
model name	: Intel(R) Xeon(R) CPU E5-2440 v2 @ 1.90GHz
model name	: Intel(R) Xeon(R) CPU E5-2440 v2 @ 1.90GHz
model name	: Intel(R) Xeon(R) CPU E5-2440 v2 @ 1.90GHz
model name	: Intel(R) Xeon(R) CPU E5-2440 v2 @ 1.90GHz
model name	: Intel(R) Xeon(R) CPU E5-2440 v2 @ 1.90GHz
model name	: Intel(R) Xeon(R) CPU E5-2440 v2 @ 1.90GHz
model name	: Intel(R) Xeon(R) CPU E5-2440 v2 @ 1.90GHz
model name	: Intel(R) Xeon(R) CPU E5-2440 v2 @ 1.90GHz
model name	: Intel(R) Xeon(R) CPU E5-2440 v2 @ 1.90GHz
model name	: Intel(R) Xeon(R) CPU E5-2440 v2 @ 1.90GHz
model name	: Intel(R) Xeon(R) CPU E5-2440 v2 @ 1.90GHz
model name	: Intel(R) Xeon(R) CPU E5-2440 v2 @ 1.90GHz
model name	: Intel(R) Xeon(R) CPU E5-2440 v2 @ 1.90GHz
model name	: Intel(R) Xeon(R) CPU E5-2440 v2 @ 1.90GHz
model name	: Intel(R) Xeon(R) CPU E5-2440 v2 @ 1.90GHz
model name	: Intel(R) Xeon(R) CPU E5-2440 v2 @ 1.90GHz
model name	: Intel(R) Xeon(R) CPU E5-2440 v2 @ 1.90GHz
model name	: Intel(R) Xeon(R) CPU E5-2440 v2 @ 1.90GHz
model name	: Intel(R) Xeon(R) CPU E5-2440 v2 @ 1.90GHz
model name	: Intel(R) Xeon(R) CPU E5-2440 v2 @ 1.90GHz
model name	: Intel(R) Xeon(R) CPU E5-2440 v2 @ 1.90GHz
model name	: Intel(R) Xeon(R) CPU E5-2440 v2 @ 1.90GHz
model name	: Intel(R) Xeon(R) CPU E5-2440 v2 @ 1.90GHz
model name	: Intel(R) Xeon(R) CPU E5-2440 v2 @ 1.90GHz
model name	: Intel(R) Xeon(R) CPU E5-2440 v2 @ 1.90GHz
model name	: Intel(R) Xeon(R) CPU E5-2440 v2 @ 1.90GHz
cpu MHz		: 2200.006
cpu MHz		: 2200.122
cpu MHz		: 2199.890
cpu MHz		: 2210.559
cpu MHz		: 2200.006
cpu MHz		: 2200.006
cpu MHz		: 2209.283
cpu MHz		: 2127.062
cpu MHz		: 2200.122
cpu MHz		: 2200.006
cpu MHz		: 2199.890
cpu MHz		: 2139.703
cpu MHz		: 2200.122
cpu MHz		: 2271.209
cpu MHz		: 2200.006
cpu MHz		: 2200.006
cpu MHz		: 2201.281
cpu MHz		: 2164.984
cpu MHz		: 2200.469
cpu MHz		: 2114.654
cpu MHz		: 2200.006
cpu MHz		: 2067.340
cpu MHz		: 2212.762
cpu MHz		: 2173.101
cpu MHz		: 2200.122
cpu MHz		: 2197.918
cpu MHz		: 2199.890
cpu MHz		: 1242.584
cpu MHz		: 2205.108
cpu MHz		: 2199.774
cpu MHz		: 2200.122
cpu MHz		: 2200.122
@file(run_synth.tcl) 8:     puts "Hostname : [info hostname]"
Hostname : cadence
@file(run_synth.tcl) 10: set var(step) "synth"
@file(run_synth.tcl) 11: if {[file exists ../project_setup.tcl]} {
	source -e -v ../project_setup.tcl
} else {
	puts "ERROR: project_setup.tcl not found. Please check your setup"
}
Sourcing '../project_setup.tcl' (Sat Jun 27 01:35:00 +06 2026)...
#@ Begin verbose source ../project_setup.tcl
@file(project_setup.tcl) 10: set TECH "sky130_cadence" ;# Options: "gpdk045 | sky130_cadence | sky130_open"
set TECH "sky130_cadence" ;# Options: "gpdk045 | sky130_cadence | sky130_open"
@file(project_setup.tcl) 15: set MULTIVT "true"
set MULTIVT "true"
@file(project_setup.tcl) 16: set MBFF "false"
set MBFF "false"
@file(project_setup.tcl) 18: source -e -v $::env(REPO_ROOT)/util/tech/${TECH}.tcl 
source -e -v $::env(REPO_ROOT)/util/tech/${TECH}.tcl 
Sourcing '/home/B2_Faysal/UDIF/aiub_vlsi_impl_demo/util/tech/sky130_cadence.tcl' (Sat Jun 27 01:35:00 +06 2026)...
#@ Begin verbose source /home/B2_Faysal/UDIF/aiub_vlsi_impl_demo/util/tech/sky130_cadence.tcl
@file(sky130_cadence.tcl) 10: set TECH "sky130_cadence" 
set TECH "sky130_cadence" 
@file(sky130_cadence.tcl) 12: puts "ATSH_VLSI: TECH=$TECH"
puts "ATSH_VLSI: TECH=$TECH"
ATSH_VLSI: TECH=sky130_cadence
@file(sky130_cadence.tcl) 13: puts "ATSH_VLSI: Starting Setup"
puts "ATSH_VLSI: Starting Setup"
ATSH_VLSI: Starting Setup
@file(sky130_cadence.tcl) 15: if { $TECH == "sky130_cadence" } {
	set TECH_DIR "/home/eee/sky130_cadence"
	set STD_LIB_DIR "sky130_scl_9T_0.0.5"
	puts "ATSH_VLSI: $TECH has no multivt or mbff options as of this release."
	#set MULTIVT $::env(MULTIVT)
	#set MBFF $::env(MBFF)

set LEF_FILES ""

# Adding Technology LEF file
append LEF_FILES " " "$TECH_DIR/$STD_LIB_DIR/lef/sky130_scl_9T.tlef"

# Adding RVT Cell LEF
append LEF_FILES " " "$TECH_DIR/$STD_LIB_DIR/lef/sky130_scl_9T.lef"


set LIB_FILES(slow) ""
set LIB_FILES(fast) ""

append LIB_FILES(slow) " " "$TECH_DIR/$STD_LIB_DIR/lib/sky130_ss_1.62_125_nldm.lib"
append LIB_FILES(fast) " " "$TECH_DIR/$STD_LIB_DIR/lib/sky130_ff_1.98_0_nldm.lib"
append LIB_FILES(typical) " " "$TECH_DIR/$STD_LIB_DIR/lib/sky130_tt_1.8_25_nldm.lib"

set LIB_FILES(all) "$LIB_FILES(slow) $LIB_FILES(fast) $LIB_FILES(typical)"

set QRC_TECH_FILE(typical) "$TECH_DIR/sky130_release_0.0.4/quantus/extraction/typical/qrcTechFile"

set PHYSICAL_CELL_LIST " FILL1 FILL2 FILL4 FILL8 FILL16 FILL32 FILL64 "
set CLK_BUFFERS " CLKBUFX4 CLKBUFX8 CLKBUFX2 "
set CLK_INVERTERS " CLKINVX2 CLKINVX8 CLKINVX1 CLKINVX4 "

set GDS_MAP_FILE "$TECH_DIR/$STD_LIB_DIR/gds/sky130_stream.mapFile"
set GDS_MERGE_FILE "$TECH_DIR/$STD_LIB_DIR/gds/sky130_scl_9T.gds"

} ;# END OF SkyWater 130nm Cadence PDK SETUP
if { $TECH == "sky130_cadence" } {
	set TECH_DIR "/home/eee/sky130_cadence"
	set STD_LIB_DIR "sky130_scl_9T_0.0.5"
	puts "ATSH_VLSI: $TECH has no multivt or mbff options as of this release."
	#set MULTIVT $::env(MULTIVT)
	#set MBFF $::env(MBFF)

set LEF_FILES ""

# Adding Technology LEF file
append LEF_FILES " " "$TECH_DIR/$STD_LIB_DIR/lef/sky130_scl_9T.tlef"

# Adding RVT Cell LEF
append LEF_FILES " " "$TECH_DIR/$STD_LIB_DIR/lef/sky130_scl_9T.lef"


set LIB_FILES(slow) ""
set LIB_FILES(fast) ""

append LIB_FILES(slow) " " "$TECH_DIR/$STD_LIB_DIR/lib/sky130_ss_1.62_125_nldm.lib"
append LIB_FILES(fast) " " "$TECH_DIR/$STD_LIB_DIR/lib/sky130_ff_1.98_0_nldm.lib"
append LIB_FILES(typical) " " "$TECH_DIR/$STD_LIB_DIR/lib/sky130_tt_1.8_25_nldm.lib"

set LIB_FILES(all) "$LIB_FILES(slow) $LIB_FILES(fast) $LIB_FILES(typical)"

set QRC_TECH_FILE(typical) "$TECH_DIR/sky130_release_0.0.4/quantus/extraction/typical/qrcTechFile"

set PHYSICAL_CELL_LIST " FILL1 FILL2 FILL4 FILL8 FILL16 FILL32 FILL64 "
set CLK_BUFFERS " CLKBUFX4 CLKBUFX8 CLKBUFX2 "
set CLK_INVERTERS " CLKINVX2 CLKINVX8 CLKINVX1 CLKINVX4 "

set GDS_MAP_FILE "$TECH_DIR/$STD_LIB_DIR/gds/sky130_stream.mapFile"
set GDS_MERGE_FILE "$TECH_DIR/$STD_LIB_DIR/gds/sky130_scl_9T.gds"

} ;# END OF SkyWater 130nm Cadence PDK SETUP
ATSH_VLSI: sky130_cadence has no multivt or mbff options as of this release.
#@ End verbose source /home/B2_Faysal/UDIF/aiub_vlsi_impl_demo/util/tech/sky130_cadence.tcl
@file(project_setup.tcl) 24: set DESIGN_DIR "design_data"
set DESIGN_DIR "design_data"
@file(project_setup.tcl) 25: set DESIGN_NAME "$::env(TOP)"
set DESIGN_NAME "$::env(TOP)"
@file(project_setup.tcl) 26: puts "TOP DESIGN SET TO: $DESIGN_NAME"
puts "TOP DESIGN SET TO: $DESIGN_NAME"
TOP DESIGN SET TO: RISC_V3_PIPELINED_TOP
@file(project_setup.tcl) 27: set CLK_PORT "SYS_CLOCK" 
set CLK_PORT "SYS_CLOCK" 
@file(project_setup.tcl) 28: set CLK_PERIOD "5.0" ;# unit depends on pdk; for gpdk045 the unit is ns
set CLK_PERIOD "5.0" ;# unit depends on pdk; for gpdk045 the unit is ns
@file(project_setup.tcl) 30: set POWER_NET "VDD"
set POWER_NET "VDD"
@file(project_setup.tcl) 31: set GROUND_NET "VSS"
set GROUND_NET "VSS"
@file(project_setup.tcl) 40: set SYNTH_EFFORT_GENERIC "medium"
set SYNTH_EFFORT_GENERIC "medium"
@file(project_setup.tcl) 41: set SYNTH_EFFORT_OPT "high"
set SYNTH_EFFORT_OPT "high"
@file(project_setup.tcl) 42: set SYNTH_INFO_LEVEL 7
set SYNTH_INFO_LEVEL 7
@file(project_setup.tcl) 43: set SYNTH_LOW_POWER "false"
set SYNTH_LOW_POWER "false"
@file(project_setup.tcl) 45: if { $var(step) == "synth" } {
set RTL_FILES "[glob $DESIGN_DIR/*v]"
set CONSTRAINTS_FILE "[glob $DESIGN_DIR/*sdc]"
#set RTL_FILES "[exec python3 $::env(REPO_ROOT)/util/compile.py $::env(REPO_ROOT)/frontend/$::env(PROJECT)/manifest.json syn]"
#set CONSTRAINTS_FILE "[exec python3 $::env(REPO_ROOT)/util/compile.py $::env(REPO_ROOT)/frontend/$::env(PROJECT)/manifest.json syn_sdc]"
}
if { $var(step) == "synth" } {
set RTL_FILES "[glob $DESIGN_DIR/*v]"
set CONSTRAINTS_FILE "[glob $DESIGN_DIR/*sdc]"
#set RTL_FILES "[exec python3 $::env(REPO_ROOT)/util/compile.py $::env(REPO_ROOT)/frontend/$::env(PROJECT)/manifest.json syn]"
#set CONSTRAINTS_FILE "[exec python3 $::env(REPO_ROOT)/util/compile.py $::env(REPO_ROOT)/frontend/$::env(PROJECT)/manifest.json syn_sdc]"
}
@file(project_setup.tcl) 56: set PNR_INIT_NETLIST "$DESIGN_DIR/${DESIGN_NAME}_gate.v"
set PNR_INIT_NETLIST "$DESIGN_DIR/${DESIGN_NAME}_gate.v"
@file(project_setup.tcl) 57: set PNR_SDC "$DESIGN_DIR/${DESIGN_NAME}.sdc"
set PNR_SDC "$DESIGN_DIR/${DESIGN_NAME}.sdc"
@file(project_setup.tcl) 58: set PNR_VIEW_DEF "$DESIGN_DIR/viewDefinition.tcl"
set PNR_VIEW_DEF "$DESIGN_DIR/viewDefinition.tcl"
@file(project_setup.tcl) 59: set PNR_GND_NETS "VSS"
set PNR_GND_NETS "VSS"
@file(project_setup.tcl) 60: set PNR_PWR_NETS "VDD"
set PNR_PWR_NETS "VDD"
@file(project_setup.tcl) 61: set PNR_MAX_ROUTE_LAYER "6"
set PNR_MAX_ROUTE_LAYER "6"
@file(project_setup.tcl) 62: set PNR_FP_TCL "../floorplan/fp.tcl"
set PNR_FP_TCL "../floorplan/fp.tcl"
@file(project_setup.tcl) 63: set PNR_FP_DEF "../floorplan/fp.def"
set PNR_FP_DEF "../floorplan/fp.def"
@file(project_setup.tcl) 64: set PNR_FP_PRIORITY "TCL"
set PNR_FP_PRIORITY "TCL"
#@ End verbose source ../project_setup.tcl
@file(run_synth.tcl) 20: set DESIGN $DESIGN_NAME
@file(run_synth.tcl) 21: puts "DESIGN SET TO $DESIGN"
DESIGN SET TO RISC_V3_PIPELINED_TOP
@file(run_synth.tcl) 22: set GEN_EFF $SYNTH_EFFORT_GENERIC
@file(run_synth.tcl) 23: set MAP_OPT_EFF $SYNTH_EFFORT_OPT
@file(run_synth.tcl) 24: set DATE [clock format [clock seconds] -format "%b%d-%T"]
@file(run_synth.tcl) 25: set _OUTPUTS_PATH outputs_${DATE}
@file(run_synth.tcl) 26: set _REPORTS_PATH reports_${DATE}
@file(run_synth.tcl) 27: set _LOG_PATH logs_${DATE}
@file(run_synth.tcl) 29: set_db / .init_lib_search_path  {. ../LIB $TECH_DIR}
  Setting attribute of root '/': 'init_lib_search_path' = . ../LIB $TECH_DIR
@file(run_synth.tcl) 31: set_db / .init_hdl_search_path  {. ../RTL $DESIGN_DIR}
  Setting attribute of root '/': 'init_hdl_search_path' = . ../RTL $DESIGN_DIR
@file(run_synth.tcl) 44: set_db / .information_level $SYNTH_INFO_LEVEL
  Setting attribute of root '/': 'information_level' = 7
@file(run_synth.tcl) 51: eval "set_db / .library {$LIB_FILES(all)}"

Threads Configured:8
            Reading file '/home/eee/sky130_cadence/sky130_scl_9T_0.0.5/lib/sky130_ss_1.62_125_nldm.lib'
            Reading file '/home/eee/sky130_cadence/sky130_scl_9T_0.0.5/lib/sky130_ff_1.98_0_nldm.lib'
Warning : Libraries have inconsistent nominal operating conditions. In the Liberty library, there are attributes called nom_voltage, nom_process and nom_temperature. Genus reports the message, if the respective values of the 2 given .libs differ. [LBR-38]
        : The libraries are 'sky130_ss_1.62_125' and 'sky130_ff_1.98_0'.
        : This is a common source of delay calculation confusion and should be avoided.
            Reading file '/home/eee/sky130_cadence/sky130_scl_9T_0.0.5/lib/sky130_tt_1.8_25_nldm.lib'
Warning : Libraries have inconsistent nominal operating conditions. In the Liberty library, there are attributes called nom_voltage, nom_process and nom_temperature. Genus reports the message, if the respective values of the 2 given .libs differ. [LBR-38]
        : The libraries are 'sky130_ss_1.62_125' and 'sky130_tt_1.8_25'.
Info    : Created nominal operating condition. [LBR-412]
        : Operating condition '_nominal_' was created for the PVT values (1.000000, 1.620000, 125.000000) in library 'sky130_ss_1.62_125_nldm.lib'.
        : The nominal operating condition is represented, either by the nominal PVT values specified in the library source (via nom_process,nom_voltage and nom_temperature respectively), or by the default PVT values (1.0,1.0,1.0).
Info    : Created nominal operating condition. [LBR-412]
        : Operating condition '_nominal_' was created for the PVT values (1.000000, 1.980000, 0.000000) in library 'sky130_ff_1.98_0_nldm.lib'.
Info    : Created nominal operating condition. [LBR-412]
        : Operating condition '_nominal_' was created for the PVT values (1.000000, 1.800000, 25.000000) in library 'sky130_tt_1.8_25_nldm.lib'.
Warning : Unusable clock gating integrated cell found at the time of loading libraries. This warning happens because a particular library cell is defined as 'clock_gating_integrated_cell', but 'dont_use' attribute is defined as true in the liberty library. To make Genus use this cell for clock gating insertion, 'dont_use' attribute should be set to false. [LBR-101]
        : Clock gating integrated cell name: 'ICGX1'
        : To make the cell usable, change the value of 'dont_use' attribute to false.
Warning : Unusable clock gating integrated cell found at the time of loading libraries. This warning happens because a particular library cell is defined as 'clock_gating_integrated_cell', but 'dont_use' attribute is defined as true in the liberty library. To make Genus use this cell for clock gating insertion, 'dont_use' attribute should be set to false. [LBR-101]
        : Clock gating integrated cell name: 'ICGX1'
Warning : Unusable clock gating integrated cell found at the time of loading libraries. This warning happens because a particular library cell is defined as 'clock_gating_integrated_cell', but 'dont_use' attribute is defined as true in the liberty library. To make Genus use this cell for clock gating insertion, 'dont_use' attribute should be set to false. [LBR-101]
        : Clock gating integrated cell name: 'ICGX1'
Warning : Multiply-defined library cell. [LBR-22]
        : Library-cell name collision (sky130_ss_1.62_125/ADDFX1 and sky130_ff_1.98_0/ADDFX1).  Deleting (sky130_ff_1.98_0/ADDFX1).
        : Library cell names must be unique.  Any duplicates will be deleted.  Only the first (as determined by the order of libraries) will be retained.
Warning : Multiply-defined library cell. [LBR-22]
        : Library-cell name collision (sky130_ss_1.62_125/ADDHX1 and sky130_ff_1.98_0/ADDHX1).  Deleting (sky130_ff_1.98_0/ADDHX1).
Warning : Multiply-defined library cell. [LBR-22]
        : Library-cell name collision (sky130_ss_1.62_125/AND2X1 and sky130_ff_1.98_0/AND2X1).  Deleting (sky130_ff_1.98_0/AND2X1).
Warning : Multiply-defined library cell. [LBR-22]
        : Library-cell name collision (sky130_ss_1.62_125/AND2X2 and sky130_ff_1.98_0/AND2X2).  Deleting (sky130_ff_1.98_0/AND2X2).
Warning : Multiply-defined library cell. [LBR-22]
        : Library-cell name collision (sky130_ss_1.62_125/AND3X1 and sky130_ff_1.98_0/AND3X1).  Deleting (sky130_ff_1.98_0/AND3X1).
Warning : Multiply-defined library cell. [LBR-22]
        : Library-cell name collision (sky130_ss_1.62_125/AND3X2 and sky130_ff_1.98_0/AND3X2).  Deleting (sky130_ff_1.98_0/AND3X2).
Warning : Multiply-defined library cell. [LBR-22]
        : Library-cell name collision (sky130_ss_1.62_125/AND4X1 and sky130_ff_1.98_0/AND4X1).  Deleting (sky130_ff_1.98_0/AND4X1).
Warning : Multiply-defined library cell. [LBR-22]
        : Library-cell name collision (sky130_ss_1.62_125/AND4X2 and sky130_ff_1.98_0/AND4X2).  Deleting (sky130_ff_1.98_0/AND4X2).
Warning : Multiply-defined library cell. [LBR-22]
        : Library-cell name collision (sky130_ss_1.62_125/AOI211X1 and sky130_ff_1.98_0/AOI211X1).  Deleting (sky130_ff_1.98_0/AOI211X1).
Warning : Multiply-defined library cell. [LBR-22]
        : Library-cell name collision (sky130_ss_1.62_125/AOI211X2 and sky130_ff_1.98_0/AOI211X2).  Deleting (sky130_ff_1.98_0/AOI211X2).
Warning : Multiply-defined library cell. [LBR-22]
        : Library-cell name collision (sky130_ss_1.62_125/AOI21X1 and sky130_ff_1.98_0/AOI21X1).  Deleting (sky130_ff_1.98_0/AOI21X1).
Warning : Multiply-defined library cell. [LBR-22]
        : Library-cell name collision (sky130_ss_1.62_125/AOI21X2 and sky130_ff_1.98_0/AOI21X2).  Deleting (sky130_ff_1.98_0/AOI21X2).
Warning : Multiply-defined library cell. [LBR-22]
        : Library-cell name collision (sky130_ss_1.62_125/AOI221X1 and sky130_ff_1.98_0/AOI221X1).  Deleting (sky130_ff_1.98_0/AOI221X1).
Warning : Multiply-defined library cell. [LBR-22]
        : Library-cell name collision (sky130_ss_1.62_125/AOI221X2 and sky130_ff_1.98_0/AOI221X2).  Deleting (sky130_ff_1.98_0/AOI221X2).
Warning : Multiply-defined library cell. [LBR-22]
        : Library-cell name collision (sky130_ss_1.62_125/AOI222X1 and sky130_ff_1.98_0/AOI222X1).  Deleting (sky130_ff_1.98_0/AOI222X1).
Warning : Multiply-defined library cell. [LBR-22]
        : Library-cell name collision (sky130_ss_1.62_125/AOI222X2 and sky130_ff_1.98_0/AOI222X2).  Deleting (sky130_ff_1.98_0/AOI222X2).
Warning : Multiply-defined library cell. [LBR-22]
        : Library-cell name collision (sky130_ss_1.62_125/AOI22X1 and sky130_ff_1.98_0/AOI22X1).  Deleting (sky130_ff_1.98_0/AOI22X1).
Warning : Multiply-defined library cell. [LBR-22]
        : Library-cell name collision (sky130_ss_1.62_125/AOI22X2 and sky130_ff_1.98_0/AOI22X2).  Deleting (sky130_ff_1.98_0/AOI22X2).
Warning : Multiply-defined library cell. [LBR-22]
        : Library-cell name collision (sky130_ss_1.62_125/BUFX16 and sky130_ff_1.98_0/BUFX16).  Deleting (sky130_ff_1.98_0/BUFX16).
Warning : Multiply-defined library cell. [LBR-22]
        : Library-cell name collision (sky130_ss_1.62_125/BUFX2 and sky130_ff_1.98_0/BUFX2).  Deleting (sky130_ff_1.98_0/BUFX2).
Warning : Maximum message print count reached. [MESG-11]
        : Maximum print count of '20' reached for message 'LBR-22'.
  Setting attribute of root '/': 'library' =  /home/eee/sky130_cadence/sky130_scl_9T_0.0.5/lib/sky130_ss_1.62_125_nldm.lib  /home/eee/sky130_cadence/sky130_scl_9T_0.0.5/lib/sky130_ff_1.98_0_nldm.lib  /home/eee/sky130_cadence/sky130_scl_9T_0.0.5/lib/sky130_tt_1.8_25_nldm.lib
@file(run_synth.tcl) 53: eval "set_db / .lef_library  {$LEF_FILES}"

  According to lef_library, there are total 5 routing layers [ V(2) / H(3) ]

Warning : The variant range of wire parameters is too large. An example of wire parameters are, a WIDTH for layer, PITCH for layer, MINSPACING for layers, etc. [PHYS-12]
        : The variant range (0.14, 1.6) of 'WIDTH' for layers 'met1' and 'met5' is too large.
        : Check the consistency of the parameters, and see if you can ignore this message or you're using different LEF file with wrong parameters.
Warning : The variant range of wire parameters is too large. An example of wire parameters are, a WIDTH for layer, PITCH for layer, MINSPACING for layers, etc. [PHYS-12]
        : The variant range (0.14, 1.6) of 'MINSPACING' for layers 'met2' and 'met5' is too large.
Info    : Both 'pos_unate' and 'neg_unate' timing_sense arcs have been processed. [LBR-162]
        : Non_unate 'timing_sense' inferred between pin 'CI' and 'S' in libcell 'ADDFX1'.
        : Setting the 'timing_sense' to non_unate.
Info    : Both 'pos_unate' and 'neg_unate' timing_sense arcs have been processed. [LBR-162]
        : Non_unate 'timing_sense' inferred between pin 'B' and 'S' in libcell 'ADDFX1'.
Info    : Both 'pos_unate' and 'neg_unate' timing_sense arcs have been processed. [LBR-162]
        : Non_unate 'timing_sense' inferred between pin 'A' and 'S' in libcell 'ADDFX1'.
Info    : Both 'pos_unate' and 'neg_unate' timing_sense arcs have been processed. [LBR-162]
        : Non_unate 'timing_sense' inferred between pin 'B' and 'S' in libcell 'ADDHX1'.
Info    : Both 'pos_unate' and 'neg_unate' timing_sense arcs have been processed. [LBR-162]
        : Non_unate 'timing_sense' inferred between pin 'A' and 'S' in libcell 'ADDHX1'.
Info    : Both 'pos_unate' and 'neg_unate' timing_sense arcs have been processed. [LBR-162]
        : Non_unate 'timing_sense' inferred between pin 'S0' and 'Y' in libcell 'CLKMX2X2'.
Info    : Both 'pos_unate' and 'neg_unate' timing_sense arcs have been processed. [LBR-162]
        : Non_unate 'timing_sense' inferred between pin 'B' and 'Y' in libcell 'CLKXOR2X1'.
Info    : Both 'pos_unate' and 'neg_unate' timing_sense arcs have been processed. [LBR-162]
        : Non_unate 'timing_sense' inferred between pin 'A' and 'Y' in libcell 'CLKXOR2X1'.
Info    : Both 'pos_unate' and 'neg_unate' timing_sense arcs have been processed. [LBR-162]
        : Non_unate 'timing_sense' inferred between pin 'S0' and 'Y' in libcell 'MX2X1'.
Info    : Both 'pos_unate' and 'neg_unate' timing_sense arcs have been processed. [LBR-162]
        : Non_unate 'timing_sense' inferred between pin 'S0' and 'Y' in libcell 'MX2X4'.
Info    : Both 'pos_unate' and 'neg_unate' timing_sense arcs have been processed. [LBR-162]
        : Non_unate 'timing_sense' inferred between pin 'S1' and 'Y' in libcell 'MX4X1'.
Info    : Both 'pos_unate' and 'neg_unate' timing_sense arcs have been processed. [LBR-162]
        : Non_unate 'timing_sense' inferred between pin 'S0' and 'Y' in libcell 'MX4X1'.
Info    : Both 'pos_unate' and 'neg_unate' timing_sense arcs have been processed. [LBR-162]
        : Non_unate 'timing_sense' inferred between pin 'S1' and 'Y' in libcell 'MX4X4'.
Info    : Both 'pos_unate' and 'neg_unate' timing_sense arcs have been processed. [LBR-162]
        : Non_unate 'timing_sense' inferred between pin 'S0' and 'Y' in libcell 'MX4X4'.
Info    : Both 'pos_unate' and 'neg_unate' timing_sense arcs have been processed. [LBR-162]
        : Non_unate 'timing_sense' inferred between pin 'B' and 'Y' in libcell 'XNOR2X1'.
Info    : Both 'pos_unate' and 'neg_unate' timing_sense arcs have been processed. [LBR-162]
        : Non_unate 'timing_sense' inferred between pin 'A' and 'Y' in libcell 'XNOR2X1'.
Info    : Both 'pos_unate' and 'neg_unate' timing_sense arcs have been processed. [LBR-162]
        : Non_unate 'timing_sense' inferred between pin 'B' and 'Y' in libcell 'XNOR2X2'.
Info    : Both 'pos_unate' and 'neg_unate' timing_sense arcs have been processed. [LBR-162]
        : Non_unate 'timing_sense' inferred between pin 'A' and 'Y' in libcell 'XNOR2X2'.
Info    : Both 'pos_unate' and 'neg_unate' timing_sense arcs have been processed. [LBR-162]
        : Non_unate 'timing_sense' inferred between pin 'B' and 'Y' in libcell 'XNOR2X4'.
Info    : Both 'pos_unate' and 'neg_unate' timing_sense arcs have been processed. [LBR-162]
        : Non_unate 'timing_sense' inferred between pin 'A' and 'Y' in libcell 'XNOR2X4'.
Warning : Maximum message print count reached. [MESG-11]
        : Maximum print count of '20' reached for message 'LBR-162'.
  Libraries have 88 usable logic and 18 usable sequential lib-cells.
Warning : Physical cell not defined in library. [PHYS-279]
        : The physical (LEF) cell FILL1 cannot be found in library.
        : Ensure that the proper library files are available and have been imported.
Warning : Physical cell not defined in library. [PHYS-279]
        : The physical (LEF) cell FILL2 cannot be found in library.
Warning : Physical cell not defined in library. [PHYS-279]
        : The physical (LEF) cell FILL4 cannot be found in library.
Warning : Physical cell not defined in library. [PHYS-279]
        : The physical (LEF) cell FILL8 cannot be found in library.
Warning : Physical cell not defined in library. [PHYS-279]
        : The physical (LEF) cell FILL16 cannot be found in library.
Warning : Physical cell not defined in library. [PHYS-279]
        : The physical (LEF) cell FILL32 cannot be found in library.
Warning : Physical cell not defined in library. [PHYS-279]
        : The physical (LEF) cell FILL64 cannot be found in library.
Warning : Physical cell not defined in library. [PHYS-279]
        : The physical (LEF) cell ANTENNA cannot be found in library.
  Setting attribute of root '/': 'lef_library' = /home/eee/sky130_cadence/sky130_scl_9T_0.0.5/lef/sky130_scl_9T.tlef /home/eee/sky130_cadence/sky130_scl_9T_0.0.5/lef/sky130_scl_9T.lef
@file(run_synth.tcl) 56: if {$SYNTH_LOW_POWER == "true" } {
set_db / .lp_insert_clock_gating true 
}
@file(run_synth.tcl) 68: if {$SYNTH_LOW_POWER == "true" } {
set_db / .leakage_power_effort high 
} else {
set_db / .leakage_power_effort medium 
}
Warning : This attribute will be obsolete in a next major release. [TUI-32]
        : attribute: 'leakage_power_effort', object type: 'root'
        : This attribute is obsolete. Use design_power_effort attribute instead.
  Setting attribute of root '/': 'leakage_power_effort' = medium
@file(run_synth.tcl) 80: read_hdl -sv "$RTL_FILES"
            Reading Verilog file 'design_data/data_mem.sv'
            Reading Verilog file 'design_data/prog_mem.sv'
};
 |
Warning : Ignoring unsynthesizable construct. [VLOGPT-37]
        : Initial value assignment to reg in file 'design_data/prog_mem.sv' on line 26, column 2.
        : For example, the following constructs will be ignored:
    - initial block
    - final block
    - program block
    - property block
    - sequence block
    - covergroup
    - checker block
    - gate drive strength
    - system task enable
    - reg declaration with initial value
    - specify block.
            Reading Verilog file 'design_data/processor.sv'
            Reading Verilog file 'design_data/risc_top.sv'
@file(run_synth.tcl) 81: eval "elaborate $DESIGN"
Info    : Elaborating Design. [ELAB-1]
        : Elaborating top-level block 'RISC_V3_PIPELINED_TOP' from file 'design_data/risc_top.sv'.
Info    : Elaborating Subdesign. [ELAB-2]
        : Elaborating block 'PROCESSOR_V3_PIPELINED' from file 'design_data/processor.sv'.
Info    : Processing multi-dimensional arrays. [CDFG-250]
        : Variable 'RF' in module 'PROCESSOR_V3_PIPELINED' in file 'design_data/processor.sv' on line 20.
Info    : Bitwidth mismatch in assignment. [CDFG-372]
        : Width of left hand side 'NSTATE' [3] doesn't match the width of right hand side [1] in assignment in file 'design_data/processor.sv' on line 53.
        : Review and make sure the mismatch is unintentional. Genus can possibly issue bitwidth mismatch warning for explicit assignments present in RTL as-well-as for implicit assignments inferred by the tool. For example, in case of enum declaration without value, the tool will implicitly assign value to the enum variables. It also issues the warning for any bitwidth mismatch that appears in this implicit assignment.
Info    : Bitwidth mismatch in assignment. [CDFG-372]
        : Width of left hand side 'NSTATE' [3] doesn't match the width of right hand side [32] in assignment in file 'design_data/processor.sv' on line 55.
Info    : Bitwidth mismatch in assignment. [CDFG-372]
        : Width of left hand side 'NSTATE' [3] doesn't match the width of right hand side [32] in assignment in file 'design_data/processor.sv' on line 56.
Info    : Bitwidth mismatch in assignment. [CDFG-372]
        : Width of left hand side 'NSTATE' [3] doesn't match the width of right hand side [32] in assignment in file 'design_data/processor.sv' on line 58.
Info    : Bitwidth mismatch in assignment. [CDFG-372]
        : Width of left hand side 'NSTATE' [3] doesn't match the width of right hand side [32] in assignment in file 'design_data/processor.sv' on line 59.
Info    : Bitwidth mismatch in assignment. [CDFG-372]
        : Width of left hand side 'NSTATE' [3] doesn't match the width of right hand side [32] in assignment in file 'design_data/processor.sv' on line 60.
Info    : Bitwidth mismatch in assignment. [CDFG-372]
        : Width of left hand side 'NSTATE' [3] doesn't match the width of right hand side [32] in assignment in file 'design_data/processor.sv' on line 61.
Info    : Bitwidth mismatch in assignment. [CDFG-372]
        : Width of left hand side 'NSTATE' [3] doesn't match the width of right hand side [32] in assignment in file 'design_data/processor.sv' on line 64.
Info    : Bitwidth mismatch in assignment. [CDFG-372]
        : Width of left hand side 'NSTATE' [3] doesn't match the width of right hand side [32] in assignment in file 'design_data/processor.sv' on line 65.
Info    : Bitwidth mismatch in assignment. [CDFG-372]
        : Width of left hand side 'NSTATE' [3] doesn't match the width of right hand side [32] in assignment in file 'design_data/processor.sv' on line 66.
Info    : Bitwidth mismatch in assignment. [CDFG-372]
        : Width of left hand side 'NSTATE' [3] doesn't match the width of right hand side [32] in assignment in file 'design_data/processor.sv' on line 67.
Info    : Bitwidth mismatch in assignment. [CDFG-372]
        : Width of left hand side 'NSTATE' [3] doesn't match the width of right hand side [32] in assignment in file 'design_data/processor.sv' on line 70.
Info    : Bitwidth mismatch in assignment. [CDFG-372]
        : Width of left hand side 'NSTATE' [3] doesn't match the width of right hand side [32] in assignment in file 'design_data/processor.sv' on line 71.
Info    : Bitwidth mismatch in assignment. [CDFG-372]
        : Width of left hand side 'NSTATE' [3] doesn't match the width of right hand side [32] in assignment in file 'design_data/processor.sv' on line 72.
Info    : Bitwidth mismatch in assignment. [CDFG-372]
        : Width of left hand side 'NSTATE' [3] doesn't match the width of right hand side [32] in assignment in file 'design_data/processor.sv' on line 73.
Info    : Bitwidth mismatch in assignment. [CDFG-372]
        : Width of left hand side 'NSTATE' [3] doesn't match the width of right hand side [32] in assignment in file 'design_data/processor.sv' on line 76.
Info    : Bitwidth mismatch in assignment. [CDFG-372]
        : Width of left hand side 'NSTATE' [3] doesn't match the width of right hand side [32] in assignment in file 'design_data/processor.sv' on line 77.
Info    : Bitwidth mismatch in assignment. [CDFG-372]
        : Width of left hand side 'NSTATE' [3] doesn't match the width of right hand side [32] in assignment in file 'design_data/processor.sv' on line 78.
Info    : Bitwidth mismatch in assignment. [CDFG-372]
        : Width of left hand side 'NSTATE' [3] doesn't match the width of right hand side [32] in assignment in file 'design_data/processor.sv' on line 79.
Info    : Bitwidth mismatch in assignment. [CDFG-372]
        : Width of left hand side 'DM_IN' [32] doesn't match the width of right hand side [1] in assignment in file 'design_data/processor.sv' on line 86.
Warning : Maximum message print count reached. [MESG-11]
        : Maximum print count of '20' reached for message 'CDFG-372'.
Warning : Unreachable statements for case item. [CDFG-472]
        : Case item 'default' in module 'PROCESSOR_V3_PIPELINED' in file 'design_data/processor.sv' on line 115.
Warning : Unreachable statements for case item. [CDFG-472]
        : Case item 'default' in module 'PROCESSOR_V3_PIPELINED' in file 'design_data/processor.sv' on line 138.
Warning : Unreachable statements for case item. [CDFG-472]
        : Case item 'default' in module 'PROCESSOR_V3_PIPELINED' in file 'design_data/processor.sv' on line 187.
Warning : Unreachable statements for case item. [CDFG-472]
        : Case item 'default' in module 'PROCESSOR_V3_PIPELINED' in file 'design_data/processor.sv' on line 210.
Warning : Unreachable statements for case item. [CDFG-472]
        : Case item 'default' in module 'PROCESSOR_V3_PIPELINED' in file 'design_data/processor.sv' on line 256.
Warning : Unreachable statements for case item. [CDFG-472]
        : Case item 'default' in module 'PROCESSOR_V3_PIPELINED' in file 'design_data/processor.sv' on line 279.
Warning : Unreachable statements for case item. [CDFG-472]
        : Case item 'default' in module 'PROCESSOR_V3_PIPELINED' in file 'design_data/processor.sv' on line 322.
Warning : Unreachable statements for case item. [CDFG-472]
        : Case item 'default' in module 'PROCESSOR_V3_PIPELINED' in file 'design_data/processor.sv' on line 345.
Info    : Sign mismatch in assignment. [CDFG-373]
        : Assignment has unsigned left hand side 'RF[0]' and signed right hand side in file 'design_data/processor.sv' on line 390.
Info    : Sign mismatch in assignment. [CDFG-373]
        : Assignment has unsigned left hand side 'RF[1]' and signed right hand side in file 'design_data/processor.sv' on line 390.
Info    : Sign mismatch in assignment. [CDFG-373]
        : Assignment has unsigned left hand side 'RF[2]' and signed right hand side in file 'design_data/processor.sv' on line 390.
Info    : Sign mismatch in assignment. [CDFG-373]
        : Assignment has unsigned left hand side 'RF[3]' and signed right hand side in file 'design_data/processor.sv' on line 390.
Info    : Sign mismatch in assignment. [CDFG-373]
        : Assignment has unsigned left hand side 'RF[4]' and signed right hand side in file 'design_data/processor.sv' on line 390.
Info    : Sign mismatch in assignment. [CDFG-373]
        : Assignment has unsigned left hand side 'RF[5]' and signed right hand side in file 'design_data/processor.sv' on line 390.
Info    : Sign mismatch in assignment. [CDFG-373]
        : Assignment has unsigned left hand side 'RF[6]' and signed right hand side in file 'design_data/processor.sv' on line 390.
Info    : Sign mismatch in assignment. [CDFG-373]
        : Assignment has unsigned left hand side 'RF[7]' and signed right hand side in file 'design_data/processor.sv' on line 390.
Info    : Sign mismatch in assignment. [CDFG-373]
        : Assignment has unsigned left hand side 'RF[8]' and signed right hand side in file 'design_data/processor.sv' on line 390.
Info    : Sign mismatch in assignment. [CDFG-373]
        : Assignment has unsigned left hand side 'RF[9]' and signed right hand side in file 'design_data/processor.sv' on line 390.
Info    : Sign mismatch in assignment. [CDFG-373]
        : Assignment has unsigned left hand side 'RF[10]' and signed right hand side in file 'design_data/processor.sv' on line 390.
Info    : Sign mismatch in assignment. [CDFG-373]
        : Assignment has unsigned left hand side 'RF[11]' and signed right hand side in file 'design_data/processor.sv' on line 390.
Info    : Sign mismatch in assignment. [CDFG-373]
        : Assignment has unsigned left hand side 'RF[12]' and signed right hand side in file 'design_data/processor.sv' on line 390.
Info    : Sign mismatch in assignment. [CDFG-373]
        : Assignment has unsigned left hand side 'RF[13]' and signed right hand side in file 'design_data/processor.sv' on line 390.
Info    : Sign mismatch in assignment. [CDFG-373]
        : Assignment has unsigned left hand side 'RF[14]' and signed right hand side in file 'design_data/processor.sv' on line 390.
Info    : Sign mismatch in assignment. [CDFG-373]
        : Assignment has unsigned left hand side 'RF[15]' and signed right hand side in file 'design_data/processor.sv' on line 390.
Info    : Common subexpression eliminated. [CDFG-738]
        : Eliminated '!=' in file 'design_data/processor.sv' on line 46.
Info    : Common subexpression kept. [CDFG-739]
        : Kept '!=' in file 'design_data/processor.sv' on line 45.
Info    : Common subexpression eliminated. [CDFG-738]
        : Eliminated '%bit-select%' in file 'design_data/processor.sv' on line 194.
Info    : Common subexpression kept. [CDFG-739]
        : Kept '%bit-select%' in file 'design_data/processor.sv' on line 122.
Info    : Common subexpression eliminated. [CDFG-738]
        : Eliminated '%bit-select%' in file 'design_data/processor.sv' on line 263.
Info    : Common subexpression kept. [CDFG-739]
        : Kept '%bit-select%' in file 'design_data/processor.sv' on line 122.
Info    : Common subexpression eliminated. [CDFG-738]
        : Eliminated '%bit-select%' in file 'design_data/processor.sv' on line 329.
Info    : Common subexpression kept. [CDFG-739]
        : Kept '%bit-select%' in file 'design_data/processor.sv' on line 122.
Info    : Common subexpression eliminated. [CDFG-738]
        : Eliminated '%bit-select%' in file 'design_data/processor.sv' on line 217.
Info    : Common subexpression kept. [CDFG-739]
        : Kept '%bit-select%' in file 'design_data/processor.sv' on line 145.
Info    : Common subexpression eliminated. [CDFG-738]
        : Eliminated '%bit-select%' in file 'design_data/processor.sv' on line 286.
Info    : Common subexpression kept. [CDFG-739]
        : Kept '%bit-select%' in file 'design_data/processor.sv' on line 145.
Info    : Common subexpression eliminated. [CDFG-738]
        : Eliminated '%bit-select%' in file 'design_data/processor.sv' on line 352.
Info    : Common subexpression kept. [CDFG-739]
        : Kept '%bit-select%' in file 'design_data/processor.sv' on line 145.
Info    : Common subexpression eliminated. [CDFG-738]
        : Eliminated '%bit-select%' in file 'design_data/processor.sv' on line 153.
Info    : Common subexpression kept. [CDFG-739]
        : Kept '%bit-select%' in file 'design_data/processor.sv' on line 130.
Info    : Common subexpression eliminated. [CDFG-738]
        : Eliminated '%bit-select%' in file 'design_data/processor.sv' on line 202.
Info    : Common subexpression kept. [CDFG-739]
        : Kept '%bit-select%' in file 'design_data/processor.sv' on line 130.
Info    : Common subexpression eliminated. [CDFG-738]
        : Eliminated '%bit-select%' in file 'design_data/processor.sv' on line 225.
Info    : Common subexpression kept. [CDFG-739]
        : Kept '%bit-select%' in file 'design_data/processor.sv' on line 130.
Info    : Common subexpression eliminated. [CDFG-738]
        : Eliminated '%bit-select%' in file 'design_data/processor.sv' on line 271.
Info    : Common subexpression kept. [CDFG-739]
        : Kept '%bit-select%' in file 'design_data/processor.sv' on line 130.
Info    : Common subexpression eliminated. [CDFG-738]
        : Eliminated '%bit-select%' in file 'design_data/processor.sv' on line 294.
Info    : Common subexpression kept. [CDFG-739]
        : Kept '%bit-select%' in file 'design_data/processor.sv' on line 130.
Info    : Common subexpression eliminated. [CDFG-738]
        : Eliminated '%bit-select%' in file 'design_data/processor.sv' on line 337.
Info    : Common subexpression kept. [CDFG-739]
        : Kept '%bit-select%' in file 'design_data/processor.sv' on line 130.
Info    : Common subexpression eliminated. [CDFG-738]
        : Eliminated '%bit-select%' in file 'design_data/processor.sv' on line 360.
Info    : Common subexpression kept. [CDFG-739]
        : Kept '%bit-select%' in file 'design_data/processor.sv' on line 130.
Info    : Common subexpression eliminated. [CDFG-738]
        : Eliminated '%bit-select%' in file 'design_data/processor.sv' on line 154.
Info    : Common subexpression kept. [CDFG-739]
        : Kept '%bit-select%' in file 'design_data/processor.sv' on line 131.
Info    : Common subexpression eliminated. [CDFG-738]
        : Eliminated '%bit-select%' in file 'design_data/processor.sv' on line 203.
Info    : Common subexpression kept. [CDFG-739]
        : Kept '%bit-select%' in file 'design_data/processor.sv' on line 131.
Info    : Common subexpression eliminated. [CDFG-738]
        : Eliminated '%bit-select%' in file 'design_data/processor.sv' on line 226.
Info    : Common subexpression kept. [CDFG-739]
        : Kept '%bit-select%' in file 'design_data/processor.sv' on line 131.
Info    : Common subexpression eliminated. [CDFG-738]
        : Eliminated '%bit-select%' in file 'design_data/processor.sv' on line 272.
Info    : Common subexpression kept. [CDFG-739]
        : Kept '%bit-select%' in file 'design_data/processor.sv' on line 131.
Info    : Common subexpression eliminated. [CDFG-738]
        : Eliminated '%bit-select%' in file 'design_data/processor.sv' on line 295.
Info    : Common subexpression kept. [CDFG-739]
        : Kept '%bit-select%' in file 'design_data/processor.sv' on line 131.
Info    : Common subexpression eliminated. [CDFG-738]
        : Eliminated '%bit-select%' in file 'design_data/processor.sv' on line 338.
Info    : Common subexpression kept. [CDFG-739]
        : Kept '%bit-select%' in file 'design_data/processor.sv' on line 131.
Warning : Maximum message print count reached. [MESG-11]
        : Maximum print count of '20' reached for message 'CDFG-738'.
Warning : Maximum message print count reached. [MESG-11]
        : Maximum print count of '20' reached for message 'CDFG-739'.
Info    : Identified sum-of-products logic to be optimized during syn_generic. [CDFG-769]
        : Sum-of-products logic in module 'PROCESSOR_V3_PIPELINED' in file 'design_data/processor.sv' on line 175.
Info    : Identified sum-of-products logic to be optimized during syn_generic. [CDFG-769]
        : Sum-of-products logic in module 'PROCESSOR_V3_PIPELINED' in file 'design_data/processor.sv' on line 76.
Info    : Identified sum-of-products logic to be optimized during syn_generic. [CDFG-769]
        : Sum-of-products logic in module 'PROCESSOR_V3_PIPELINED' in file 'design_data/processor.sv' on line 70.
Info    : Identified sum-of-products logic to be optimized during syn_generic. [CDFG-769]
        : Sum-of-products logic in module 'PROCESSOR_V3_PIPELINED' in file 'design_data/processor.sv' on line 64.
Info    : Identified sum-of-products logic to be optimized during syn_generic. [CDFG-769]
        : Sum-of-products logic in module 'PROCESSOR_V3_PIPELINED' in file 'design_data/processor.sv' on line 58.
Info    : Identified sum-of-products logic to be optimized during syn_generic. [CDFG-769]
        : Sum-of-products logic in module 'PROCESSOR_V3_PIPELINED' in file 'design_data/processor.sv' on line 94.
Info    : Elaborating Subdesign. [ELAB-2]
        : Elaborating block 'PROG_MEM_P' from file 'design_data/prog_mem.sv'.
Info    : Processing multi-dimensional arrays. [CDFG-250]
        : Variable 'P_MEM' in module 'PROG_MEM_P' in file 'design_data/prog_mem.sv' on line 9.
Info    : Elaborating Subdesign. [ELAB-2]
        : Elaborating block 'DATA_MEM_P' from file 'design_data/data_mem.sv'.
Info    : Processing multi-dimensional arrays. [CDFG-250]
        : Variable 'D_MEM' in module 'DATA_MEM_P' in file 'design_data/data_mem.sv' on line 7.
Info    : Sign mismatch in assignment. [CDFG-373]
        : Assignment has unsigned left hand side 'D_MEM[0]' and signed right hand side in file 'design_data/data_mem.sv' on line 13.
Info    : Sign mismatch in assignment. [CDFG-373]
        : Assignment has unsigned left hand side 'D_MEM[1]' and signed right hand side in file 'design_data/data_mem.sv' on line 13.
Info    : Sign mismatch in assignment. [CDFG-373]
        : Assignment has unsigned left hand side 'D_MEM[2]' and signed right hand side in file 'design_data/data_mem.sv' on line 13.
Info    : Sign mismatch in assignment. [CDFG-373]
        : Assignment has unsigned left hand side 'D_MEM[3]' and signed right hand side in file 'design_data/data_mem.sv' on line 13.
Warning : Maximum message print count reached. [MESG-11]
        : Maximum print count of '20' reached for message 'CDFG-373'.
Warning : Undriven signal detected. [ELABUTL-125]
        : Undriven bits of signal 'P_MEM[0]' in module 'PROG_MEM_P' in file 'design_data/prog_mem.sv' on line 28, column 17, hid = 0.
        : The undriven signal handling can be controlled by setting the attribute 'hdl_unconnected_value' before syn_generic command.
Warning : Undriven signal detected. [ELABUTL-125]
        : Undriven bits of signal 'P_MEM[1]' in module 'PROG_MEM_P' in file 'design_data/prog_mem.sv' on line 28, column 17, hid = 0.
Warning : Undriven signal detected. [ELABUTL-125]
        : Undriven bits of signal 'P_MEM[2]' in module 'PROG_MEM_P' in file 'design_data/prog_mem.sv' on line 28, column 17, hid = 0.
Warning : Undriven signal detected. [ELABUTL-125]
        : Undriven bits of signal 'P_MEM[3]' in module 'PROG_MEM_P' in file 'design_data/prog_mem.sv' on line 28, column 17, hid = 0.
Warning : Undriven signal detected. [ELABUTL-125]
        : Undriven bits of signal 'P_MEM[4]' in module 'PROG_MEM_P' in file 'design_data/prog_mem.sv' on line 28, column 17, hid = 0.
Warning : Undriven signal detected. [ELABUTL-125]
        : Undriven bits of signal 'P_MEM[5]' in module 'PROG_MEM_P' in file 'design_data/prog_mem.sv' on line 28, column 17, hid = 0.
Warning : Undriven signal detected. [ELABUTL-125]
        : Undriven bits of signal 'P_MEM[6]' in module 'PROG_MEM_P' in file 'design_data/prog_mem.sv' on line 28, column 17, hid = 0.
Warning : Undriven signal detected. [ELABUTL-125]
        : Undriven bits of signal 'P_MEM[7]' in module 'PROG_MEM_P' in file 'design_data/prog_mem.sv' on line 28, column 17, hid = 0.
Warning : Undriven signal detected. [ELABUTL-125]
        : Undriven bits of signal 'P_MEM[8]' in module 'PROG_MEM_P' in file 'design_data/prog_mem.sv' on line 28, column 17, hid = 0.
Warning : Undriven signal detected. [ELABUTL-125]
        : Undriven bits of signal 'P_MEM[9]' in module 'PROG_MEM_P' in file 'design_data/prog_mem.sv' on line 28, column 17, hid = 0.
Warning : Undriven signal detected. [ELABUTL-125]
        : Undriven bits of signal 'P_MEM[10]' in module 'PROG_MEM_P' in file 'design_data/prog_mem.sv' on line 28, column 17, hid = 0.
Warning : Undriven signal detected. [ELABUTL-125]
        : Undriven bits of signal 'P_MEM[11]' in module 'PROG_MEM_P' in file 'design_data/prog_mem.sv' on line 28, column 17, hid = 0.
Warning : Undriven signal detected. [ELABUTL-125]
        : Undriven bits of signal 'P_MEM[12]' in module 'PROG_MEM_P' in file 'design_data/prog_mem.sv' on line 28, column 17, hid = 0.
Warning : Undriven signal detected. [ELABUTL-125]
        : Undriven bits of signal 'P_MEM[13]' in module 'PROG_MEM_P' in file 'design_data/prog_mem.sv' on line 28, column 17, hid = 0.
Warning : Undriven signal detected. [ELABUTL-125]
        : Undriven bits of signal 'P_MEM[14]' in module 'PROG_MEM_P' in file 'design_data/prog_mem.sv' on line 28, column 17, hid = 0.
Warning : Undriven signal detected. [ELABUTL-125]
        : Undriven bits of signal 'P_MEM[15]' in module 'PROG_MEM_P' in file 'design_data/prog_mem.sv' on line 28, column 17, hid = 0.
Info    : Done Elaborating Design. [ELAB-3]
        : Done elaborating 'RISC_V3_PIPELINED_TOP'.
Checking for analog nets...
Check completed for analog nets.
Checking for source RTL...
Check completed for source RTL.
Running Unified Mux Engine Tricks...
Completed Unified Mux Engine Tricks

Stage: post_elab
--------------------------------------------------------
| Trick             | Accepts | Rejects | Runtime (ms) | 
--------------------------------------------------------
| ume_constant_bmux |       0 |       0 |         0.00 | 
--------------------------------------------------------
Starting clip mux common data inputs [v1.0] (stage: post_elab, startdef: RISC_V3_PIPELINED_TOP, recur: true)
Completed clip mux common data inputs (accepts: 0, rejects: 0, runtime: 0.001s)
Starting clip the non-user hierarchies [v2.0] (stage: post_elab, startdef: RISC_V3_PIPELINED_TOP, recur: true)
Completed clip the non-user hierarchies (accepts: 0, rejects: 0, runtime: 0.001s)

Stage: post_elab
---------------------------------------------------------
| Transform          | Accepts | Rejects | Runtime (ms) | 
---------------------------------------------------------
| hlo_clip_mux_input |       0 |       0 |         1.00 | 
| hlo_clip           |       0 |       0 |         1.00 | 
---------------------------------------------------------
        Computing net loads.
UM:   flow.cputime  flow.realtime  timing.setup.tns  timing.setup.wns  snapshot
UM:*                                                                   elaborate
@file(run_synth.tcl) 82: puts "Runtime & Memory after 'read_hdl'"
Runtime & Memory after 'read_hdl'
@file(run_synth.tcl) 83: time_info Elaboration
stamp 'Elaboration' being created for table 'default'

  Total Time (Wall) |  Stage Time (Wall)  |   % (Wall)   |    Date - Time     |  Memory   | Stage
--------------------+---------------------+--------------+--------------------+-----------+----------------------
 00:00:09(00:00:00) |  00:00:00(00:00:00) |   0.0(  0.0) |    1:34:52 (Jun27) |  147.6 MB | init
--------------------+---------------------+--------------+--------------------+-----------+----------------------
 00:00:23(00:00:12) |  00:00:14(00:00:12) | 100.0(100.0) |    1:35:04 (Jun27) |  300.9 MB | Elaboration
--------------------+---------------------+--------------+--------------------+-----------+----------------------
Number of threads: 8 * 1   (id: default, time_info v1.57)
Info: (*N*) indicates data that was populated from previously saved time_info database
Info: CPU time includes time of parent + longest thread
@file(run_synth.tcl) 87: check_design -unresolved


 	 Check Design Report (c)
	 ------------------- 

  Unresolved References & Empty Modules
  ------------------------------------- 
No unresolved references in design 'RISC_V3_PIPELINED_TOP'

No empty modules in design 'RISC_V3_PIPELINED_TOP'

  Done Checking the design.
@file(run_synth.tcl) 93: read_sdc $CONSTRAINTS_FILE 
Error   : A required object parameter could not be found. [TUI-61] [create_clock]
        : An object of type 'port|pin|hpin' named '0x1 ' could not be found.
        : Check to make sure that the object exists and is of the correct type.  The 'what_is' command can be used to determine the type of an object.
Error   : Could not interpret SDC command. [SDC-202] [read_sdc]
        : The 'read_sdc' command encountered an error while processing this command on line '1' of the SDC file 'design_data/top.sdc': create_clock -name CLK -period $CLK_PERIOD [get_ports $CLK_PORT] .
        : The 'read_sdc' command encountered a problem while trying to evaluate an SDC command. This SDC command will be added to the Tcl variable $::dc::sdc_failed_commands.
Error   : Invalid SDC command option combination. [SDC-204] [set_io_delay]
        : The set_io_delay command does not accept empty ports lists
        : This option is not valid for the indicated SDC command. Check the SDC command and contact Cadence customer support if you believe this option combination should be supported.
Error   : Could not interpret SDC command. [SDC-202] [read_sdc]
        : The 'read_sdc' command encountered an error while processing this command on line '6' of the SDC file 'design_data/top.sdc': set_input_delay 0.0 -clock SYS_CLOCK $data_inputs.
Error   : A required object parameter could not be found. [TUI-61] [set_input_output_delay_fast]
        : An object of type 'port|hpin_bus|port_bus|pin|hpin' named '0x7:wq' could not be found.
Error   : Could not interpret SDC command. [SDC-202] [read_sdc]
        : The 'read_sdc' command encountered an error while processing this command on line '7' of the SDC file 'design_data/top.sdc': set_output_delay 0.0 -clock SYS_CLOCK [all_outputs]:wq.
            Reading file '/home/B2_Faysal/UDIF/aiub_vlsi_impl_demo/projects/Project_3BB/synth/design_data/top.sdc'
Statistics for commands executed by read_sdc:
 "all_inputs"               - successful      1 , failed      0 (runtime  0.00)
 "all_outputs"              - successful      1 , failed      0 (runtime  0.00)
 "create_clock"             - successful      0 , failed      1 (runtime  0.00)
 "get_ports"                - successful      3 , failed      0 (runtime  0.01)
 "remove_from_collection"   - successful      2 , failed      0 (runtime  0.00)
 "set_input_delay"          - successful      0 , failed      1 (runtime  0.00)
 "set_output_delay"         - successful      0 , failed      1 (runtime  0.00)
Warning : Total failed commands during read_sdc are 3
Warning : One or more commands failed when these constraints were applied. [SDC-209]
        : The 'read_sdc' command encountered a problem while processing commands.
        : You can examine the failed commands or save them to a file by querying the Tcl variable $::dc::sdc_failed_commands.
read_sdc completed in 00:00:01 (hh:mm:ss)
@file(run_synth.tcl) 94: puts "The number of exceptions is [llength [vfind "design:$DESIGN" -exception *]]"
The number of exceptions is 0
@file(run_synth.tcl) 99: if {![file exists ${_LOG_PATH}]} {
  file mkdir ${_LOG_PATH}
  puts "Creating directory ${_LOG_PATH}"
}
Creating directory logs_Jun27-01:35:01
@file(run_synth.tcl) 104: if {![file exists ${_OUTPUTS_PATH}]} {
  file mkdir ${_OUTPUTS_PATH}
  puts "Creating directory ${_OUTPUTS_PATH}"
}
Creating directory outputs_Jun27-01:35:01
@file(run_synth.tcl) 109: if {![file exists ${_REPORTS_PATH}]} {
  file mkdir ${_REPORTS_PATH}
  puts "Creating directory ${_REPORTS_PATH}"
}
Creating directory reports_Jun27-01:35:01
@file(run_synth.tcl) 113: check_timing_intent
        Computing net loads.
        Tracing clock networks.
        Levelizing the circuit.
        Computing delays.
        Computing arrivals and requireds.
============================================================
  Generated by:           Genus(TM) Synthesis Solution 21.18-s082_1
  Generated on:           Jun 27 2026  01:35:05 am
  Module:                 RISC_V3_PIPELINED_TOP
  Technology libraries:   sky130_ss_1.62_125 1.0
                          sky130_ff_1.98_0 1.0
                          sky130_tt_1.8_25 1.0
                          physical_cells 
  Operating conditions:   ss_1.62_125 
  Interconnect mode:      global
  Area mode:              physical library
============================================================

-------------------------------------------------------------------------------
Sequential clock pins without clock waveform

The following sequential clock pins have no clock waveform driving them.  No    
timing constraints will be derived for paths leading to or from these pins.     
(Pin | Source | Reason)                                                         

{pin:RISC_V3_PIPELINED_TOP/CPU/ACCUM_R_reg[0]/clk} port:RISC_V3_PIPELINED_TOP/SYS_CLOCK {Unclocked source}
{pin:RISC_V3_PIPELINED_TOP/CPU/ACCUM_R_reg[10]/clk} port:RISC_V3_PIPELINED_TOP/SYS_CLOCK {Unclocked source}
{pin:RISC_V3_PIPELINED_TOP/CPU/ACCUM_R_reg[11]/clk} port:RISC_V3_PIPELINED_TOP/SYS_CLOCK {Unclocked source}
  ... 1128 other warnings in this category.
 Use the -verbose option for more details.
-------------------------------------------------------------------------------

-------------------------------------------------------------------------------
Inputs without clocked external delays

The following primary inputs have no clocked external delays.  As a result the  
timing paths leading from the ports have no timing constraints derived from     
clock waveforms.  The'external_delay' command is used to create new external    
delays.                                                                         

port:RISC_V3_PIPELINED_TOP/RST
port:RISC_V3_PIPELINED_TOP/SYS_CLOCK
-------------------------------------------------------------------------------

-------------------------------------------------------------------------------
Outputs without clocked external delays

The following primary outputs have no clocked external delays.  As a result the 
timing paths leading to the ports have no timing constraints derived from clock 
waveforms.  The'external_delay' command is used to create new external delays.  

port:RISC_V3_PIPELINED_TOP/ACCUM_R[0]
port:RISC_V3_PIPELINED_TOP/ACCUM_R[10]
port:RISC_V3_PIPELINED_TOP/ACCUM_R[11]
  ... 137 other warnings in this category.
 Use the -verbose option for more details.
-------------------------------------------------------------------------------

-------------------------------------------------------------------------------
Inputs without external driver/transition

The following primary inputs have no external driver or input transition set.   
As a result the transition on the ports will be assumed as zero. The            
'external_driver' attribute is used to add and external driver or the           
'fixed_slew' attribute to add an external transition.                           

port:RISC_V3_PIPELINED_TOP/RST
port:RISC_V3_PIPELINED_TOP/SYS_CLOCK
-------------------------------------------------------------------------------

-------------------------------------------------------------------------------
Outputs without external load

The following primary outputs have no external load set. As a result the load   
on the ports will be assumed as zero. The 'external_pin_cap' attribute is used  
to add and external pin cap.                                                    

port:RISC_V3_PIPELINED_TOP/ACCUM_R[0]
port:RISC_V3_PIPELINED_TOP/ACCUM_R[10]
port:RISC_V3_PIPELINED_TOP/ACCUM_R[11]
  ... 137 other warnings in this category.
 Use the -verbose option for more details.
-------------------------------------------------------------------------------


Lint summary
 Unconnected/logic driven clocks                                  0
 Sequential data pins driven by a clock signal                    0
 Sequential clock pins without clock waveform                  1131
 Sequential clock pins with multiple clock waveforms              0
 Generated clocks without clock waveform                          0
 Generated clocks with incompatible options                       0
 Generated clocks with multi-master clock                         0
 Paths constrained with different clocks                          0
 Loop-breaking cells for combinational feedback                   0
 Nets with multiple drivers                                       0
 Timing exceptions with no effect                                 0
 Suspicious multi_cycle exceptions                                0
 Pins/ports with conflicting case constants                       0
 Inputs without clocked external delays                           2
 Outputs without clocked external delays                        140
 Inputs without external driver/transition                        2
 Outputs without external load                                  140
 Exceptions with invalid timing start-/endpoints                  0

                                                  Total:       1415

@file(run_synth.tcl) 123: if {[llength [all_registers]] > 0} { 
  define_cost_group -name I2C -design $DESIGN
  define_cost_group -name C2O -design $DESIGN
  define_cost_group -name C2C -design $DESIGN
  path_group -from [all_registers] -to [all_registers] -group C2C -name C2C
  path_group -from [all_registers] -to [all_outputs] -group C2O -name C2O
  path_group -from [all_inputs]  -to [all_registers] -group I2C -name I2C
}
@file(run_synth.tcl) 132: define_cost_group -name I2O -design $DESIGN
@file(run_synth.tcl) 133: path_group -from [all_inputs]  -to [all_outputs] -group I2O -name I2O
@file(run_synth.tcl) 134: foreach cg [vfind / -cost_group *] {
  report_timing -group [list $cg] >> $_REPORTS_PATH/${DESIGN}_pretim.rpt
}
        Computing arrivals and requireds.
@file(run_synth.tcl) 163: set_db / .syn_generic_effort $GEN_EFF
  Setting attribute of root '/': 'syn_generic_effort' = medium
@file(run_synth.tcl) 164: syn_generic
      Running additional step before syn_gen...

Info    : Undriven signal detected. [ELABUTL-130]
        : Assuming a logic '0' value for undriven bits of signal 'P_MEM[0]' in module 'PROG_MEM_P'.
        : The 'hdl_unconnected_value' attribute controls treatment of undriven signal.
Info    : Undriven signal detected. [ELABUTL-130]
        : Assuming a logic '0' value for undriven bits of signal 'P_MEM[1]' in module 'PROG_MEM_P'.
Info    : Undriven signal detected. [ELABUTL-130]
        : Assuming a logic '0' value for undriven bits of signal 'P_MEM[2]' in module 'PROG_MEM_P'.
Info    : Undriven signal detected. [ELABUTL-130]
        : Assuming a logic '0' value for undriven bits of signal 'P_MEM[3]' in module 'PROG_MEM_P'.
Info    : Undriven signal detected. [ELABUTL-130]
        : Assuming a logic '0' value for undriven bits of signal 'P_MEM[4]' in module 'PROG_MEM_P'.
Info    : Undriven signal detected. [ELABUTL-130]
        : Assuming a logic '0' value for undriven bits of signal 'P_MEM[5]' in module 'PROG_MEM_P'.
Info    : Undriven signal detected. [ELABUTL-130]
        : Assuming a logic '0' value for undriven bits of signal 'P_MEM[6]' in module 'PROG_MEM_P'.
Info    : Undriven signal detected. [ELABUTL-130]
        : Assuming a logic '0' value for undriven bits of signal 'P_MEM[7]' in module 'PROG_MEM_P'.
Info    : Undriven signal detected. [ELABUTL-130]
        : Assuming a logic '0' value for undriven bits of signal 'P_MEM[8]' in module 'PROG_MEM_P'.
Info    : Undriven signal detected. [ELABUTL-130]
        : Assuming a logic '0' value for undriven bits of signal 'P_MEM[9]' in module 'PROG_MEM_P'.
Info    : Undriven signal detected. [ELABUTL-130]
        : Assuming a logic '0' value for undriven bits of signal 'P_MEM[10]' in module 'PROG_MEM_P'.
Info    : Undriven signal detected. [ELABUTL-130]
        : Assuming a logic '0' value for undriven bits of signal 'P_MEM[11]' in module 'PROG_MEM_P'.
Info    : Undriven signal detected. [ELABUTL-130]
        : Assuming a logic '0' value for undriven bits of signal 'P_MEM[12]' in module 'PROG_MEM_P'.
Info    : Undriven signal detected. [ELABUTL-130]
        : Assuming a logic '0' value for undriven bits of signal 'P_MEM[13]' in module 'PROG_MEM_P'.
Info    : Undriven signal detected. [ELABUTL-130]
        : Assuming a logic '0' value for undriven bits of signal 'P_MEM[14]' in module 'PROG_MEM_P'.
Info    : Undriven signal detected. [ELABUTL-130]
        : Assuming a logic '0' value for undriven bits of signal 'P_MEM[15]' in module 'PROG_MEM_P'.

Stage: pre_early_cg
------------------------------------------------
| Transform | Accepts | Rejects | Runtime (ms) | 
------------------------------------------------
------------------------------------------------
##Generic Timing Info for library domain: _default_ typical gate delay: 184.5 ps std_slew: 22.7 ps std_load: 6.4 fF
Starting mux data reorder optimization [v1.0] (stage: pre_to_gen_setup, startdef: RISC_V3_PIPELINED_TOP, recur: true)
Completed mux data reorder optimization (accepts: 0, rejects: 0, runtime: 0.001s)

Stage: pre_to_gen_setup
------------------------------------------------------
| Transform       | Accepts | Rejects | Runtime (ms) | 
------------------------------------------------------
| hlo_mux_reorder |       0 |       0 |         1.00 | 
------------------------------------------------------
Current PLE settings:

Aspect ratio        : 1.000
Shrink factor       : 1.000
Scale of res/length : 1.000
Scale of cap/length : 1.000
Net derating factor : 1.000
Thermal factor      : 1.000
Via Resistance      : 3.955 ohm (from lef_library)
Site size           : 4.600 um (from lef [tech+cell])

                                   Capacitance  
  Layer                             / Length         Data source:
Name        Direction Utilization  (pF/micron)       lef_library
------------------------------------------------
met1            H         0.00        0.000085  
met2            V         1.00        0.000078  
met3            H         1.00        0.000086  
met4            V         1.00        0.000076  
met5            H         1.00        0.000088  

                                    Resistance   
  Layer                              / Length         Data source:
Name        Direction Utilization  (ohm/micron)       lef_library
-------------------------------------------------
met1            H         0.00         0.892857  
met2            V         1.00         0.892857  
met3            H         1.00         0.156667  
met4            V         1.00         0.156667  
met5            H         1.00         0.018125  

                                        Area     
  Layer                               / Length        Data source:
Name        Direction Utilization     (micron)        lef_library
-------------------------------------------------
met1            H         0.00         0.140000  
met2            V         1.00         0.140000  
met3            H         1.00         0.300000  
met4            V         1.00         0.300000  
met5            H         1.00         1.600000  

Info    : Synthesizing. [SYNTH-1]
        : Synthesizing 'RISC_V3_PIPELINED_TOP' to generic gates using 'medium' effort.
Running Synthesis Turbo Flow Version 1.
PBS_Generic-Start - Elapsed_Time 0, CPU_Time 0.0
stamp 'PBS_Generic-Start' being created for table 'pbs_debug'

  Total Time (Wall) |  Stage Time (Wall)  |   % (Wall)   |    Date - Time     |  Memory   | Stage
--------------------+---------------------+--------------+--------------------+-----------+----------------------
 00:00:25(00:00:15) |  00:00:00(00:00:00) |   0.0(  0.0) |    1:35:07 (Jun27) |  300.9 MB | PBS_Generic-Start
--------------------+---------------------+--------------+--------------------+-----------+----------------------
Number of threads: 8 * 1   (id: pbs_debug, time_info v1.57)
Info: (*N*) indicates data that was populated from previously saved time_info database
Info: CPU time includes time of parent + longest thread
        Computing net loads.
TNS Restructuring config: no_value at stage: generic applied.
Info    : Partition Based Synthesis execution skipped. [PHYS-752]
        : Design size is less than the partition size '100000' for distributed generic optimization to kick in.
Starting mux data reorder optimization [v1.0] (stage: pre_to_gen_setup, startdef: RISC_V3_PIPELINED_TOP, recur: true)
Completed mux data reorder optimization (accepts: 0, rejects: 0, runtime: 0.020s)

Stage: pre_to_gen_setup
------------------------------------------------------
| Transform       | Accepts | Rejects | Runtime (ms) | 
------------------------------------------------------
| hlo_mux_reorder |       0 |       0 |        20.00 | 
------------------------------------------------------
Starting mux data reorder optimization [v1.0] (stage: post_to_gen_setup, startdef: RISC_V3_PIPELINED_TOP, recur: true)
Completed mux data reorder optimization (accepts: 0, rejects: 0, runtime: 0.002s)

Stage: post_to_gen_setup
------------------------------------------------------
| Transform       | Accepts | Rejects | Runtime (ms) | 
------------------------------------------------------
| hlo_mux_reorder |       0 |       0 |         2.00 | 
------------------------------------------------------
Current PLE settings:

Aspect ratio        : 1.000
Shrink factor       : 1.000
Scale of res/length : 1.000
Scale of cap/length : 1.000
Net derating factor : 1.000
Thermal factor      : 1.000
Via Resistance      : 3.955 ohm (from lef_library)
Site size           : 4.600 um (from lef [tech+cell])

                                   Capacitance  
  Layer                             / Length         Data source:
Name        Direction Utilization  (pF/micron)       lef_library
------------------------------------------------
met1            H         0.00        0.000085  
met2            V         1.00        0.000078  
met3            H         1.00        0.000086  
met4            V         1.00        0.000076  
met5            H         1.00        0.000088  

                                    Resistance   
  Layer                              / Length         Data source:
Name        Direction Utilization  (ohm/micron)       lef_library
-------------------------------------------------
met1            H         0.00         0.892857  
met2            V         1.00         0.892857  
met3            H         1.00         0.156667  
met4            V         1.00         0.156667  
met5            H         1.00         0.018125  

                                        Area     
  Layer                               / Length        Data source:
Name        Direction Utilization     (micron)        lef_library
-------------------------------------------------
met1            H         0.00         0.140000  
met2            V         1.00         0.140000  
met3            H         1.00         0.300000  
met4            V         1.00         0.300000  
met5            H         1.00         1.600000  

Info    : Combinational hierarchical blocks with identical inputs have been merged. [GLO-40]
        : Instances 'g6' and 'g26' in 'PROCESSOR_V3_PIPELINED' have been merged.
        : This optimization usually reduces design area. To prevent merging of combinational hierarchical blocks, set the 'merge_combinational_hier_instances' root attribute to 'false' or the 'merge_combinational_hier_instance' instance attribute to 'false'.
Info    : Combinational hierarchical blocks with identical inputs have been merged. [GLO-40]
        : Instances 'g6' and 'g46' in 'PROCESSOR_V3_PIPELINED' have been merged.
Info    : Combinational hierarchical blocks with identical inputs have been merged. [GLO-40]
        : Instances 'g6' and 'g66' in 'PROCESSOR_V3_PIPELINED' have been merged.
Info    : Combinational hierarchical blocks with identical inputs have been merged. [GLO-40]
        : Instances 'g7' and 'g10' in 'PROCESSOR_V3_PIPELINED' have been merged.
Info    : Combinational hierarchical blocks with identical inputs have been merged. [GLO-40]
        : Instances 'g7' and 'g27' in 'PROCESSOR_V3_PIPELINED' have been merged.
Info    : Combinational hierarchical blocks with identical inputs have been merged. [GLO-40]
        : Instances 'g7' and 'g30' in 'PROCESSOR_V3_PIPELINED' have been merged.
Info    : Combinational hierarchical blocks with identical inputs have been merged. [GLO-40]
        : Instances 'g7' and 'g47' in 'PROCESSOR_V3_PIPELINED' have been merged.
Info    : Combinational hierarchical blocks with identical inputs have been merged. [GLO-40]
        : Instances 'g7' and 'g50' in 'PROCESSOR_V3_PIPELINED' have been merged.
Info    : Combinational hierarchical blocks with identical inputs have been merged. [GLO-40]
        : Instances 'g7' and 'g67' in 'PROCESSOR_V3_PIPELINED' have been merged.
Info    : Combinational hierarchical blocks with identical inputs have been merged. [GLO-40]
        : Instances 'g7' and 'g70' in 'PROCESSOR_V3_PIPELINED' have been merged.
Info    : Combinational hierarchical blocks with identical inputs have been merged. [GLO-40]
        : Instances 'g8' and 'g12' in 'PROCESSOR_V3_PIPELINED' have been merged.
Info    : Combinational hierarchical blocks with identical inputs have been merged. [GLO-40]
        : Instances 'g8' and 'g28' in 'PROCESSOR_V3_PIPELINED' have been merged.
Info    : Combinational hierarchical blocks with identical inputs have been merged. [GLO-40]
        : Instances 'g8' and 'g32' in 'PROCESSOR_V3_PIPELINED' have been merged.
Info    : Combinational hierarchical blocks with identical inputs have been merged. [GLO-40]
        : Instances 'g8' and 'g48' in 'PROCESSOR_V3_PIPELINED' have been merged.
Info    : Combinational hierarchical blocks with identical inputs have been merged. [GLO-40]
        : Instances 'g8' and 'g52' in 'PROCESSOR_V3_PIPELINED' have been merged.
Info    : Combinational hierarchical blocks with identical inputs have been merged. [GLO-40]
        : Instances 'g8' and 'g68' in 'PROCESSOR_V3_PIPELINED' have been merged.
Info    : Combinational hierarchical blocks with identical inputs have been merged. [GLO-40]
        : Instances 'g8' and 'g72' in 'PROCESSOR_V3_PIPELINED' have been merged.
Info    : Combinational hierarchical blocks with identical inputs have been merged. [GLO-40]
        : Instances 'g9' and 'g14' in 'PROCESSOR_V3_PIPELINED' have been merged.
Info    : Combinational hierarchical blocks with identical inputs have been merged. [GLO-40]
        : Instances 'g9' and 'g29' in 'PROCESSOR_V3_PIPELINED' have been merged.
Info    : Combinational hierarchical blocks with identical inputs have been merged. [GLO-40]
        : Instances 'g9' and 'g34' in 'PROCESSOR_V3_PIPELINED' have been merged.
Warning : Maximum message print count reached. [MESG-11]
        : Maximum print count of '20' reached for message 'GLO-40'.
Running Unified Mux Engine Tricks...
Completed Unified Mux Engine Tricks

Stage: pre_hlo_rtlopt
--------------------------------------------
| Trick | Accepts | Rejects | Runtime (ms) | 
--------------------------------------------
--------------------------------------------
Starting infer macro optimization [v1.0] (stage: pre_rtlopt, startdef: RISC_V3_PIPELINED_TOP, recur: true)
Completed infer macro optimization (accepts: 0, rejects: 3, runtime: 0.020s)
Starting decode mux sandwich optimization [v2.0] (stage: pre_rtlopt, startdef: RISC_V3_PIPELINED_TOP, recur: true)
Completed decode mux sandwich optimization (accepts: 0, rejects: 0, runtime: 0.000s)
Starting decode mux optimization [v1.0] (stage: pre_rtlopt, startdef: RISC_V3_PIPELINED_TOP, recur: true)
Completed decode mux optimization (accepts: 0, rejects: 0, runtime: 0.001s)
Starting chop wide muxes [v1.0] (stage: pre_rtlopt, startdef: RISC_V3_PIPELINED_TOP, recur: true)
Completed chop wide muxes (accepts: 0, rejects: 0, runtime: 0.000s)
Starting common data mux cascade opt [v1.0] (stage: pre_rtlopt, startdef: RISC_V3_PIPELINED_TOP, recur: true)
Completed common data mux cascade opt (accepts: 0, rejects: 0, runtime: 0.000s)
Starting mux input consolidation [v1.0] (stage: pre_rtlopt, startdef: RISC_V3_PIPELINED_TOP, recur: true)
Completed mux input consolidation (accepts: 0, rejects: 0, runtime: 0.004s)
Starting constant-data mux optimization [v1.0] (stage: pre_rtlopt, startdef: RISC_V3_PIPELINED_TOP, recur: true)
Completed constant-data mux optimization (accepts: 0, rejects: 0, runtime: 0.000s)
Starting chain-to-tree inequality transform [v2.0] (stage: pre_rtlopt, startdef: RISC_V3_PIPELINED_TOP, recur: true)
Completed chain-to-tree inequality transform (accepts: 0, rejects: 0, runtime: 0.018s)
Starting reconvergence optimization [v1.0] (stage: pre_rtlopt, startdef: RISC_V3_PIPELINED_TOP, recur: true)
Completed reconvergence optimization (accepts: 0, rejects: 0, runtime: 0.001s)
Starting logic restructure optimization [v1.0] (stage: pre_rtlopt, startdef: RISC_V3_PIPELINED_TOP, recur: true)
Completed logic restructure optimization (accepts: 0, rejects: 0, runtime: 0.002s)
Starting common select mux optimization [v1.0] (stage: pre_rtlopt, startdef: RISC_V3_PIPELINED_TOP, recur: true)
Completed common select mux optimization (accepts: 0, rejects: 3, runtime: 0.003s)
Starting identity transform [v3.0] (stage: pre_rtlopt, startdef: RISC_V3_PIPELINED_TOP, recur: true)
Completed identity transform (accepts: 0, rejects: 0, runtime: 0.004s)
Starting reduce operator chain [v1.0] (stage: pre_rtlopt, startdef: RISC_V3_PIPELINED_TOP, recur: true)
Completed reduce operator chain (accepts: 0, rejects: 0, runtime: 0.000s)
Starting common data mux cascade opt [v1.0] (stage: pre_rtlopt, startdef: RISC_V3_PIPELINED_TOP, recur: true)
Completed common data mux cascade opt (accepts: 0, rejects: 0, runtime: 0.001s)
Starting mux input consolidation [v1.0] (stage: pre_rtlopt, startdef: RISC_V3_PIPELINED_TOP, recur: true)
Completed mux input consolidation (accepts: 0, rejects: 0, runtime: 0.003s)
Starting optimize datapath elements [v1.0] (stage: pre_rtlopt, startdef: RISC_V3_PIPELINED_TOP, recur: true)
Completed optimize datapath elements (accepts: 0, rejects: 0, runtime: 0.000s)
Starting datapath recasting [v1.0] (stage: pre_rtlopt, startdef: RISC_V3_PIPELINED_TOP, recur: true)
Completed datapath recasting (accepts: 0, rejects: 0, runtime: 0.001s)
Starting clip mux common data inputs [v1.0] (stage: pre_rtlopt, startdef: RISC_V3_PIPELINED_TOP, recur: true)
Completed clip mux common data inputs (accepts: 1, rejects: 0, runtime: 0.005s)
Starting clip the non-user hierarchies [v2.0] (stage: pre_rtlopt, startdef: RISC_V3_PIPELINED_TOP, recur: true)
Completed clip the non-user hierarchies (accepts: 0, rejects: 0, runtime: 0.001s)

Stage: pre_rtlopt
----------------------------------------------------------------
| Transform                 | Accepts | Rejects | Runtime (ms) | 
----------------------------------------------------------------
| hlo_infer_macro           |       0 |       3 |        20.00 | 
| hlo_decode_mux_sandwich   |       0 |       0 |         0.00 | 
| hlo_mux_decode            |       0 |       0 |         1.00 | 
| hlo_chop_mux              |       0 |       0 |         0.00 | 
| hlo_mux_cascade_opt       |       0 |       0 |         0.00 | 
| hlo_mux_consolidation     |       0 |       0 |         4.00 | 
| hlo_constant_mux_opt      |       0 |       0 |         0.00 | 
| hlo_inequality_transform  |       0 |       0 |        18.00 | 
| hlo_reconv_opt            |       0 |       0 |         1.00 | 
| hlo_restructure           |       0 |       0 |         2.00 | 
| hlo_common_select_muxopto |       0 |       3 |         3.00 | 
| hlo_identity_transform    |       0 |       0 |         4.00 | 
| hlo_reduce_operator_chain |       0 |       0 |         0.00 | 
| hlo_mux_cascade_opt       |       0 |       0 |         1.00 | 
| hlo_mux_consolidation     |       0 |       0 |         3.00 | 
| hlo_optimize_datapath     |       0 |       0 |         0.00 | 
| hlo_datapath_recast       |       0 |       0 |         1.00 | 
| hlo_clip_mux_input        |       1 |       0 |         5.00 | 
| hlo_clip                  |       0 |       0 |         1.00 | 
----------------------------------------------------------------
Running Unified Mux Engine Tricks...
Completed Unified Mux Engine Tricks

Stage: post_hlo_rtlopt
--------------------------------------------------
| Trick       | Accepts | Rejects | Runtime (ms) | 
--------------------------------------------------
| ume_runtime |       0 |       0 |         0.00 | 
--------------------------------------------------
Number of big hc bmuxes before = 0
Info    : Hierarchical instance automatically ungrouped. [GLO-51]
        : Instance 'PM' in module 'RISC_V3_PIPELINED_TOP' is ungrouped to improve datapath connectivity.
        : Hierarchical instances can be automatically ungrouped to allow for better area or timing optimization. To prevent this ungroup, set the root-level attribute 'auto_ungroup' to 'none'. You can also prevent individual ungroup with setting the attribute 'ungroup_ok' of instances or modules to 'false'.
Number of non-ctl's : 25
mux_NSTATE_58_25 mux_NSTATE_64_25 mux_NSTATE_70_25 mux_NSTATE_76_25 g111 mux_RF_IN_175_22 mux_RF_WR_175_22 g110 g113 g114 g124 g125 g128 g1961 g1962 g1963 mux_DM_WR_94_11 mux_NSTATE_54_2055 mux_RF_IN_94_11 mux_RF_WR_94_11 mux_next_ACCUM_R_94_11 mux_next_DM_ADDR_94_11 mux_next_IR1_94_11 mux_next_IR2_94_11 mux_RF_WR_247_2053 
SOP DEBUG : Module= PROCESSOR_V3_PIPELINED, Cluster= ctl_IR1_TYPE_58_25, ctl= 8, Non-ctl= 25
Selected impl_type 4 (factored_form (optimized)) for sop cluster ctl_IR1_TYPE_58_25.
              Info: total 9 bmuxes found, 8 are converted to onehot form, and 1 are kept as binary form
Info    : Pre-processed datapath logic. [DPOPT-6]
        : Pre-processing optimizations applied to datapath logic in 'RISC_V3_PIPELINED_TOP':
          live_trim(4) sop(1) 
Info    : Hierarchical instance automatically ungrouped. [GLO-51]
        : Instance 'CPU' in module 'RISC_V3_PIPELINED_TOP' is ungrouped to improve datapath connectivity.
Info    : Hierarchical instance automatically ungrouped. [GLO-51]
        : Instance 'DM' in module 'RISC_V3_PIPELINED_TOP' is ungrouped to improve datapath connectivity.
Info    : Optimizing datapath logic. [DPOPT-1]
        : Optimizing datapath logic in 'RISC_V3_PIPELINED_TOP'.
Info    : Optimized a mux chain. [DPOPT-10]
        : Created Common Select Mux merge'F_CPU_mux819' in design 'CDN_DP_region_0_1'.
	The following set of mux instances are merged ( CPU_mux819 CPU_mux823 CPU_mux827 CPU_mux831 CPU_mux835 CPU_mux839 CPU_mux843 CPU_mux847 CPU_mux851 CPU_mux855 CPU_mux859 CPU_mux863 CPU_mux867 CPU_mux871 CPU_mux875 CPU_mux879 CPU_mux883 CPU_mux887 CPU_mux891 CPU_mux895 CPU_mux899 CPU_mux903 CPU_mux907 CPU_mux911 CPU_mux915 CPU_mux919 CPU_mux923 CPU_mux927 CPU_mux931 CPU_mux935 CPU_mux939 CPU_mux943 ).

Info    : Optimized a mux chain. [DPOPT-10]
        : Created Common Select Mux merge'F_CPU_mux625' in design 'CDN_DP_region_0_1'.
	The following set of mux instances are merged ( CPU_mux625 CPU_mux631 CPU_mux637 CPU_mux643 CPU_mux649 CPU_mux655 CPU_mux661 CPU_mux667 CPU_mux673 CPU_mux679 CPU_mux685 CPU_mux691 CPU_mux697 CPU_mux703 CPU_mux709 CPU_mux715 CPU_mux721 CPU_mux727 CPU_mux733 CPU_mux739 CPU_mux745 CPU_mux751 CPU_mux757 CPU_mux763 CPU_mux769 CPU_mux775 CPU_mux781 CPU_mux787 CPU_mux793 CPU_mux799 CPU_mux805 CPU_mux811 ).

Info    : Optimized a mux chain. [DPOPT-10]
        : Created Common Select Mux merge'F_CPU_mux601' in design 'CDN_DP_region_0_1'.
	The following set of mux instances are merged ( CPU_mux601 CPU_mux607 CPU_mux613 CPU_mux619 ).

Info    : Implementing datapath configurations. [DPOPT-3]
        : Implementing datapath configurations for 'CDN_DP_region_0_1'
CSAGen Prep Share:0 Re-Write:0 Speculation: 0
    MaxCSA: weighted_instance_count is 466 
MaxCSA: Successfully built Maximal CSA Expression Expr0
Info    : Accepted resource sharing opportunity. [RTLOPT-30]
        : Merged the following sets of instances in 'CDN_DP_region_0_1_c7 in RISC_V3_PIPELINED_TOP':
	  (ADD_TC_OP_4, ADD_TC_OP_2, ADD_TC_OP)
	  (SUB_TC_OP_1, SUB_TC_OP, SUB_TC_OP_5, SUB_TC_OP_3)

      Timing addsub_signed_713...
        Done timing addsub_signed_713.
Info    : Accepted resource sharing opportunity. [RTLOPT-30]
        : Merged the following sets of instances in 'CDN_DP_region_0_1_c7 in RISC_V3_PIPELINED_TOP':
	  (SUB_TC_OP_1_Y_SUB_TC_OP_Y_SUB_TC_OP_5_Y_SUB_TC_OP_3, ADD_TC_OP_4_Y_ADD_TC_OP_2_Y_ADD_TC_OP)

      Timing increment_unsigned...
        Done timing increment_unsigned.
      Timing decrement_unsigned...
        Done timing decrement_unsigned.
      Timing increment_unsigned_738...
        Done timing increment_unsigned_738.
      Timing decrement_unsigned_740...
        Done timing decrement_unsigned_740.
Info    : Accepted resource sharing opportunity. [RTLOPT-30]
        : Merged the following sets of instances in 'CDN_DP_region_0_1_c1 in RISC_V3_PIPELINED_TOP':
	  (CPU_sub_117_51, CPU_sub_140_51)

      Timing addsub_unsigned_790...
        Done timing addsub_unsigned_790.
      Timing addsub_unsigned_808...
        Done timing addsub_unsigned_808.
      Timing addsub_unsigned_878...
        Done timing addsub_unsigned_878.
      Timing addsub_unsigned_902...
        Done timing addsub_unsigned_902.
Info    : Accepted resource sharing opportunity. [RTLOPT-30]
        : Merged the following sets of instances in 'CDN_DP_region_0_1_c1 in RISC_V3_PIPELINED_TOP':
	  (inc_CPU_add_141_53, inc_CPU_add_118_51, CPU_add_139_51, dec_CPU_sub_142_53, dec_CPU_sub_119_51, CPU_sub_117_51_Y_CPU_sub_140_51)

Info    : Accepted resource sharing opportunity. [RTLOPT-30]
        : Merged the following sets of instances in 'CDN_DP_region_0_1_c2 in RISC_V3_PIPELINED_TOP':
	  (CPU_sub_117_51, CPU_sub_140_51)

Info    : Accepted resource sharing opportunity. [RTLOPT-30]
        : Merged the following sets of instances in 'CDN_DP_region_0_1_c2 in RISC_V3_PIPELINED_TOP':
	  (inc_CPU_add_141_53, inc_CPU_add_118_51, CPU_add_139_51, dec_CPU_sub_142_53, dec_CPU_sub_119_51, CPU_sub_117_51_Y_CPU_sub_140_51)

Info    : Accepted resource sharing opportunity. [RTLOPT-30]
        : Merged the following sets of instances in 'CDN_DP_region_0_1_c3 in RISC_V3_PIPELINED_TOP':
	  (CPU_sub_117_51, CPU_sub_140_51)

Info    : Accepted resource sharing opportunity. [RTLOPT-30]
        : Merged the following sets of instances in 'CDN_DP_region_0_1_c3 in RISC_V3_PIPELINED_TOP':
	  (inc_CPU_add_141_53, inc_CPU_add_118_51, CPU_add_139_51, dec_CPU_sub_142_53, dec_CPU_sub_119_51, CPU_sub_117_51_Y_CPU_sub_140_51)

Info    : Accepted resource sharing opportunity. [RTLOPT-30]
        : Merged the following sets of instances in 'CDN_DP_region_0_1_c4 in RISC_V3_PIPELINED_TOP':
	  (CPU_sub_117_51, CPU_sub_140_51)

Info    : Accepted resource sharing opportunity. [RTLOPT-30]
        : Merged the following sets of instances in 'CDN_DP_region_0_1_c4 in RISC_V3_PIPELINED_TOP':
	  (inc_CPU_add_141_53, inc_CPU_add_118_51, CPU_add_139_51, dec_CPU_sub_142_53, dec_CPU_sub_119_51, CPU_sub_117_51_Y_CPU_sub_140_51)

Info    : Accepted resource sharing opportunity. [RTLOPT-30]
        : Merged the following sets of instances in 'CDN_DP_region_0_1_c5 in RISC_V3_PIPELINED_TOP':
	  (CPU_sub_117_51, CPU_sub_140_51)

Info    : Accepted resource sharing opportunity. [RTLOPT-30]
        : Merged the following sets of instances in 'CDN_DP_region_0_1_c5 in RISC_V3_PIPELINED_TOP':
	  (inc_CPU_add_141_53, inc_CPU_add_118_51, CPU_add_139_51, dec_CPU_sub_142_53, dec_CPU_sub_119_51, CPU_sub_117_51_Y_CPU_sub_140_51)

Info    : Accepted resource sharing opportunity. [RTLOPT-30]
        : Merged the following sets of instances in 'CDN_DP_region_0_1_c6 in RISC_V3_PIPELINED_TOP':
	  (CPU_sub_140_51, CPU_sub_119_51, CPU_sub_117_51, CPU_sub_142_53)
	  (CPU_add_139_51, CPU_add_118_51)

Info    : Accepted resource sharing opportunity. [RTLOPT-30]
        : Merged the following sets of instances in 'CDN_DP_region_0_1_c6 in RISC_V3_PIPELINED_TOP':
	  (inc_CPU_add_141_53, CPU_add_139_51_Y_CPU_add_118_51, CPU_sub_140_51_Y_CPU_sub_119_51_Y_CPU_sub_117_51_Y_CPU_sub_142_53)

CDN_DP_region_0_1 level = 0 loads = 0 drivers = 0
CDN_DP_region_0_1_c0 in RISC_V3_PIPELINED_TOP: area: 71008337400 ,dp = 24 mux = 87 sg = slow         worst_clk_period: -1.0000 
    wns: 0  norm_wns:  -1.0000 
    fail_endp: -1 
    tns:  0  tns_per_endp:  -1.0000   norm_tns_per_endp:  -1.0000 
    tns_sense_max:  -1.0000  tns_sense_avg:  -1.0000   tns_sense_num: -1
    power:  -9223372036854775808  
 skipped
CDN_DP_region_0_1_c1 in RISC_V3_PIPELINED_TOP: area: 60231764050 ,dp = 6 mux = 85 sg = fast         worst_clk_period: -1.0000 
    wns: 0  norm_wns:  -1.0000 
    fail_endp: -1 
    tns:  0  tns_per_endp:  -1.0000   norm_tns_per_endp:  -1.0000 
    tns_sense_max:  -1.0000  tns_sense_avg:  -1.0000   tns_sense_num: -1
    power:  -9223372036854775808  
 is current best
CDN_DP_region_0_1_c2 in RISC_V3_PIPELINED_TOP: area: 60231764050 ,dp = 6 mux = 85 sg = very_slow    worst_clk_period: -1.0000 
    wns: 0  norm_wns:  -1.0000 
    fail_endp: -1 
    tns:  0  tns_per_endp:  -1.0000   norm_tns_per_endp:  -1.0000 
    tns_sense_max:  -1.0000  tns_sense_avg:  -1.0000   tns_sense_num: -1
    power:  -9223372036854775808  
 is current best
CDN_DP_region_0_1_c3 in RISC_V3_PIPELINED_TOP: area: 60231764050 ,dp = 6 mux = 85 sg = very_fast    worst_clk_period: -1.0000 
    wns: 0  norm_wns:  -1.0000 
    fail_endp: -1 
    tns:  0  tns_per_endp:  -1.0000   norm_tns_per_endp:  -1.0000 
    tns_sense_max:  -1.0000  tns_sense_avg:  -1.0000   tns_sense_num: -1
    power:  -9223372036854775808  
 is current best
CDN_DP_region_0_1_c4 in RISC_V3_PIPELINED_TOP: area: 60231764050 ,dp = 6 mux = 85 sg = very_fast    worst_clk_period: -1.0000 
    wns: 0  norm_wns:  -1.0000 
    fail_endp: -1 
    tns:  0  tns_per_endp:  -1.0000   norm_tns_per_endp:  -1.0000 
    tns_sense_max:  -1.0000  tns_sense_avg:  -1.0000   tns_sense_num: -1
    power:  -9223372036854775808  
 is current best
CDN_DP_region_0_1_c5 in RISC_V3_PIPELINED_TOP: area: 60231764050 ,dp = 6 mux = 85 sg = very_fast    worst_clk_period: -1.0000 
    wns: 0  norm_wns:  -1.0000 
    fail_endp: -1 
    tns:  0  tns_per_endp:  -1.0000   norm_tns_per_endp:  -1.0000 
    tns_sense_max:  -1.0000  tns_sense_avg:  -1.0000   tns_sense_num: -1
    power:  -9223372036854775808  
 is current best
CDN_DP_region_0_1_c6 in RISC_V3_PIPELINED_TOP: area: 60184472450 ,dp = 6 mux = 85 sg = very_fast    worst_clk_period: -1.0000 
    wns: 0  norm_wns:  -1.0000 
    fail_endp: -1 
    tns:  0  tns_per_endp:  -1.0000   norm_tns_per_endp:  -1.0000 
    tns_sense_max:  -1.0000  tns_sense_avg:  -1.0000   tns_sense_num: -1
    power:  -9223372036854775808  
 is current best
CDN_DP_region_0_1_c7 in RISC_V3_PIPELINED_TOP: area: 61981553250 ,dp = 6 mux = 88 sg = very_fast    worst_clk_period: -1.0000 
    wns: 0  norm_wns:  -1.0000 
    fail_endp: -1 
    tns:  0  tns_per_endp:  -1.0000   norm_tns_per_endp:  -1.0000 
    tns_sense_max:  -1.0000  tns_sense_avg:  -1.0000   tns_sense_num: -1
    power:  -9223372036854775808  

Best config: CDN_DP_region_0_1_c6 in RISC_V3_PIPELINED_TOP: area: 60184472450 ,dp = 6 mux = 85 sg = very_fast    worst_clk_period: -1.0000 
    wns: 0  norm_wns:  -1.0000 
    fail_endp: -1 
    tns:  0  tns_per_endp:  -1.0000   norm_tns_per_endp:  -1.0000 
    tns_sense_max:  -1.0000  tns_sense_avg:  -1.0000   tns_sense_num: -1
    power:  -9223372036854775808  
  Smallest config area : 60184472450.  Fastest config wns;  0
##>+----------------------------------------------------------------------------------------------------------------------------------------------------------------+
##>Summary table of configs (Best config is CDN_DP_region_0_1_c6)
##>+----------------------------------------------------------------------------------------------------------------------------------------------------------------+
##>                     0                  1                  2                  3                  4                  5                  6                  7            
##>+----------------------------------------------------------------------------------------------------------------------------------------------------------------+
##>           Area      71008337400        60231764050        60231764050        60231764050        60231764050        60231764050        60184472450        61981553250  
##>            WNS    +214748364.70      +214748364.70      +214748364.70      +214748364.70      +214748364.70      +214748364.70      +214748364.70      +214748364.70  
##>            TNS                0                  0                  0                  0                  0                  0                  0                  0  
##>    Num Rewrite                0                  0                  0                  0                  0                  0                  0                  0  
##>     Num Factor                0                  0                  0                  0                  0                  0                  0                  0  
##>      Num Share                0                  4                  4                  4                  4                  4                  4                  4  
##>   Num CmultCse                0                  0                  0                  0                  0                  0                  0                  0  
##>   Num Downsize                0                  0                  0                  0                  0                  0                  0                  0  
##>  Num Speculate                0                  0                  0                  0                  0                  0                  0                  0  
##>     Runtime(s)                0                 37                 37                 37                 38                 37                 16                 28  
+----------------------------------------------------------------------------------------------------------------------------------------------------------------+
##>
##>
##>+-----------------------------------------------------------------------------------------------------------------------------------------------------------------------------------------------------+
##>Optimization Step DEBUG Table for config CDN_DP_region_0_1_c6
##>
##>                          Step                        Area   (  % Chg)         WNS (Change)          TNS (Change)                Power   (  % Chg)        Runtime (s)        Comment                   
##>+-----------------------------------------------------------------------------------------------------------------------------------------------------------------------------------------------------+
##>createMaxCarrySave              START            71008337400 (       )    214748364.70 (        )          0 (        )                    0 (       )              
##> datapath_rewrite_one_def       START            71008337400 (  +0.00)    214748364.70 (   +0.00)          0 (       0)                    0 (  +0.00)              
##>  fast_cse_elim                 START            71008337400 (  +0.00)    214748364.70 (   +0.00)          0 (       0)                    0 (  +0.00)              
##>                                  END            67012197200 (  -5.63)    214748364.70 (   +0.00)          0 (       0)                    0 (  +0.00)           0  
##>  fast_cse_elim                 START            67012197200 (  +0.00)    214748364.70 (   +0.00)          0 (       0)                    0 (  +0.00)              
##>                                  END            67012197200 (  +0.00)    214748364.70 (   +0.00)          0 (       0)                    0 (  +0.00)           0  
##>                                  END            67012197200 (  -5.63)    214748364.70 (   +0.00)          0 (       0)                    0 (  +0.00)           0  
##> dpopt_share_one_def            START            67012197200 (  +0.00)    214748364.70 (   +0.00)          0 (       0)                    0 (  +0.00)              
##>                                  END            64044649300 (  -4.43)    214748364.70 (   +0.00)          0 (       0)                    0 (  +0.00)          14  
##> csa_opto                       START            64044649300 (  +0.00)    214748364.70 (   +0.00)          0 (       0)                    0 (  +0.00)              
##>                                  END            64021003500 (  -0.04)    214748364.70 (   +0.00)          0 (       0)                    0 (  +0.00)           0  
##>                                  END            64021003500 (  -9.84)    214748364.70 (   +0.00)          0 (       0)                    0 (  +0.00)          14  
##>canonicalize_by_names           START            64021003500 (  +0.00)    214748364.70 (   +0.00)          0 (       0)                    0 (  +0.00)              
##>                                  END            64021003500 (  +0.00)    214748364.70 (   +0.00)          0 (       0)                    0 (  +0.00)           0  
##>datapath_rewrite_post_csa_one_  START            64021003500 (  +0.00)    214748364.70 (   +0.00)          0 (       0)                    0 (  +0.00)              
##>                                  END            64021003500 (  +0.00)    214748364.70 (   +0.00)          0 (       0)                    0 (  +0.00)           0  
##>datapath_csa_factoring_one_gde  START            64021003500 (  +0.00)    214748364.70 (   +0.00)          0 (       0)                    0 (  +0.00)              
##>                                  END            64021003500 (  +0.00)    214748364.70 (   +0.00)          0 (       0)                    0 (  +0.00)           0  
##>dpopt_share_one_def             START            64021003500 (  +0.00)    214748364.70 (   +0.00)          0 (       0)                    0 (  +0.00)              
##>                                  END            61816032650 (  -3.44)    214748364.70 (   +0.00)          0 (       0)                    0 (  +0.00)           0  
##>datapath_rewrite_post_share     START            61816032650 (  +0.00)    214748364.70 (   +0.00)          0 (       0)                    0 (  +0.00)              
##>                                  END            61816032650 (  +0.00)    214748364.70 (   +0.00)          0 (       0)                    0 (  +0.00)           0  
##>dp_combine_const_mult_with_com  START            61816032650 (  +0.00)    214748364.70 (   +0.00)          0 (       0)                    0 (  +0.00)              
##>                                  END            61816032650 (  +0.00)    214748364.70 (   +0.00)          0 (       0)                    0 (  +0.00)           0  
##>speculate_in_gdef               START            61816032650 (  +0.00)    214748364.70 (   +0.00)          0 (       0)                    0 (  +0.00)              
##> pre_speculate_mux_merge        START            61816032650 (  +0.00)    214748364.70 (   +0.00)          0 (       0)                    0 (  +0.00)              
##>                                  END            61816032650 (  +0.00)    214748364.70 (   +0.00)          0 (       0)                    0 (  +0.00)           0  
##>                                  END            61816032650 (  +0.00)    214748364.70 (   +0.00)          0 (       0)                    0 (  +0.00)           0  
##>dp_operator_level_decompositio  START            61816032650 (  +0.00)    214748364.70 (   +0.00)          0 (       0)                    0 (  +0.00)              
##>                                  END            61816032650 (  +0.00)    214748364.70 (   +0.00)          0 (       0)                    0 (  +0.00)           0  
##>selective_flatten_dp_config     START            61816032650 (  +0.00)    214748364.70 (   +0.00)          0 (       0)                    0 (  +0.00)              
##>                                  END            61390408250 (  -0.69)    214748364.70 (   +0.00)          0 (       0)                    0 (  +0.00)           0  
##>createMaxCarrySave              START            61390408250 (  +0.00)    214748364.70 (   +0.00)          0 (       0)                    0 (  +0.00)              
##> datapath_rewrite_one_def       START            61390408250 (  +0.00)    214748364.70 (   +0.00)          0 (       0)                    0 (  +0.00)              
##>  fast_cse_elim                 START            61390408250 (  +0.00)    214748364.70 (   +0.00)          0 (       0)                    0 (  +0.00)              
##>                                  END            61390408250 (  +0.00)    214748364.70 (   +0.00)          0 (       0)                    0 (  +0.00)           0  
##>  fast_cse_elim                 START            61390408250 (  +0.00)    214748364.70 (   +0.00)          0 (       0)                    0 (  +0.00)              
##>                                  END            61390408250 (  +0.00)    214748364.70 (   +0.00)          0 (       0)                    0 (  +0.00)           0  
##>                                  END            61390408250 (  +0.00)    214748364.70 (   +0.00)          0 (       0)                    0 (  +0.00)           0  
##> dpopt_share_one_def            START            61390408250 (  +0.00)    214748364.70 (   +0.00)          0 (       0)                    0 (  +0.00)              
##>                                  END            61390408250 (  +0.00)    214748364.70 (   +0.00)          0 (       0)                    0 (  +0.00)           0  
##> csa_opto                       START            61390408250 (  +0.00)    214748364.70 (   +0.00)          0 (       0)                    0 (  +0.00)              
##>                                  END            61390408250 (  +0.00)    214748364.70 (   +0.00)          0 (       0)                    0 (  +0.00)           0  
##>                                  END            61390408250 (  +0.00)    214748364.70 (   +0.00)          0 (       0)                    0 (  +0.00)           0  
##>datapath_rewrite_post_csa_one_  START            61390408250 (  +0.00)    214748364.70 (   +0.00)          0 (       0)                    0 (  +0.00)              
##>                                  END            61390408250 (  +0.00)    214748364.70 (   +0.00)          0 (       0)                    0 (  +0.00)           0  
##>datapath_csa_factoring_one_gde  START            61390408250 (  +0.00)    214748364.70 (   +0.00)          0 (       0)                    0 (  +0.00)              
##>                                  END            61390408250 (  +0.00)    214748364.70 (   +0.00)          0 (       0)                    0 (  +0.00)           0  
##>dpopt_share_one_def             START            61390408250 (  +0.00)    214748364.70 (   +0.00)          0 (       0)                    0 (  +0.00)              
##>                                  END            61390408250 (  +0.00)    214748364.70 (   +0.00)          0 (       0)                    0 (  +0.00)           0  
##>datapath_rewrite_post_share     START            61390408250 (  +0.00)    214748364.70 (   +0.00)          0 (       0)                    0 (  +0.00)              
##>                                  END            61390408250 (  +0.00)    214748364.70 (   +0.00)          0 (       0)                    0 (  +0.00)           0  
##>dp_combine_const_mult_with_com  START            61390408250 (  +0.00)    214748364.70 (   +0.00)          0 (       0)                    0 (  +0.00)              
##>                                  END            61390408250 (  +0.00)    214748364.70 (   +0.00)          0 (       0)                    0 (  +0.00)           0  
##>speculate_in_gdef               START            61390408250 (  +0.00)    214748364.70 (   +0.00)          0 (       0)                    0 (  +0.00)              
##> pre_speculate_mux_merge        START            61390408250 (  +0.00)    214748364.70 (   +0.00)          0 (       0)                    0 (  +0.00)              
##>                                  END            61390408250 (  +0.00)    214748364.70 (   +0.00)          0 (       0)                    0 (  +0.00)           0  
##>                                  END            61390408250 (  +0.00)    214748364.70 (   +0.00)          0 (       0)                    0 (  +0.00)           0  
##>dp_operator_level_decompositio  START            61390408250 (  +0.00)    214748364.70 (   +0.00)          0 (       0)                    0 (  +0.00)              
##>                                  END            61390408250 (  +0.00)    214748364.70 (   +0.00)          0 (       0)                    0 (  +0.00)           0  
##>selective_flatten_dp_config     START            61390408250 (  +0.00)    214748364.70 (   +0.00)          0 (       0)                    0 (  +0.00)              
##>                                  END            61390408250 (  +0.00)    214748364.70 (   +0.00)          0 (       0)                    0 (  +0.00)           0  
##>createMaxCarrySave              START            61390408250 (  +0.00)    214748364.70 (   +0.00)          0 (       0)                    0 (  +0.00)              
##> datapath_rewrite_one_def       START            61390408250 (  +0.00)    214748364.70 (   +0.00)          0 (       0)                    0 (  +0.00)              
##>  fast_cse_elim                 START            61390408250 (  +0.00)    214748364.70 (   +0.00)          0 (       0)                    0 (  +0.00)              
##>                                  END            61390408250 (  +0.00)    214748364.70 (   +0.00)          0 (       0)                    0 (  +0.00)           0  
##>  fast_cse_elim                 START            61390408250 (  +0.00)    214748364.70 (   +0.00)          0 (       0)                    0 (  +0.00)              
##>                                  END            61390408250 (  +0.00)    214748364.70 (   +0.00)          0 (       0)                    0 (  +0.00)           0  
##>                                  END            61390408250 (  +0.00)    214748364.70 (   +0.00)          0 (       0)                    0 (  +0.00)           0  
##> dpopt_share_one_def            START            61390408250 (  +0.00)    214748364.70 (   +0.00)          0 (       0)                    0 (  +0.00)              
##>                                  END            61390408250 (  +0.00)    214748364.70 (   +0.00)          0 (       0)                    0 (  +0.00)           0  
##> csa_opto                       START            61390408250 (  +0.00)    214748364.70 (   +0.00)          0 (       0)                    0 (  +0.00)              
##>                                  END            61390408250 (  +0.00)    214748364.70 (   +0.00)          0 (       0)                    0 (  +0.00)           0  
##>                                  END            61390408250 (  +0.00)    214748364.70 (   +0.00)          0 (       0)                    0 (  +0.00)           0  
##>context_based_simplify          START            61390408250 (  +0.00)    214748364.70 (   +0.00)          0 (       0)                    0 (  +0.00)              
##>                                  END            61390408250 (  +0.00)    214748364.70 (   +0.00)          0 (       0)                    0 (  +0.00)           0  
##>group_csa_final_adder_dp        START            61390408250 (  +0.00)    214748364.70 (   +0.00)          0 (       0)                    0 (  +0.00)              
##>                                  END            61390408250 (  +0.00)    214748364.70 (   +0.00)          0 (       0)                    0 (  +0.00)           0  
##>dpopt_flatten_critical_muxes_i  START            61390408250 (  +0.00)    214748364.70 (   +0.00)          0 (       0)                    0 (  +0.00)              
##>                                  END            60184472450 (  -1.96)    214748364.70 (   +0.00)          0 (       0)                    0 (  +0.00)           0  
##>speculate_in_gdef               START            60184472450 (  +0.00)    214748364.70 (   +0.00)          0 (       0)                    0 (  +0.00)              
##> pre_speculate_mux_merge        START            60184472450 (  +0.00)    214748364.70 (   +0.00)          0 (       0)                    0 (  +0.00)              
##>                                  END            60184472450 (  +0.00)    214748364.70 (   +0.00)          0 (       0)                    0 (  +0.00)           0  
##>                                  END            60184472450 (  +0.00)    214748364.70 (   +0.00)          0 (       0)                    0 (  +0.00)           0  
##>create_score                    START            60184472450 (  +0.00)    214748364.70 (   +0.00)          0 (       0)                    0 (  +0.00)              
##>                                  END            60184472450 (  +0.00)    214748364.70 (   +0.00)          0 (       0)                    0 (  +0.00)           0  
##>+-----------------------------------------------------------------------------------------------------------------------------------------------------------------------------------------------------+
Committed config: CDN_DP_region_0_1_c6
Info    : Done implementing datapath configurations. [DPOPT-4]
        : Selected 'very_fast' configuration 6 for module 'CDN_DP_region_0_1_c6'.
          Optimizations applied to 'very_fast' configuration:
            rewriting(0), factoring(0), sharing(4), cmultcse(0), downsizing(0), speculation(0)
Info    : Implementing datapath configurations. [DPOPT-3]
        : Implementing datapath configurations for 'CDN_DP_region_0_0'
CSAGen Prep Share:0 Re-Write:0 Speculation: 0
    MaxCSA: weighted_instance_count is 8 
MaxCSA: Successfully built Maximal CSA Expression Expr1
      Timing increment_unsigned_10521...
        Done timing increment_unsigned_10521.
Number of non-ctl's : 1
CPU_mux_next_PC_94_11 
SOP DEBUG : Module= CDN_DP_region_0_0_c7, Cluster= CPU_ctl_PSTATE_94_11_create, ctl= 1, Non-ctl= 1
Selected impl_type 4 (factored_form (optimized)) for sop cluster CPU_ctl_PSTATE_94_11_create.
      Timing increment_unsigned_10523_10530...
        Done timing increment_unsigned_10523_10530.
Number of non-ctl's : 1
CPU_mux_next_PC_94_11 
SOP DEBUG : Module= CDN_DP_region_0_0_c1, Cluster= CPU_ctl_PSTATE_94_11_create, ctl= 1, Non-ctl= 1
Selected impl_type 4 (factored_form (optimized)) for sop cluster CPU_ctl_PSTATE_94_11_create.
      Timing increment_unsigned_10523_10540...
        Done timing increment_unsigned_10523_10540.
Number of non-ctl's : 1
CPU_mux_next_PC_94_11 
SOP DEBUG : Module= CDN_DP_region_0_0_c2, Cluster= CPU_ctl_PSTATE_94_11_create, ctl= 1, Non-ctl= 1
Selected impl_type 4 (factored_form (optimized)) for sop cluster CPU_ctl_PSTATE_94_11_create.
      Timing increment_unsigned_10523_10550...
        Done timing increment_unsigned_10523_10550.
Number of non-ctl's : 1
CPU_mux_next_PC_94_11 
SOP DEBUG : Module= CDN_DP_region_0_0_c3, Cluster= CPU_ctl_PSTATE_94_11_create, ctl= 1, Non-ctl= 1
Selected impl_type 4 (factored_form (optimized)) for sop cluster CPU_ctl_PSTATE_94_11_create.
      Timing increment_unsigned_10523_10560...
        Done timing increment_unsigned_10523_10560.
Number of non-ctl's : 1
CPU_mux_next_PC_94_11 
SOP DEBUG : Module= CDN_DP_region_0_0_c4, Cluster= CPU_ctl_PSTATE_94_11_create, ctl= 1, Non-ctl= 1
Selected impl_type 4 (factored_form (optimized)) for sop cluster CPU_ctl_PSTATE_94_11_create.
      Timing increment_unsigned_10523_10570...
        Done timing increment_unsigned_10523_10570.
Number of non-ctl's : 1
CPU_mux_next_PC_94_11 
SOP DEBUG : Module= CDN_DP_region_0_0_c5, Cluster= CPU_ctl_PSTATE_94_11_create, ctl= 1, Non-ctl= 1
Selected impl_type 4 (factored_form (optimized)) for sop cluster CPU_ctl_PSTATE_94_11_create.
      Timing increment_unsigned_10523_10580...
        Done timing increment_unsigned_10523_10580.
Number of non-ctl's : 1
CPU_mux_next_PC_94_11 
SOP DEBUG : Module= CDN_DP_region_0_0_c6, Cluster= CPU_ctl_PSTATE_94_11_create, ctl= 1, Non-ctl= 1
Selected impl_type 4 (factored_form (optimized)) for sop cluster CPU_ctl_PSTATE_94_11_create.
      Timing increment_unsigned_10523_10590...
        Done timing increment_unsigned_10523_10590.
CDN_DP_region_0_0 level = 0 loads = 0 drivers = 0
CDN_DP_region_0_0_c0 in RISC_V3_PIPELINED_TOP: area: 567499200 ,dp = 2 mux = 1 sg = slow         worst_clk_period: -1.0000 
    wns: 0  norm_wns:  -1.0000 
    fail_endp: -1 
    tns:  0  tns_per_endp:  -1.0000   norm_tns_per_endp:  -1.0000 
    tns_sense_max:  -1.0000  tns_sense_avg:  -1.0000   tns_sense_num: -1
    power:  -9223372036854775808  
 skipped
CDN_DP_region_0_0_c1 in RISC_V3_PIPELINED_TOP: area: 295572500 ,dp = 1 mux = 4 sg = fast         worst_clk_period: -1.0000 
    wns: 0  norm_wns:  -1.0000 
    fail_endp: -1 
    tns:  0  tns_per_endp:  -1.0000   norm_tns_per_endp:  -1.0000 
    tns_sense_max:  -1.0000  tns_sense_avg:  -1.0000   tns_sense_num: -1
    power:  -9223372036854775808  
 is current best
CDN_DP_region_0_0_c2 in RISC_V3_PIPELINED_TOP: area: 295572500 ,dp = 1 mux = 4 sg = very_slow    worst_clk_period: -1.0000 
    wns: 0  norm_wns:  -1.0000 
    fail_endp: -1 
    tns:  0  tns_per_endp:  -1.0000   norm_tns_per_endp:  -1.0000 
    tns_sense_max:  -1.0000  tns_sense_avg:  -1.0000   tns_sense_num: -1
    power:  -9223372036854775808  
 is current best
CDN_DP_region_0_0_c3 in RISC_V3_PIPELINED_TOP: area: 295572500 ,dp = 1 mux = 4 sg = very_fast    worst_clk_period: -1.0000 
    wns: 0  norm_wns:  -1.0000 
    fail_endp: -1 
    tns:  0  tns_per_endp:  -1.0000   norm_tns_per_endp:  -1.0000 
    tns_sense_max:  -1.0000  tns_sense_avg:  -1.0000   tns_sense_num: -1
    power:  -9223372036854775808  
 is current best
CDN_DP_region_0_0_c4 in RISC_V3_PIPELINED_TOP: area: 295572500 ,dp = 1 mux = 4 sg = very_fast    worst_clk_period: -1.0000 
    wns: 0  norm_wns:  -1.0000 
    fail_endp: -1 
    tns:  0  tns_per_endp:  -1.0000   norm_tns_per_endp:  -1.0000 
    tns_sense_max:  -1.0000  tns_sense_avg:  -1.0000   tns_sense_num: -1
    power:  -9223372036854775808  
 is current best
CDN_DP_region_0_0_c5 in RISC_V3_PIPELINED_TOP: area: 295572500 ,dp = 1 mux = 4 sg = very_fast    worst_clk_period: -1.0000 
    wns: 0  norm_wns:  -1.0000 
    fail_endp: -1 
    tns:  0  tns_per_endp:  -1.0000   norm_tns_per_endp:  -1.0000 
    tns_sense_max:  -1.0000  tns_sense_avg:  -1.0000   tns_sense_num: -1
    power:  -9223372036854775808  
 is current best
CDN_DP_region_0_0_c6 in RISC_V3_PIPELINED_TOP: area: 295572500 ,dp = 1 mux = 4 sg = very_fast    worst_clk_period: -1.0000 
    wns: 0  norm_wns:  -1.0000 
    fail_endp: -1 
    tns:  0  tns_per_endp:  -1.0000   norm_tns_per_endp:  -1.0000 
    tns_sense_max:  -1.0000  tns_sense_avg:  -1.0000   tns_sense_num: -1
    power:  -9223372036854775808  
 is current best
CDN_DP_region_0_0_c7 in RISC_V3_PIPELINED_TOP: area: 295572500 ,dp = 1 mux = 4 sg = very_fast    worst_clk_period: -1.0000 
    wns: 0  norm_wns:  -1.0000 
    fail_endp: -1 
    tns:  0  tns_per_endp:  -1.0000   norm_tns_per_endp:  -1.0000 
    tns_sense_max:  -1.0000  tns_sense_avg:  -1.0000   tns_sense_num: -1
    power:  -9223372036854775808  
 is current best
Best config: CDN_DP_region_0_0_c7 in RISC_V3_PIPELINED_TOP: area: 295572500 ,dp = 1 mux = 4 sg = very_fast    worst_clk_period: -1.0000 
    wns: 0  norm_wns:  -1.0000 
    fail_endp: -1 
    tns:  0  tns_per_endp:  -1.0000   norm_tns_per_endp:  -1.0000 
    tns_sense_max:  -1.0000  tns_sense_avg:  -1.0000   tns_sense_num: -1
    power:  -9223372036854775808  
  Smallest config area : 295572500.  Fastest config wns;  0
##>+----------------------------------------------------------------------------------------------------------------------------------------------------------------+
##>Summary table of configs (Best config is CDN_DP_region_0_0_c7)
##>+----------------------------------------------------------------------------------------------------------------------------------------------------------------+
##>                     0                  1                  2                  3                  4                  5                  6                  7            
##>+----------------------------------------------------------------------------------------------------------------------------------------------------------------+
##>           Area        567499200          295572500          295572500          295572500          295572500          295572500          295572500          295572500  
##>            WNS    +214748364.70      +214748364.70      +214748364.70      +214748364.70      +214748364.70      +214748364.70      +214748364.70      +214748364.70  
##>            TNS                0                  0                  0                  0                  0                  0                  0                  0  
##>    Num Rewrite                0                  0                  0                  0                  0                  0                  0                  0  
##>     Num Factor                0                  0                  0                  0                  0                  0                  0                  0  
##>      Num Share                0                  0                  0                  0                  0                  0                  0                  0  
##>   Num CmultCse                0                  0                  0                  0                  0                  0                  0                  0  
##>   Num Downsize                0                  0                  0                  0                  0                  0                  0                  0  
##>  Num Speculate                0                  0                  0                  0                  0                  0                  0                  0  
##>     Runtime(s)                0                  0                  0                  0                  0                  0                  0                  0  
+----------------------------------------------------------------------------------------------------------------------------------------------------------------+
##>
##>
##>+-----------------------------------------------------------------------------------------------------------------------------------------------------------------------------------------------------+
##>Optimization Step DEBUG Table for config CDN_DP_region_0_0_c7
##>
##>                          Step                        Area   (  % Chg)         WNS (Change)          TNS (Change)                Power   (  % Chg)        Runtime (s)        Comment                   
##>+-----------------------------------------------------------------------------------------------------------------------------------------------------------------------------------------------------+
##>EquationExtraction              START              567499200 (       )    214748364.70 (        )          0 (        )                    0 (       )              
##> rewrite                        START              656170950 ( +15.62)    214748364.70 (   +0.00)          0 (       0)                    0 (  +0.00)              (a,ar) Expr1_from --> Expr1_to
##>                                  END              815780100 ( +24.32)    214748364.70 (   +0.00)          0 (       0)                    0 (  +0.00)           0  
##>                                  END              567499200 (  +0.00)    214748364.70 (   +0.00)          0 (       0)                    0 (  +0.00)           0  
##>createMaxCarrySave              START              567499200 (  +0.00)    214748364.70 (   +0.00)          0 (       0)                    0 (  +0.00)              
##> datapath_rewrite_one_def       START              567499200 (  +0.00)    214748364.70 (   +0.00)          0 (       0)                    0 (  +0.00)              
##>                                  END              567499200 (  +0.00)    214748364.70 (   +0.00)          0 (       0)                    0 (  +0.00)           0  
##> csa_opto                       START              567499200 (  +0.00)    214748364.70 (   +0.00)          0 (       0)                    0 (  +0.00)              
##>                                  END              573410650 (  +1.04)    214748364.70 (   +0.00)          0 (       0)                    0 (  +0.00)           0  
##>                                  END              573410650 (  +1.04)    214748364.70 (   +0.00)          0 (       0)                    0 (  +0.00)           0  
##>canonicalize_by_names           START              573410650 (  +0.00)    214748364.70 (   +0.00)          0 (       0)                    0 (  +0.00)              
##>                                  END              573410650 (  +0.00)    214748364.70 (   +0.00)          0 (       0)                    0 (  +0.00)           0  
##>datapath_rewrite_post_csa_one_  START              573410650 (  +0.00)    214748364.70 (   +0.00)          0 (       0)                    0 (  +0.00)              
##>                                  END              573410650 (  +0.00)    214748364.70 (   +0.00)          0 (       0)                    0 (  +0.00)           0  
##>datapath_csa_factoring_one_gde  START              573410650 (  +0.00)    214748364.70 (   +0.00)          0 (       0)                    0 (  +0.00)              
##>                                  END              573410650 (  +0.00)    214748364.70 (   +0.00)          0 (       0)                    0 (  +0.00)           0  
##>dpopt_share_one_def             START              573410650 (  +0.00)    214748364.70 (   +0.00)          0 (       0)                    0 (  +0.00)              
##>                                  END              573410650 (  +0.00)    214748364.70 (   +0.00)          0 (       0)                    0 (  +0.00)           0  
##>datapath_rewrite_post_share     START              573410650 (  +0.00)    214748364.70 (   +0.00)          0 (       0)                    0 (  +0.00)              
##>                                  END              573410650 (  +0.00)    214748364.70 (   +0.00)          0 (       0)                    0 (  +0.00)           0  
##>dp_combine_const_mult_with_com  START              573410650 (  +0.00)    214748364.70 (   +0.00)          0 (       0)                    0 (  +0.00)              
##>                                  END              573410650 (  +0.00)    214748364.70 (   +0.00)          0 (       0)                    0 (  +0.00)           0  
##>dp_operator_level_decompositio  START              573410650 (  +0.00)    214748364.70 (   +0.00)          0 (       0)                    0 (  +0.00)              
##>                                  END              573410650 (  +0.00)    214748364.70 (   +0.00)          0 (       0)                    0 (  +0.00)           0  
##>selective_flatten_dp_config     START              573410650 (  +0.00)    214748364.70 (   +0.00)          0 (       0)                    0 (  +0.00)              
##>                                  END              573410650 (  +0.00)    214748364.70 (   +0.00)          0 (       0)                    0 (  +0.00)           0  
##>createMaxCarrySave              START              573410650 (  +0.00)    214748364.70 (   +0.00)          0 (       0)                    0 (  +0.00)              
##> datapath_rewrite_one_def       START              573410650 (  +0.00)    214748364.70 (   +0.00)          0 (       0)                    0 (  +0.00)              
##>  fast_cse_elim                 START              573410650 (  +0.00)    214748364.70 (   +0.00)          0 (       0)                    0 (  +0.00)              
##>                                  END              573410650 (  +0.00)    214748364.70 (   +0.00)          0 (       0)                    0 (  +0.00)           0  
##>  fast_cse_elim                 START              573410650 (  +0.00)    214748364.70 (   +0.00)          0 (       0)                    0 (  +0.00)              
##>                                  END              573410650 (  +0.00)    214748364.70 (   +0.00)          0 (       0)                    0 (  +0.00)           0  
##>                                  END              573410650 (  +0.00)    214748364.70 (   +0.00)          0 (       0)                    0 (  +0.00)           0  
##> csa_opto                       START              573410650 (  +0.00)    214748364.70 (   +0.00)          0 (       0)                    0 (  +0.00)              
##>                                  END              573410650 (  +0.00)    214748364.70 (   +0.00)          0 (       0)                    0 (  +0.00)           0  
##>                                  END              573410650 (  +0.00)    214748364.70 (   +0.00)          0 (       0)                    0 (  +0.00)           0  
##>context_based_simplify          START              307395400 ( -46.39)    214748364.70 (   +0.00)          0 (       0)                    0 (  +0.00)              
##>                                  END              295572500 (  -3.85)    214748364.70 (   +0.00)          0 (       0)                    0 (  +0.00)           0  
##>group_csa_final_adder_dp        START              295572500 (  +0.00)    214748364.70 (   +0.00)          0 (       0)                    0 (  +0.00)              
##>                                  END              295572500 (  +0.00)    214748364.70 (   +0.00)          0 (       0)                    0 (  +0.00)           0  
##>dpopt_flatten_critical_muxes_i  START              295572500 (  +0.00)    214748364.70 (   +0.00)          0 (       0)                    0 (  +0.00)              
##>                                  END              295572500 (  +0.00)    214748364.70 (   +0.00)          0 (       0)                    0 (  +0.00)           0  
##>create_score                    START              295572500 (  +0.00)    214748364.70 (   +0.00)          0 (       0)                    0 (  +0.00)              
##>                                  END              295572500 (  +0.00)    214748364.70 (   +0.00)          0 (       0)                    0 (  +0.00)           0  
##>+-----------------------------------------------------------------------------------------------------------------------------------------------------------------------------------------------------+
Committed config: CDN_DP_region_0_0_c7
Info    : Done implementing datapath configurations. [DPOPT-4]
        : Selected 'very_fast' configuration 7 for module 'CDN_DP_region_0_0_c7'.
          Optimizations applied to 'very_fast' configuration:
            rewriting(0), factoring(0), sharing(0), cmultcse(0), downsizing(0), speculation(0)
Info:  Ungrouped 0 dp-cluster instances.  0 cluster instances were left intact, to aid verification.
              Preparing netlist for verification ...
              Done preparing netlist for verification.
Info    : Done optimizing datapath logic. [DPOPT-2]
        : Done optimizing datapath logic in 'RISC_V3_PIPELINED_TOP'.
      Removing temporary intermediate hierarchies under RISC_V3_PIPELINED_TOP
Number of big hc bmuxes after = 0
Starting logic reduction [v1.0] (stage: post_rtlopt, startdef: RISC_V3_PIPELINED_TOP, recur: true)
Completed logic reduction (accepts: 0, rejects: 0, runtime: 0.000s)
Starting mux data reorder optimization [v1.0] (stage: post_rtlopt, startdef: RISC_V3_PIPELINED_TOP, recur: true)
Completed mux data reorder optimization (accepts: 0, rejects: 0, runtime: 0.004s)

Stage: post_rtlopt
----------------------------------------------------------
| Transform           | Accepts | Rejects | Runtime (ms) | 
----------------------------------------------------------
| hlo_logic_reduction |       0 |       0 |         0.00 | 
| hlo_mux_reorder     |       0 |       0 |         4.00 | 
----------------------------------------------------------
              Optimizing muxes in design 'RISC_V3_PIPELINED_TOP'.
              Post blast muxes in design 'RISC_V3_PIPELINED_TOP'.
Starting mux speculation [v1.0] (stage: post_muxopt, startdef: RISC_V3_PIPELINED_TOP, recur: true)
Starting speculation optimization
Completed speculation optimization (accepts:0)
Completed mux speculation (accepts: 0, rejects: 0, runtime: 0.462s)

Stage: post_muxopt
------------------------------------------------------
| Transform       | Accepts | Rejects | Runtime (ms) | 
------------------------------------------------------
| hlo_speculation |       0 |       0 |       462.00 | 
------------------------------------------------------
==================================
Stage : to_generic 
==================================
  =================
   Message Summary
  =================
----------------------------------------------------------------
|     Id      |  Sev   |Count |         Message Text           |
----------------------------------------------------------------
| CDFG-250    |Info    |    3 |Processing multi-dimensional    |
|             |        |      | arrays.                        |
| CDFG-372    |Info    |   28 |Bitwidth mismatch in            |
|             |        |      | assignment.                    |
|             |        |      |Review and make sure the        |
|             |        |      | mismatch is unintentional.     |
|             |        |      | Genus can possibly issue       |
|             |        |      | bitwidth mismatch warning for  |
|             |        |      | explicit assignments present   |
|             |        |      | in RTL as-well-as for implicit |
|             |        |      | assignments inferred by the    |
|             |        |      | tool. For example, in case of  |
|             |        |      | enum declaration without       |
|             |        |      | value, the tool will           |
|             |        |      | implicitly assign value to the |
|             |        |      | enum variables. It also issues |
|             |        |      | the warning for any bitwidth   |
|             |        |      | mismatch that appears in this  |
|             |        |      | implicit assignment.           |
| CDFG-373    |Info    |   32 |Sign mismatch in assignment.    |
| CDFG-472    |Warning |    8 |Unreachable statements for case |
|             |        |      | item.                          |
| CDFG-738    |Info    |   76 |Common subexpression            |
|             |        |      | eliminated.                    |
| CDFG-739    |Info    |   76 |Common subexpression kept.      |
| CDFG-769    |Info    |    6 |Identified sum-of-products      |
|             |        |      | logic to be optimized during   |
|             |        |      | syn_generic.                   |
| CWD-19      |Info    | 2244 |An implementation was inferred. |
| DPOPT-1     |Info    |    1 |Optimizing datapath logic.      |
| DPOPT-2     |Info    |    1 |Done optimizing datapath logic. |
| DPOPT-3     |Info    |    2 |Implementing datapath           |
|             |        |      | configurations.                |
| DPOPT-4     |Info    |    2 |Done implementing datapath      |
|             |        |      | configurations.                |
| DPOPT-6     |Info    |    1 |Pre-processed datapath logic.   |
| DPOPT-10    |Info    |    3 |Optimized a mux chain.          |
| ELAB-1      |Info    |    1 |Elaborating Design.             |
| ELAB-2      |Info    |    3 |Elaborating Subdesign.          |
| ELAB-3      |Info    |    1 |Done Elaborating Design.        |
| ELABUTL-125 |Warning |   16 |Undriven signal detected.       |
|             |        |      |The undriven signal handling    |
|             |        |      | can be controlled by setting   |
|             |        |      | the attribute                  |
|             |        |      | 'hdl_unconnected_value' before |
|             |        |      | syn_generic command.           |
| ELABUTL-130 |Info    |   16 |Undriven signal detected.       |
|             |        |      |The 'hdl_unconnected_value'     |
|             |        |      | attribute controls treatment   |
|             |        |      | of undriven signal.            |
| GLO-40      |Info    |   45 |Combinational hierarchical      |
|             |        |      | blocks with identical inputs   |
|             |        |      | have been merged.              |
|             |        |      |This optimization usually       |
|             |        |      | reduces design area. To        |
|             |        |      | prevent merging of             |
|             |        |      | combinational hierarchical     |
|             |        |      | blocks, set the                |
|             |        |      | 'merge_combinational_hier_inst |
|             |        |      | ances' root attribute to       |
|             |        |      | 'false' or the                 |
|             |        |      | 'merge_combinational_hier_inst |
|             |        |      | ance' instance attribute to    |
|             |        |      | 'false'.                       |
| GLO-51      |Info    |    3 |Hierarchical instance           |
|             |        |      | automatically ungrouped.       |
|             |        |      |Hierarchical instances can be   |
|             |        |      | automatically ungrouped to     |
|             |        |      | allow for better area or       |
|             |        |      | timing optimization. To        |
|             |        |      | prevent this ungroup, set the  |
|             |        |      | root-level attribute           |
|             |        |      | 'auto_ungroup' to 'none'. You  |
|             |        |      | can also prevent individual    |
|             |        |      | ungroup with setting the       |
|             |        |      | attribute 'ungroup_ok' of      |
|             |        |      | instances or modules to        |
|             |        |      | 'false'.                       |
| LBR-22      |Warning |  218 |Multiply-defined library cell.  |
|             |        |      |Library cell names must be      |
|             |        |      | unique.  Any duplicates will   |
|             |        |      | be deleted.  Only the first    |
|             |        |      | (as determined by the order of |
|             |        |      | libraries) will be retained.   |
| LBR-38      |Warning |    2 |Libraries have inconsistent     |
|             |        |      | nominal operating conditions.  |
|             |        |      | In the Liberty library, there  |
|             |        |      | are attributes called          |
|             |        |      | nom_voltage, nom_process and   |
|             |        |      | nom_temperature. Genus reports |
|             |        |      | the message, if the respective |
|             |        |      | values of the 2 given .libs    |
|             |        |      | differ.                        |
|             |        |      |This is a common source of      |
|             |        |      | delay calculation confusion    |
|             |        |      | and should be avoided.         |
| LBR-101     |Warning |    3 |Unusable clock gating           |
|             |        |      | integrated cell found at the   |
|             |        |      | time of loading libraries.     |
|             |        |      | This warning happens because a |
|             |        |      | particular library cell is     |
|             |        |      | defined as                     |
|             |        |      | 'clock_gating_integrated_cell' |
|             |        |      | , but 'dont_use' attribute is  |
|             |        |      | defined as true in the liberty |
|             |        |      | library. To make Genus use     |
|             |        |      | this cell for clock gating     |
|             |        |      | insertion, 'dont_use'          |
|             |        |      | attribute should be set to     |
|             |        |      | false.                         |
|             |        |      |To make the cell usable, change |
|             |        |      | the value of 'dont_use'        |
|             |        |      | attribute to false.            |
| LBR-162     |Info    |   26 |Both 'pos_unate' and            |
|             |        |      | 'neg_unate' timing_sense arcs  |
|             |        |      | have been processed.           |
|             |        |      |Setting the 'timing_sense' to   |
|             |        |      | non_unate.                     |
| LBR-412     |Info    |    3 |Created nominal operating       |
|             |        |      | condition.                     |
|             |        |      |The nominal operating condition |
|             |        |      | is represented, either by the  |
|             |        |      | nominal PVT values specified   |
|             |        |      | in the library source          |
|             |        |      | (via nom_process,nom_voltage a |
|             |        |      | nd nom_temperature             |
|             |        |      | respectively)                  |
|             |        |      | , or by the default PVT values |
|             |        |      | (1.0,1.0,1.0).                 |
| LBR-785     |Info    |  218 |Stored shadowed libcells.       |
|             |        |      |Before deleting duplicate       |
|             |        |      | libcells, their names are      |
|             |        |      | stored.                        |
| PHYS-12     |Warning |    2 |The variant range of wire       |
|             |        |      | parameters is too large. An    |
|             |        |      | example of wire parameters     |
|             |        |      | are, a WIDTH for layer, PITCH  |
|             |        |      | for layer, MINSPACING for      |
|             |        |      | layers, etc.                   |
|             |        |      |Check the consistency of the    |
|             |        |      | parameters, and see if you can |
|             |        |      | ignore this message or you're  |
|             |        |      | using different LEF file with  |
|             |        |      | wrong parameters.              |
| PHYS-279    |Warning |    8 |Physical cell not defined in    |
|             |        |      | library.                       |
|             |        |      |Ensure that the proper library  |
|             |        |      | files are available and have   |
|             |        |      | been imported.                 |
| PHYS-752    |Info    |    1 |Partition Based Synthesis       |
|             |        |      | execution skipped.             |
| RTLOPT-30   |Info    |   14 |Accepted resource sharing       |
|             |        |      | opportunity.                   |
| SDC-202     |Error   |    3 |Could not interpret SDC         |
|             |        |      | command.                       |
|             |        |      |The 'read_sdc' command          |
|             |        |      | encountered a problem while    |
|             |        |      | trying to evaluate an SDC      |
|             |        |      | command. This SDC command will |
|             |        |      | be added to the Tcl variable   |
|             |        |      | $::dc::sdc_failed_commands.    |
| SDC-204     |Error   |    1 |Invalid SDC command option      |
|             |        |      | combination.                   |
|             |        |      |This option is not valid for    |
|             |        |      | the indicated SDC command.     |
|             |        |      | Check the SDC command and      |
|             |        |      | contact Cadence customer       |
|             |        |      | support if you believe this    |
|             |        |      | option combination should be   |
|             |        |      | supported.                     |
| SDC-209     |Warning |    1 |One or more commands failed     |
|             |        |      | when these constraints were    |
|             |        |      | applied.                       |
|             |        |      |You can examine the failed      |
|             |        |      | commands or save them to a     |
|             |        |      | file by querying the Tcl       |
|             |        |      | variable                       |
|             |        |      | $::dc::sdc_failed_commands.    |
| SYNTH-1     |Info    |    1 |Synthesizing.                   |
| TUI-32      |Warning |    1 |This attribute will be obsolete |
|             |        |      | in a next major release.       |
| TUI-61      |Error   |    2 |A required object parameter     |
|             |        |      | could not be found.            |
|             |        |      |Check to make sure that the     |
|             |        |      | object exists and is of the    |
|             |        |      | correct type.  The 'what_is'   |
|             |        |      | command can be used to         |
|             |        |      | determine the type of an       |
|             |        |      | object.                        |
| VLOGPT-37   |Warning |    1 |Ignoring unsynthesizable        |
|             |        |      | construct.                     |
|             |        |      |For example, the following      |
|             |        |      | constructs will be ignored:
   |
|             |        |      | - initial block
    - final    |
|             |        |      | block
    - program block
     |
|             |        |      | - property block
    -         |
|             |        |      | sequence block
    -           |
|             |        |      | covergroup
    - checker       |
|             |        |      | block
    - gate drive         |
|             |        |      | strength
    - system task     |
|             |        |      | enable
    - reg declaration   |
|             |        |      | with initial value
    -       |
|             |        |      | specify block.                 |
----------------------------------------------------------------
Current PLE settings:

Aspect ratio        : 1.000
Shrink factor       : 1.000
Scale of res/length : 1.000
Scale of cap/length : 1.000
Net derating factor : 1.000
Thermal factor      : 1.000
Via Resistance      : 3.955 ohm (from lef_library)
Site size           : 4.600 um (from lef [tech+cell])

                                   Capacitance  
  Layer                             / Length         Data source:
Name        Direction Utilization  (pF/micron)       lef_library
------------------------------------------------
met1            H         0.00        0.000085  
met2            V         1.00        0.000078  
met3            H         1.00        0.000086  
met4            V         1.00        0.000076  
met5            H         1.00        0.000088  

                                    Resistance   
  Layer                              / Length         Data source:
Name        Direction Utilization  (ohm/micron)       lef_library
-------------------------------------------------
met1            H         0.00         0.892857  
met2            V         1.00         0.892857  
met3            H         1.00         0.156667  
met4            V         1.00         0.156667  
met5            H         1.00         0.018125  

                                        Area     
  Layer                               / Length        Data source:
Name        Direction Utilization     (micron)        lef_library
-------------------------------------------------
met1            H         0.00         0.140000  
met2            V         1.00         0.140000  
met3            H         1.00         0.300000  
met4            V         1.00         0.300000  
met5            H         1.00         1.600000  

Mapper: Libraries have:
	domain _default_: 88 combo usable cells and 18 sequential usable cells
      Mapping 'RISC_V3_PIPELINED_TOP'...
        Preparing the circuit
          Pruning unused logic
Multi-threaded constant propagation [1|0] ...
Info    : Replacing the synchronous part of an always feeding back flip-flop with a logic constant. [GLO-45]
        : The instance is 'CPU_IR1_reg[29]'. The constant is '0'.
        : To prevent this optimization, set 'optimize_constant_feedback_seqs' root attribute to 'false'. The instance attribute 'optimize_constant_feedback_seq' controls this optimization. 
Info    : Replacing the synchronous part of an always feeding back flip-flop with a logic constant. [GLO-45]
        : The instance is 'CPU_IR1_reg[28]'. The constant is '0'.
Info    : Replacing the synchronous part of an always feeding back flip-flop with a logic constant. [GLO-45]
        : The instance is 'CPU_IR1_reg[31]'. The constant is '0'.
Info    : Replacing the synchronous part of an always feeding back flip-flop with a logic constant. [GLO-45]
        : The instance is 'CPU_IR1_reg[30]'. The constant is '0'.
Info    : Replacing the synchronous part of an always feeding back flip-flop with a logic constant. [GLO-45]
        : The instance is 'CPU_IR1_reg[27]'. The constant is '0'.
Info    : Replacing the synchronous part of an always feeding back flip-flop with a logic constant. [GLO-45]
        : The instance is 'CPU_IR1_reg[26]'. The constant is '0'.
Info    : Replacing the synchronous part of an always feeding back flip-flop with a logic constant. [GLO-45]
        : The instance is 'CPU_IR1_reg[25]'. The constant is '0'.
Info    : Replacing the synchronous part of an always feeding back flip-flop with a logic constant. [GLO-45]
        : The instance is 'CPU_IR1_reg[24]'. The constant is '0'.
Info    : Replacing the synchronous part of an always feeding back flip-flop with a logic constant. [GLO-45]
        : The instance is 'CPU_IR1_reg[23]'. The constant is '0'.
Info    : Replacing the synchronous part of an always feeding back flip-flop with a logic constant. [GLO-45]
        : The instance is 'CPU_IR1_reg[22]'. The constant is '0'.
Info    : Replacing the synchronous part of an always feeding back flip-flop with a logic constant. [GLO-45]
        : The instance is 'CPU_IR1_reg[21]'. The constant is '0'.
Info    : Replacing the synchronous part of an always feeding back flip-flop with a logic constant. [GLO-45]
        : The instance is 'CPU_IR1_reg[20]'. The constant is '0'.
Info    : Replacing the synchronous part of an always feeding back flip-flop with a logic constant. [GLO-45]
        : The instance is 'CPU_IR1_reg[19]'. The constant is '0'.
Info    : Replacing the synchronous part of an always feeding back flip-flop with a logic constant. [GLO-45]
        : The instance is 'CPU_IR1_reg[18]'. The constant is '0'.
Info    : Replacing the synchronous part of an always feeding back flip-flop with a logic constant. [GLO-45]
        : The instance is 'CPU_IR1_reg[17]'. The constant is '0'.
Info    : Replacing the synchronous part of an always feeding back flip-flop with a logic constant. [GLO-45]
        : The instance is 'CPU_IR1_reg[16]'. The constant is '0'.
Info    : Replacing the synchronous part of an always feeding back flip-flop with a logic constant. [GLO-45]
        : The instance is 'CPU_IR1_reg[15]'. The constant is '0'.
Info    : Replacing the synchronous part of an always feeding back flip-flop with a logic constant. [GLO-45]
        : The instance is 'CPU_IR1_reg[14]'. The constant is '0'.
Info    : Replacing the synchronous part of an always feeding back flip-flop with a logic constant. [GLO-45]
        : The instance is 'CPU_IR1_reg[13]'. The constant is '0'.
Info    : Replacing the synchronous part of an always feeding back flip-flop with a logic constant. [GLO-45]
        : The instance is 'CPU_IR1_reg[12]'. The constant is '0'.
Warning : Maximum message print count reached. [MESG-11]
        : Maximum print count of '20' reached for message 'GLO-45'.
Info    : Replacing a flip-flop with a logic constant 0. [GLO-12]
        : The instance is 'CPU_IR1_reg[0]'.
        : To prevent this optimization, set the 'optimize_constant_0_flops' root attribute to 'false' or 'optimize_constant_0_seq' instance attribute to 'false'. You can also see the complete list of deleted sequential with command "report sequential -deleted" (on Reason "constant0").
Info    : Replacing a flip-flop with a logic constant 0. [GLO-12]
        : The instance is 'CPU_IR1_reg[1]'.
Info    : Replacing a flip-flop with a logic constant 0. [GLO-12]
        : The instance is 'CPU_IR1_reg[2]'.
Info    : Replacing a flip-flop with a logic constant 0. [GLO-12]
        : The instance is 'CPU_IR1_reg[3]'.
Info    : Replacing a flip-flop with a logic constant 0. [GLO-12]
        : The instance is 'CPU_IR1_reg[4]'.
Info    : Replacing a flip-flop with a logic constant 0. [GLO-12]
        : The instance is 'CPU_IR1_reg[5]'.
Info    : Replacing a flip-flop with a logic constant 0. [GLO-12]
        : The instance is 'CPU_IR1_reg[6]'.
Info    : Replacing a flip-flop with a logic constant 0. [GLO-12]
        : The instance is 'CPU_IR1_reg[7]'.
Info    : Replacing a flip-flop with a logic constant 0. [GLO-12]
        : The instance is 'CPU_IR1_reg[8]'.
Info    : Replacing a flip-flop with a logic constant 0. [GLO-12]
        : The instance is 'CPU_IR1_reg[9]'.
Info    : Replacing a flip-flop with a logic constant 0. [GLO-12]
        : The instance is 'CPU_IR1_reg[10]'.
Info    : Replacing a flip-flop with a logic constant 0. [GLO-12]
        : The instance is 'CPU_IR1_reg[11]'.
Info    : Replacing a flip-flop with a logic constant 0. [GLO-12]
        : The instance is 'CPU_IR1_reg[12]'.
Info    : Replacing a flip-flop with a logic constant 0. [GLO-12]
        : The instance is 'CPU_IR1_reg[13]'.
Info    : Replacing a flip-flop with a logic constant 0. [GLO-12]
        : The instance is 'CPU_IR1_reg[14]'.
Info    : Replacing a flip-flop with a logic constant 0. [GLO-12]
        : The instance is 'CPU_IR1_reg[15]'.
Info    : Replacing a flip-flop with a logic constant 0. [GLO-12]
        : The instance is 'CPU_IR1_reg[16]'.
Info    : Replacing a flip-flop with a logic constant 0. [GLO-12]
        : The instance is 'CPU_IR1_reg[17]'.
Info    : Replacing a flip-flop with a logic constant 0. [GLO-12]
        : The instance is 'CPU_IR1_reg[18]'.
Info    : Replacing a flip-flop with a logic constant 0. [GLO-12]
        : The instance is 'CPU_IR1_reg[19]'.
Warning : Maximum message print count reached. [MESG-11]
        : Maximum print count of '20' reached for message 'GLO-12'.
Warning : Message truncated because it exceeds the maximum length of 4096 characters. [MESG-6]
        : Info portion of message 'GLO-32' truncated to length 4096 from 25101
        : By default messages are limited to 4096 characters. All characters after the 4096 character limit are truncated. To remove this limit, set the message attribute 'truncate' to 'false'. However, this may dramatically increase the size of the log file.
Info    : Deleting sequential instances not driving any primary outputs. [GLO-32]
        : Deleting 1125 sequential instances. 
Following instances are deleted as they do not drive any primary output:
'CPU_ACCUM_R_reg[0]', 'CPU_ACCUM_R_reg[1]', 'CPU_ACCUM_R_reg[2]', 
'CPU_ACCUM_R_reg[3]', 'CPU_ACCUM_R_reg[4]', 'CPU_ACCUM_R_reg[5]', 
'CPU_ACCUM_R_reg[6]', 'CPU_ACCUM_R_reg[7]', 'CPU_ACCUM_R_reg[8]', 
'CPU_ACCUM_R_reg[9]', 'CPU_ACCUM_R_reg[10]', 'CPU_ACCUM_R_reg[11]', 
'CPU_ACCUM_R_reg[12]', 'CPU_ACCUM_R_reg[13]', 'CPU_ACCUM_R_reg[14]', 
'CPU_ACCUM_R_reg[15]', 'CPU_ACCUM_R_reg[16]', 'CPU_ACCUM_R_reg[17]', 
'CPU_ACCUM_R_reg[18]', 'CPU_ACCUM_R_reg[19]', 'CPU_ACCUM_R_reg[20]', 
'CPU_ACCUM_R_reg[21]', 'CPU_ACCUM_R_reg[22]', 'CPU_ACCUM_R_reg[23]', 
'CPU_ACCUM_R_reg[24]', 'CPU_ACCUM_R_reg[25]', 'CPU_ACCUM_R_reg[26]', 
'CPU_ACCUM_R_reg[27]', 'CPU_ACCUM_R_reg[28]', 'CPU_ACCUM_R_reg[29]', 
'CPU_ACCUM_R_reg[30]', 'CPU_ACCUM_R_reg[31]', 'CPU_DM_ADDR_reg[0]', 
'CPU_DM_ADDR_reg[1]', 'CPU_DM_ADDR_reg[2]', 'CPU_DM_ADDR_reg[3]', 
'CPU_IR1_reg[0]', 'CPU_IR1_reg[1]', 'CPU_IR1_reg[2]', 'CPU_IR1_reg[3]', 
'CPU_IR1_reg[4]', 'CPU_IR1_reg[5]', 'CPU_IR1_reg[6]', 'CPU_IR1_reg[7]', 
'CPU_IR1_reg[8]', 'CPU_IR1_reg[9]', 'CPU_IR1_reg[10]', 'CPU_IR1_reg[11]', 
'CPU_IR1_reg[12]', 'CPU_IR1_reg[13]', 'CPU_IR1_reg[14]', 'CPU_IR1_reg[15]', 
'CPU_IR1_reg[16]', 'CPU_IR1_reg[17]', 'CPU_IR1_reg[18]', 'CPU_IR1_reg[19]', 
'CPU_IR1_reg[20]', 'CPU_IR1_reg[21]', 'CPU_IR1_reg[22]', 'CPU_IR1_reg[23]', 
'CPU_IR1_reg[24]', 'CPU_IR1_reg[25]', 'CPU_IR1_reg[26]', 'CPU_IR1_reg[27]', 
'CPU_IR1_reg[28]', 'CPU_IR1_reg[29]', 'CPU_IR1_reg[30]', 'CPU_IR1_reg[31]', 
'CPU_IR2_reg[0]', 'CPU_IR2_reg[1]', 'CPU_IR2_reg[2]', 'CPU_IR2_reg[3]', 
'CPU_IR2_reg[4]', 'CPU_IR2_reg[5]', 'CPU_IR2_reg[6]', 'CPU_IR2_reg[7]', 
'CPU_IR2_reg[8]', 'CPU_IR2_reg[9]', 'CPU_IR2_reg[10]', 'CPU_IR2_reg[11]', 
'CPU_IR2_reg[12]', 'CPU_IR2_reg[13]', 'CPU_IR2_reg[14]', 'CPU_IR2_reg[15]', 
'CPU_IR2_reg[16]', 'CPU_IR2_reg[17]', 'CPU_IR2_reg[18]', 'CPU_IR2_reg[19]', 
'CPU_IR2_reg[20]', 'CPU_IR2_reg[21]', 'CPU_IR2_reg[22]', 'CPU_IR2_reg[23]', 
'CPU_IR2_reg[24]', 'CPU_IR2_reg[25]', 'CPU_IR2_reg[26]', 'CPU_IR2_reg[27]', 
'CPU_IR2_reg[28]', 'CPU_IR2_reg[29]', 'CPU_IR2_reg[30]', 'CPU_IR2_reg[31]', 
'CPU_PSTATE_reg[2]', 'CPU_RF_reg[0][0]', 'CPU_RF_reg[0][1]', 
'CPU_RF_reg[0][2]', 'CPU_RF_reg[0][3]', 'CPU_RF_reg[0][4]', 
'CPU_RF_reg[0][5]', 'CPU_RF_reg[0][6]', 'CPU_RF_reg[0][7]', 
'CPU_RF_reg[0][8]', 'CPU_RF_reg[0][9]', 'CPU_RF_reg[0][10]', 
'CPU_RF_reg[0][11]', 'CPU_RF_reg[0][12]', 'CPU_RF_reg[0][13]', 
'CPU_RF_reg[0][14]', 'CPU_RF_reg[0][15]', 'CPU_RF_reg[0][16]', 
'CPU_RF_reg[0][17]', 'CPU_RF_reg[0][18]', 'CPU_RF_reg[0][19]', 
'CPU_RF_reg[0][20]', 'CPU_RF_reg[0][21]', 'CPU_RF_reg[0][22]', 
'CPU_RF_reg[0][23]', 'CPU_RF_reg[0][24]', 'CPU_RF_reg[0][25]', 
'CPU_RF_reg[0][26]', 'CPU_RF_reg[0][27]', 'CPU_RF_reg[0][28]', 
'CPU_RF_reg[0][29]', 'CPU_RF_reg[0][30]', 'CPU_RF_reg[0][31]', 
'CPU_RF_reg[1][0]', 'CPU_RF_reg[1][1]', 'CPU_RF_reg[1][2]', 
'CPU_RF_reg[1][3]', 'CPU_RF_reg[1][4]', 'CPU_RF_reg[1][5]', 
'CPU_RF_reg[1][6]', 'CPU_RF_reg[1][7]', 'CPU_RF_reg[1][8]', 
'CPU_RF_reg[1][9]', 'CPU_RF_reg[1][10]', 'CPU_RF_reg[1][11]', 
'CPU_RF_reg[1][12]', 'CPU_RF_reg[1][13]', 'CPU_RF_reg[1][14]', 
'CPU_RF_reg[1][15]', 'CPU_RF_reg[1][16]', 'CPU_RF_reg[1][17]', 
'CPU_RF_reg[1][18]', 'CPU_RF_reg[1][19]', 'CPU_RF_reg[1][20]', 
'CPU_RF_reg[1][21]', 'CPU_RF_reg[1][22]', 'CPU_RF_reg[1][23]', 
'CPU_RF_reg[1][24]', 'CPU_RF_reg[1][25]', 'CPU_RF_reg[1][26]', 
'CPU_RF_reg[1][27]', 'CPU_RF_reg[1][28]', 'CPU_RF_reg[1][29]', 
'CPU_RF_reg[1][30]', 'CPU_RF_reg[1][31]', 'CPU_RF_reg[2][0]', 
'CPU_RF_reg[2][1]', 'CPU_RF_reg[2][2]', 'CPU_RF_reg[2][3]', 
'CPU_RF_reg[2][4]', 'CPU_RF_reg[2][5]', 'CPU_RF_reg[2][6]', 
'CPU_RF_reg[2][7]', 'CPU_RF_reg[2][8]', 'CPU_RF_reg[2][9]', 
'CPU_RF_reg[2][10]', 'CPU_RF_reg[2][11]', 'CPU_RF_reg[2][12]', 
'CPU_RF_reg[2][13]', 'CPU_RF_reg[2][14]', 'CPU_RF_reg[2][15]', 
'CPU_RF_reg[2][16]', 'CPU_RF_reg[2][17]', 'CPU_RF_reg[2][18]', 
'CPU_RF_reg[2][19]', 'CPU_RF_reg[2][20]', 'CPU_RF_reg[2][21]', 
'CPU_RF_reg[2][22]', 'CPU_RF_reg[2][23]', 'CPU_RF_reg[2][24]', 
'CPU_RF_reg[2][25]', 'CPU_RF_reg[2][26]', 'CPU_RF_reg[2][
        : Optimizations such as constant propagation or redundancy removal could change the connections so an instance does not drive any primary outputs anymore. To see the list of deleted sequential, set the 'information_level' attribute to 2 or above. If the message is truncated set the message attribute 'truncate' to false to see the complete list.
          Analyzing hierarchical boundaries
          Aggressive hierarchical optimization: disabled
          Propagating constants
        Done preparing the circuit
          Structuring (delay-based) RISC_V3_PIPELINED_TOP...
            Starting partial collapsing (xors only) RISC_V3_PIPELINED_TOP
            Finished partial collapsing.
            Starting partial collapsing  RISC_V3_PIPELINED_TOP
            Finished partial collapsing.
            Starting redundancy-removal...
            Finished redundancy-removal...
          Done structuring (delay-based) RISC_V3_PIPELINED_TOP
Multi-threaded Virtual Mapping    (8 threads per ST process, 8 of 32 CPUs usable)
==================================
Stage : first_condense 
==================================
  =================
   Message Summary
  =================
----------------------------------------------------------------
|   Id   |  Sev   |Count |            Message Text             |
----------------------------------------------------------------
| GB-6   |Info    |    2 |A datapath component has been        |
|        |        |      | ungrouped.                          |
| GLO-12 |Info    |  133 |Replacing a flip-flop with a logic   |
|        |        |      | constant 0.                         |
|        |        |      |To prevent this optimization, set    |
|        |        |      | the 'optimize_constant_0_flops'     |
|        |        |      | root attribute to 'false' or        |
|        |        |      | 'optimize_constant_0_seq' instance  |
|        |        |      | attribute to 'false'. You can also  |
|        |        |      | see the complete list of deleted    |
|        |        |      | sequential with command 'report     |
|        |        |      | sequential -deleted'                |
|        |        |      | (on Reason 'constant0').            |
| GLO-32 |Info    |    1 |Deleting sequential instances not    |
|        |        |      | driving any primary outputs.        |
|        |        |      |Optimizations such as constant       |
|        |        |      | propagation or redundancy removal   |
|        |        |      | could change the connections so an  |
|        |        |      | instance does not drive any primary |
|        |        |      | outputs anymore. To see the list of |
|        |        |      | deleted sequential, set the         |
|        |        |      | 'information_level' attribute to 2  |
|        |        |      | or above. If the message is         |
|        |        |      | truncated set the message attribute |
|        |        |      | 'truncate' to false to see the      |
|        |        |      | complete list.                      |
| GLO-45 |Info    |  132 |Replacing the synchronous part of an |
|        |        |      | always feeding back flip-flop with  |
|        |        |      | a logic constant.                   |
|        |        |      |To prevent this optimization, set    |
|        |        |      | 'optimize_constant_feedback_seqs'   |
|        |        |      | root attribute to 'false'. The      |
|        |        |      | instance attribute                  |
|        |        |      | 'optimize_constant_feedback_seq'    |
|        |        |      | controls this optimization.         |
| MESG-6 |Warning |    1 |Message truncated because it exceeds |
|        |        |      | the maximum length of 4096          |
|        |        |      | characters.                         |
|        |        |      |By default messages are limited to   |
|        |        |      | 4096 characters. All characters     |
|        |        |      | after the 4096 character limit are  |
|        |        |      | truncated. To remove this limit,    |
|        |        |      | set the message attribute           |
|        |        |      | 'truncate' to 'false'. However,     |
|        |        |      | this may dramatically increase the  |
|        |        |      | size of the log file.               |
----------------------------------------------------------------
 
Global mapping target info
==========================
Cost Group 'default' target slack: Unconstrained

          Performing post-condense optimization ...


State Retention Synthesis Status
================================

Category                        Flops   Percentage
--------------------------------------------------
Total instances                     6        100.0
Excluded from State Retention       6        100.0
    - Will not convert              6        100.0
      - Preserved                   0          0.0
      - Power intent excluded       6        100.0
    - Could not convert             0          0.0
      - Scan type                   0          0.0
      - No suitable cell            0          0.0
State Retention instances           0          0.0
--------------------------------------------------

PBS_Generic_Opt-Post - Elapsed_Time 276, CPU_Time 276.55960899999997
stamp 'PBS_Generic_Opt-Post' being created for table 'pbs_debug'

  Total Time (Wall) |  Stage Time (Wall)  |   % (Wall)   |    Date - Time     |  Memory   | Stage
--------------------+---------------------+--------------+--------------------+-----------+----------------------
 00:00:25(00:00:15) |  00:00:00(00:00:00) |   0.0(  0.0) |    1:35:07 (Jun27) |  300.9 MB | PBS_Generic-Start
--------------------+---------------------+--------------+--------------------+-----------+----------------------
 00:05:02(00:04:51) |  00:04:36(00:04:36) | 100.0(100.0) |    1:39:43 (Jun27) |  681.9 MB | PBS_Generic_Opt-Post
--------------------+---------------------+--------------+--------------------+-----------+----------------------
Number of threads: 8 * 1   (id: pbs_debug, time_info v1.57)
Info: (*N*) indicates data that was populated from previously saved time_info database
Info: CPU time includes time of parent + longest thread
        Computing net loads.
PBS_Generic-Postgen HBO Optimizations - Elapsed_Time 0, CPU_Time 0.0
stamp 'PBS_Generic-Postgen HBO Optimizations' being created for table 'pbs_debug'

  Total Time (Wall) |  Stage Time (Wall)  |   % (Wall)   |    Date - Time     |  Memory   | Stage
--------------------+---------------------+--------------+--------------------+-----------+----------------------
 00:00:25(00:00:15) |  00:00:00(00:00:00) |   0.0(  0.0) |    1:35:07 (Jun27) |  300.9 MB | PBS_Generic-Start
--------------------+---------------------+--------------+--------------------+-----------+----------------------
 00:05:02(00:04:51) |  00:04:36(00:04:36) | 100.0(100.0) |    1:39:43 (Jun27) |  681.9 MB | PBS_Generic_Opt-Post
--------------------+---------------------+--------------+--------------------+-----------+----------------------
 00:05:02(00:04:51) |  00:00:00(00:00:00) |   0.0(  0.0) |    1:39:43 (Jun27) |  681.9 MB | PBS_Generic-Postgen HBO Optimizations
--------------------+---------------------+--------------+--------------------+-----------+----------------------
Number of threads: 8 * 1   (id: pbs_debug, time_info v1.57)
Info: (*N*) indicates data that was populated from previously saved time_info database
Info: CPU time includes time of parent + longest thread
##>=================== Cadence Confidential (Generic-Logical) ===================
##>=================== Cadence Confidential (Generic-Logical) ===================
##>Main Thread Summary:
##>----------------------------------------------------------------------------------------
##>STEP                           Elapsed       WNS       TNS     Insts      Area    Memory
##>----------------------------------------------------------------------------------------
##>G:Initial                            1         -         -      6532    186506       300
##>G:Setup                              0         -         -         -         -         -
##>G:Launch ST                          0         -         -         -         -         -
##>G:Design Partition                   0         -         -         -         -         -
##>G:Create Partition Netlists          0         -         -         -         -         -
##>G:Init Power                         0         -         -         -         -         -
##>G:Budgeting                          0         -         -         -         -         -
##>G:Derenv-DB                          0         -         -         -         -         -
##>G:Debug Outputs                      0         -         -         -         -         -
##>G:ST loading                         0         -         -         -         -         -
##>G:Distributed                        0         -         -         -         -         -
##>G:Timer                              0         -         -         -         -         -
##>G:Assembly                           0         -         -         -         -         -
##>G:DFT                                0         -         -         -         -         -
##>G:Const Prop                         0         -         -        26       478       681
##>G:Misc                             276
##>----------------------------------------------------------------------------------------
##>Total Elapsed                      277
##>========================================================================================
Info    : Done synthesizing. [SYNTH-2]
        : Done synthesizing 'RISC_V3_PIPELINED_TOP' to generic gates.
        Computing net loads.
      flow.cputime  flow.realtime  timing.setup.tns  timing.setup.wns  snapshot
UM:*                                                                   syn_gen
@file(run_synth.tcl) 165: puts "Runtime & Memory after 'syn_generic'"
Runtime & Memory after 'syn_generic'
@file(run_synth.tcl) 166: time_info GENERIC
stamp 'GENERIC' being created for table 'default'

  Total Time (Wall) |  Stage Time (Wall)  |   % (Wall)   |    Date - Time     |  Memory   | Stage
--------------------+---------------------+--------------+--------------------+-----------+----------------------
 00:00:09(00:00:00) |  00:00:00(00:00:00) |   0.0(  0.0) |    1:34:52 (Jun27) |  147.6 MB | init
--------------------+---------------------+--------------+--------------------+-----------+----------------------
 00:00:23(00:00:12) |  00:00:14(00:00:12) |   4.8(  4.1) |    1:35:04 (Jun27) |  300.9 MB | Elaboration
--------------------+---------------------+--------------+--------------------+-----------+----------------------
 00:05:03(00:04:51) |  00:04:40(00:04:39) |  95.2( 95.9) |    1:39:43 (Jun27) |  681.9 MB | GENERIC
--------------------+---------------------+--------------+--------------------+-----------+----------------------
Number of threads: 8 * 1   (id: default, time_info v1.57)
Info: (*N*) indicates data that was populated from previously saved time_info database
Info: CPU time includes time of parent + longest thread
@file(run_synth.tcl) 167: report_dp > $_REPORTS_PATH/generic/${DESIGN}_datapath.rpt
Beginning report datapath command
Warning : The filename, column and line number information will not be available in the report. [RPT_DP-100]
        : The attribute for getting HDL filename and line number is not set.
        : You must set the 'hdl_track_filename_row_col' attribute to 'true' (before elaborate) to enable filename, column, and line number tracking in the datapath report.
        Computing net loads.
@file(run_synth.tcl) 168: write_snapshot -outdir $_REPORTS_PATH -tag generic
%# Begin write_snapshot (06/27 01:39:43, mem=1626.42M)
%# Begin qos_stats (06/27 01:39:44, mem=1662.25M)
Info   : ACTP-0001 [ACTPInfo] Activity propagation started for stim#0 netlist
       : RISC_V3_PIPELINED_TOP
Info   : ACTP-0009 [ACTPInfo] Activity Propagation Progress Report :   1%   2%   4%   5%   6%   8%   9%  11%  12%  13%  15%  16%  18%  19%  20%  22%  23%  25%  26%  27%  29%  30%  31%  33%  34%  36%  37%  38%  40%  41%  43%  44%  45%  47%  48%  50%  51%  52%  54%  55%  56%  58%  59%  61%  62%  63%  65%  66%  68%  69%  70%  72%  73%  75%  76%  77%  79%  80%  81%  83%  84%  86%  87%  88%  90%  91%  93%  94%  95%  97%  98% 100%
Info   : ACTP-0001 Activity propagation ended for stim#0
Info   : PWRA-0001 [PwrInfo] compute_power effective options 
       : -mode : vectorless
       : -skip_propagation : 1
       : -frequency_scaling_factor : 1.0
       : -use_clock_freq : stim
       : -stim :/stim#0
       : -fromGenus : 1
Info   : ACTP-0001 Timing initialization started
Info   : ACTP-0001 Timing initialization ended
Info   : PWRA-0002 [PwrInfo] Skipping activity propagation due to -skip_ap
       : option....
Warning: PWRA-0302 [PwrWarn] Frequency scaling is not applicable for vectorless
       : flow. Ignoring frequency scaling.
Warning: PWRA-0304 [PwrWarn] -stim option is not applicable with vectorless mode
       : of power analysis, ignored this option.
Info   : PWRA-0002 Started 'vectorless' power computation.
Info   : PWRA-0002 Finished power computation.
Info   : PWRA-0007 [PwrInfo] Completed successfully.
       : Info=6, Warn=2, Error=0, Fatal=0
%# End qos_stats (06/27 01:39:44, total cpu=14:00:00, real=14:00:00, peak res=686.40M, current mem=1698.10M)


Working Directory = /home/B2_Faysal/UDIF/aiub_vlsi_impl_demo/projects/Project_3BB/synth
QoS Summary for RISC_V3_PIPELINED_TOP
================================================================================
Metric                          generic        
================================================================================
Slack (ps):                       inf
  R2R (ps):                  no_value
  I2R (ps):                  no_value
  R2O (ps):                  no_value
  I2O (ps):                  no_value
  CG  (ps):                  no_value
TNS (ps):                           0
  R2R (ps):                  no_value
  I2R (ps):                  no_value
  R2O (ps):                  no_value
  I2O (ps):                  no_value
  CG  (ps):                  no_value
Failing Paths:                      0
Leakage Power (nW):                53
Cell Area:                        557
Total Cell Area:                  557
Leaf Instances:                    26
Total Instances:                   26
Utilization (%):                 0.00
Tot. Net Length (um):        no_value
Avg. Net Length (um):        no_value
Route Overflow H (%):        no_value
Route Overflow V (%):        no_value
MBCI(%) (bits/gate) :            0.00
Norm Cong Hotspot Area:
  Max Cong:                  no_value
  Tot Cong:                  no_value
================================================================================
CPU  Runtime (h:m:s):        00:04:56
Real Runtime (h:m:s):        00:04:52
CPU  Elapsed (h:m:s):        00:05:05
Real Elapsed (h:m:s):        00:04:55
Memory (MB):                  1698.10
================================================================================
================================================================================
Flow Settings:
================================================================================
Total Runtime (h:m:s): 00:04:52
Total Memory (MB):     1698.10
Executable Version:    21.18-s082_1
================================================================================
Total Cell Area =  Cell Area + Physical Cell Area
Total Instances =  Leaf Instances + Physical Instances




Warning : The details given in report might be incorrect or incomplete. [RPT-80]
        : The design design:RISC_V3_PIPELINED_TOP should be mapped to get accurate area details.
        : Map the design using syn_map before using the '-detail' option of the 'report_area' command.
Info    : Joules engine is used. [RPT-16]
        : Joules engine is being used for the command report_gates -power.
Warning : Did not find power models when running power analysis on a generic netlist. [PA-17]
        : Design design:RISC_V3_PIPELINED_TOP has no power models available.
        : The power analysis results on a generic netlist are more accurate when detailed power models are used. Use command 'build_rtl_power_models' to build detailed power models.
Warning : No clock. [RPT-10]
        : There are no clocks in the design.
        : Clock is not defined.
Library based partitioning cannot be done as either there is a single library or there are no cells to partition.
Info    : Leakage power optimization was enabled, but single Vth class seems to be used as leakage properties of the given libraries look too similar. [POPT-507]
        : Leakage power effort is set but library domain '_default_' seems to have too few Vth classes.
        : The tool tries to classify the given libraries into different Vth classes. If the leakage properties of the given libraries are too similar then the tool considers all libraries to be of the same Vth class.
Finished exporting design database to file 'reports_Jun27-01:35:01/generic_RISC_V3_PIPELINED_TOP.db' for 'RISC_V3_PIPELINED_TOP' (command execution time mm:ss cpu = 00:00, real = 00:01).
Finished generating snapshot at stage generic (command execution time mm:ss cpu = 00:00, real = 00:02).
%# End write_snapshot (06/27 01:39:45, total cpu=14:00:00, real=14:00:02, peak res=686.40M, current mem=1698.10M)
@file(run_synth.tcl) 169: report_summary -directory $_REPORTS_PATH


Working Directory = /home/B2_Faysal/UDIF/aiub_vlsi_impl_demo/projects/Project_3BB/synth
QoS Summary for RISC_V3_PIPELINED_TOP
================================================================================
Metric                          generic        
================================================================================
Slack (ps):                       inf
  R2R (ps):                  no_value
  I2R (ps):                  no_value
  R2O (ps):                  no_value
  I2O (ps):                  no_value
  CG  (ps):                  no_value
TNS (ps):                           0
  R2R (ps):                  no_value
  I2R (ps):                  no_value
  R2O (ps):                  no_value
  I2O (ps):                  no_value
  CG  (ps):                  no_value
Failing Paths:                      0
Leakage Power (nW):                53
Cell Area:                        557
Total Cell Area:                  557
Leaf Instances:                    26
Total Instances:                   26
Utilization (%):                 0.00
Tot. Net Length (um):        no_value
Avg. Net Length (um):        no_value
Route Overflow H (%):        no_value
Route Overflow V (%):        no_value
MBCI(%) (bits/gate) :            0.00
Norm Cong Hotspot Area:
  Max Cong:                  no_value
  Tot Cong:                  no_value
================================================================================
CPU  Runtime (h:m:s):        00:04:56
Real Runtime (h:m:s):        00:04:52
CPU  Elapsed (h:m:s):        00:05:05
Real Elapsed (h:m:s):        00:04:55
Memory (MB):                  1698.10
================================================================================
================================================================================
Flow Settings:
================================================================================
Total Runtime (h:m:s): 00:04:53
Total Memory (MB):     1698.10
Executable Version:    21.18-s082_1
================================================================================
Total Cell Area =  Cell Area + Physical Cell Area
Total Instances =  Leaf Instances + Physical Instances




@file(run_synth.tcl) 183: set_db / .syn_map_effort $MAP_OPT_EFF
  Setting attribute of root '/': 'syn_map_effort' = high
@file(run_synth.tcl) 184: syn_map
##Generic Timing Info for library domain: _default_ typical gate delay: 184.5 ps std_slew: 22.7 ps std_load: 6.4 fF
Current PLE settings:

Aspect ratio        : 1.000
Shrink factor       : 1.000
Scale of res/length : 1.000
Scale of cap/length : 1.000
Net derating factor : 1.000
Thermal factor      : 1.000
Via Resistance      : 3.955 ohm (from lef_library)
Site size           : 4.600 um (from lef [tech+cell])

                                   Capacitance  
  Layer                             / Length         Data source:
Name        Direction Utilization  (pF/micron)       lef_library
------------------------------------------------
met1            H         0.00        0.000085  
met2            V         1.00        0.000078  
met3            H         1.00        0.000086  
met4            V         1.00        0.000076  
met5            H         1.00        0.000088  

                                    Resistance   
  Layer                              / Length         Data source:
Name        Direction Utilization  (ohm/micron)       lef_library
-------------------------------------------------
met1            H         0.00         0.892857  
met2            V         1.00         0.892857  
met3            H         1.00         0.156667  
met4            V         1.00         0.156667  
met5            H         1.00         0.018125  

                                        Area     
  Layer                               / Length        Data source:
Name        Direction Utilization     (micron)        lef_library
-------------------------------------------------
met1            H         0.00         0.140000  
met2            V         1.00         0.140000  
met3            H         1.00         0.300000  
met4            V         1.00         0.300000  
met5            H         1.00         1.600000  

Info    : Mapping. [SYNTH-4]
        : Mapping 'RISC_V3_PIPELINED_TOP' using 'high' effort.
Mapper: Libraries have:
	domain _default_: 88 combo usable cells and 18 sequential usable cells
Configuring mapper costing (none)
TNS Restructuring config: no_value at stage: map applied.
PBS_TechMap-Start - Elapsed_Time 0, CPU_Time 0.0
stamp 'PBS_TechMap-Start' being created for table 'pbs_debug'

  Total Time (Wall) |  Stage Time (Wall)  |   % (Wall)   |    Date - Time     |  Memory   | Stage
--------------------+---------------------+--------------+--------------------+-----------+----------------------
 00:00:25(00:00:15) |  00:00:00(00:00:00) |   0.0(  0.0) |    1:35:07 (Jun27) |  300.9 MB | PBS_Generic-Start
--------------------+---------------------+--------------+--------------------+-----------+----------------------
 00:05:02(00:04:51) |  00:04:36(00:04:36) |  99.3( 98.9) |    1:39:43 (Jun27) |  681.9 MB | PBS_Generic_Opt-Post
--------------------+---------------------+--------------+--------------------+-----------+----------------------
 00:05:02(00:04:51) |  00:00:00(00:00:00) |   0.0(  0.0) |    1:39:43 (Jun27) |  681.9 MB | PBS_Generic-Postgen HBO Optimizations
--------------------+---------------------+--------------+--------------------+-----------+----------------------
 00:05:04(00:04:54) |  00:00:01(00:00:03) |   0.7(  1.1) |    1:39:46 (Jun27) |  681.9 MB | PBS_TechMap-Start
--------------------+---------------------+--------------+--------------------+-----------+----------------------
Number of threads: 8 * 1   (id: pbs_debug, time_info v1.57)
Info: (*N*) indicates data that was populated from previously saved time_info database
Info: CPU time includes time of parent + longest thread
        Computing net loads.
PBS_TechMap-Premap HBO Optimizations - Elapsed_Time 0, CPU_Time 0.0
stamp 'PBS_TechMap-Premap HBO Optimizations' being created for table 'pbs_debug'

  Total Time (Wall) |  Stage Time (Wall)  |   % (Wall)   |    Date - Time     |  Memory   | Stage
--------------------+---------------------+--------------+--------------------+-----------+----------------------
 00:00:25(00:00:15) |  00:00:00(00:00:00) |   0.0(  0.0) |    1:35:07 (Jun27) |  300.9 MB | PBS_Generic-Start
--------------------+---------------------+--------------+--------------------+-----------+----------------------
 00:05:02(00:04:51) |  00:04:36(00:04:36) |  99.3( 98.9) |    1:39:43 (Jun27) |  681.9 MB | PBS_Generic_Opt-Post
--------------------+---------------------+--------------+--------------------+-----------+----------------------
 00:05:02(00:04:51) |  00:00:00(00:00:00) |   0.0(  0.0) |    1:39:43 (Jun27) |  681.9 MB | PBS_Generic-Postgen HBO Optimizations
--------------------+---------------------+--------------+--------------------+-----------+----------------------
 00:05:04(00:04:54) |  00:00:01(00:00:03) |   0.7(  1.1) |    1:39:46 (Jun27) |  681.9 MB | PBS_TechMap-Start
--------------------+---------------------+--------------+--------------------+-----------+----------------------
 00:05:04(00:04:54) |  00:00:00(00:00:00) |   0.0(  0.0) |    1:39:46 (Jun27) |  681.9 MB | PBS_TechMap-Premap HBO Optimizations
--------------------+---------------------+--------------+--------------------+-----------+----------------------
Number of threads: 8 * 1   (id: pbs_debug, time_info v1.57)
Info: (*N*) indicates data that was populated from previously saved time_info database
Info: CPU time includes time of parent + longest thread
Info    : Partition Based Synthesis execution skipped. [PHYS-752]
        : Design size is less than the partition size '100000' for distributed mapping optimization to kick in.
Current PLE settings:

Aspect ratio        : 1.000
Shrink factor       : 1.000
Scale of res/length : 1.000
Scale of cap/length : 1.000
Net derating factor : 1.000
Thermal factor      : 1.000
Via Resistance      : 3.955 ohm (from lef_library)
Site size           : 4.600 um (from lef [tech+cell])

                                   Capacitance  
  Layer                             / Length         Data source:
Name        Direction Utilization  (pF/micron)       lef_library
------------------------------------------------
met1            H         0.00        0.000085  
met2            V         1.00        0.000078  
met3            H         1.00        0.000086  
met4            V         1.00        0.000076  
met5            H         1.00        0.000088  

                                    Resistance   
  Layer                              / Length         Data source:
Name        Direction Utilization  (ohm/micron)       lef_library
-------------------------------------------------
met1            H         0.00         0.892857  
met2            V         1.00         0.892857  
met3            H         1.00         0.156667  
met4            V         1.00         0.156667  
met5            H         1.00         0.018125  

                                        Area     
  Layer                               / Length        Data source:
Name        Direction Utilization     (micron)        lef_library
-------------------------------------------------
met1            H         0.00         0.140000  
met2            V         1.00         0.140000  
met3            H         1.00         0.300000  
met4            V         1.00         0.300000  
met5            H         1.00         1.600000  

Mapper: Libraries have:
	domain _default_: 88 combo usable cells and 18 sequential usable cells
      Mapping 'RISC_V3_PIPELINED_TOP'...
        Preparing the circuit
          Pruning unused logic
          Analyzing hierarchical boundaries
          Aggressive hierarchical optimization: disabled
          Propagating constants
        Done preparing the circuit
          Structuring (delay-based) RISC_V3_PIPELINED_TOP...
            Starting redundancy-removal...
            Finished redundancy-removal...
          Done structuring (delay-based) RISC_V3_PIPELINED_TOP
Multi-threaded Virtual Mapping    (8 threads, 8 of 32 CPUs usable)
 
Global mapping target info
==========================
Cost Group 'default' target slack: Unconstrained

          Restructuring (delay-based) RISC_V3_PIPELINED_TOP...
          Done restructuring (delay-based) RISC_V3_PIPELINED_TOP
        Optimizing component RISC_V3_PIPELINED_TOP...
Multi-threaded Virtual Mapping    (8 threads, 8 of 32 CPUs usable)
Multi-threaded Technology Mapping (8 threads, 8 of 32 CPUs usable)
 
Global mapping timing result
============================
        Computing net loads.
        Tracing clock networks.
        Levelizing the circuit.
        Computing delays.
        Computing arrivals and requireds.
 
 
Global mapping status
=====================
                                   Group   
                                  Tot Wrst 
                           Total  Weighted 
Operation                   Area   Slacks  
 global_map                  730        0 

    Cost Group            Target    Slack    Diff.  Constr.
-----------------------------------------------------------
       default          unconst. unconst.              N.A. 

 
Global incremental target info
==============================
Cost Group 'default' target slack: Unconstrained

 
Global incremental timing result
================================
        Computing net loads.
        Tracing clock networks.
        Levelizing the circuit.
        Computing delays.
        Computing arrivals and requireds.
 
==================================
Stage : global_incr_map 
==================================
  =================
   Message Summary
  =================
----------------------------------------------------------------
|     Id     |  Sev   |Count |          Message Text           |
----------------------------------------------------------------
| PHYS-752   |Info    |    1 |Partition Based Synthesis        |
|            |        |      | execution skipped.              |
| RPT_DP-100 |Warning |    1 |The filename, column and line    |
|            |        |      | number information will not be  |
|            |        |      | available in the report.        |
|            |        |      |You must set the                 |
|            |        |      | 'hdl_track_filename_row_col'    |
|            |        |      | attribute to 'true'             |
|            |        |      | (before elaborate)              |
|            |        |      | to enable filename, column, and |
|            |        |      | line number tracking in the     |
|            |        |      | datapath report.                |
| SYNTH-2    |Info    |    1 |Done synthesizing.               |
| SYNTH-4    |Info    |    1 |Mapping.                         |
----------------------------------------------------------------
 
Global incremental optimization status
======================================
                                   Group   
                                  Tot Wrst 
                           Total  Weighted 
Operation                   Area   Slacks  
 global_incr                 730        0 

    Cost Group            Target    Slack    Diff.  Constr.
-----------------------------------------------------------
       default          unconst. unconst.              N.A. 


Scan mapping status report
==========================
    Scan mapping: converting flip-flops that pass TDRC.
    Scan mapping: bypassed.  You have to either 1) set attribute 'dft_scan_map_mode' to 'tdrc_pass' and run 'check_dft_rules' or 2) set attribute 'dft_scan_map_mode' to 'force_all'.

    Scan mapping bypassed because no TDRC data is available: either command 'check_dft_rules' has not been run or TDRC data has been subsequently invalidated.
          Performing post-mapping optimization ...


State Retention Synthesis Status
================================

Category                        Flops   Percentage
--------------------------------------------------
Total instances                     6        100.0
Excluded from State Retention       6        100.0
    - Will not convert              6        100.0
      - Preserved                   0          0.0
      - Power intent excluded       6        100.0
    - Could not convert             0          0.0
      - Scan type                   0          0.0
      - No suitable cell            0          0.0
State Retention instances           0          0.0
--------------------------------------------------

INFO: skipping constant propagation
PBS_Techmap-Global Mapping - Elapsed_Time 1, CPU_Time 1.6340589999999793
stamp 'PBS_Techmap-Global Mapping' being created for table 'pbs_debug'

  Total Time (Wall) |  Stage Time (Wall)  |   % (Wall)   |    Date - Time     |  Memory   | Stage
--------------------+---------------------+--------------+--------------------+-----------+----------------------
 00:00:25(00:00:15) |  00:00:00(00:00:00) |   0.0(  0.0) |    1:35:07 (Jun27) |  300.9 MB | PBS_Generic-Start
--------------------+---------------------+--------------+--------------------+-----------+----------------------
 00:05:02(00:04:51) |  00:04:36(00:04:36) |  98.7( 98.6) |    1:39:43 (Jun27) |  681.9 MB | PBS_Generic_Opt-Post
--------------------+---------------------+--------------+--------------------+-----------+----------------------
 00:05:02(00:04:51) |  00:00:00(00:00:00) |   0.0(  0.0) |    1:39:43 (Jun27) |  681.9 MB | PBS_Generic-Postgen HBO Optimizations
--------------------+---------------------+--------------+--------------------+-----------+----------------------
 00:05:04(00:04:54) |  00:00:01(00:00:03) |   0.7(  1.1) |    1:39:46 (Jun27) |  681.9 MB | PBS_TechMap-Start
--------------------+---------------------+--------------+--------------------+-----------+----------------------
 00:05:04(00:04:54) |  00:00:00(00:00:00) |   0.0(  0.0) |    1:39:46 (Jun27) |  681.9 MB | PBS_TechMap-Premap HBO Optimizations
--------------------+---------------------+--------------+--------------------+-----------+----------------------
 00:05:05(00:04:55) |  00:00:01(00:00:01) |   0.6(  0.4) |    1:39:47 (Jun27) |  681.9 MB | PBS_Techmap-Global Mapping
--------------------+---------------------+--------------+--------------------+-----------+----------------------
Number of threads: 8 * 1   (id: pbs_debug, time_info v1.57)
Info: (*N*) indicates data that was populated from previously saved time_info database
Info: CPU time includes time of parent + longest thread
Info    : Wrote formal verification information. [CFM-5]
        : Wrote 'fv/RISC_V3_PIPELINED_TOP/fv_map.fv.json' for netlist 'fv/RISC_V3_PIPELINED_TOP/fv_map.v.gz'.
Info    : Wrote dofile. [CFM-1]
        : Dofile is 'fv/RISC_V3_PIPELINED_TOP/rtl_to_fv_map.do'.
        : Alias mapping flow is enabled.
        Computing net loads.
PBS_TechMap-Datapath Postmap Operations - Elapsed_Time 3, CPU_Time 2.0
stamp 'PBS_TechMap-Datapath Postmap Operations' being created for table 'pbs_debug'

  Total Time (Wall) |  Stage Time (Wall)  |   % (Wall)   |    Date - Time     |  Memory   | Stage
--------------------+---------------------+--------------+--------------------+-----------+----------------------
 00:00:25(00:00:15) |  00:00:00(00:00:00) |   0.0(  0.0) |    1:35:07 (Jun27) |  300.9 MB | PBS_Generic-Start
--------------------+---------------------+--------------+--------------------+-----------+----------------------
 00:05:02(00:04:51) |  00:04:36(00:04:36) |  98.0( 97.5) |    1:39:43 (Jun27) |  681.9 MB | PBS_Generic_Opt-Post
--------------------+---------------------+--------------+--------------------+-----------+----------------------
 00:05:02(00:04:51) |  00:00:00(00:00:00) |   0.0(  0.0) |    1:39:43 (Jun27) |  681.9 MB | PBS_Generic-Postgen HBO Optimizations
--------------------+---------------------+--------------+--------------------+-----------+----------------------
 00:05:04(00:04:54) |  00:00:01(00:00:03) |   0.7(  1.1) |    1:39:46 (Jun27) |  681.9 MB | PBS_TechMap-Start
--------------------+---------------------+--------------+--------------------+-----------+----------------------
 00:05:04(00:04:54) |  00:00:00(00:00:00) |   0.0(  0.0) |    1:39:46 (Jun27) |  681.9 MB | PBS_TechMap-Premap HBO Optimizations
--------------------+---------------------+--------------+--------------------+-----------+----------------------
 00:05:05(00:04:55) |  00:00:01(00:00:01) |   0.6(  0.4) |    1:39:47 (Jun27) |  681.9 MB | PBS_Techmap-Global Mapping
--------------------+---------------------+--------------+--------------------+-----------+----------------------
 00:05:07(00:04:58) |  00:00:02(00:00:03) |   0.7(  1.1) |    1:39:50 (Jun27) |  662.0 MB | PBS_TechMap-Datapath Postmap Operations
--------------------+---------------------+--------------+--------------------+-----------+----------------------
Number of threads: 8 * 1   (id: pbs_debug, time_info v1.57)
Info: (*N*) indicates data that was populated from previously saved time_info database
Info: CPU time includes time of parent + longest thread
PBS_TechMap-Postmap HBO Optimizations - Elapsed_Time 0, CPU_Time -0.0004270000000019536
stamp 'PBS_TechMap-Postmap HBO Optimizations' being created for table 'pbs_debug'

  Total Time (Wall) |  Stage Time (Wall)  |   % (Wall)   |    Date - Time     |  Memory   | Stage
--------------------+---------------------+--------------+--------------------+-----------+----------------------
 00:00:25(00:00:15) |  00:00:00(00:00:00) |   0.0(  0.0) |    1:35:07 (Jun27) |  300.9 MB | PBS_Generic-Start
--------------------+---------------------+--------------+--------------------+-----------+----------------------
 00:05:02(00:04:51) |  00:04:36(00:04:36) |  98.0( 97.5) |    1:39:43 (Jun27) |  681.9 MB | PBS_Generic_Opt-Post
--------------------+---------------------+--------------+--------------------+-----------+----------------------
 00:05:02(00:04:51) |  00:00:00(00:00:00) |   0.0(  0.0) |    1:39:43 (Jun27) |  681.9 MB | PBS_Generic-Postgen HBO Optimizations
--------------------+---------------------+--------------+--------------------+-----------+----------------------
 00:05:04(00:04:54) |  00:00:01(00:00:03) |   0.7(  1.1) |    1:39:46 (Jun27) |  681.9 MB | PBS_TechMap-Start
--------------------+---------------------+--------------+--------------------+-----------+----------------------
 00:05:04(00:04:54) |  00:00:00(00:00:00) |   0.0(  0.0) |    1:39:46 (Jun27) |  681.9 MB | PBS_TechMap-Premap HBO Optimizations
--------------------+---------------------+--------------+--------------------+-----------+----------------------
 00:05:05(00:04:55) |  00:00:01(00:00:01) |   0.6(  0.4) |    1:39:47 (Jun27) |  681.9 MB | PBS_Techmap-Global Mapping
--------------------+---------------------+--------------+--------------------+-----------+----------------------
 00:05:07(00:04:58) |  00:00:02(00:00:03) |   0.7(  1.1) |    1:39:50 (Jun27) |  662.0 MB | PBS_TechMap-Datapath Postmap Operations
--------------------+---------------------+--------------+--------------------+-----------+----------------------
 00:05:07(00:04:58) |  00:00:00(00:00:00) |  -0.0(  0.0) |    1:39:50 (Jun27) |  662.0 MB | PBS_TechMap-Postmap HBO Optimizations
--------------------+---------------------+--------------+--------------------+-----------+----------------------
Number of threads: 8 * 1   (id: pbs_debug, time_info v1.57)
Info: (*N*) indicates data that was populated from previously saved time_info database
Info: CPU time includes time of parent + longest thread
 Doing ConstProp on design:RISC_V3_PIPELINED_TOP ... 

Time taken by ConstProp Step: 00:00:00
PBS_TechMap-Postmap Clock Gating - Elapsed_Time 0, CPU_Time 0.0
stamp 'PBS_TechMap-Postmap Clock Gating' being created for table 'pbs_debug'

  Total Time (Wall) |  Stage Time (Wall)  |   % (Wall)   |    Date - Time     |  Memory   | Stage
--------------------+---------------------+--------------+--------------------+-----------+----------------------
 00:00:25(00:00:15) |  00:00:00(00:00:00) |   0.0(  0.0) |    1:35:07 (Jun27) |  300.9 MB | PBS_Generic-Start
--------------------+---------------------+--------------+--------------------+-----------+----------------------
 00:05:02(00:04:51) |  00:04:36(00:04:36) |  98.0( 97.5) |    1:39:43 (Jun27) |  681.9 MB | PBS_Generic_Opt-Post
--------------------+---------------------+--------------+--------------------+-----------+----------------------
 00:05:02(00:04:51) |  00:00:00(00:00:00) |   0.0(  0.0) |    1:39:43 (Jun27) |  681.9 MB | PBS_Generic-Postgen HBO Optimizations
--------------------+---------------------+--------------+--------------------+-----------+----------------------
 00:05:04(00:04:54) |  00:00:01(00:00:03) |   0.7(  1.1) |    1:39:46 (Jun27) |  681.9 MB | PBS_TechMap-Start
--------------------+---------------------+--------------+--------------------+-----------+----------------------
 00:05:04(00:04:54) |  00:00:00(00:00:00) |   0.0(  0.0) |    1:39:46 (Jun27) |  681.9 MB | PBS_TechMap-Premap HBO Optimizations
--------------------+---------------------+--------------+--------------------+-----------+----------------------
 00:05:05(00:04:55) |  00:00:01(00:00:01) |   0.6(  0.4) |    1:39:47 (Jun27) |  681.9 MB | PBS_Techmap-Global Mapping
--------------------+---------------------+--------------+--------------------+-----------+----------------------
 00:05:07(00:04:58) |  00:00:02(00:00:03) |   0.7(  1.1) |    1:39:50 (Jun27) |  662.0 MB | PBS_TechMap-Datapath Postmap Operations
--------------------+---------------------+--------------+--------------------+-----------+----------------------
 00:05:07(00:04:58) |  00:00:00(00:00:00) |  -0.0(  0.0) |    1:39:50 (Jun27) |  662.0 MB | PBS_TechMap-Postmap HBO Optimizations
--------------------+---------------------+--------------+--------------------+-----------+----------------------
 00:05:07(00:04:58) |  00:00:00(00:00:00) |   0.0(  0.0) |    1:39:50 (Jun27) |  662.0 MB | PBS_TechMap-Postmap Clock Gating
--------------------+---------------------+--------------+--------------------+-----------+----------------------
Number of threads: 8 * 1   (id: pbs_debug, time_info v1.57)
Info: (*N*) indicates data that was populated from previously saved time_info database
Info: CPU time includes time of parent + longest thread
-------------------------------------------------------------------------------
 hi_fo_buf                   730        0         0         0        0

           Trick     Calls     Accepts   Attempts    Time(secs) 
-----------------------------------------------------------
       hi_fo_buf         0  (        0 /        0 )  0.00

 
Incremental optimization status
===============================
                                   Group   
                                  Tot Wrst     Total - - DRC Totals - -
                           Total  Weighted      Neg      Max       Max     Leakage 
Operation                   Area   Slacks      Slack    Trans      Cap      Power  
 init_delay                  730        0         0         0        0         56 

           Trick     Calls     Accepts   Attempts    Time(secs) 
-----------------------------------------------------------
       crit_upsz         0  (        0 /        0 )  0.00
    plc_bal_star         0  (        0 /        0 )  0.00
     drc_buftimb         0  (        0 /        0 )  0.00
          plc_st         0  (        0 /        0 )  0.00
    plc_st_fence         0  (        0 /        0 )  0.00
        plc_star         0  (        0 /        0 )  0.00
      plc_laf_st         0  (        0 /        0 )  0.00
 plc_laf_st_fence         0  (        0 /        0 )  0.00
     drc_buftims         0  (        0 /        0 )  0.00
            fopt         0  (        0 /        0 )  0.00
   plc_laf_lo_st         0  (        0 /        0 )  0.00
       plc_lo_st         0  (        0 /        0 )  0.00
        mb_split         0  (        0 /        0 )  0.00

 
Local TNS optimization status
=============================
                                   Group   
                                  Tot Wrst     Total - - DRC Totals - -
                           Total  Weighted      Neg      Max       Max     Leakage 
Operation                   Area   Slacks      Slack    Trans      Cap      Power  
 init_tns                    730        0         0         0        0         56 

           Trick     Calls     Accepts   Attempts    Time(secs) 
-----------------------------------------------------------
    plc_bal_star         0  (        0 /        0 )  0.00
     drc_buftimb         0  (        0 /        0 )  0.00
     drc_buftims         0  (        0 /        0 )  0.00
       crit_upsz         0  (        0 /        0 )  0.00
   plc_laf_lo_st         0  (        0 /        0 )  0.00
       plc_lo_st         0  (        0 /        0 )  0.00
            fopt         0  (        0 /        0 )  0.00
       crit_dnsz         0  (        0 /        0 )  0.00
             dup         0  (        0 /        0 )  0.00
        setup_dn         0  (        0 /        0 )  0.00
        mb_split         0  (        0 /        0 )  0.00

PBS_TechMap-Postmap Cleanup - Elapsed_Time 0, CPU_Time 0.9995570000000384
stamp 'PBS_TechMap-Postmap Cleanup' being created for table 'pbs_debug'

  Total Time (Wall) |  Stage Time (Wall)  |   % (Wall)   |    Date - Time     |  Memory   | Stage
--------------------+---------------------+--------------+--------------------+-----------+----------------------
 00:00:25(00:00:15) |  00:00:00(00:00:00) |   0.0(  0.0) |    1:35:07 (Jun27) |  300.9 MB | PBS_Generic-Start
--------------------+---------------------+--------------+--------------------+-----------+----------------------
 00:05:02(00:04:51) |  00:04:36(00:04:36) |  97.7( 97.5) |    1:39:43 (Jun27) |  681.9 MB | PBS_Generic_Opt-Post
--------------------+---------------------+--------------+--------------------+-----------+----------------------
 00:05:02(00:04:51) |  00:00:00(00:00:00) |   0.0(  0.0) |    1:39:43 (Jun27) |  681.9 MB | PBS_Generic-Postgen HBO Optimizations
--------------------+---------------------+--------------+--------------------+-----------+----------------------
 00:05:04(00:04:54) |  00:00:01(00:00:03) |   0.7(  1.1) |    1:39:46 (Jun27) |  681.9 MB | PBS_TechMap-Start
--------------------+---------------------+--------------+--------------------+-----------+----------------------
 00:05:04(00:04:54) |  00:00:00(00:00:00) |   0.0(  0.0) |    1:39:46 (Jun27) |  681.9 MB | PBS_TechMap-Premap HBO Optimizations
--------------------+---------------------+--------------+--------------------+-----------+----------------------
 00:05:05(00:04:55) |  00:00:01(00:00:01) |   0.6(  0.4) |    1:39:47 (Jun27) |  681.9 MB | PBS_Techmap-Global Mapping
--------------------+---------------------+--------------+--------------------+-----------+----------------------
 00:05:07(00:04:58) |  00:00:02(00:00:03) |   0.7(  1.1) |    1:39:50 (Jun27) |  662.0 MB | PBS_TechMap-Datapath Postmap Operations
--------------------+---------------------+--------------+--------------------+-----------+----------------------
 00:05:07(00:04:58) |  00:00:00(00:00:00) |  -0.0(  0.0) |    1:39:50 (Jun27) |  662.0 MB | PBS_TechMap-Postmap HBO Optimizations
--------------------+---------------------+--------------+--------------------+-----------+----------------------
 00:05:07(00:04:58) |  00:00:00(00:00:00) |   0.0(  0.0) |    1:39:50 (Jun27) |  662.0 MB | PBS_TechMap-Postmap Clock Gating
--------------------+---------------------+--------------+--------------------+-----------+----------------------
 00:05:08(00:04:58) |  00:00:00(00:00:00) |   0.4(  0.0) |    1:39:50 (Jun27) |  662.0 MB | PBS_TechMap-Postmap Cleanup
--------------------+---------------------+--------------+--------------------+-----------+----------------------
Number of threads: 8 * 1   (id: pbs_debug, time_info v1.57)
Info: (*N*) indicates data that was populated from previously saved time_info database
Info: CPU time includes time of parent + longest thread
PBS_Techmap-Post_MBCI - Elapsed_Time 0, CPU_Time 0.0
stamp 'PBS_Techmap-Post_MBCI' being created for table 'pbs_debug'

  Total Time (Wall) |  Stage Time (Wall)  |   % (Wall)   |    Date - Time     |  Memory   | Stage
--------------------+---------------------+--------------+--------------------+-----------+----------------------
 00:00:25(00:00:15) |  00:00:00(00:00:00) |   0.0(  0.0) |    1:35:07 (Jun27) |  300.9 MB | PBS_Generic-Start
--------------------+---------------------+--------------+--------------------+-----------+----------------------
 00:05:02(00:04:51) |  00:04:36(00:04:36) |  97.7( 97.5) |    1:39:43 (Jun27) |  681.9 MB | PBS_Generic_Opt-Post
--------------------+---------------------+--------------+--------------------+-----------+----------------------
 00:05:02(00:04:51) |  00:00:00(00:00:00) |   0.0(  0.0) |    1:39:43 (Jun27) |  681.9 MB | PBS_Generic-Postgen HBO Optimizations
--------------------+---------------------+--------------+--------------------+-----------+----------------------
 00:05:04(00:04:54) |  00:00:01(00:00:03) |   0.7(  1.1) |    1:39:46 (Jun27) |  681.9 MB | PBS_TechMap-Start
--------------------+---------------------+--------------+--------------------+-----------+----------------------
 00:05:04(00:04:54) |  00:00:00(00:00:00) |   0.0(  0.0) |    1:39:46 (Jun27) |  681.9 MB | PBS_TechMap-Premap HBO Optimizations
--------------------+---------------------+--------------+--------------------+-----------+----------------------
 00:05:05(00:04:55) |  00:00:01(00:00:01) |   0.6(  0.4) |    1:39:47 (Jun27) |  681.9 MB | PBS_Techmap-Global Mapping
--------------------+---------------------+--------------+--------------------+-----------+----------------------
 00:05:07(00:04:58) |  00:00:02(00:00:03) |   0.7(  1.1) |    1:39:50 (Jun27) |  662.0 MB | PBS_TechMap-Datapath Postmap Operations
--------------------+---------------------+--------------+--------------------+-----------+----------------------
 00:05:07(00:04:58) |  00:00:00(00:00:00) |  -0.0(  0.0) |    1:39:50 (Jun27) |  662.0 MB | PBS_TechMap-Postmap HBO Optimizations
--------------------+---------------------+--------------+--------------------+-----------+----------------------
 00:05:07(00:04:58) |  00:00:00(00:00:00) |   0.0(  0.0) |    1:39:50 (Jun27) |  662.0 MB | PBS_TechMap-Postmap Clock Gating
--------------------+---------------------+--------------+--------------------+-----------+----------------------
 00:05:08(00:04:58) |  00:00:00(00:00:00) |   0.4(  0.0) |    1:39:50 (Jun27) |  662.0 MB | PBS_TechMap-Postmap Cleanup
--------------------+---------------------+--------------+--------------------+-----------+----------------------
 00:05:08(00:04:58) |  00:00:00(00:00:00) |   0.0(  0.0) |    1:39:50 (Jun27) |  662.0 MB | PBS_Techmap-Post_MBCI
--------------------+---------------------+--------------+--------------------+-----------+----------------------
Number of threads: 8 * 1   (id: pbs_debug, time_info v1.57)
Info: (*N*) indicates data that was populated from previously saved time_info database
Info: CPU time includes time of parent + longest thread
##>=================== Cadence Confidential (Mapping-Logical) ===================
##>Main Thread Summary:
##>----------------------------------------------------------------------------------------
##>STEP                           Elapsed       WNS       TNS     Insts      Area    Memory
##>----------------------------------------------------------------------------------------
##>M:Initial                            0         -         -        26       478       681
##>M:Pre Cleanup                        0         -         -        26       478       681
##>M:Setup                              0         -         -         -         -         -
##>M:Launch ST                          0         -         -         -         -         -
##>M:Design Partition                   0         -         -         -         -         -
##>M:Create Partition Netlists          0         -         -         -         -         -
##>M:Init Power                         0         -         -         -         -         -
##>M:Budgeting                          0         -         -         -         -         -
##>M:Derenv-DB                          0         -         -         -         -         -
##>M:Debug Outputs                      0         -         -         -         -         -
##>M:ST loading                         0         -         -         -         -         -
##>M:Distributed                        0         -         -         -         -         -
##>M:Timer                              0         -         -         -         -         -
##>M:Assembly                           0         -         -         -         -         -
##>M:DFT                                0         -         -         -         -         -
##>M:DP Operations                      3         -         -        20       340       662
##>M:Const Prop                         0         -         0        20       340       662
##>M:Cleanup                            0         -         0        20       340       662
##>M:MBCI                               0         -         -        20       340       662
##>M:Const Gate Removal                 0         -         -         -         -         -
##>M:Misc                               1
##>----------------------------------------------------------------------------------------
##>Total Elapsed                        4
##>========================================================================================
Info    : Done mapping. [SYNTH-5]
        : Done mapping 'RISC_V3_PIPELINED_TOP'.
        Computing net loads.
      flow.cputime  flow.realtime  timing.setup.tns  timing.setup.wns  snapshot
UM:*                                                                   syn_map
@file(run_synth.tcl) 185: puts "Runtime & Memory after 'syn_map'"
Runtime & Memory after 'syn_map'
@file(run_synth.tcl) 186: time_info MAPPED
stamp 'MAPPED' being created for table 'default'

  Total Time (Wall) |  Stage Time (Wall)  |   % (Wall)   |    Date - Time     |  Memory   | Stage
--------------------+---------------------+--------------+--------------------+-----------+----------------------
 00:00:09(00:00:00) |  00:00:00(00:00:00) |   0.0(  0.0) |    1:34:52 (Jun27) |  147.6 MB | init
--------------------+---------------------+--------------+--------------------+-----------+----------------------
 00:00:23(00:00:12) |  00:00:14(00:00:12) |   4.7(  4.0) |    1:35:04 (Jun27) |  300.9 MB | Elaboration
--------------------+---------------------+--------------+--------------------+-----------+----------------------
 00:05:03(00:04:51) |  00:04:40(00:04:39) |  93.5( 93.3) |    1:39:43 (Jun27) |  681.9 MB | GENERIC
--------------------+---------------------+--------------+--------------------+-----------+----------------------
 00:05:08(00:04:59) |  00:00:05(00:00:08) |   1.9(  2.7) |    1:39:51 (Jun27) |  662.0 MB | MAPPED
--------------------+---------------------+--------------+--------------------+-----------+----------------------
Number of threads: 8 * 1   (id: default, time_info v1.57)
Info: (*N*) indicates data that was populated from previously saved time_info database
Info: CPU time includes time of parent + longest thread
@file(run_synth.tcl) 187: write_snapshot -outdir $_REPORTS_PATH -tag map
%# Begin write_snapshot (06/27 01:39:51, mem=1662.54M)
%# Begin qos_stats (06/27 01:39:51, mem=1662.54M)
Info   : ACTP-0001 Activity propagation started for stim#0 netlist
       : RISC_V3_PIPELINED_TOP
Info   : ACTP-0009 [ACTPInfo] Activity Propagation Progress Report :   1%   3%   5%   6%   8%  10%  11%  13%  15%  16%  18%  20%  21%  23%  25%  26%  28%  30%  31%  33%  35%  36%  38%  40%  41%  43%  45%  46%  48%  50%  51%  53%  55%  56%  58%  60%  61%  63%  65%  66%  68%  70%  71%  73%  75%  76%  78%  80%  81%  83%  85%  86%  88%  90%  91%  93%  95%  96%  98% 100%
Info   : ACTP-0001 Activity propagation ended for stim#0
Info   : PWRA-0001 compute_power effective options 
       : -mode : vectorless
       : -skip_propagation : 1
       : -frequency_scaling_factor : 1.0
       : -use_clock_freq : stim
       : -stim :/stim#0
       : -fromGenus : 1
Info   : ACTP-0001 Timing initialization started
Info   : ACTP-0001 Timing initialization ended
Info   : PWRA-0002 Skipping activity propagation due to -skip_ap option....
Warning: PWRA-0302 Frequency scaling is not applicable for vectorless flow.
       : Ignoring frequency scaling.
Warning: PWRA-0304 -stim option is not applicable with vectorless mode of power
       : analysis, ignored this option.
Info   : PWRA-0002 Started 'vectorless' power computation.
Info   : PWRA-0002 Finished power computation.
Info   : PWRA-0007 Completed successfully.
       : Info=6, Warn=2, Error=0, Fatal=0
%# End qos_stats (06/27 01:39:51, total cpu=14:00:00, real=14:00:00, peak res=686.40M, current mem=1662.54M)


Working Directory = /home/B2_Faysal/UDIF/aiub_vlsi_impl_demo/projects/Project_3BB/synth
QoS Summary for RISC_V3_PIPELINED_TOP
================================================================================
Metric                          generic         map            
================================================================================
Slack (ps):                       inf             inf
  R2R (ps):                  no_value        no_value
  I2R (ps):                  no_value        no_value
  R2O (ps):                  no_value        no_value
  I2O (ps):                  no_value        no_value
  CG  (ps):                  no_value        no_value
TNS (ps):                           0               0
  R2R (ps):                  no_value        no_value
  I2R (ps):                  no_value        no_value
  R2O (ps):                  no_value        no_value
  I2O (ps):                  no_value        no_value
  CG  (ps):                  no_value        no_value
Failing Paths:                      0               0
Leakage Power (nW):                53              49
Cell Area:                        557             341
Total Cell Area:                  557             341
Leaf Instances:                    26              20
Total Instances:                   26              20
Utilization (%):                 0.00            0.00
Tot. Net Length (um):        no_value        no_value
Avg. Net Length (um):        no_value        no_value
Route Overflow H (%):        no_value        no_value
Route Overflow V (%):        no_value        no_value
MBCI(%) (bits/gate) :            0.00            0.00
Norm Cong Hotspot Area:
  Max Cong:                  no_value        no_value
  Tot Cong:                  no_value        no_value
================================================================================
CPU  Runtime (h:m:s):        00:04:56        00:00:06
Real Runtime (h:m:s):        00:04:52        00:00:07
CPU  Elapsed (h:m:s):        00:05:05        00:05:11
Real Elapsed (h:m:s):        00:04:55        00:05:02
Memory (MB):                  1698.10         1662.54
================================================================================
================================================================================
Flow Settings:
================================================================================
Total Runtime (h:m:s): 00:04:59
Total Memory (MB):     1670.55
Executable Version:    21.18-s082_1
================================================================================
Total Cell Area =  Cell Area + Physical Cell Area
Total Instances =  Leaf Instances + Physical Instances




Info    : Joules engine is used. [RPT-16]
        : Joules engine is being used for the command report_gates -power.
Warning : No clock. [RPT-10]
        : There are no clocks in the design.
        : Clock is not defined.
Library based partitioning cannot be done as either there is a single library or there are no cells to partition.
Info    : Leakage power optimization was enabled, but single Vth class seems to be used as leakage properties of the given libraries look too similar. [POPT-507]
        : Leakage power effort is set but library domain '_default_' seems to have too few Vth classes.
        : The tool tries to classify the given libraries into different Vth classes. If the leakage properties of the given libraries are too similar then the tool considers all libraries to be of the same Vth class.
Finished exporting design database to file 'reports_Jun27-01:35:01/map_RISC_V3_PIPELINED_TOP.db' for 'RISC_V3_PIPELINED_TOP' (command execution time mm:ss cpu = 00:00, real = 00:00).
Finished generating snapshot at stage map (command execution time mm:ss cpu = 00:00, real = 00:00).
%# End write_snapshot (06/27 01:39:51, total cpu=14:00:00, real=14:00:00, peak res=686.40M, current mem=1670.55M)
@file(run_synth.tcl) 188: report_summary -directory $_REPORTS_PATH


Working Directory = /home/B2_Faysal/UDIF/aiub_vlsi_impl_demo/projects/Project_3BB/synth
QoS Summary for RISC_V3_PIPELINED_TOP
================================================================================
Metric                          generic         map            
================================================================================
Slack (ps):                       inf             inf
  R2R (ps):                  no_value        no_value
  I2R (ps):                  no_value        no_value
  R2O (ps):                  no_value        no_value
  I2O (ps):                  no_value        no_value
  CG  (ps):                  no_value        no_value
TNS (ps):                           0               0
  R2R (ps):                  no_value        no_value
  I2R (ps):                  no_value        no_value
  R2O (ps):                  no_value        no_value
  I2O (ps):                  no_value        no_value
  CG  (ps):                  no_value        no_value
Failing Paths:                      0               0
Leakage Power (nW):                53              49
Cell Area:                        557             341
Total Cell Area:                  557             341
Leaf Instances:                    26              20
Total Instances:                   26              20
Utilization (%):                 0.00            0.00
Tot. Net Length (um):        no_value        no_value
Avg. Net Length (um):        no_value        no_value
Route Overflow H (%):        no_value        no_value
Route Overflow V (%):        no_value        no_value
MBCI(%) (bits/gate) :            0.00            0.00
Norm Cong Hotspot Area:
  Max Cong:                  no_value        no_value
  Tot Cong:                  no_value        no_value
================================================================================
CPU  Runtime (h:m:s):        00:04:56        00:00:06
Real Runtime (h:m:s):        00:04:52        00:00:07
CPU  Elapsed (h:m:s):        00:05:05        00:05:11
Real Elapsed (h:m:s):        00:04:55        00:05:02
Memory (MB):                  1698.10         1662.54
================================================================================
================================================================================
Flow Settings:
================================================================================
Total Runtime (h:m:s): 00:04:59
Total Memory (MB):     1670.55
Executable Version:    21.18-s082_1
================================================================================
Total Cell Area =  Cell Area + Physical Cell Area
Total Instances =  Leaf Instances + Physical Instances




@file(run_synth.tcl) 189: report_dp > $_REPORTS_PATH/map/${DESIGN}_datapath.rpt
Beginning report datapath command
Warning : The filename, column and line number information will not be available in the report. [RPT_DP-100]
        : The attribute for getting HDL filename and line number is not set.
@file(run_synth.tcl) 192: foreach cg [vfind / -cost_group *] {
  report_timing -group [list $cg] > $_REPORTS_PATH/${DESIGN}_[vbasename $cg]_post_map.rpt
}
@file(run_synth.tcl) 197: write_do_lec -revised_design fv_map -logfile ${_LOG_PATH}/rtl2intermediate.lec.log > ${_OUTPUTS_PATH}/rtl2intermediate.lec.do
Info    : Wrote dofile. [CFM-1]
        : Dofile is 'outputs_Jun27-01:35:01/rtl2intermediate.lec.do'.
        : Alias mapping flow is enabled.
@file(run_synth.tcl) 209: set_db / .syn_opt_effort $MAP_OPT_EFF
  Setting attribute of root '/': 'syn_opt_effort' = high
@file(run_synth.tcl) 210: syn_opt
Library based partitioning cannot be done as either there is a single library or there are no cells to partition.
Info    : Leakage power optimization was enabled, but single Vth class seems to be used as leakage properties of the given libraries look too similar. [POPT-507]
        : Leakage power effort is set but library domain '_default_' seems to have too few Vth classes.
        : The tool tries to classify the given libraries into different Vth classes. If the leakage properties of the given libraries are too similar then the tool considers all libraries to be of the same Vth class.
Current PLE settings:

Aspect ratio        : 1.000
Shrink factor       : 1.000
Scale of res/length : 1.000
Scale of cap/length : 1.000
Net derating factor : 1.000
Thermal factor      : 1.000
Via Resistance      : 3.955 ohm (from lef_library)
Site size           : 4.600 um (from lef [tech+cell])

                                   Capacitance  
  Layer                             / Length         Data source:
Name        Direction Utilization  (pF/micron)       lef_library
------------------------------------------------
met1            H         0.00        0.000085  
met2            V         1.00        0.000078  
met3            H         1.00        0.000086  
met4            V         1.00        0.000076  
met5            H         1.00        0.000088  

                                    Resistance   
  Layer                              / Length         Data source:
Name        Direction Utilization  (ohm/micron)       lef_library
-------------------------------------------------
met1            H         0.00         0.892857  
met2            V         1.00         0.892857  
met3            H         1.00         0.156667  
met4            V         1.00         0.156667  
met5            H         1.00         0.018125  

                                        Area     
  Layer                               / Length        Data source:
Name        Direction Utilization     (micron)        lef_library
-------------------------------------------------
met1            H         0.00         0.140000  
met2            V         1.00         0.140000  
met3            H         1.00         0.300000  
met4            V         1.00         0.300000  
met5            H         1.00         1.600000  

Info    : Incrementally optimizing. [SYNTH-7]
        : Incrementally optimizing 'RISC_V3_PIPELINED_TOP' using 'high' effort.
 
Incremental optimization status
===============================
                                   Group   
                                  Tot Wrst     Total - - DRC Totals - -
                           Total  Weighted      Neg      Max       Max     Leakage 
Operation                   Area   Slacks      Slack    Trans      Cap      Power  
 init_iopt                   730        0         0         0        0         56 
-------------------------------------------------------------------------------
 const_prop                  730        0         0         0        0         56 
-------------------------------------------------------------------------------
 hi_fo_buf                   730        0         0         0        0         56 

           Trick     Calls     Accepts   Attempts    Time(secs) 
-----------------------------------------------------------
       hi_fo_buf         0  (        0 /        0 )  0.00

 
Incremental optimization status
===============================
                                   Group   
                                  Tot Wrst     Total - - DRC Totals - -
                           Total  Weighted      Neg      Max       Max     Leakage 
Operation                   Area   Slacks      Slack    Trans      Cap      Power  
 init_delay                  730        0         0         0        0         56 

           Trick     Calls     Accepts   Attempts    Time(secs) 
-----------------------------------------------------------
        crit_msz         0  (        0 /        0 )  0.00
       crit_upsz         0  (        0 /        0 )  0.00
       crit_slew         0  (        0 /        0 )  0.00
        setup_dn         0  (        0 /        0 )  0.00
    plc_bal_star         0  (        0 /        0 )  0.00
     drc_buftimb         0  (        0 /        0 )  0.00
          plc_st         0  (        0 /        0 )  0.00
    plc_st_fence         0  (        0 /        0 )  0.00
        plc_star         0  (        0 /        0 )  0.00
      plc_laf_st         0  (        0 /        0 )  0.00
 plc_laf_st_fence         0  (        0 /        0 )  0.00
     drc_buftims         0  (        0 /        0 )  0.00
   plc_laf_lo_st         0  (        0 /        0 )  0.00
       plc_lo_st         0  (        0 /        0 )  0.00
            fopt         0  (        0 /        0 )  0.00
       crit_swap         0  (        0 /        0 )  0.00
       mux2_swap         0  (        0 /        0 )  0.00
       crit_dnsz         0  (        0 /        0 )  0.00
       load_swap         0  (        0 /        0 )  0.00
            fopt         0  (        0 /        0 )  0.00
        setup_dn         0  (        0 /        0 )  0.00
       load_isol         0  (        0 /        0 )  0.00
       load_isol         0  (        0 /        0 )  0.00
        move_for         0  (        0 /        0 )  0.00
        move_for         0  (        0 /        0 )  0.00
          rem_bi         0  (        0 /        0 )  0.00
         offload         0  (        0 /        0 )  0.00
          rem_bi         0  (        0 /        0 )  0.00
         offload         0  (        0 /        0 )  0.00
           phase         0  (        0 /        0 )  0.00
        in_phase         0  (        0 /        0 )  0.00
       merge_bit         0  (        0 /        0 )  0.00
     merge_idrvr         0  (        0 /        0 )  0.00
     merge_iload         0  (        0 /        0 )  0.00
    merge_idload         0  (        0 /        0 )  0.00
      merge_drvr         0  (        0 /        0 )  0.00
      merge_load         0  (        0 /        0 )  0.00
          decomp         0  (        0 /        0 )  0.00
        p_decomp         0  (        0 /        0 )  0.00
        levelize         0  (        0 /        0 )  0.00
        mb_split         0  (        0 /        0 )  0.00
             dup         0  (        0 /        0 )  0.00
      mux_retime         0  (        0 /        0 )  0.00
         buf2inv         0  (        0 /        0 )  0.00
             exp         0  (        0 /        0 )  0.00
       gate_deco         0  (        0 /        0 )  0.00
       gcomp_tim         0  (        0 /        0 )  0.00
  inv_pair_2_buf         0  (        0 /        0 )  0.00


           Trick     Calls     Accepts   Attempts    Time(secs) 
-----------------------------------------------------------
         crr_220         0  (        0 /        0 )  0.00
        crr_glob         0  (        0 /        0 )  0.00
         crr_200         0  (        0 /        0 )  0.00
        crr_glob         0  (        0 /        0 )  0.00
         crr_300         0  (        0 /        0 )  0.00
        crr_glob         0  (        0 /        0 )  0.00
         crr_400         0  (        0 /        0 )  0.00
        crr_glob         0  (        0 /        0 )  0.00
         crr_111         0  (        0 /        0 )  0.00
        crr_glob         0  (        0 /        0 )  0.00
         crr_210         0  (        0 /        0 )  0.00
        crr_glob         0  (        0 /        0 )  0.00
         crr_110         0  (        0 /        0 )  0.00
        crr_glob         0  (        0 /        0 )  0.00
         crr_101         0  (        0 /        0 )  0.00
        crr_glob         0  (        0 /        0 )  0.00
         crr_201         0  (        0 /        0 )  0.00
        crr_glob         0  (        0 /        0 )  0.00
         crr_211         0  (        0 /        0 )  0.00
        crr_glob         0  (        0 /        0 )  0.00
        crit_msz         0  (        0 /        0 )  0.00
       crit_upsz         0  (        0 /        0 )  0.00
       crit_slew         0  (        0 /        0 )  0.00
        setup_dn         0  (        0 /        0 )  0.00
    plc_bal_star         0  (        0 /        0 )  0.00
     drc_buftimb         0  (        0 /        0 )  0.00
          plc_st         0  (        0 /        0 )  0.00
    plc_st_fence         0  (        0 /        0 )  0.00
        plc_star         0  (        0 /        0 )  0.00
      plc_laf_st         0  (        0 /        0 )  0.00
 plc_laf_st_fence         0  (        0 /        0 )  0.00
     drc_buftims         0  (        0 /        0 )  0.00
       plc_lo_st         0  (        0 /        0 )  0.00
            fopt         0  (        0 /        0 )  0.00
       crit_swap         0  (        0 /        0 )  0.00
       mux2_swap         0  (        0 /        0 )  0.00
       crit_dnsz         0  (        0 /        0 )  0.00
       load_swap         0  (        0 /        0 )  0.00
            fopt         0  (        0 /        0 )  0.00
        setup_dn         0  (        0 /        0 )  0.00
       load_isol         0  (        0 /        0 )  0.00
       load_isol         0  (        0 /        0 )  0.00
        move_for         0  (        0 /        0 )  0.00
        move_for         0  (        0 /        0 )  0.00
          rem_bi         0  (        0 /        0 )  0.00
         offload         0  (        0 /        0 )  0.00
          rem_bi         0  (        0 /        0 )  0.00
         offload         0  (        0 /        0 )  0.00
       merge_bit         0  (        0 /        0 )  0.00
     merge_idrvr         0  (        0 /        0 )  0.00
     merge_iload         0  (        0 /        0 )  0.00
    merge_idload         0  (        0 /        0 )  0.00
      merge_drvr         0  (        0 /        0 )  0.00
      merge_load         0  (        0 /        0 )  0.00
           phase         0  (        0 /        0 )  0.00
          decomp         0  (        0 /        0 )  0.00
        p_decomp         0  (        0 /        0 )  0.00
        levelize         0  (        0 /        0 )  0.00
        mb_split         0  (        0 /        0 )  0.00
        in_phase         0  (        0 /        0 )  0.00
             dup         0  (        0 /        0 )  0.00
      mux_retime         0  (        0 /        0 )  0.00
         buf2inv         0  (        0 /        0 )  0.00
             exp         0  (        0 /        0 )  0.00
       gate_deco         0  (        0 /        0 )  0.00
       gcomp_tim         0  (        0 /        0 )  0.00
  inv_pair_2_buf         0  (        0 /        0 )  0.00
 init_drc                    730        0         0         0        0         56 

           Trick     Calls     Accepts   Attempts    Time(secs) 
-----------------------------------------------------------
          plc_st         0  (        0 /        0 )  0.00
        plc_star         0  (        0 /        0 )  0.00
        drc_bufs         0  (        0 /        0 )  0.00
        drc_fopt         0  (        0 /        0 )  0.00
        drc_bufb         0  (        0 /        0 )  0.00
      simple_buf         0  (        0 /        0 )  0.00
             dup         0  (        0 /        0 )  0.00
       crit_dnsz         0  (        0 /        0 )  0.00
       crit_upsz         0  (        0 /        0 )  0.00
       crit_slew         0  (        0 /        0 )  0.00


           Trick     Calls     Accepts   Attempts    Time(secs) 
-----------------------------------------------------------
          plc_st         0  (        0 /        0 )  0.00
        plc_star         0  (        0 /        0 )  0.00
      drc_buf_sp         0  (        0 /        0 )  0.00
        drc_bufs         0  (        0 /        0 )  0.00
        drc_fopt         0  (        0 /        0 )  0.00
        drc_bufb         0  (        0 /        0 )  0.00
      simple_buf         0  (        0 /        0 )  0.00
             dup         0  (        0 /        0 )  0.00
       crit_dnsz         0  (        0 /        0 )  0.00
       crit_upsz         0  (        0 /        0 )  0.00


           Trick     Calls     Accepts   Attempts    Time(secs) 
-----------------------------------------------------------
          plc_st         0  (        0 /        0 )  0.00
        plc_star         0  (        0 /        0 )  0.00
      drc_buf_sp         0  (        0 /        0 )  0.00
        drc_bufs         0  (        0 /        0 )  0.00
        drc_fopt         0  (        0 /        0 )  0.00
        drc_bufb         0  (        0 /        0 )  0.00
             dup         0  (        0 /        0 )  0.00
       crit_dnsz         0  (        0 /        0 )  0.00
       crit_upsz         0  (        0 /        0 )  0.00

 init_tns                    730        0         0         0        0         56 

           Trick     Calls     Accepts   Attempts    Time(secs) 
-----------------------------------------------------------
            fopt         0  (        0 /        0 )  0.00
    plc_bal_star         0  (        0 /        0 )  0.00
     drc_buftimb         0  (        0 /        0 )  0.00
     drc_buftims         0  (        0 /        0 )  0.00
        crit_msz         0  (        0 /        0 )  0.00
       crit_upsz         0  (        0 /        0 )  0.00
   plc_laf_lo_st         0  (        0 /        0 )  0.00
       plc_lo_st         0  (        0 /        0 )  0.00
       crit_swap         0  (        0 /        0 )  0.00
       mux2_swap         0  (        0 /        0 )  0.00
       crit_dnsz         0  (        0 /        0 )  0.00
       load_swap         0  (        0 /        0 )  0.00
            fopt         0  (        0 /        0 )  0.00
        setup_dn         0  (        0 /        0 )  0.00
       load_isol         0  (        0 /        0 )  0.00
       load_isol         0  (        0 /        0 )  0.00
        move_for         0  (        0 /        0 )  0.00
        move_for         0  (        0 /        0 )  0.00
          rem_bi         0  (        0 /        0 )  0.00
         offload         0  (        0 /        0 )  0.00
          rem_bi         0  (        0 /        0 )  0.00
         offload         0  (        0 /        0 )  0.00
       merge_bit         0  (        0 /        0 )  0.00
     merge_idrvr         0  (        0 /        0 )  0.00
     merge_iload         0  (        0 /        0 )  0.00
    merge_idload         0  (        0 /        0 )  0.00
      merge_drvr         0  (        0 /        0 )  0.00
      merge_load         0  (        0 /        0 )  0.00
           phase         0  (        0 /        0 )  0.00
          decomp         0  (        0 /        0 )  0.00
        p_decomp         0  (        0 /        0 )  0.00
        levelize         0  (        0 /        0 )  0.00
        mb_split         0  (        0 /        0 )  0.00
             dup         0  (        0 /        0 )  0.00
      mux_retime         0  (        0 /        0 )  0.00
       crr_local         0  (        0 /        0 )  0.00
         buf2inv         0  (        0 /        0 )  0.00

                                   Group   
                                  Tot Wrst     Total - - DRC Totals - -
                           Total  Weighted      Neg      Max       Max     Leakage 
Operation                   Area   Slacks      Slack    Trans      Cap      Power  
 init_power                  730        0         0         0        0         56 
 power_down                  738        0         0         0        0         55 

           Trick     Calls     Accepts   Attempts    Time(secs) 
-----------------------------------------------------------
       p_rem_buf         0  (        0 /        0 )  0.00
       p_rem_inv         0  (        0 /        0 )  0.00
      p_merge_bi         0  (        0 /        0 )  0.00
        io_phase         0  (        0 /        0 )  0.00
       gate_comp         0  (        0 /        0 )  0.00
       gcomp_mog         0  (        0 /        0 )  0.00
      glob_power         5  (        0 /        5 )  0.00
      power_down         1  (        1 /        1 )  0.00
      size_n_buf         0  (        0 /        0 )  0.00
       p_rem_buf         0  (        0 /        0 )  0.00
       p_rem_inv         0  (        0 /        0 )  0.00
      p_merge_bi         0  (        0 /        0 )  0.00

 
Incremental optimization status
===============================
                                   Group   
                                  Tot Wrst     Total - - DRC Totals - -
                           Total  Weighted      Neg      Max       Max     Leakage 
Operation                   Area   Slacks      Slack    Trans      Cap      Power  
 init_delay                  738        0         0         0        0         55 

           Trick     Calls     Accepts   Attempts    Time(secs) 
-----------------------------------------------------------
         crr_220         0  (        0 /        0 )  0.00
        crr_glob         0  (        0 /        0 )  0.00
         crr_200         0  (        0 /        0 )  0.00
        crr_glob         0  (        0 /        0 )  0.00
         crr_300         0  (        0 /        0 )  0.00
        crr_glob         0  (        0 /        0 )  0.00
         crr_400         0  (        0 /        0 )  0.00
        crr_glob         0  (        0 /        0 )  0.00
         crr_111         0  (        0 /        0 )  0.00
        crr_glob         0  (        0 /        0 )  0.00
         crr_210         0  (        0 /        0 )  0.00
        crr_glob         0  (        0 /        0 )  0.00
         crr_110         0  (        0 /        0 )  0.00
        crr_glob         0  (        0 /        0 )  0.00
         crr_101         0  (        0 /        0 )  0.00
        crr_glob         0  (        0 /        0 )  0.00
         crr_201         0  (        0 /        0 )  0.00
        crr_glob         0  (        0 /        0 )  0.00
         crr_211         0  (        0 /        0 )  0.00
        crr_glob         0  (        0 /        0 )  0.00
        crit_msz         0  (        0 /        0 )  0.00
       crit_upsz         0  (        0 /        0 )  0.00
       crit_slew         0  (        0 /        0 )  0.00
        setup_dn         0  (        0 /        0 )  0.00
    plc_bal_star         0  (        0 /        0 )  0.00
     drc_buftimb         0  (        0 /        0 )  0.00
          plc_st         0  (        0 /        0 )  0.00
    plc_st_fence         0  (        0 /        0 )  0.00
        plc_star         0  (        0 /        0 )  0.00
      plc_laf_st         0  (        0 /        0 )  0.00
 plc_laf_st_fence         0  (        0 /        0 )  0.00
     drc_buftims         0  (        0 /        0 )  0.00
       plc_lo_st         0  (        0 /        0 )  0.00
            fopt         0  (        0 /        0 )  0.00
       crit_swap         0  (        0 /        0 )  0.00
       mux2_swap         0  (        0 /        0 )  0.00
       crit_dnsz         0  (        0 /        0 )  0.00
       load_swap         0  (        0 /        0 )  0.00
            fopt         0  (        0 /        0 )  0.00
        setup_dn         0  (        0 /        0 )  0.00
       load_isol         0  (        0 /        0 )  0.00
       load_isol         0  (        0 /        0 )  0.00
        move_for         0  (        0 /        0 )  0.00
        move_for         0  (        0 /        0 )  0.00
          rem_bi         0  (        0 /        0 )  0.00
         offload         0  (        0 /        0 )  0.00
          rem_bi         0  (        0 /        0 )  0.00
         offload         0  (        0 /        0 )  0.00
       merge_bit         0  (        0 /        0 )  0.00
     merge_idrvr         0  (        0 /        0 )  0.00
     merge_iload         0  (        0 /        0 )  0.00
    merge_idload         0  (        0 /        0 )  0.00
      merge_drvr         0  (        0 /        0 )  0.00
      merge_load         0  (        0 /        0 )  0.00
           phase         0  (        0 /        0 )  0.00
          decomp         0  (        0 /        0 )  0.00
        p_decomp         0  (        0 /        0 )  0.00
        levelize         0  (        0 /        0 )  0.00
        mb_split         0  (        0 /        0 )  0.00
        in_phase         0  (        0 /        0 )  0.00
             dup         0  (        0 /        0 )  0.00
      mux_retime         0  (        0 /        0 )  0.00
         buf2inv         0  (        0 /        0 )  0.00
             exp         0  (        0 /        0 )  0.00
       gate_deco         0  (        0 /        0 )  0.00
       gcomp_tim         0  (        0 /        0 )  0.00
  inv_pair_2_buf         0  (        0 /        0 )  0.00
 init_drc                    738        0         0         0        0         55 

           Trick     Calls     Accepts   Attempts    Time(secs) 
-----------------------------------------------------------
          plc_st         0  (        0 /        0 )  0.00
        plc_star         0  (        0 /        0 )  0.00
        drc_bufs         0  (        0 /        0 )  0.00
        drc_fopt         0  (        0 /        0 )  0.00
        drc_bufb         0  (        0 /        0 )  0.00
      simple_buf         0  (        0 /        0 )  0.00
             dup         0  (        0 /        0 )  0.00
       crit_dnsz         0  (        0 /        0 )  0.00
       crit_upsz         0  (        0 /        0 )  0.00
       crit_slew         0  (        0 /        0 )  0.00


           Trick     Calls     Accepts   Attempts    Time(secs) 
-----------------------------------------------------------
          plc_st         0  (        0 /        0 )  0.00
        plc_star         0  (        0 /        0 )  0.00
        drc_bufs         0  (        0 /        0 )  0.00
        drc_fopt         0  (        0 /        0 )  0.00
        drc_bufb         0  (        0 /        0 )  0.00
      simple_buf         0  (        0 /        0 )  0.00
             dup         0  (        0 /        0 )  0.00
       crit_dnsz         0  (        0 /        0 )  0.00
       crit_upsz         0  (        0 /        0 )  0.00


           Trick     Calls     Accepts   Attempts    Time(secs) 
-----------------------------------------------------------
          plc_st         0  (        0 /        0 )  0.00
        plc_star         0  (        0 /        0 )  0.00
        drc_bufs         0  (        0 /        0 )  0.00
        drc_fopt         0  (        0 /        0 )  0.00
        drc_bufb         0  (        0 /        0 )  0.00
             dup         0  (        0 /        0 )  0.00
       crit_dnsz         0  (        0 /        0 )  0.00
       crit_upsz         0  (        0 /        0 )  0.00

 init_tns                    738        0         0         0        0         55 

           Trick     Calls     Accepts   Attempts    Time(secs) 
-----------------------------------------------------------
            fopt         0  (        0 /        0 )  0.00
    plc_bal_star         0  (        0 /        0 )  0.00
     drc_buftimb         0  (        0 /        0 )  0.00
     drc_buftims         0  (        0 /        0 )  0.00
        crit_msz         0  (        0 /        0 )  0.00
       crit_upsz         0  (        0 /        0 )  0.00
   plc_laf_lo_st         0  (        0 /        0 )  0.00
       plc_lo_st         0  (        0 /        0 )  0.00
       crit_swap         0  (        0 /        0 )  0.00
       mux2_swap         0  (        0 /        0 )  0.00
       crit_dnsz         0  (        0 /        0 )  0.00
       load_swap         0  (        0 /        0 )  0.00
            fopt         0  (        0 /        0 )  0.00
        setup_dn         0  (        0 /        0 )  0.00
       load_isol         0  (        0 /        0 )  0.00
       load_isol         0  (        0 /        0 )  0.00
        move_for         0  (        0 /        0 )  0.00
        move_for         0  (        0 /        0 )  0.00
          rem_bi         0  (        0 /        0 )  0.00
         offload         0  (        0 /        0 )  0.00
          rem_bi         0  (        0 /        0 )  0.00
         offload         0  (        0 /        0 )  0.00
       merge_bit         0  (        0 /        0 )  0.00
     merge_idrvr         0  (        0 /        0 )  0.00
     merge_iload         0  (        0 /        0 )  0.00
    merge_idload         0  (        0 /        0 )  0.00
      merge_drvr         0  (        0 /        0 )  0.00
      merge_load         0  (        0 /        0 )  0.00
           phase         0  (        0 /        0 )  0.00
          decomp         0  (        0 /        0 )  0.00
        p_decomp         0  (        0 /        0 )  0.00
        levelize         0  (        0 /        0 )  0.00
        mb_split         0  (        0 /        0 )  0.00
             dup         0  (        0 /        0 )  0.00
      mux_retime         0  (        0 /        0 )  0.00
       crr_local         0  (        0 /        0 )  0.00
         buf2inv         0  (        0 /        0 )  0.00

                                   Group   
                                  Tot Wrst     Total - - DRC Totals - -
                           Total  Weighted      Neg      Max       Max     Leakage 
Operation                   Area   Slacks      Slack    Trans      Cap      Power  
 init_power                  738        0         0         0        0         55 

           Trick     Calls     Accepts   Attempts    Time(secs) 
-----------------------------------------------------------
       p_rem_buf         0  (        0 /        0 )  0.00
       p_rem_inv         0  (        0 /        0 )  0.00
      p_merge_bi         0  (        0 /        0 )  0.00
        io_phase         0  (        0 /        0 )  0.00
       gate_comp         0  (        0 /        0 )  0.00
       gcomp_mog         0  (        0 /        0 )  0.00
      glob_power         5  (        0 /        5 )  0.00
      power_down         0  (        0 /        0 )  0.00
      size_n_buf         0  (        0 /        0 )  0.00

 init_area                   738        0         0         0        0         55 
 rem_inv_qb                  726        0         0         0        0         55 

           Trick     Calls     Accepts   Attempts    Time(secs) 
-----------------------------------------------------------
           undup         0  (        0 /        0 )  0.00
         rem_buf         0  (        0 /        0 )  0.00
         rem_inv         0  (        0 /        0 )  0.00
        merge_bi         0  (        0 /        0 )  0.00
      rem_inv_qb         1  (        1 /        1 )  0.00
        io_phase         0  (        0 /        0 )  0.00
       gate_comp         0  (        0 /        0 )  0.00
       gcomp_mog         0  (        0 /        0 )  0.00
       glob_area         5  (        0 /        5 )  0.00
       area_down         1  (        0 /        0 )  0.00
      size_n_buf         0  (        0 /        0 )  0.00
  gate_deco_area         0  (        0 /        0 )  0.00

 
Incremental optimization status
===============================
                                   Group   
                                  Tot Wrst     Total - - DRC Totals - -
                           Total  Weighted      Neg      Max       Max     Leakage 
Operation                   Area   Slacks      Slack    Trans      Cap      Power  
 init_delay                  726        0         0         0        0         55 

           Trick     Calls     Accepts   Attempts    Time(secs) 
-----------------------------------------------------------
        crit_msz         0  (        0 /        0 )  0.00
       crit_upsz         0  (        0 /        0 )  0.00
       crit_slew         0  (        0 /        0 )  0.00
        setup_dn         0  (        0 /        0 )  0.00
    plc_bal_star         0  (        0 /        0 )  0.00
     drc_buftimb         0  (        0 /        0 )  0.00
          plc_st         0  (        0 /        0 )  0.00
    plc_st_fence         0  (        0 /        0 )  0.00
        plc_star         0  (        0 /        0 )  0.00
      plc_laf_st         0  (        0 /        0 )  0.00
 plc_laf_st_fence         0  (        0 /        0 )  0.00
     drc_buftims         0  (        0 /        0 )  0.00
   plc_laf_lo_st         0  (        0 /        0 )  0.00
       plc_lo_st         0  (        0 /        0 )  0.00
            fopt         0  (        0 /        0 )  0.00
       crit_swap         0  (        0 /        0 )  0.00
       mux2_swap         0  (        0 /        0 )  0.00
       crit_dnsz         0  (        0 /        0 )  0.00
       load_swap         0  (        0 /        0 )  0.00
            fopt         0  (        0 /        0 )  0.00
        setup_dn         0  (        0 /        0 )  0.00
       load_isol         0  (        0 /        0 )  0.00
       load_isol         0  (        0 /        0 )  0.00
        move_for         0  (        0 /        0 )  0.00
        move_for         0  (        0 /        0 )  0.00
          rem_bi         0  (        0 /        0 )  0.00
         offload         0  (        0 /        0 )  0.00
          rem_bi         0  (        0 /        0 )  0.00
         offload         0  (        0 /        0 )  0.00
           phase         0  (        0 /        0 )  0.00
        in_phase         0  (        0 /        0 )  0.00
       merge_bit         0  (        0 /        0 )  0.00
     merge_idrvr         0  (        0 /        0 )  0.00
     merge_iload         0  (        0 /        0 )  0.00
    merge_idload         0  (        0 /        0 )  0.00
      merge_drvr         0  (        0 /        0 )  0.00
      merge_load         0  (        0 /        0 )  0.00
          decomp         0  (        0 /        0 )  0.00
        p_decomp         0  (        0 /        0 )  0.00
        levelize         0  (        0 /        0 )  0.00
        mb_split         0  (        0 /        0 )  0.00
             dup         0  (        0 /        0 )  0.00
      mux_retime         0  (        0 /        0 )  0.00
         buf2inv         0  (        0 /        0 )  0.00
             exp         0  (        0 /        0 )  0.00
       gate_deco         0  (        0 /        0 )  0.00
       gcomp_tim         0  (        0 /        0 )  0.00
  inv_pair_2_buf         0  (        0 /        0 )  0.00

 init_drc                    726        0         0         0        0         55 

           Trick     Calls     Accepts   Attempts    Time(secs) 
-----------------------------------------------------------
          plc_st         0  (        0 /        0 )  0.00
        plc_star         0  (        0 /        0 )  0.00
        drc_bufs         0  (        0 /        0 )  0.00
        drc_fopt         0  (        0 /        0 )  0.00
        drc_bufb         0  (        0 /        0 )  0.00
      simple_buf         0  (        0 /        0 )  0.00
             dup         0  (        0 /        0 )  0.00
       crit_dnsz         0  (        0 /        0 )  0.00
       crit_upsz         0  (        0 /        0 )  0.00
       crit_slew         0  (        0 /        0 )  0.00


           Trick     Calls     Accepts   Attempts    Time(secs) 
-----------------------------------------------------------
          plc_st         0  (        0 /        0 )  0.00
        plc_star         0  (        0 /        0 )  0.00
        drc_bufs         0  (        0 /        0 )  0.00
        drc_fopt         0  (        0 /        0 )  0.00
        drc_bufb         0  (        0 /        0 )  0.00
      simple_buf         0  (        0 /        0 )  0.00
             dup         0  (        0 /        0 )  0.00
       crit_dnsz         0  (        0 /        0 )  0.00
       crit_upsz         0  (        0 /        0 )  0.00


           Trick     Calls     Accepts   Attempts    Time(secs) 
-----------------------------------------------------------
          plc_st         0  (        0 /        0 )  0.00
        plc_star         0  (        0 /        0 )  0.00
        drc_bufs         0  (        0 /        0 )  0.00
        drc_fopt         0  (        0 /        0 )  0.00
        drc_bufb         0  (        0 /        0 )  0.00
             dup         0  (        0 /        0 )  0.00
       crit_dnsz         0  (        0 /        0 )  0.00
       crit_upsz         0  (        0 /        0 )  0.00

==================================
Stage : incr_opt 
==================================
  =================
   Message Summary
  =================
----------------------------------------------------------------
|     Id     |  Sev   |Count |          Message Text           |
----------------------------------------------------------------
| CFM-1      |Info    |    2 |Wrote dofile.                    |
| CFM-5      |Info    |    1 |Wrote formal verification        |
|            |        |      | information.                    |
| PA-7       |Info    |    4 |Resetting power analysis         |
|            |        |      | results.                        |
|            |        |      |All computed switching           |
|            |        |      | activities are removed.         |
| POPT-507   |Info    |    1 |Leakage power optimization was   |
|            |        |      | enabled, but single Vth class   |
|            |        |      | seems to be used as leakage     |
|            |        |      | properties of the given         |
|            |        |      | libraries look too similar.     |
|            |        |      |The tool tries to classify the   |
|            |        |      | given libraries into different  |
|            |        |      | Vth classes. If the leakage     |
|            |        |      | properties of the given         |
|            |        |      | libraries are too similar then  |
|            |        |      | the tool considers all          |
|            |        |      | libraries to be of the same Vth |
|            |        |      | class.                          |
| RPT_DP-100 |Warning |    1 |The filename, column and line    |
|            |        |      | number information will not be  |
|            |        |      | available in the report.        |
|            |        |      |You must set the                 |
|            |        |      | 'hdl_track_filename_row_col'    |
|            |        |      | attribute to 'true'             |
|            |        |      | (before elaborate)              |
|            |        |      | to enable filename, column, and |
|            |        |      | line number tracking in the     |
|            |        |      | datapath report.                |
| SYNTH-5    |Info    |    1 |Done mapping.                    |
| SYNTH-7    |Info    |    1 |Incrementally optimizing.        |
----------------------------------------------------------------
Info    : Done incrementally optimizing. [SYNTH-8]
        : Done incrementally optimizing 'RISC_V3_PIPELINED_TOP'.
        Computing net loads.
      flow.cputime  flow.realtime  timing.setup.tns  timing.setup.wns  snapshot
UM:*                                                                   syn_opt
@file(run_synth.tcl) 211: write_snapshot -outdir $_REPORTS_PATH -tag syn_opt
%# Begin write_snapshot (06/27 01:39:53, mem=1628.35M)
%# Begin qos_stats (06/27 01:39:53, mem=1664.18M)
Info   : ACTP-0001 Activity propagation started for stim#0 netlist
       : RISC_V3_PIPELINED_TOP
Info   : ACTP-0009 [ACTPInfo] Activity Propagation Progress Report :   1%   3%   5%   7%   8%  10%  12%  14%  15%  17%  19%  21%  22%  24%  26%  28%  29%  31%  33%  35%  36%  38%  40%  42%  43%  45%  47%  49%  50%  52%  54%  56%  57%  59%  61%  63%  64%  66%  68%  70%  71%  73%  75%  77%  78%  80%  82%  84%  85%  87%  89%  91%  92%  94%  96%  98% 100%
Info   : ACTP-0001 Activity propagation ended for stim#0
Info   : PWRA-0001 compute_power effective options 
       : -mode : vectorless
       : -skip_propagation : 1
       : -frequency_scaling_factor : 1.0
       : -use_clock_freq : stim
       : -stim :/stim#0
       : -fromGenus : 1
Info   : ACTP-0001 Timing initialization started
Info   : ACTP-0001 Timing initialization ended
Info   : PWRA-0002 Skipping activity propagation due to -skip_ap option....
Warning: PWRA-0302 Frequency scaling is not applicable for vectorless flow.
       : Ignoring frequency scaling.
Warning: PWRA-0304 -stim option is not applicable with vectorless mode of power
       : analysis, ignored this option.
Info   : PWRA-0002 Started 'vectorless' power computation.
Info   : PWRA-0002 Finished power computation.
Info   : PWRA-0007 Completed successfully.
       : Info=6, Warn=2, Error=0, Fatal=0
%# End qos_stats (06/27 01:39:53, total cpu=14:00:00, real=14:00:00, peak res=686.40M, current mem=1664.18M)


Working Directory = /home/B2_Faysal/UDIF/aiub_vlsi_impl_demo/projects/Project_3BB/synth
QoS Summary for RISC_V3_PIPELINED_TOP
================================================================================
Metric                          generic         map             syn_opt        
================================================================================
Slack (ps):                       inf             inf             inf
  R2R (ps):                  no_value        no_value        no_value
  I2R (ps):                  no_value        no_value        no_value
  R2O (ps):                  no_value        no_value        no_value
  I2O (ps):                  no_value        no_value        no_value
  CG  (ps):                  no_value        no_value        no_value
TNS (ps):                           0               0               0
  R2R (ps):                  no_value        no_value        no_value
  I2R (ps):                  no_value        no_value        no_value
  R2O (ps):                  no_value        no_value        no_value
  I2O (ps):                  no_value        no_value        no_value
  CG  (ps):                  no_value        no_value        no_value
Failing Paths:                      0               0               0
Leakage Power (nW):                53              49              46
Cell Area:                        557             341             343
Total Cell Area:                  557             341             343
Leaf Instances:                    26              20              19
Total Instances:                   26              20              19
Utilization (%):                 0.00            0.00            0.00
Tot. Net Length (um):        no_value        no_value        no_value
Avg. Net Length (um):        no_value        no_value        no_value
Route Overflow H (%):        no_value        no_value        no_value
Route Overflow V (%):        no_value        no_value        no_value
MBCI(%) (bits/gate) :            0.00            0.00            0.00
Norm Cong Hotspot Area:
  Max Cong:                  no_value        no_value        no_value
  Tot Cong:                  no_value        no_value        no_value
================================================================================
CPU  Runtime (h:m:s):        00:04:56        00:00:06        00:00:01
Real Runtime (h:m:s):        00:04:52        00:00:07        00:00:02
CPU  Elapsed (h:m:s):        00:05:05        00:05:11        00:05:12
Real Elapsed (h:m:s):        00:04:55        00:05:02        00:05:04
Memory (MB):                  1698.10         1662.54         1664.18
================================================================================
================================================================================
Flow Settings:
================================================================================
Total Runtime (h:m:s): 00:05:01
Total Memory (MB):     1672.19
Executable Version:    21.18-s082_1
================================================================================
Total Cell Area =  Cell Area + Physical Cell Area
Total Instances =  Leaf Instances + Physical Instances




Info    : Joules engine is used. [RPT-16]
        : Joules engine is being used for the command report_gates -power.
Info    : Leakage power optimization was enabled, but single Vth class seems to be used as leakage properties of the given libraries look too similar. [POPT-507]
        : Leakage power effort is set but library domain '_default_' seems to have too few Vth classes.
Warning : No clock. [RPT-10]
        : There are no clocks in the design.
        : Clock is not defined.
Finished exporting design database to file 'reports_Jun27-01:35:01/syn_opt_RISC_V3_PIPELINED_TOP.db' for 'RISC_V3_PIPELINED_TOP' (command execution time mm:ss cpu = 00:00, real = 00:00).
Finished generating snapshot at stage syn_opt (command execution time mm:ss cpu = 00:00, real = 00:00).
%# End write_snapshot (06/27 01:39:53, total cpu=14:00:00, real=14:00:00, peak res=686.40M, current mem=1672.19M)
@file(run_synth.tcl) 212: report_summary -directory $_REPORTS_PATH


Working Directory = /home/B2_Faysal/UDIF/aiub_vlsi_impl_demo/projects/Project_3BB/synth
QoS Summary for RISC_V3_PIPELINED_TOP
================================================================================
Metric                          generic         map             syn_opt        
================================================================================
Slack (ps):                       inf             inf             inf
  R2R (ps):                  no_value        no_value        no_value
  I2R (ps):                  no_value        no_value        no_value
  R2O (ps):                  no_value        no_value        no_value
  I2O (ps):                  no_value        no_value        no_value
  CG  (ps):                  no_value        no_value        no_value
TNS (ps):                           0               0               0
  R2R (ps):                  no_value        no_value        no_value
  I2R (ps):                  no_value        no_value        no_value
  R2O (ps):                  no_value        no_value        no_value
  I2O (ps):                  no_value        no_value        no_value
  CG  (ps):                  no_value        no_value        no_value
Failing Paths:                      0               0               0
Leakage Power (nW):                53              49              46
Cell Area:                        557             341             343
Total Cell Area:                  557             341             343
Leaf Instances:                    26              20              19
Total Instances:                   26              20              19
Utilization (%):                 0.00            0.00            0.00
Tot. Net Length (um):        no_value        no_value        no_value
Avg. Net Length (um):        no_value        no_value        no_value
Route Overflow H (%):        no_value        no_value        no_value
Route Overflow V (%):        no_value        no_value        no_value
MBCI(%) (bits/gate) :            0.00            0.00            0.00
Norm Cong Hotspot Area:
  Max Cong:                  no_value        no_value        no_value
  Tot Cong:                  no_value        no_value        no_value
================================================================================
CPU  Runtime (h:m:s):        00:04:56        00:00:06        00:00:01
Real Runtime (h:m:s):        00:04:52        00:00:07        00:00:02
CPU  Elapsed (h:m:s):        00:05:05        00:05:11        00:05:12
Real Elapsed (h:m:s):        00:04:55        00:05:02        00:05:04
Memory (MB):                  1698.10         1662.54         1664.18
================================================================================
================================================================================
Flow Settings:
================================================================================
Total Runtime (h:m:s): 00:05:01
Total Memory (MB):     1672.19
Executable Version:    21.18-s082_1
================================================================================
Total Cell Area =  Cell Area + Physical Cell Area
Total Instances =  Leaf Instances + Physical Instances




@file(run_synth.tcl) 214: puts "Runtime & Memory after 'syn_opt'"
Runtime & Memory after 'syn_opt'
@file(run_synth.tcl) 215: time_info OPT
stamp 'OPT' being created for table 'default'

  Total Time (Wall) |  Stage Time (Wall)  |   % (Wall)   |    Date - Time     |  Memory   | Stage
--------------------+---------------------+--------------+--------------------+-----------+----------------------
 00:00:09(00:00:00) |  00:00:00(00:00:00) |   0.0(  0.0) |    1:34:52 (Jun27) |  147.6 MB | init
--------------------+---------------------+--------------+--------------------+-----------+----------------------
 00:00:23(00:00:12) |  00:00:14(00:00:12) |   4.7(  4.0) |    1:35:04 (Jun27) |  300.9 MB | Elaboration
--------------------+---------------------+--------------+--------------------+-----------+----------------------
 00:05:03(00:04:51) |  00:04:40(00:04:39) |  93.1( 92.7) |    1:39:43 (Jun27) |  681.9 MB | GENERIC
--------------------+---------------------+--------------+--------------------+-----------+----------------------
 00:05:08(00:04:59) |  00:00:05(00:00:08) |   1.9(  2.7) |    1:39:51 (Jun27) |  662.0 MB | MAPPED
--------------------+---------------------+--------------+--------------------+-----------+----------------------
 00:05:09(00:05:01) |  00:00:00(00:00:02) |   0.3(  0.7) |    1:39:53 (Jun27) |  662.0 MB | OPT
--------------------+---------------------+--------------+--------------------+-----------+----------------------
Number of threads: 8 * 1   (id: default, time_info v1.57)
Info: (*N*) indicates data that was populated from previously saved time_info database
Info: CPU time includes time of parent + longest thread
@file(run_synth.tcl) 217: foreach cg [vfind / -cost_group *] {
  report_timing -group [list $cg] > $_REPORTS_PATH/${DESIGN}_[vbasename $cg]_post_opt.rpt
}
@file(run_synth.tcl) 229: report_clock_gating > $_REPORTS_PATH/${DESIGN}_clockgating.rpt
Warning : Potential error generating clock gating report. [RPT_CG-12]
        : 'lp_insert_clock_gating' root attribute is set to 'false'.
        : The 'report clock_gating' command depends on the 'lp_insert_clock_gating' attribute.  Set it to 'true' before calling this command.


@file(run_synth.tcl) 231: report_power > $_REPORTS_PATH/final_power.rpt
Info    : Joules engine is used. [RPT-16]
        : Joules engine is being used for the command report_power.
Output file: reports_Jun27-01:35:01/final_power.rpt
@file(run_synth.tcl) 232: report_gates -power > $_REPORTS_PATH/${DESIGN}_gates_power.rpt
Info    : Joules engine is used. [RPT-16]
        : Joules engine is being used for the command report_gates -power.
Info    : Leakage power optimization was enabled, but single Vth class seems to be used as leakage properties of the given libraries look too similar. [POPT-507]
        : Leakage power effort is set but library domain '_default_' seems to have too few Vth classes.
@file(run_synth.tcl) 234: report_dp > $_REPORTS_PATH/${DESIGN}_datapath_incr.rpt
Beginning report datapath command
Warning : The filename, column and line number information will not be available in the report. [RPT_DP-100]
        : The attribute for getting HDL filename and line number is not set.
@file(run_synth.tcl) 235: report_messages > $_REPORTS_PATH/${DESIGN}_messages.rpt
@file(run_synth.tcl) 236: write_snapshot -outdir $_REPORTS_PATH -tag final
%# Begin write_snapshot (06/27 01:39:54, mem=1707.19M)
%# Begin qos_stats (06/27 01:39:54, mem=1707.19M)
%# End qos_stats (06/27 01:39:54, total cpu=14:00:00, real=14:00:00, peak res=686.40M, current mem=1707.19M)


Working Directory = /home/B2_Faysal/UDIF/aiub_vlsi_impl_demo/projects/Project_3BB/synth
QoS Summary for RISC_V3_PIPELINED_TOP
==========================================================================================
Metric                          generic         map             syn_opt         final          
==========================================================================================
Slack (ps):                       inf             inf             inf             inf
  R2R (ps):                  no_value        no_value        no_value        no_value
  I2R (ps):                  no_value        no_value        no_value        no_value
  R2O (ps):                  no_value        no_value        no_value        no_value
  I2O (ps):                  no_value        no_value        no_value        no_value
  CG  (ps):                  no_value        no_value        no_value        no_value
TNS (ps):                           0               0               0               0
  R2R (ps):                  no_value        no_value        no_value        no_value
  I2R (ps):                  no_value        no_value        no_value        no_value
  R2O (ps):                  no_value        no_value        no_value        no_value
  I2O (ps):                  no_value        no_value        no_value        no_value
  CG  (ps):                  no_value        no_value        no_value        no_value
Failing Paths:                      0               0               0               0
Leakage Power (nW):                53              49              46              46
Cell Area:                        557             341             343             343
Total Cell Area:                  557             341             343             343
Leaf Instances:                    26              20              19              19
Total Instances:                   26              20              19              19
Utilization (%):                 0.00            0.00            0.00            0.00
Tot. Net Length (um):        no_value        no_value        no_value        no_value
Avg. Net Length (um):        no_value        no_value        no_value        no_value
Route Overflow H (%):        no_value        no_value        no_value        no_value
Route Overflow V (%):        no_value        no_value        no_value        no_value
MBCI(%) (bits/gate) :            0.00            0.00            0.00            0.00
Norm Cong Hotspot Area:
  Max Cong:                  no_value        no_value        no_value        no_value
  Tot Cong:                  no_value        no_value        no_value        no_value
==========================================================================================
CPU  Runtime (h:m:s):        00:04:56        00:00:06        00:00:01        00:00:00
Real Runtime (h:m:s):        00:04:52        00:00:07        00:00:02        00:00:01
CPU  Elapsed (h:m:s):        00:05:05        00:05:11        00:05:12        00:05:12
Real Elapsed (h:m:s):        00:04:55        00:05:02        00:05:04        00:05:05
Memory (MB):                  1698.10         1662.54         1664.18         1707.19
==========================================================================================
==========================================================================================
Flow Settings:
==========================================================================================
Total Runtime (h:m:s): 00:05:02
Total Memory (MB):     1707.19
Executable Version:    21.18-s082_1
==========================================================================================
Total Cell Area =  Cell Area + Physical Cell Area
Total Instances =  Leaf Instances + Physical Instances




Info    : Joules engine is used. [RPT-16]
        : Joules engine is being used for the command report_gates -power.
Info    : Leakage power optimization was enabled, but single Vth class seems to be used as leakage properties of the given libraries look too similar. [POPT-507]
        : Leakage power effort is set but library domain '_default_' seems to have too few Vth classes.
        Computing arrivals and requireds.
Warning : No clock. [RPT-10]
        : There are no clocks in the design.
        : Clock is not defined.
Finished exporting design database to file 'reports_Jun27-01:35:01/final_RISC_V3_PIPELINED_TOP.db' for 'RISC_V3_PIPELINED_TOP' (command execution time mm:ss cpu = 00:00, real = 00:00).
Finished generating snapshot at stage final (command execution time mm:ss cpu = 00:00, real = 00:00).
%# End write_snapshot (06/27 01:39:54, total cpu=14:00:00, real=14:00:00, peak res=686.40M, current mem=1707.19M)
@file(run_synth.tcl) 237: report_summary -directory $_REPORTS_PATH


Working Directory = /home/B2_Faysal/UDIF/aiub_vlsi_impl_demo/projects/Project_3BB/synth
QoS Summary for RISC_V3_PIPELINED_TOP
==========================================================================================
Metric                          generic         map             syn_opt         final          
==========================================================================================
Slack (ps):                       inf             inf             inf             inf
  R2R (ps):                  no_value        no_value        no_value        no_value
  I2R (ps):                  no_value        no_value        no_value        no_value
  R2O (ps):                  no_value        no_value        no_value        no_value
  I2O (ps):                  no_value        no_value        no_value        no_value
  CG  (ps):                  no_value        no_value        no_value        no_value
TNS (ps):                           0               0               0               0
  R2R (ps):                  no_value        no_value        no_value        no_value
  I2R (ps):                  no_value        no_value        no_value        no_value
  R2O (ps):                  no_value        no_value        no_value        no_value
  I2O (ps):                  no_value        no_value        no_value        no_value
  CG  (ps):                  no_value        no_value        no_value        no_value
Failing Paths:                      0               0               0               0
Leakage Power (nW):                53              49              46              46
Cell Area:                        557             341             343             343
Total Cell Area:                  557             341             343             343
Leaf Instances:                    26              20              19              19
Total Instances:                   26              20              19              19
Utilization (%):                 0.00            0.00            0.00            0.00
Tot. Net Length (um):        no_value        no_value        no_value        no_value
Avg. Net Length (um):        no_value        no_value        no_value        no_value
Route Overflow H (%):        no_value        no_value        no_value        no_value
Route Overflow V (%):        no_value        no_value        no_value        no_value
MBCI(%) (bits/gate) :            0.00            0.00            0.00            0.00
Norm Cong Hotspot Area:
  Max Cong:                  no_value        no_value        no_value        no_value
  Tot Cong:                  no_value        no_value        no_value        no_value
==========================================================================================
CPU  Runtime (h:m:s):        00:04:56        00:00:06        00:00:01        00:00:00
Real Runtime (h:m:s):        00:04:52        00:00:07        00:00:02        00:00:01
CPU  Elapsed (h:m:s):        00:05:05        00:05:11        00:05:12        00:05:12
Real Elapsed (h:m:s):        00:04:55        00:05:02        00:05:04        00:05:05
Memory (MB):                  1698.10         1662.54         1664.18         1707.19
==========================================================================================
==========================================================================================
Flow Settings:
==========================================================================================
Total Runtime (h:m:s): 00:05:02
Total Memory (MB):     1707.19
Executable Version:    21.18-s082_1
==========================================================================================
Total Cell Area =  Cell Area + Physical Cell Area
Total Instances =  Leaf Instances + Physical Instances




@file(run_synth.tcl) 238: write_hdl  > ${_OUTPUTS_PATH}/${DESIGN}_gate.v
@file(run_synth.tcl) 239: write_script > ${_OUTPUTS_PATH}/${DESIGN}.script
Warning : This command will be obsolete in a next major release. [TUI-37]
        : Use 'write_db -common' for saving design databases to operate with other Cadence tools. Use 'write_design' in future releases for saving files for operations with non-Cadence tools.

@file(run_synth.tcl) 240: write_sdc > ${_OUTPUTS_PATH}/${DESIGN}.sdc
Info    : Multimode clock gating check is disabled. [TIM-1000]
Finished SDC export (command execution time mm:ss (real) = 00:01).
@file(run_synth.tcl) 248: write_do_lec -golden_design fv_map -revised_design ${_OUTPUTS_PATH}/${DESIGN}_gate.v -logfile  ${_LOG_PATH}/intermediate2final.lec.log > ${_OUTPUTS_PATH}/intermediate2final.lec.do
Info    : Wrote formal verification information. [CFM-5]
        : Wrote 'fv/RISC_V3_PIPELINED_TOP/RISC_V3_PIPELINED_TOP_gatev.fv.json' for netlist 'outputs_Jun27-01:35:01/RISC_V3_PIPELINED_TOP_gate.v'.
Info    : Forcing flat compare. [CFM-212]
        : No hierarchies found in design.
Info    : Wrote dofile. [CFM-1]
        : Dofile is 'outputs_Jun27-01:35:01/intermediate2final.lec.do'.
        : Alias mapping flow is enabled.
@file(run_synth.tcl) 250: write_do_lec -revised_design ${_OUTPUTS_PATH}/${DESIGN}_gate.v -logfile ${_LOG_PATH}/rtl2final.lec.log > ${_OUTPUTS_PATH}/rtl2final.lec.do
Info    : Forcing flat compare. [CFM-212]
        : No hierarchies found in design.
Info    : Wrote composite dofile. [CFM-2]
        : The composite dofile 'outputs_Jun27-01:35:01/rtl2final.lec.do' includes two compare operations: rtl-to-fv_map and fv_map-to-revised. The 'fv_map' netlist was automatically written in the verification directory during the syn_map command.
@file(run_synth.tcl) 252: puts "Final Runtime & Memory."
Final Runtime & Memory.
@file(run_synth.tcl) 253: time_info FINAL
stamp 'FINAL' being created for table 'default'

  Total Time (Wall) |  Stage Time (Wall)  |   % (Wall)   |    Date - Time     |  Memory   | Stage
--------------------+---------------------+--------------+--------------------+-----------+----------------------
 00:00:09(00:00:00) |  00:00:00(00:00:00) |   0.0(  0.0) |    1:34:52 (Jun27) |  147.6 MB | init
--------------------+---------------------+--------------+--------------------+-----------+----------------------
 00:00:23(00:00:12) |  00:00:14(00:00:12) |   4.6(  3.9) |    1:35:04 (Jun27) |  300.9 MB | Elaboration
--------------------+---------------------+--------------+--------------------+-----------+----------------------
 00:05:03(00:04:51) |  00:04:40(00:04:39) |  91.9( 91.5) |    1:39:43 (Jun27) |  681.9 MB | GENERIC
--------------------+---------------------+--------------+--------------------+-----------+----------------------
 00:05:08(00:04:59) |  00:00:05(00:00:08) |   1.8(  2.6) |    1:39:51 (Jun27) |  662.0 MB | MAPPED
--------------------+---------------------+--------------+--------------------+-----------+----------------------
 00:05:09(00:05:01) |  00:00:00(00:00:02) |   0.3(  0.7) |    1:39:53 (Jun27) |  662.0 MB | OPT
--------------------+---------------------+--------------+--------------------+-----------+----------------------
 00:05:13(00:05:05) |  00:00:04(00:00:04) |   1.3(  1.3) |    1:39:57 (Jun27) |  668.4 MB | FINAL
--------------------+---------------------+--------------+--------------------+-----------+----------------------
Number of threads: 8 * 1   (id: default, time_info v1.57)
Info: (*N*) indicates data that was populated from previously saved time_info database
Info: CPU time includes time of parent + longest thread
@file(run_synth.tcl) 254: puts "============================"
============================
@file(run_synth.tcl) 255: puts "Synthesis Finished ........."
Synthesis Finished .........
@file(run_synth.tcl) 256: puts "============================"
============================
@file(run_synth.tcl) 258: file copy [get_db / .stdout_log] ${_LOG_PATH}/.
