Cadence Genus(TM) Synthesis Solution.
Copyright 2023 Cadence Design Systems, Inc. All rights reserved worldwide.
Cadence and the Cadence logo are registered trademarks and Genus is a trademark
of Cadence Design Systems, Inc. in the United States and other countries.

[07:47:33.095681] Configured Lic search path (21.01-s002): 5280@cadence

Version: 21.18-s082_1, built Tue Jul 18 00:08:41 PDT 2023
Options: -files scripts/run_synth.tcl 
Date:    Sat Jun 13 07:47:33 2026
Host:    cadence (x86_64 w/Linux 3.10.0-1160.el7.x86_64) (8cores*32cpus*2physical cpus*Intel(R) Xeon(R) CPU E5-2440 v2 @ 1.90GHz 20480KB) (197849384KB)
PID:     17396
OS:      Red Hat Enterprise Linux Server release 7.9 (Maipo)


[07:47:33.369618] Periodic Lic check successful
[07:47:33.369632] Feature usage summary:
[07:47:33.369633] Genus_Synthesis
Checking out license: Genus_Synthesis


***********************************************************************************************************
***********************************************************************************************************



Loading tool scripts...
Finished loading tool scripts (17 seconds elapsed).

#@ Processing -files option
@genus 1> source scripts/run_synth.tcl
#@ Begin verbose source ./scripts/run_synth.tcl
@file(run_synth.tcl) 3: if {[file exists /proc/cpuinfo]} {
  sh grep "model name" /proc/cpuinfo
    sh grep "cpu MHz"    /proc/cpuinfo
    }
model name	: Intel(R) Xeon(R) CPU E5-2440 v2 @ 1.90GHz
model name	: Intel(R) Xeon(R) CPU E5-2440 v2 @ 1.90GHz
model name	: Intel(R) Xeon(R) CPU E5-2440 v2 @ 1.90GHz
model name	: Intel(R) Xeon(R) CPU E5-2440 v2 @ 1.90GHz
model name	: Intel(R) Xeon(R) CPU E5-2440 v2 @ 1.90GHz
model name	: Intel(R) Xeon(R) CPU E5-2440 v2 @ 1.90GHz
model name	: Intel(R) Xeon(R) CPU E5-2440 v2 @ 1.90GHz
model name	: Intel(R) Xeon(R) CPU E5-2440 v2 @ 1.90GHz
model name	: Intel(R) Xeon(R) CPU E5-2440 v2 @ 1.90GHz
model name	: Intel(R) Xeon(R) CPU E5-2440 v2 @ 1.90GHz
model name	: Intel(R) Xeon(R) CPU E5-2440 v2 @ 1.90GHz
model name	: Intel(R) Xeon(R) CPU E5-2440 v2 @ 1.90GHz
model name	: Intel(R) Xeon(R) CPU E5-2440 v2 @ 1.90GHz
model name	: Intel(R) Xeon(R) CPU E5-2440 v2 @ 1.90GHz
model name	: Intel(R) Xeon(R) CPU E5-2440 v2 @ 1.90GHz
model name	: Intel(R) Xeon(R) CPU E5-2440 v2 @ 1.90GHz
model name	: Intel(R) Xeon(R) CPU E5-2440 v2 @ 1.90GHz
model name	: Intel(R) Xeon(R) CPU E5-2440 v2 @ 1.90GHz
model name	: Intel(R) Xeon(R) CPU E5-2440 v2 @ 1.90GHz
model name	: Intel(R) Xeon(R) CPU E5-2440 v2 @ 1.90GHz
model name	: Intel(R) Xeon(R) CPU E5-2440 v2 @ 1.90GHz
model name	: Intel(R) Xeon(R) CPU E5-2440 v2 @ 1.90GHz
model name	: Intel(R) Xeon(R) CPU E5-2440 v2 @ 1.90GHz
model name	: Intel(R) Xeon(R) CPU E5-2440 v2 @ 1.90GHz
model name	: Intel(R) Xeon(R) CPU E5-2440 v2 @ 1.90GHz
model name	: Intel(R) Xeon(R) CPU E5-2440 v2 @ 1.90GHz
model name	: Intel(R) Xeon(R) CPU E5-2440 v2 @ 1.90GHz
model name	: Intel(R) Xeon(R) CPU E5-2440 v2 @ 1.90GHz
model name	: Intel(R) Xeon(R) CPU E5-2440 v2 @ 1.90GHz
model name	: Intel(R) Xeon(R) CPU E5-2440 v2 @ 1.90GHz
model name	: Intel(R) Xeon(R) CPU E5-2440 v2 @ 1.90GHz
model name	: Intel(R) Xeon(R) CPU E5-2440 v2 @ 1.90GHz
cpu MHz		: 2199.890
cpu MHz		: 1200.024
cpu MHz		: 2200.006
cpu MHz		: 1199.908
cpu MHz		: 2200.006
cpu MHz		: 1200.024
cpu MHz		: 2200.006
cpu MHz		: 1199.908
cpu MHz		: 2200.006
cpu MHz		: 1199.908
cpu MHz		: 2199.890
cpu MHz		: 1199.908
cpu MHz		: 2199.890
cpu MHz		: 1199.908
cpu MHz		: 2200.006
cpu MHz		: 1199.908
cpu MHz		: 2199.890
cpu MHz		: 1199.908
cpu MHz		: 2200.006
cpu MHz		: 1199.908
cpu MHz		: 2200.006
cpu MHz		: 1199.908
cpu MHz		: 2200.006
cpu MHz		: 1199.908
cpu MHz		: 1679.431
cpu MHz		: 1199.908
cpu MHz		: 2199.890
cpu MHz		: 1200.024
cpu MHz		: 2199.890
cpu MHz		: 1200.024
cpu MHz		: 2199.890
cpu MHz		: 1199.908
@file(run_synth.tcl) 8:     puts "Hostname : [info hostname]"
Hostname : cadence
@file(run_synth.tcl) 10: set var(step) "synth"
@file(run_synth.tcl) 11: if {[file exists ../project_setup.tcl]} {
	source -e -v ../project_setup.tcl
} else {
	puts "ERROR: project_setup.tcl not found. Please check your setup"
}
Sourcing '../project_setup.tcl' (Sat Jun 13 07:47:51 +06 2026)...
#@ Begin verbose source ../project_setup.tcl
@file(project_setup.tcl) 10: set TECH "gpdk045" ;# Options: "gpdk045 | sky130_cadence | sky130_open"
set TECH "gpdk045" ;# Options: "gpdk045 | sky130_cadence | sky130_open"
@file(project_setup.tcl) 15: set MULTIVT "true"
set MULTIVT "true"
@file(project_setup.tcl) 16: set MBFF "false"
set MBFF "false"
@file(project_setup.tcl) 18: source -e -v $::env(REPO_ROOT)/util/tech/${TECH}.tcl 
source -e -v $::env(REPO_ROOT)/util/tech/${TECH}.tcl 
Sourcing '/home/B2_Robiul/UDIF/aiub_vlsi_impl_demo/util/tech/gpdk045.tcl' (Sat Jun 13 07:47:51 +06 2026)...
#@ Begin verbose source /home/B2_Robiul/UDIF/aiub_vlsi_impl_demo/util/tech/gpdk045.tcl
@file(gpdk045.tcl) 10: set TECH "gpdk045" ;# Future options: "gpdk045 | sky130"
set TECH "gpdk045" ;# Future options: "gpdk045 | sky130"
@file(gpdk045.tcl) 12: puts "ATSH_VLSI: TECH=$TECH"
puts "ATSH_VLSI: TECH=$TECH"
ATSH_VLSI: TECH=gpdk045
@file(gpdk045.tcl) 13: puts "ATSH_VLSI: Starting Setup"
puts "ATSH_VLSI: Starting Setup"
ATSH_VLSI: Starting Setup
@file(gpdk045.tcl) 15: if { $TECH == "gpdk045" } {
	set TECH_DIR "/home/user_27/work/tech/gpdk045"
	set STD_LIB_DIR "gsclib045_all_v4.7"
	#set MULTIVT "true"
	if { [string equal -nocase $MULTIVT "false"] } {
	        puts "ATSH_VLSI: MULTIVT is set to false. Using only RVT cells for synthesis. Please fix if other or all vt cells to be used."
        	set MULTIVT "RVT"
	} else {
		puts "ATSH_VLSI: MULTIVT is set to true. All available (rvt, lvt, hvt) vt cells will be used."
	}
	#set MBFF "false"

set LEF_FILES ""

# Adding Technology LEF file
append LEF_FILES " " "$TECH_DIR/$STD_LIB_DIR/gsclib045_tech/lef/gsclib045_tech.lef"

# Adding RVT Cell LEF | Default when MULTIVT is FALSE
if { [string equal -nocase $MULTIVT "true"] || [regexp -nocase "RVT" $MULTIVT]  } {
append LEF_FILES " " "$TECH_DIR/$STD_LIB_DIR/gsclib045/lef/gsclib045_macro.lef"
}

# Adding LVT/H`VT Cell LEF
if { [string equal -nocase $MULTIVT "true"] || [regexp -nocase "LVT" $MULTIVT]  } {
append LEF_FILES " " "$TECH_DIR/$STD_LIB_DIR/gsclib045_lvt/lef/gsclib045_lvt_macro.lef"
}
if { [string equal -nocase $MULTIVT "true"] ||  [regexp -nocase "HVT" $MULTIVT]  } {
append LEF_FILES " " "$TECH_DIR/$STD_LIB_DIR/gsclib045_hvt/lef/gsclib045_hvt_macro.lef"
}

if { $MBFF == "true" } {
append LEF_FILES " " "$TECH_DIR/$STD_LIB_DIR/gsclib045/gsclib045_multibitsDFF.lef"
}

set LIB_FILES(slow) ""
set LIB_FILES(fast) ""

if { [string equal -nocase $MULTIVT "true"] || [regexp -nocase "RVT" $MULTIVT]  } {
append LIB_FILES(slow) " " "$TECH_DIR/$STD_LIB_DIR/gsclib045/timing/slow_vdd1v0_basicCells.lib"
append LIB_FILES(fast) " " "$TECH_DIR/$STD_LIB_DIR/gsclib045/timing/fast_vdd1v2_basicCells.lib"
}


if { [string equal -nocase $MULTIVT "true"] || [regexp -nocase "LVT" $MULTIVT]  } {
append LIB_FILES(slow) " " "$TECH_DIR/$STD_LIB_DIR/gsclib045_lvt/timing/slow_vdd1v0_basicCells_lvt.lib"
append LIB_FILES(fast) " " "$TECH_DIR/$STD_LIB_DIR/gsclib045_lvt/timing/fast_vdd1v2_basicCells_lvt.lib"
}
if { [string equal -nocase $MULTIVT "true"] ||  [regexp -nocase "HVT" $MULTIVT]  } {
append LIB_FILES(slow) " " "$TECH_DIR/$STD_LIB_DIR/gsclib045_hvt/timing/slow_vdd1v0_basicCells_hvt.lib"
append LIB_FILES(fast) " " "$TECH_DIR/$STD_LIB_DIR/gsclib045_hvt/timing/fast_vdd1v2_basicCells_hvt.lib"
}

if { $MBFF == "true" } {
append LIB_FILES(slow) " " "$TECH_DIR/$STD_LIB_DIR/gsclib045/timing/slow_vdd1v0_multibitsDFF.lib"
append LIB_FILES(fast) " " "$TECH_DIR/$STD_LIB_DIR/gsclib045/timing/fast_vdd1v2_multibitsDFF.lib"
}

set LIB_FILES(all) "$LIB_FILES(slow) $LIB_FILES(fast)"

set QRC_TECH_FILE(rcworst) "/home/user_27/work/tech/gpdk045/gpdk045_v_6_0/qrc/rcworst/qrcTechFile"
set QRC_TECH_FILE(rcbest) "/home/user_27/work/tech/gpdk045/gpdk045_v_6_0/qrc/rcbest/qrcTechFile"
set QRC_TECH_FILE(typical) "/home/user_27/work/tech/gpdk045/gpdk045_v_6_0/qrc/typical/qrcTechFile"

set PHYSICAL_CELL_LIST "[get_lib_cell */*FILL*]"
set CLK_BUFFERS "[get_lib_cell */*CLKBUF*] "
set CLK_INVERTERS " [get_lib_cell */*CLKINV*]"

} ;# END OF GPDK045 SETUP
if { $TECH == "gpdk045" } {
	set TECH_DIR "/home/user_27/work/tech/gpdk045"
	set STD_LIB_DIR "gsclib045_all_v4.7"
	#set MULTIVT "true"
	if { [string equal -nocase $MULTIVT "false"] } {
	        puts "ATSH_VLSI: MULTIVT is set to false. Using only RVT cells for synthesis. Please fix if other or all vt cells to be used."
        	set MULTIVT "RVT"
	} else {
		puts "ATSH_VLSI: MULTIVT is set to true. All available (rvt, lvt, hvt) vt cells will be used."
	}
	#set MBFF "false"

set LEF_FILES ""

# Adding Technology LEF file
append LEF_FILES " " "$TECH_DIR/$STD_LIB_DIR/gsclib045_tech/lef/gsclib045_tech.lef"

# Adding RVT Cell LEF | Default when MULTIVT is FALSE
if { [string equal -nocase $MULTIVT "true"] || [regexp -nocase "RVT" $MULTIVT]  } {
append LEF_FILES " " "$TECH_DIR/$STD_LIB_DIR/gsclib045/lef/gsclib045_macro.lef"
}

# Adding LVT/H`VT Cell LEF
if { [string equal -nocase $MULTIVT "true"] || [regexp -nocase "LVT" $MULTIVT]  } {
append LEF_FILES " " "$TECH_DIR/$STD_LIB_DIR/gsclib045_lvt/lef/gsclib045_lvt_macro.lef"
}
if { [string equal -nocase $MULTIVT "true"] ||  [regexp -nocase "HVT" $MULTIVT]  } {
append LEF_FILES " " "$TECH_DIR/$STD_LIB_DIR/gsclib045_hvt/lef/gsclib045_hvt_macro.lef"
}

if { $MBFF == "true" } {
append LEF_FILES " " "$TECH_DIR/$STD_LIB_DIR/gsclib045/gsclib045_multibitsDFF.lef"
}

set LIB_FILES(slow) ""
set LIB_FILES(fast) ""

if { [string equal -nocase $MULTIVT "true"] || [regexp -nocase "RVT" $MULTIVT]  } {
append LIB_FILES(slow) " " "$TECH_DIR/$STD_LIB_DIR/gsclib045/timing/slow_vdd1v0_basicCells.lib"
append LIB_FILES(fast) " " "$TECH_DIR/$STD_LIB_DIR/gsclib045/timing/fast_vdd1v2_basicCells.lib"
}


if { [string equal -nocase $MULTIVT "true"] || [regexp -nocase "LVT" $MULTIVT]  } {
append LIB_FILES(slow) " " "$TECH_DIR/$STD_LIB_DIR/gsclib045_lvt/timing/slow_vdd1v0_basicCells_lvt.lib"
append LIB_FILES(fast) " " "$TECH_DIR/$STD_LIB_DIR/gsclib045_lvt/timing/fast_vdd1v2_basicCells_lvt.lib"
}
if { [string equal -nocase $MULTIVT "true"] ||  [regexp -nocase "HVT" $MULTIVT]  } {
append LIB_FILES(slow) " " "$TECH_DIR/$STD_LIB_DIR/gsclib045_hvt/timing/slow_vdd1v0_basicCells_hvt.lib"
append LIB_FILES(fast) " " "$TECH_DIR/$STD_LIB_DIR/gsclib045_hvt/timing/fast_vdd1v2_basicCells_hvt.lib"
}

if { $MBFF == "true" } {
append LIB_FILES(slow) " " "$TECH_DIR/$STD_LIB_DIR/gsclib045/timing/slow_vdd1v0_multibitsDFF.lib"
append LIB_FILES(fast) " " "$TECH_DIR/$STD_LIB_DIR/gsclib045/timing/fast_vdd1v2_multibitsDFF.lib"
}

set LIB_FILES(all) "$LIB_FILES(slow) $LIB_FILES(fast)"

set QRC_TECH_FILE(rcworst) "/home/user_27/work/tech/gpdk045/gpdk045_v_6_0/qrc/rcworst/qrcTechFile"
set QRC_TECH_FILE(rcbest) "/home/user_27/work/tech/gpdk045/gpdk045_v_6_0/qrc/rcbest/qrcTechFile"
set QRC_TECH_FILE(typical) "/home/user_27/work/tech/gpdk045/gpdk045_v_6_0/qrc/typical/qrcTechFile"

set PHYSICAL_CELL_LIST "[get_lib_cell */*FILL*]"
set CLK_BUFFERS "[get_lib_cell */*CLKBUF*] "
set CLK_INVERTERS " [get_lib_cell */*CLKINV*]"

} ;# END OF GPDK045 SETUP
ATSH_VLSI: MULTIVT is set to true. All available (rvt, lvt, hvt) vt cells will be used.
Warning : Could not find requested search value. [SDC-208] [get_lib_cells]
        : The 'get_lib_cells' command cannot find any library cells for the specified objects.
        : Use get_* commands to find the objects along with a wild card entry in the name of the object to check if the object is existing with different naming style.
Warning : Could not find requested search value. [SDC-208] [get_lib_cells]
        : The 'get_lib_cells' command cannot find any library cells for the specified objects.
Warning : Could not find requested search value. [SDC-208] [get_lib_cells]
        : The 'get_lib_cells' command cannot find any library cells for the specified objects.
#@ End verbose source /home/B2_Robiul/UDIF/aiub_vlsi_impl_demo/util/tech/gpdk045.tcl
@file(project_setup.tcl) 24: set DESIGN_DIR "design_data"
set DESIGN_DIR "design_data"
@file(project_setup.tcl) 25: set DESIGN_NAME "$::env(TOP)"
set DESIGN_NAME "$::env(TOP)"
@file(project_setup.tcl) 26: puts "TOP DESIGN SET TO: $DESIGN_NAME"
puts "TOP DESIGN SET TO: $DESIGN_NAME"
TOP DESIGN SET TO: TOP
@file(project_setup.tcl) 27: set CLK_PORT "SYS_CLOCK" 
set CLK_PORT "SYS_CLOCK" 
@file(project_setup.tcl) 28: set CLK_PERIOD "5.0" ;# unit depends on pdk; for gpdk045 the unit is ns
set CLK_PERIOD "5.0" ;# unit depends on pdk; for gpdk045 the unit is ns
@file(project_setup.tcl) 30: set POWER_NET "VDD"
set POWER_NET "VDD"
@file(project_setup.tcl) 31: set GROUND_NET "VSS"
set GROUND_NET "VSS"
@file(project_setup.tcl) 40: set SYNTH_EFFORT_GENERIC "medium"
set SYNTH_EFFORT_GENERIC "medium"
@file(project_setup.tcl) 41: set SYNTH_EFFORT_OPT "high"
set SYNTH_EFFORT_OPT "high"
@file(project_setup.tcl) 42: set SYNTH_INFO_LEVEL 7
set SYNTH_INFO_LEVEL 7
@file(project_setup.tcl) 43: set SYNTH_LOW_POWER "false"
set SYNTH_LOW_POWER "false"
@file(project_setup.tcl) 45: if { $var(step) == "synth" } {
set RTL_FILES "[glob $DESIGN_DIR/*v]"
set CONSTRAINTS_FILE "[glob $DESIGN_DIR/*sdc]"
#set RTL_FILES "[exec python3 $::env(REPO_ROOT)/util/compile.py $::env(REPO_ROOT)/frontend/$::env(PROJECT)/manifest.json syn]"
#set CONSTRAINTS_FILE "[exec python3 $::env(REPO_ROOT)/util/compile.py $::env(REPO_ROOT)/frontend/$::env(PROJECT)/manifest.json syn_sdc]"
}
if { $var(step) == "synth" } {
set RTL_FILES "[glob $DESIGN_DIR/*v]"
set CONSTRAINTS_FILE "[glob $DESIGN_DIR/*sdc]"
#set RTL_FILES "[exec python3 $::env(REPO_ROOT)/util/compile.py $::env(REPO_ROOT)/frontend/$::env(PROJECT)/manifest.json syn]"
#set CONSTRAINTS_FILE "[exec python3 $::env(REPO_ROOT)/util/compile.py $::env(REPO_ROOT)/frontend/$::env(PROJECT)/manifest.json syn_sdc]"
}
@file(project_setup.tcl) 56: set PNR_INIT_NETLIST "$DESIGN_DIR/${DESIGN_NAME}_gate.v"
set PNR_INIT_NETLIST "$DESIGN_DIR/${DESIGN_NAME}_gate.v"
@file(project_setup.tcl) 57: set PNR_SDC "$DESIGN_DIR/${DESIGN_NAME}.sdc"
set PNR_SDC "$DESIGN_DIR/${DESIGN_NAME}.sdc"
@file(project_setup.tcl) 58: set PNR_VIEW_DEF "$DESIGN_DIR/viewDefinition.tcl"
set PNR_VIEW_DEF "$DESIGN_DIR/viewDefinition.tcl"
@file(project_setup.tcl) 59: set PNR_GND_NETS "VSS"
set PNR_GND_NETS "VSS"
@file(project_setup.tcl) 60: set PNR_PWR_NETS "VDD"
set PNR_PWR_NETS "VDD"
@file(project_setup.tcl) 61: set PNR_MAX_ROUTE_LAYER "6"
set PNR_MAX_ROUTE_LAYER "6"
@file(project_setup.tcl) 62: set PNR_FP_TCL "../floorplan/fp.tcl"
set PNR_FP_TCL "../floorplan/fp.tcl"
@file(project_setup.tcl) 63: set PNR_FP_DEF "../floorplan/fp.def"
set PNR_FP_DEF "../floorplan/fp.def"
@file(project_setup.tcl) 64: set PNR_FP_PRIORITY "TCL"
set PNR_FP_PRIORITY "TCL"
#@ End verbose source ../project_setup.tcl
@file(run_synth.tcl) 20: set DESIGN $DESIGN_NAME
@file(run_synth.tcl) 21: puts "DESIGN SET TO $DESIGN"
DESIGN SET TO TOP
@file(run_synth.tcl) 22: set GEN_EFF $SYNTH_EFFORT_GENERIC
@file(run_synth.tcl) 23: set MAP_OPT_EFF $SYNTH_EFFORT_OPT
@file(run_synth.tcl) 24: set DATE [clock format [clock seconds] -format "%b%d-%T"]
@file(run_synth.tcl) 25: set _OUTPUTS_PATH outputs_${DATE}
@file(run_synth.tcl) 26: set _REPORTS_PATH reports_${DATE}
@file(run_synth.tcl) 27: set _LOG_PATH logs_${DATE}
@file(run_synth.tcl) 29: set_db / .init_lib_search_path  {. ../LIB $TECH_DIR}
  Setting attribute of root '/': 'init_lib_search_path' = . ../LIB $TECH_DIR
@file(run_synth.tcl) 31: set_db / .init_hdl_search_path  {. ../RTL $DESIGN_DIR}
  Setting attribute of root '/': 'init_hdl_search_path' = . ../RTL $DESIGN_DIR
@file(run_synth.tcl) 44: set_db / .information_level $SYNTH_INFO_LEVEL
  Setting attribute of root '/': 'information_level' = 7
@file(run_synth.tcl) 51: eval "set_db / .library {$LIB_FILES(all)}"

Threads Configured:8
Info    : Missing a function attribute in the output pin definition. [LBR-518]
        : Functionality is missing at pin 'Y' for the cell 'HOLDX1'. (File /home/user_27/work/tech/gpdk045/gsclib045_all_v4.7/gsclib045/timing/slow_vdd1v0_basicCells.lib, Line 67517)
Info    : Missing a function attribute in the output pin definition. [LBR-518]
        : Functionality is missing at pin 'Y' for the cell 'HOLDX1'. (File /home/user_27/work/tech/gpdk045/gsclib045_all_v4.7/gsclib045/timing/fast_vdd1v2_basicCells.lib, Line 67517)

Reading library /home/user_27/work/tech/gpdk045/gsclib045_all_v4.7/gsclib045_lvt/timing/slow_vdd1v0_basicCells_lvt.libInfo    : Appending library. [LBR-3]
        : Appending library 'slow_vdd1v0' to the previously read library of the same name and nominal PVT. Cell definitions from the previously read library will not be overridden. (File /home/user_27/work/tech/gpdk045/gsclib045_all_v4.7/gsclib045_lvt/timing/slow_vdd1v0_basicCells_lvt.lib)
        : Appending libraries will overwrite some of the characteristics of the library.
Info    : Missing a function attribute in the output pin definition. [LBR-518]
        : Functionality is missing at pin 'Y' for the cell 'HOLDX1LVT'. (File /home/user_27/work/tech/gpdk045/gsclib045_all_v4.7/gsclib045_lvt/timing/slow_vdd1v0_basicCells_lvt.lib, Line 67517)

Reading library /home/user_27/work/tech/gpdk045/gsclib045_all_v4.7/gsclib045_hvt/timing/slow_vdd1v0_basicCells_hvt.libInfo    : Appending library. [LBR-3]
        : Appending library 'slow_vdd1v0' to the previously read library of the same name and nominal PVT. Cell definitions from the previously read library will not be overridden. (File /home/user_27/work/tech/gpdk045/gsclib045_all_v4.7/gsclib045_hvt/timing/slow_vdd1v0_basicCells_hvt.lib)
Info    : Missing a function attribute in the output pin definition. [LBR-518]
        : Functionality is missing at pin 'Y' for the cell 'HOLDX1HVT'. (File /home/user_27/work/tech/gpdk045/gsclib045_all_v4.7/gsclib045_hvt/timing/slow_vdd1v0_basicCells_hvt.lib, Line 67517)

Reading library /home/user_27/work/tech/gpdk045/gsclib045_all_v4.7/gsclib045_lvt/timing/fast_vdd1v2_basicCells_lvt.libInfo    : Appending library. [LBR-3]
        : Appending library 'fast_vdd1v2' to the previously read library of the same name and nominal PVT. Cell definitions from the previously read library will not be overridden. (File /home/user_27/work/tech/gpdk045/gsclib045_all_v4.7/gsclib045_lvt/timing/fast_vdd1v2_basicCells_lvt.lib)
Info    : Missing a function attribute in the output pin definition. [LBR-518]
        : Functionality is missing at pin 'Y' for the cell 'HOLDX1LVT'. (File /home/user_27/work/tech/gpdk045/gsclib045_all_v4.7/gsclib045_lvt/timing/fast_vdd1v2_basicCells_lvt.lib, Line 67510)

Reading library /home/user_27/work/tech/gpdk045/gsclib045_all_v4.7/gsclib045_hvt/timing/fast_vdd1v2_basicCells_hvt.libInfo    : Appending library. [LBR-3]
        : Appending library 'fast_vdd1v2' to the previously read library of the same name and nominal PVT. Cell definitions from the previously read library will not be overridden. (File /home/user_27/work/tech/gpdk045/gsclib045_all_v4.7/gsclib045_hvt/timing/fast_vdd1v2_basicCells_hvt.lib)
Info    : Missing a function attribute in the output pin definition. [LBR-518]
        : Functionality is missing at pin 'Y' for the cell 'HOLDX1HVT'. (File /home/user_27/work/tech/gpdk045/gsclib045_all_v4.7/gsclib045_hvt/timing/fast_vdd1v2_basicCells_hvt.lib, Line 67517)

  Message Summary for Library all 6 libraries:
  ********************************************
  Missing a function attribute in the output pin definition. [LBR-518]: 6
  Appending library. [LBR-3]: 4
  ********************************************
 
            Reading file '/home/user_27/work/tech/gpdk045/gsclib045_all_v4.7/gsclib045/timing/slow_vdd1v0_basicCells.lib'
            Reading file '/home/user_27/work/tech/gpdk045/gsclib045_all_v4.7/gsclib045_lvt/timing/slow_vdd1v0_basicCells_lvt.lib'
            Reading file '/home/user_27/work/tech/gpdk045/gsclib045_all_v4.7/gsclib045_hvt/timing/slow_vdd1v0_basicCells_hvt.lib'
            Reading file '/home/user_27/work/tech/gpdk045/gsclib045_all_v4.7/gsclib045/timing/fast_vdd1v2_basicCells.lib'
Warning : Libraries have inconsistent nominal operating conditions. In the Liberty library, there are attributes called nom_voltage, nom_process and nom_temperature. Genus reports the message, if the respective values of the 2 given .libs differ. [LBR-38]
        : The libraries are 'slow_vdd1v0' and 'fast_vdd1v2'.
        : This is a common source of delay calculation confusion and should be avoided.
            Reading file '/home/user_27/work/tech/gpdk045/gsclib045_all_v4.7/gsclib045_lvt/timing/fast_vdd1v2_basicCells_lvt.lib'
Warning : Libraries have inconsistent nominal operating conditions. In the Liberty library, there are attributes called nom_voltage, nom_process and nom_temperature. Genus reports the message, if the respective values of the 2 given .libs differ. [LBR-38]
        : The libraries are 'slow_vdd1v0' and 'fast_vdd1v2'.
            Reading file '/home/user_27/work/tech/gpdk045/gsclib045_all_v4.7/gsclib045_hvt/timing/fast_vdd1v2_basicCells_hvt.lib'
Warning : Libraries have inconsistent nominal operating conditions. In the Liberty library, there are attributes called nom_voltage, nom_process and nom_temperature. Genus reports the message, if the respective values of the 2 given .libs differ. [LBR-38]
        : The libraries are 'slow_vdd1v0' and 'fast_vdd1v2'.
Info    : Created nominal operating condition. [LBR-412]
        : Operating condition '_nominal_' was created for the PVT values (1.000000, 0.900000, 125.000000) in library 'slow_vdd1v0_basicCells_hvt.lib'.
        : The nominal operating condition is represented, either by the nominal PVT values specified in the library source (via nom_process,nom_voltage and nom_temperature respectively), or by the default PVT values (1.0,1.0,1.0).
Info    : Created nominal operating condition. [LBR-412]
        : Operating condition '_nominal_' was created for the PVT values (1.000000, 1.320000, 0.000000) in library 'fast_vdd1v2_basicCells_hvt.lib'.
Warning : Library cell has no output pins defined. [LBR-9]
        : Library cell 'ANTENNA' must have an output pin.
        : Add the missing output pin(s), then reload the library. Else the library cell will be marked as timing model i.e. unusable. Timing_model means that the cell does not have any defined function. If there is no output pin, Genus will mark library cell as unusable i.e. the attribute 'usable' will be marked to 'false' on the libcell. Therefore, the cell is not used for mapping and it will not be picked up from the library for synthesis. If you query the attribute 'unusable_reason' on the libcell; result will be: 'Library cell has no output pins.'Note: The message LBR-9 is only for the logical pins and not for the power_ground pins. Genus will depend upon the output function defined in the pin group (output pin) of the cell, to use it for mapping. The pg_pin will not have any function defined.
Warning : Library cell has no output pins defined. [LBR-9]
        : Library cell 'ANTENNA' must have an output pin.
Info    : An output library pin lacks a function attribute. [LBR-41]
        : Output pin 'HOLDX1/Y' has no function.
        : If the remainder of this library cell's semantic checks are successful, it will be considered as a timing-model (because one of its outputs does not have a valid function.
Warning : Library cell has no output pins defined. [LBR-9]
        : Library cell 'DECAP10' must have an output pin.
Warning : Library cell has no output pins defined. [LBR-9]
        : Library cell 'DECAP10' must have an output pin.
Warning : Library cell has no output pins defined. [LBR-9]
        : Library cell 'DECAP2' must have an output pin.
Warning : Library cell has no output pins defined. [LBR-9]
        : Library cell 'DECAP2' must have an output pin.
Warning : Library cell has no output pins defined. [LBR-9]
        : Library cell 'DECAP3' must have an output pin.
Warning : Library cell has no output pins defined. [LBR-9]
        : Library cell 'DECAP3' must have an output pin.
Warning : Library cell has no output pins defined. [LBR-9]
        : Library cell 'DECAP4' must have an output pin.
Warning : Library cell has no output pins defined. [LBR-9]
        : Library cell 'DECAP4' must have an output pin.
Warning : Library cell has no output pins defined. [LBR-9]
        : Library cell 'DECAP5' must have an output pin.
Warning : Library cell has no output pins defined. [LBR-9]
        : Library cell 'DECAP5' must have an output pin.
Warning : Library cell has no output pins defined. [LBR-9]
        : Library cell 'DECAP6' must have an output pin.
Warning : Library cell has no output pins defined. [LBR-9]
        : Library cell 'DECAP6' must have an output pin.
Warning : Library cell has no output pins defined. [LBR-9]
        : Library cell 'DECAP7' must have an output pin.
Warning : Library cell has no output pins defined. [LBR-9]
        : Library cell 'DECAP7' must have an output pin.
Warning : Library cell has no output pins defined. [LBR-9]
        : Library cell 'DECAP8' must have an output pin.
Warning : Library cell has no output pins defined. [LBR-9]
        : Library cell 'DECAP8' must have an output pin.
Warning : Library cell has no output pins defined. [LBR-9]
        : Library cell 'DECAP9' must have an output pin.
Warning : Library cell has no output pins defined. [LBR-9]
        : Library cell 'DECAP9' must have an output pin.
Warning : Maximum message print count reached. [MESG-11]
        : Maximum print count of '20' reached for message 'LBR-9'.
Info    : An output library pin lacks a function attribute. [LBR-41]
        : Output pin 'HOLDX1LVT/Y' has no function.
Info    : An output library pin lacks a function attribute. [LBR-41]
        : Output pin 'HOLDX1HVT/Y' has no function.
Info    : An output library pin lacks a function attribute. [LBR-41]
        : Output pin 'HOLDX1/Y' has no function.
Info    : An output library pin lacks a function attribute. [LBR-41]
        : Output pin 'HOLDX1LVT/Y' has no function.
Info    : An output library pin lacks a function attribute. [LBR-41]
        : Output pin 'HOLDX1HVT/Y' has no function.
Warning : Multiply-defined library cell. [LBR-22]
        : Library-cell name collision (slow_vdd1v0/ACHCONX2 and fast_vdd1v2/ACHCONX2).  Deleting (fast_vdd1v2/ACHCONX2).
        : Library cell names must be unique.  Any duplicates will be deleted.  Only the first (as determined by the order of libraries) will be retained.
Warning : Multiply-defined library cell. [LBR-22]
        : Library-cell name collision (slow_vdd1v0/ADDFHX1 and fast_vdd1v2/ADDFHX1).  Deleting (fast_vdd1v2/ADDFHX1).
Warning : Multiply-defined library cell. [LBR-22]
        : Library-cell name collision (slow_vdd1v0/ADDFHX2 and fast_vdd1v2/ADDFHX2).  Deleting (fast_vdd1v2/ADDFHX2).
Warning : Multiply-defined library cell. [LBR-22]
        : Library-cell name collision (slow_vdd1v0/ADDFHX4 and fast_vdd1v2/ADDFHX4).  Deleting (fast_vdd1v2/ADDFHX4).
Warning : Multiply-defined library cell. [LBR-22]
        : Library-cell name collision (slow_vdd1v0/ADDFHXL and fast_vdd1v2/ADDFHXL).  Deleting (fast_vdd1v2/ADDFHXL).
Warning : Multiply-defined library cell. [LBR-22]
        : Library-cell name collision (slow_vdd1v0/ADDFX1 and fast_vdd1v2/ADDFX1).  Deleting (fast_vdd1v2/ADDFX1).
Warning : Multiply-defined library cell. [LBR-22]
        : Library-cell name collision (slow_vdd1v0/ADDFX2 and fast_vdd1v2/ADDFX2).  Deleting (fast_vdd1v2/ADDFX2).
Warning : Multiply-defined library cell. [LBR-22]
        : Library-cell name collision (slow_vdd1v0/ADDFX4 and fast_vdd1v2/ADDFX4).  Deleting (fast_vdd1v2/ADDFX4).
Warning : Multiply-defined library cell. [LBR-22]
        : Library-cell name collision (slow_vdd1v0/ADDFXL and fast_vdd1v2/ADDFXL).  Deleting (fast_vdd1v2/ADDFXL).
Warning : Multiply-defined library cell. [LBR-22]
        : Library-cell name collision (slow_vdd1v0/ADDHX1 and fast_vdd1v2/ADDHX1).  Deleting (fast_vdd1v2/ADDHX1).
Warning : Multiply-defined library cell. [LBR-22]
        : Library-cell name collision (slow_vdd1v0/ADDHX2 and fast_vdd1v2/ADDHX2).  Deleting (fast_vdd1v2/ADDHX2).
Warning : Multiply-defined library cell. [LBR-22]
        : Library-cell name collision (slow_vdd1v0/ADDHX4 and fast_vdd1v2/ADDHX4).  Deleting (fast_vdd1v2/ADDHX4).
Warning : Multiply-defined library cell. [LBR-22]
        : Library-cell name collision (slow_vdd1v0/ADDHXL and fast_vdd1v2/ADDHXL).  Deleting (fast_vdd1v2/ADDHXL).
Warning : Multiply-defined library cell. [LBR-22]
        : Library-cell name collision (slow_vdd1v0/AND2X1 and fast_vdd1v2/AND2X1).  Deleting (fast_vdd1v2/AND2X1).
Warning : Multiply-defined library cell. [LBR-22]
        : Library-cell name collision (slow_vdd1v0/AND2X2 and fast_vdd1v2/AND2X2).  Deleting (fast_vdd1v2/AND2X2).
Warning : Multiply-defined library cell. [LBR-22]
        : Library-cell name collision (slow_vdd1v0/AND2X4 and fast_vdd1v2/AND2X4).  Deleting (fast_vdd1v2/AND2X4).
Warning : Multiply-defined library cell. [LBR-22]
        : Library-cell name collision (slow_vdd1v0/AND2X6 and fast_vdd1v2/AND2X6).  Deleting (fast_vdd1v2/AND2X6).
Warning : Multiply-defined library cell. [LBR-22]
        : Library-cell name collision (slow_vdd1v0/AND2X8 and fast_vdd1v2/AND2X8).  Deleting (fast_vdd1v2/AND2X8).
Warning : Multiply-defined library cell. [LBR-22]
        : Library-cell name collision (slow_vdd1v0/AND2XL and fast_vdd1v2/AND2XL).  Deleting (fast_vdd1v2/AND2XL).
Warning : Multiply-defined library cell. [LBR-22]
        : Library-cell name collision (slow_vdd1v0/AND3X1 and fast_vdd1v2/AND3X1).  Deleting (fast_vdd1v2/AND3X1).
Warning : Maximum message print count reached. [MESG-11]
        : Maximum print count of '20' reached for message 'LBR-22'.
  Setting attribute of root '/': 'library' =  /home/user_27/work/tech/gpdk045/gsclib045_all_v4.7/gsclib045/timing/slow_vdd1v0_basicCells.lib /home/user_27/work/tech/gpdk045/gsclib045_all_v4.7/gsclib045_lvt/timing/slow_vdd1v0_basicCells_lvt.lib /home/user_27/work/tech/gpdk045/gsclib045_all_v4.7/gsclib045_hvt/timing/slow_vdd1v0_basicCells_hvt.lib  /home/user_27/work/tech/gpdk045/gsclib045_all_v4.7/gsclib045/timing/fast_vdd1v2_basicCells.lib /home/user_27/work/tech/gpdk045/gsclib045_all_v4.7/gsclib045_lvt/timing/fast_vdd1v2_basicCells_lvt.lib /home/user_27/work/tech/gpdk045/gsclib045_all_v4.7/gsclib045_hvt/timing/fast_vdd1v2_basicCells_hvt.lib
@file(run_synth.tcl) 53: eval "set_db / .lef_library  {$LEF_FILES}"
Info    : Via with no resistance will have a value of '0.0' assigned for resistance value. [PHYS-129]
        : Via 'M2_M1_HV' has no resistance value.
        : If this is the expected behavior, this message can be ignored.
Info    : Via with no resistance will have a value of '0.0' assigned for resistance value. [PHYS-129]
        : Via 'M2_M1_VV' has no resistance value.
Info    : Via with no resistance will have a value of '0.0' assigned for resistance value. [PHYS-129]
        : Via 'M2_M1_VH' has no resistance value.
Info    : Via with no resistance will have a value of '0.0' assigned for resistance value. [PHYS-129]
        : Via 'M2_M1_HH' has no resistance value.
Info    : Via with no resistance will have a value of '0.0' assigned for resistance value. [PHYS-129]
        : Via 'M2_M1_2x1_HV_E' has no resistance value.
Info    : Via with no resistance will have a value of '0.0' assigned for resistance value. [PHYS-129]
        : Via 'M2_M1_2x1_HV_W' has no resistance value.
Info    : Via with no resistance will have a value of '0.0' assigned for resistance value. [PHYS-129]
        : Via 'M2_M1_1x2_HV_N' has no resistance value.
Info    : Via with no resistance will have a value of '0.0' assigned for resistance value. [PHYS-129]
        : Via 'M2_M1_1x2_HV_S' has no resistance value.
Info    : Via with no resistance will have a value of '0.0' assigned for resistance value. [PHYS-129]
        : Via 'M3_M2_VH' has no resistance value.
Info    : Via with no resistance will have a value of '0.0' assigned for resistance value. [PHYS-129]
        : Via 'M3_M2_HH' has no resistance value.
Info    : Via with no resistance will have a value of '0.0' assigned for resistance value. [PHYS-129]
        : Via 'M3_M2_HV' has no resistance value.
Info    : Via with no resistance will have a value of '0.0' assigned for resistance value. [PHYS-129]
        : Via 'M3_M2_VV' has no resistance value.
Info    : Via with no resistance will have a value of '0.0' assigned for resistance value. [PHYS-129]
        : Via 'M3_M2_M_NH' has no resistance value.
Info    : Via with no resistance will have a value of '0.0' assigned for resistance value. [PHYS-129]
        : Via 'M3_M2_M_SH' has no resistance value.
Info    : Via with no resistance will have a value of '0.0' assigned for resistance value. [PHYS-129]
        : Via 'M3_M2_2x1_VH_E' has no resistance value.
Info    : Via with no resistance will have a value of '0.0' assigned for resistance value. [PHYS-129]
        : Via 'M3_M2_2x1_VH_W' has no resistance value.
Info    : Via with no resistance will have a value of '0.0' assigned for resistance value. [PHYS-129]
        : Via 'M3_M2_1x2_VH_N' has no resistance value.
Info    : Via with no resistance will have a value of '0.0' assigned for resistance value. [PHYS-129]
        : Via 'M3_M2_1x2_VH_S' has no resistance value.
Info    : Via with no resistance will have a value of '0.0' assigned for resistance value. [PHYS-129]
        : Via 'M4_M3_HV' has no resistance value.
Info    : Via with no resistance will have a value of '0.0' assigned for resistance value. [PHYS-129]
        : Via 'M4_M3_VV' has no resistance value.
Warning : Maximum message print count reached. [MESG-11]
        : Maximum print count of '20' reached for message 'PHYS-129'.

  According to lef_library, there are total 11 routing layers [ V(5) / H(6) ]

Info    : Mismatch in unateness between 'timing_sense' attribute and the function. [LBR-155]
        : 'timing_sense' attribute between pin 'CI' and 'S' in libcell 'ADDFHX1' is 'pos_unate', but unateness determined from function is 'non_unate'.
        : The 'timing_sense' attribute will be respected.
Info    : Mismatch in unateness between 'timing_sense' attribute and the function. [LBR-155]
        : 'timing_sense' attribute between pin 'CI' and 'S' in libcell 'ADDFHX1' is 'neg_unate', but unateness determined from function is 'non_unate'.
Info    : Both 'pos_unate' and 'neg_unate' timing_sense arcs have been processed. [LBR-162]
        : Non_unate 'timing_sense' inferred between pin 'CI' and 'S' in libcell 'ADDFHX1'.
        : Setting the 'timing_sense' to non_unate.
Info    : Mismatch in unateness between 'timing_sense' attribute and the function. [LBR-155]
        : 'timing_sense' attribute between pin 'B' and 'S' in libcell 'ADDFHX1' is 'pos_unate', but unateness determined from function is 'non_unate'.
Info    : Mismatch in unateness between 'timing_sense' attribute and the function. [LBR-155]
        : 'timing_sense' attribute between pin 'B' and 'S' in libcell 'ADDFHX1' is 'neg_unate', but unateness determined from function is 'non_unate'.
Info    : Both 'pos_unate' and 'neg_unate' timing_sense arcs have been processed. [LBR-162]
        : Non_unate 'timing_sense' inferred between pin 'B' and 'S' in libcell 'ADDFHX1'.
Info    : Mismatch in unateness between 'timing_sense' attribute and the function. [LBR-155]
        : 'timing_sense' attribute between pin 'A' and 'S' in libcell 'ADDFHX1' is 'pos_unate', but unateness determined from function is 'non_unate'.
Info    : Mismatch in unateness between 'timing_sense' attribute and the function. [LBR-155]
        : 'timing_sense' attribute between pin 'A' and 'S' in libcell 'ADDFHX1' is 'neg_unate', but unateness determined from function is 'non_unate'.
Info    : Both 'pos_unate' and 'neg_unate' timing_sense arcs have been processed. [LBR-162]
        : Non_unate 'timing_sense' inferred between pin 'A' and 'S' in libcell 'ADDFHX1'.
Info    : Mismatch in unateness between 'timing_sense' attribute and the function. [LBR-155]
        : 'timing_sense' attribute between pin 'CI' and 'S' in libcell 'ADDFHX2' is 'pos_unate', but unateness determined from function is 'non_unate'.
Info    : Mismatch in unateness between 'timing_sense' attribute and the function. [LBR-155]
        : 'timing_sense' attribute between pin 'CI' and 'S' in libcell 'ADDFHX2' is 'neg_unate', but unateness determined from function is 'non_unate'.
Info    : Both 'pos_unate' and 'neg_unate' timing_sense arcs have been processed. [LBR-162]
        : Non_unate 'timing_sense' inferred between pin 'CI' and 'S' in libcell 'ADDFHX2'.
Info    : Mismatch in unateness between 'timing_sense' attribute and the function. [LBR-155]
        : 'timing_sense' attribute between pin 'B' and 'S' in libcell 'ADDFHX2' is 'pos_unate', but unateness determined from function is 'non_unate'.
Info    : Mismatch in unateness between 'timing_sense' attribute and the function. [LBR-155]
        : 'timing_sense' attribute between pin 'B' and 'S' in libcell 'ADDFHX2' is 'neg_unate', but unateness determined from function is 'non_unate'.
Info    : Both 'pos_unate' and 'neg_unate' timing_sense arcs have been processed. [LBR-162]
        : Non_unate 'timing_sense' inferred between pin 'B' and 'S' in libcell 'ADDFHX2'.
Info    : Setting the maximum print count of this message to 10 if information_level is less than 9. [LBR-161]
        : To print all the warning messages, set the information_level to 9.
Info    : Both 'pos_unate' and 'neg_unate' timing_sense arcs have been processed. [LBR-162]
        : Non_unate 'timing_sense' inferred between pin 'A' and 'S' in libcell 'ADDFHX2'.
Info    : Both 'pos_unate' and 'neg_unate' timing_sense arcs have been processed. [LBR-162]
        : Non_unate 'timing_sense' inferred between pin 'CI' and 'S' in libcell 'ADDFHX4'.
Info    : Both 'pos_unate' and 'neg_unate' timing_sense arcs have been processed. [LBR-162]
        : Non_unate 'timing_sense' inferred between pin 'B' and 'S' in libcell 'ADDFHX4'.
Info    : Both 'pos_unate' and 'neg_unate' timing_sense arcs have been processed. [LBR-162]
        : Non_unate 'timing_sense' inferred between pin 'A' and 'S' in libcell 'ADDFHX4'.
Info    : Both 'pos_unate' and 'neg_unate' timing_sense arcs have been processed. [LBR-162]
        : Non_unate 'timing_sense' inferred between pin 'CI' and 'S' in libcell 'ADDFHXL'.
Info    : Both 'pos_unate' and 'neg_unate' timing_sense arcs have been processed. [LBR-162]
        : Non_unate 'timing_sense' inferred between pin 'B' and 'S' in libcell 'ADDFHXL'.
Info    : Both 'pos_unate' and 'neg_unate' timing_sense arcs have been processed. [LBR-162]
        : Non_unate 'timing_sense' inferred between pin 'A' and 'S' in libcell 'ADDFHXL'.
Info    : Both 'pos_unate' and 'neg_unate' timing_sense arcs have been processed. [LBR-162]
        : Non_unate 'timing_sense' inferred between pin 'CI' and 'S' in libcell 'ADDFX1'.
Info    : Both 'pos_unate' and 'neg_unate' timing_sense arcs have been processed. [LBR-162]
        : Non_unate 'timing_sense' inferred between pin 'B' and 'S' in libcell 'ADDFX1'.
Info    : Both 'pos_unate' and 'neg_unate' timing_sense arcs have been processed. [LBR-162]
        : Non_unate 'timing_sense' inferred between pin 'A' and 'S' in libcell 'ADDFX1'.
Info    : Both 'pos_unate' and 'neg_unate' timing_sense arcs have been processed. [LBR-162]
        : Non_unate 'timing_sense' inferred between pin 'CI' and 'S' in libcell 'ADDFX2'.
Info    : Both 'pos_unate' and 'neg_unate' timing_sense arcs have been processed. [LBR-162]
        : Non_unate 'timing_sense' inferred between pin 'B' and 'S' in libcell 'ADDFX2'.
Info    : Both 'pos_unate' and 'neg_unate' timing_sense arcs have been processed. [LBR-162]
        : Non_unate 'timing_sense' inferred between pin 'A' and 'S' in libcell 'ADDFX2'.
Info    : Both 'pos_unate' and 'neg_unate' timing_sense arcs have been processed. [LBR-162]
        : Non_unate 'timing_sense' inferred between pin 'CI' and 'S' in libcell 'ADDFX4'.
Info    : Both 'pos_unate' and 'neg_unate' timing_sense arcs have been processed. [LBR-162]
        : Non_unate 'timing_sense' inferred between pin 'B' and 'S' in libcell 'ADDFX4'.
Warning : Maximum message print count reached. [MESG-11]
        : Maximum print count of '20' reached for message 'LBR-162'.
  Libraries have 972 usable logic and 384 usable sequential lib-cells.
Warning : Physical cell not defined in library. [PHYS-279]
        : The physical (LEF) cell DFF2RX1 cannot be found in library.
        : Ensure that the proper library files are available and have been imported.
Warning : Physical cell not defined in library. [PHYS-279]
        : The physical (LEF) cell DFF2RX2 cannot be found in library.
Warning : Physical cell not defined in library. [PHYS-279]
        : The physical (LEF) cell DFF2X1 cannot be found in library.
Warning : Physical cell not defined in library. [PHYS-279]
        : The physical (LEF) cell DFF2X2 cannot be found in library.
Warning : Physical cell not defined in library. [PHYS-279]
        : The physical (LEF) cell DFF4RX1 cannot be found in library.
Warning : Physical cell not defined in library. [PHYS-279]
        : The physical (LEF) cell DFF4RX2 cannot be found in library.
Warning : Physical cell not defined in library. [PHYS-279]
        : The physical (LEF) cell DFF4X1 cannot be found in library.
Warning : Physical cell not defined in library. [PHYS-279]
        : The physical (LEF) cell DFF4X2 cannot be found in library.
Warning : Physical cell not defined in library. [PHYS-279]
        : The physical (LEF) cell FILL1 cannot be found in library.
Warning : Physical cell not defined in library. [PHYS-279]
        : The physical (LEF) cell FILL16 cannot be found in library.
Warning : Physical cell not defined in library. [PHYS-279]
        : The physical (LEF) cell FILL2 cannot be found in library.
Warning : Physical cell not defined in library. [PHYS-279]
        : The physical (LEF) cell FILL32 cannot be found in library.
Warning : Physical cell not defined in library. [PHYS-279]
        : The physical (LEF) cell FILL4 cannot be found in library.
Warning : Physical cell not defined in library. [PHYS-279]
        : The physical (LEF) cell FILL64 cannot be found in library.
Warning : Physical cell not defined in library. [PHYS-279]
        : The physical (LEF) cell FILL8 cannot be found in library.
Warning : Physical cell not defined in library. [PHYS-279]
        : The physical (LEF) cell FSWNX1 cannot be found in library.
Warning : Physical cell not defined in library. [PHYS-279]
        : The physical (LEF) cell FSWX1 cannot be found in library.
Warning : Physical cell not defined in library. [PHYS-279]
        : The physical (LEF) cell HSWDNX1 cannot be found in library.
Warning : Physical cell not defined in library. [PHYS-279]
        : The physical (LEF) cell HSWDX1 cannot be found in library.
Warning : Physical cell not defined in library. [PHYS-279]
        : The physical (LEF) cell HSWNX1 cannot be found in library.
Warning : Maximum message print count reached. [MESG-11]
        : Maximum print count of '20' reached for message 'PHYS-279'.
  Setting attribute of root '/': 'lef_library' = /home/user_27/work/tech/gpdk045/gsclib045_all_v4.7/gsclib045_tech/lef/gsclib045_tech.lef /home/user_27/work/tech/gpdk045/gsclib045_all_v4.7/gsclib045/lef/gsclib045_macro.lef /home/user_27/work/tech/gpdk045/gsclib045_all_v4.7/gsclib045_lvt/lef/gsclib045_lvt_macro.lef /home/user_27/work/tech/gpdk045/gsclib045_all_v4.7/gsclib045_hvt/lef/gsclib045_hvt_macro.lef
@file(run_synth.tcl) 56: if {$SYNTH_LOW_POWER == "true" } {
set_db / .lp_insert_clock_gating true 
}
@file(run_synth.tcl) 68: if {$SYNTH_LOW_POWER == "true" } {
set_db / .leakage_power_effort high 
} else {
set_db / .leakage_power_effort medium 
}
Warning : This attribute will be obsolete in a next major release. [TUI-32]
        : attribute: 'leakage_power_effort', object type: 'root'
        : This attribute is obsolete. Use design_power_effort attribute instead.
  Setting attribute of root '/': 'leakage_power_effort' = medium
@file(run_synth.tcl) 80: read_hdl -sv "$RTL_FILES"
            Reading Verilog file 'design_data/DATAPATH.sv'
            Reading Verilog file 'design_data/FSM.sv'
            Reading Verilog file 'design_data/TOP.sv'
@file(run_synth.tcl) 81: eval "elaborate $DESIGN"
Info    : Elaborating Design. [ELAB-1]
        : Elaborating top-level block 'TOP' from file 'design_data/TOP.sv'.
Info    : Elaborating Subdesign. [ELAB-2]
        : Elaborating block 'FSM' from file 'design_data/FSM.sv'.
Info    : Identified sum-of-products logic to be optimized during syn_generic. [CDFG-769]
        : Sum-of-products logic in module 'FSM' in file 'design_data/FSM.sv' on line 133.
Info    : Identified sum-of-products logic to be optimized during syn_generic. [CDFG-769]
        : Sum-of-products logic in module 'FSM' in file 'design_data/FSM.sv' on line 41.
Info    : Elaborating Subdesign. [ELAB-2]
        : Elaborating block 'DATAPATH' from file 'design_data/DATAPATH.sv'.
Warning : Unreachable statements for case item. [CDFG-472]
        : Case item 'default' in module 'DATAPATH' in file 'design_data/DATAPATH.sv' on line 44.
Warning : Unreachable statements for case item. [CDFG-472]
        : Case item 'default' in module 'DATAPATH' in file 'design_data/DATAPATH.sv' on line 66.
Info    : Bitwidth mismatch in assignment. [CDFG-372]
        : Width of left hand side 'MULT_OUT' [16] doesn't match the width of right hand side [14] in assignment in file 'design_data/DATAPATH.sv' on line 85.
        : Review and make sure the mismatch is unintentional. Genus can possibly issue bitwidth mismatch warning for explicit assignments present in RTL as-well-as for implicit assignments inferred by the tool. For example, in case of enum declaration without value, the tool will implicitly assign value to the enum variables. It also issues the warning for any bitwidth mismatch that appears in this implicit assignment.
Info    : Identified sum-of-products logic to be optimized during syn_generic. [CDFG-769]
        : Sum-of-products logic in module 'DATAPATH' in file 'design_data/DATAPATH.sv' on line 66.
Info    : Done Elaborating Design. [ELAB-3]
        : Done elaborating 'TOP'.
Checking for analog nets...
Check completed for analog nets.
Checking for source RTL...
Check completed for source RTL.
Running Unified Mux Engine Tricks...
Completed Unified Mux Engine Tricks

Stage: post_elab
--------------------------------------------------------
| Trick             | Accepts | Rejects | Runtime (ms) | 
--------------------------------------------------------
| ume_constant_bmux |       0 |       0 |         0.00 | 
--------------------------------------------------------
Starting clip mux common data inputs [v1.0] (stage: post_elab, startdef: TOP, recur: true)
Completed clip mux common data inputs (accepts: 0, rejects: 0, runtime: 0.000s)
Starting clip the non-user hierarchies [v2.0] (stage: post_elab, startdef: TOP, recur: true)
Completed clip the non-user hierarchies (accepts: 0, rejects: 0, runtime: 0.000s)

Stage: post_elab
---------------------------------------------------------
| Transform          | Accepts | Rejects | Runtime (ms) | 
---------------------------------------------------------
| hlo_clip_mux_input |       0 |       0 |         0.00 | 
| hlo_clip           |       0 |       0 |         0.00 | 
---------------------------------------------------------
        Computing net loads.
UM:   flow.cputime  flow.realtime  timing.setup.tns  timing.setup.wns  snapshot
UM:*                                                                   elaborate
@file(run_synth.tcl) 82: puts "Runtime & Memory after 'read_hdl'"
Runtime & Memory after 'read_hdl'
@file(run_synth.tcl) 83: time_info Elaboration
stamp 'Elaboration' being created for table 'default'

  Total Time (Wall) |  Stage Time (Wall)  |   % (Wall)   |    Date - Time     |  Memory   | Stage
--------------------+---------------------+--------------+--------------------+-----------+----------------------
 00:00:09(00:00:00) |  00:00:00(00:00:00) |   0.0(  0.0) |    7:47:43 (Jun13) |  149.7 MB | init
--------------------+---------------------+--------------+--------------------+-----------+----------------------
 00:00:30(00:00:19) |  00:00:21(00:00:19) | 100.0(100.0) |    7:48:02 (Jun13) |  387.6 MB | Elaboration
--------------------+---------------------+--------------+--------------------+-----------+----------------------
Number of threads: 8 * 1   (id: default, time_info v1.57)
Info: (*N*) indicates data that was populated from previously saved time_info database
Info: CPU time includes time of parent + longest thread
@file(run_synth.tcl) 87: check_design -unresolved


 	 Check Design Report (c)
	 ------------------- 

  Unresolved References & Empty Modules
  ------------------------------------- 
No unresolved references in design 'TOP'

No empty modules in design 'TOP'

  Done Checking the design.
@file(run_synth.tcl) 93: read_sdc $CONSTRAINTS_FILE 
            Reading file '/home/B2_Robiul/UDIF/aiub_vlsi_impl_demo/projects/new_Project2B_2/synth_gpdk_1/design_data/top.sdc'
Statistics for commands executed by read_sdc:
 "all_inputs"               - successful      1 , failed      0 (runtime  0.00)
 "all_outputs"              - successful      1 , failed      0 (runtime  0.00)
 "create_clock"             - successful      1 , failed      0 (runtime  0.01)
 "get_ports"                - successful      2 , failed      0 (runtime  0.01)
 "remove_from_collection"   - successful      1 , failed      0 (runtime  0.00)
 "set_input_delay"          - successful      1 , failed      0 (runtime  0.01)
 "set_output_delay"         - successful      1 , failed      0 (runtime  0.00)
read_sdc completed in 00:00:00 (hh:mm:ss)
@file(run_synth.tcl) 94: puts "The number of exceptions is [llength [vfind "design:$DESIGN" -exception *]]"
The number of exceptions is 1
@file(run_synth.tcl) 99: if {![file exists ${_LOG_PATH}]} {
  file mkdir ${_LOG_PATH}
  puts "Creating directory ${_LOG_PATH}"
}
Creating directory logs_Jun13-07:47:51
@file(run_synth.tcl) 104: if {![file exists ${_OUTPUTS_PATH}]} {
  file mkdir ${_OUTPUTS_PATH}
  puts "Creating directory ${_OUTPUTS_PATH}"
}
Creating directory outputs_Jun13-07:47:51
@file(run_synth.tcl) 109: if {![file exists ${_REPORTS_PATH}]} {
  file mkdir ${_REPORTS_PATH}
  puts "Creating directory ${_REPORTS_PATH}"
}
Creating directory reports_Jun13-07:47:51
@file(run_synth.tcl) 113: check_timing_intent
        Computing net loads.
        Tracing clock networks.
Info    : Multimode clock gating check is disabled. [TIM-1000]
        Levelizing the circuit.
        Computing delays.
        Computing arrivals and requireds.
============================================================
  Generated by:           Genus(TM) Synthesis Solution 21.18-s082_1
  Generated on:           Jun 13 2026  07:48:03 am
  Module:                 TOP
  Technology libraries:   slow_vdd1v0 1.0
                          fast_vdd1v2 1.0
                          physical_cells 
  Operating conditions:   PVT_0P9V_125C 
  Interconnect mode:      global
  Area mode:              physical library
============================================================

-------------------------------------------------------------------------------
Inputs without external driver/transition

The following primary inputs have no external driver or input transition set.   
As a result the transition on the ports will be assumed as zero. The            
'external_driver' attribute is used to add and external driver or the           
'fixed_slew' attribute to add an external transition.                           

port:TOP/FSM_ARESET
port:TOP/GO
port:TOP/STOP
  ... 4 other warnings in this category.
 Use the -verbose option for more details.
-------------------------------------------------------------------------------

-------------------------------------------------------------------------------
Outputs without external load

The following primary outputs have no external load set. As a result the load   
on the ports will be assumed as zero. The 'external_pin_cap' attribute is used  
to add and external pin cap.                                                    

port:TOP/Y_REG[0]
port:TOP/Y_REG[10]
port:TOP/Y_REG[11]
  ... 11 other warnings in this category.
 Use the -verbose option for more details.
-------------------------------------------------------------------------------


Lint summary
 Unconnected/logic driven clocks                                  0
 Sequential data pins driven by a clock signal                    0
 Sequential clock pins without clock waveform                     0
 Sequential clock pins with multiple clock waveforms              0
 Generated clocks without clock waveform                          0
 Generated clocks with incompatible options                       0
 Generated clocks with multi-master clock                         0
 Paths constrained with different clocks                          0
 Loop-breaking cells for combinational feedback                   0
 Nets with multiple drivers                                       0
 Timing exceptions with no effect                                 0
 Suspicious multi_cycle exceptions                                0
 Pins/ports with conflicting case constants                       0
 Inputs without clocked external delays                           0
 Outputs without clocked external delays                          0
 Inputs without external driver/transition                        7
 Outputs without external load                                   14
 Exceptions with invalid timing start-/endpoints                  0

                                                  Total:         21

@file(run_synth.tcl) 123: if {[llength [all_registers]] > 0} { 
  define_cost_group -name I2C -design $DESIGN
  define_cost_group -name C2O -design $DESIGN
  define_cost_group -name C2C -design $DESIGN
  path_group -from [all_registers] -to [all_registers] -group C2C -name C2C
  path_group -from [all_registers] -to [all_outputs] -group C2O -name C2O
  path_group -from [all_inputs]  -to [all_registers] -group I2C -name I2C
}
@file(run_synth.tcl) 132: define_cost_group -name I2O -design $DESIGN
@file(run_synth.tcl) 133: path_group -from [all_inputs]  -to [all_outputs] -group I2O -name I2O
@file(run_synth.tcl) 134: foreach cg [vfind / -cost_group *] {
  report_timing -group [list $cg] >> $_REPORTS_PATH/${DESIGN}_pretim.rpt
}
        Computing arrivals and requireds.
@file(run_synth.tcl) 163: set_db / .syn_generic_effort $GEN_EFF
  Setting attribute of root '/': 'syn_generic_effort' = medium
@file(run_synth.tcl) 164: syn_generic
      Running additional step before syn_gen...


Stage: pre_early_cg
------------------------------------------------
| Transform | Accepts | Rejects | Runtime (ms) | 
------------------------------------------------
------------------------------------------------
##Generic Timing Info for library domain: _default_ typical gate delay: 100.0 ps std_slew: 16.3 ps std_load: 1.0 fF
Starting mux data reorder optimization [v1.0] (stage: pre_to_gen_setup, startdef: TOP, recur: true)
Completed mux data reorder optimization (accepts: 0, rejects: 0, runtime: 0.001s)

Stage: pre_to_gen_setup
------------------------------------------------------
| Transform       | Accepts | Rejects | Runtime (ms) | 
------------------------------------------------------
| hlo_mux_reorder |       0 |       0 |         1.00 | 
------------------------------------------------------
Current PLE settings:

Aspect ratio        : 1.000
Shrink factor       : 1.000
Scale of res/length : 1.000
Scale of cap/length : 1.000
Net derating factor : 1.000
Thermal factor      : 1.000
Via Resistance      : 0.000 ohm (from default)
Site size           : 1.910 um (from lef [tech+cell])

                                   Capacitance  
  Layer                             / Length         Data source:
Name        Direction Utilization  (pF/micron)       lef_library
------------------------------------------------
Metal1          H         0.00        0.000412  
Metal2          V         1.00        0.000416  
Metal3          H         1.00        0.000416  
Metal4          V         1.00        0.000416  
Metal5          H         1.00        0.000416  
Metal6          V         1.00        0.000416  
Metal7          H         1.00        0.000416  
Metal8          V         1.00        0.000416  
Metal9          H         1.00        0.000416  
Metal10         V         1.00        0.000444  
Metal11         H         1.00        0.000444  

                                    Resistance   
  Layer                              / Length         Data source:
Name        Direction Utilization  (ohm/micron)       lef_library
-------------------------------------------------
Metal1          H         0.00         1.226667  
Metal2          V         1.00         0.755000  
Metal3          H         1.00         0.755000  
Metal4          V         1.00         0.755000  
Metal5          H         1.00         0.755000  
Metal6          V         1.00         0.755000  
Metal7          H         1.00         0.755000  
Metal8          V         1.00         0.267500  
Metal9          H         1.00         0.267500  
Metal10         V         1.00         0.097273  
Metal11         H         1.00         0.095455  

                                        Area     
  Layer                               / Length        Data source:
Name        Direction Utilization     (micron)        lef_library
-------------------------------------------------
Metal1          H         0.00         0.060000  
Metal2          V         1.00         0.080000  
Metal3          H         1.00         0.080000  
Metal4          V         1.00         0.080000  
Metal5          H         1.00         0.080000  
Metal6          V         1.00         0.080000  
Metal7          H         1.00         0.080000  
Metal8          V         1.00         0.080000  
Metal9          H         1.00         0.080000  
Metal10         V         1.00         0.220000  
Metal11         H         1.00         0.220000  

Info    : Synthesizing. [SYNTH-1]
        : Synthesizing 'TOP' to generic gates using 'medium' effort.
Running Synthesis Turbo Flow Version 1.
PBS_Generic-Start - Elapsed_Time 0, CPU_Time 0.0
stamp 'PBS_Generic-Start' being created for table 'pbs_debug'

  Total Time (Wall) |  Stage Time (Wall)  |   % (Wall)   |    Date - Time     |  Memory   | Stage
--------------------+---------------------+--------------+--------------------+-----------+----------------------
 00:00:32(00:00:23) |  00:00:00(00:00:00) |   0.0(  0.0) |    7:48:06 (Jun13) |  387.6 MB | PBS_Generic-Start
--------------------+---------------------+--------------+--------------------+-----------+----------------------
Number of threads: 8 * 1   (id: pbs_debug, time_info v1.57)
Info: (*N*) indicates data that was populated from previously saved time_info database
Info: CPU time includes time of parent + longest thread
        Computing net loads.
TNS Restructuring config: no_value at stage: generic applied.
Info    : Partition Based Synthesis execution skipped. [PHYS-752]
        : Design size is less than the partition size '100000' for distributed generic optimization to kick in.
Starting mux data reorder optimization [v1.0] (stage: pre_to_gen_setup, startdef: TOP, recur: true)
Completed mux data reorder optimization (accepts: 0, rejects: 0, runtime: 0.001s)

Stage: pre_to_gen_setup
------------------------------------------------------
| Transform       | Accepts | Rejects | Runtime (ms) | 
------------------------------------------------------
| hlo_mux_reorder |       0 |       0 |         1.00 | 
------------------------------------------------------
Starting mux data reorder optimization [v1.0] (stage: post_to_gen_setup, startdef: TOP, recur: true)
Completed mux data reorder optimization (accepts: 0, rejects: 0, runtime: 0.000s)

Stage: post_to_gen_setup
------------------------------------------------------
| Transform       | Accepts | Rejects | Runtime (ms) | 
------------------------------------------------------
| hlo_mux_reorder |       0 |       0 |         0.00 | 
------------------------------------------------------
Current PLE settings:

Aspect ratio        : 1.000
Shrink factor       : 1.000
Scale of res/length : 1.000
Scale of cap/length : 1.000
Net derating factor : 1.000
Thermal factor      : 1.000
Via Resistance      : 0.000 ohm (from default)
Site size           : 1.910 um (from lef [tech+cell])

                                   Capacitance  
  Layer                             / Length         Data source:
Name        Direction Utilization  (pF/micron)       lef_library
------------------------------------------------
Metal1          H         0.00        0.000412  
Metal2          V         1.00        0.000416  
Metal3          H         1.00        0.000416  
Metal4          V         1.00        0.000416  
Metal5          H         1.00        0.000416  
Metal6          V         1.00        0.000416  
Metal7          H         1.00        0.000416  
Metal8          V         1.00        0.000416  
Metal9          H         1.00        0.000416  
Metal10         V         1.00        0.000444  
Metal11         H         1.00        0.000444  

                                    Resistance   
  Layer                              / Length         Data source:
Name        Direction Utilization  (ohm/micron)       lef_library
-------------------------------------------------
Metal1          H         0.00         1.226667  
Metal2          V         1.00         0.755000  
Metal3          H         1.00         0.755000  
Metal4          V         1.00         0.755000  
Metal5          H         1.00         0.755000  
Metal6          V         1.00         0.755000  
Metal7          H         1.00         0.755000  
Metal8          V         1.00         0.267500  
Metal9          H         1.00         0.267500  
Metal10         V         1.00         0.097273  
Metal11         H         1.00         0.095455  

                                        Area     
  Layer                               / Length        Data source:
Name        Direction Utilization     (micron)        lef_library
-------------------------------------------------
Metal1          H         0.00         0.060000  
Metal2          V         1.00         0.080000  
Metal3          H         1.00         0.080000  
Metal4          V         1.00         0.080000  
Metal5          H         1.00         0.080000  
Metal6          V         1.00         0.080000  
Metal7          H         1.00         0.080000  
Metal8          V         1.00         0.080000  
Metal9          H         1.00         0.080000  
Metal10         V         1.00         0.220000  
Metal11         H         1.00         0.220000  

Running Unified Mux Engine Tricks...
Completed Unified Mux Engine Tricks

Stage: pre_hlo_rtlopt
--------------------------------------------
| Trick | Accepts | Rejects | Runtime (ms) | 
--------------------------------------------
--------------------------------------------
Starting infer macro optimization [v1.0] (stage: pre_rtlopt, startdef: TOP, recur: true)
Completed infer macro optimization (accepts: 0, rejects: 4, runtime: 0.002s)
Starting decode mux sandwich optimization [v2.0] (stage: pre_rtlopt, startdef: TOP, recur: true)
Completed decode mux sandwich optimization (accepts: 0, rejects: 0, runtime: 0.000s)
Starting decode mux optimization [v1.0] (stage: pre_rtlopt, startdef: TOP, recur: true)
Completed decode mux optimization (accepts: 0, rejects: 0, runtime: 0.000s)
Starting chop wide muxes [v1.0] (stage: pre_rtlopt, startdef: TOP, recur: true)
Completed chop wide muxes (accepts: 0, rejects: 0, runtime: 0.000s)
Starting common data mux cascade opt [v1.0] (stage: pre_rtlopt, startdef: TOP, recur: true)
Completed common data mux cascade opt (accepts: 0, rejects: 0, runtime: 0.000s)
Starting mux input consolidation [v1.0] (stage: pre_rtlopt, startdef: TOP, recur: true)
Completed mux input consolidation (accepts: 0, rejects: 0, runtime: 0.000s)
Starting constant-data mux optimization [v1.0] (stage: pre_rtlopt, startdef: TOP, recur: true)
Completed constant-data mux optimization (accepts: 0, rejects: 0, runtime: 0.001s)
Starting chain-to-tree inequality transform [v2.0] (stage: pre_rtlopt, startdef: TOP, recur: true)
Completed chain-to-tree inequality transform (accepts: 0, rejects: 0, runtime: 0.001s)
Starting reconvergence optimization [v1.0] (stage: pre_rtlopt, startdef: TOP, recur: true)
Completed reconvergence optimization (accepts: 0, rejects: 0, runtime: 0.001s)
Starting logic restructure optimization [v1.0] (stage: pre_rtlopt, startdef: TOP, recur: true)
Completed logic restructure optimization (accepts: 0, rejects: 0, runtime: 0.000s)
Starting common select mux optimization [v1.0] (stage: pre_rtlopt, startdef: TOP, recur: true)
Completed common select mux optimization (accepts: 0, rejects: 1, runtime: 0.000s)
Starting identity transform [v3.0] (stage: pre_rtlopt, startdef: TOP, recur: true)
Completed identity transform (accepts: 0, rejects: 0, runtime: 0.001s)
Starting reduce operator chain [v1.0] (stage: pre_rtlopt, startdef: TOP, recur: true)
Completed reduce operator chain (accepts: 0, rejects: 0, runtime: 0.000s)
Starting common data mux cascade opt [v1.0] (stage: pre_rtlopt, startdef: TOP, recur: true)
Completed common data mux cascade opt (accepts: 0, rejects: 0, runtime: 0.000s)
Starting mux input consolidation [v1.0] (stage: pre_rtlopt, startdef: TOP, recur: true)
Completed mux input consolidation (accepts: 0, rejects: 0, runtime: 0.000s)
Starting optimize datapath elements [v1.0] (stage: pre_rtlopt, startdef: TOP, recur: true)
Completed optimize datapath elements (accepts: 0, rejects: 0, runtime: 0.000s)
Starting datapath recasting [v1.0] (stage: pre_rtlopt, startdef: TOP, recur: true)
Completed datapath recasting (accepts: 0, rejects: 0, runtime: 0.000s)
Starting clip mux common data inputs [v1.0] (stage: pre_rtlopt, startdef: TOP, recur: true)
Completed clip mux common data inputs (accepts: 0, rejects: 0, runtime: 0.000s)
Starting clip the non-user hierarchies [v2.0] (stage: pre_rtlopt, startdef: TOP, recur: true)
Completed clip the non-user hierarchies (accepts: 0, rejects: 0, runtime: 0.000s)

Stage: pre_rtlopt
----------------------------------------------------------------
| Transform                 | Accepts | Rejects | Runtime (ms) | 
----------------------------------------------------------------
| hlo_infer_macro           |       0 |       4 |         2.00 | 
| hlo_decode_mux_sandwich   |       0 |       0 |         0.00 | 
| hlo_mux_decode            |       0 |       0 |         0.00 | 
| hlo_chop_mux              |       0 |       0 |         0.00 | 
| hlo_mux_cascade_opt       |       0 |       0 |         0.00 | 
| hlo_mux_consolidation     |       0 |       0 |         0.00 | 
| hlo_constant_mux_opt      |       0 |       0 |         1.00 | 
| hlo_inequality_transform  |       0 |       0 |         1.00 | 
| hlo_reconv_opt            |       0 |       0 |         1.00 | 
| hlo_restructure           |       0 |       0 |         0.00 | 
| hlo_common_select_muxopto |       0 |       1 |         0.00 | 
| hlo_identity_transform    |       0 |       0 |         1.00 | 
| hlo_reduce_operator_chain |       0 |       0 |         0.00 | 
| hlo_mux_cascade_opt       |       0 |       0 |         0.00 | 
| hlo_mux_consolidation     |       0 |       0 |         0.00 | 
| hlo_optimize_datapath     |       0 |       0 |         0.00 | 
| hlo_datapath_recast       |       0 |       0 |         0.00 | 
| hlo_clip_mux_input        |       0 |       0 |         0.00 | 
| hlo_clip                  |       0 |       0 |         0.00 | 
----------------------------------------------------------------
Running Unified Mux Engine Tricks...
Completed Unified Mux Engine Tricks

Stage: post_hlo_rtlopt
--------------------------------------------------
| Trick       | Accepts | Rejects | Runtime (ms) | 
--------------------------------------------------
| ume_runtime |       0 |       0 |         0.00 | 
--------------------------------------------------
Number of big hc bmuxes before = 0
Number of non-ctl's : 0

SOP DEBUG : Module= DATAPATH, Cluster= ctl_SEL_B_66_10, ctl= 1, Non-ctl= 0
Selected impl_type 0 (ctl + 1-hot mux form) for sop cluster ctl_SEL_B_66_10.
Number of non-ctl's : 5
mux_N_STATE_41_5 mux_N_STATE_41_10 mux_cmbsop_CLR_133_10 mux_N_STATE_49_7 mux_N_STATE_92_9 
SOP DEBUG : Module= FSM, Cluster= ctl_41_10, ctl= 5, Non-ctl= 5
Selected impl_type 0 (ctl + 1-hot mux form) for sop cluster ctl_41_10.
              Info: total 1 bmuxes found, 1 are converted to onehot form, and 0 are kept as binary form
Info    : Pre-processed datapath logic. [DPOPT-6]
        : Pre-processing optimizations applied to datapath logic in 'TOP':
          sop(2) output_trim(1) live_trim(1) 
Info    : Optimizing datapath logic. [DPOPT-1]
        : Optimizing datapath logic in 'TOP'.
Info    : Implementing datapath configurations. [DPOPT-3]
        : Implementing datapath configurations for 'CDN_DP_region_0_0'
CSAGen Prep Share:0 Re-Write:0 Speculation: 0
    MaxCSA: weighted_instance_count is 266 
MaxCSA: Successfully built Maximal CSA Expression Expr0
      Timing csa_tree...
        Done timing csa_tree.
      Timing add_signed_carry...
        Done timing add_signed_carry.
Number of non-ctl's : 1
mux_MUX_B_OUT_66_10 
SOP DEBUG : Module= CDN_DP_region_0_0_c7, Cluster= ctl_SEL_B_66_10_create, ctl= 1, Non-ctl= 1
Selected impl_type 0 (ctl + 1-hot mux form) for sop cluster ctl_SEL_B_66_10_create.
      Timing csa_tree_103...
        Done timing csa_tree_103.
      Timing add_unsigned_carry...
        Done timing add_unsigned_carry.
Info    : Transformed datapath macro. [RTLOPT-40]
        : Transformed 1 datapath macros in module 'CDN_DP_region_0_0_c1' to a form more suitable for further optimization.
Number of non-ctl's : 1
mux_MUX_B_OUT_66_10 
SOP DEBUG : Module= CDN_DP_region_0_0_c1, Cluster= ctl_SEL_B_66_10_create, ctl= 1, Non-ctl= 1
Selected impl_type 0 (ctl + 1-hot mux form) for sop cluster ctl_SEL_B_66_10_create.
Info    : Transformed datapath macro. [RTLOPT-40]
        : Transformed 1 datapath macros in module 'CDN_DP_region_0_0_c2' to a form more suitable for further optimization.
Number of non-ctl's : 1
mux_MUX_B_OUT_66_10 
SOP DEBUG : Module= CDN_DP_region_0_0_c2, Cluster= ctl_SEL_B_66_10_create, ctl= 1, Non-ctl= 1
Selected impl_type 0 (ctl + 1-hot mux form) for sop cluster ctl_SEL_B_66_10_create.
Info    : Transformed datapath macro. [RTLOPT-40]
        : Transformed 1 datapath macros in module 'CDN_DP_region_0_0_c3' to a form more suitable for further optimization.
Number of non-ctl's : 1
mux_MUX_B_OUT_66_10 
SOP DEBUG : Module= CDN_DP_region_0_0_c3, Cluster= ctl_SEL_B_66_10_create, ctl= 1, Non-ctl= 1
Selected impl_type 0 (ctl + 1-hot mux form) for sop cluster ctl_SEL_B_66_10_create.
Info    : Transformed datapath macro. [RTLOPT-40]
        : Transformed 1 datapath macros in module 'CDN_DP_region_0_0_c4' to a form more suitable for further optimization.
Number of non-ctl's : 1
mux_MUX_B_OUT_66_10 
SOP DEBUG : Module= CDN_DP_region_0_0_c4, Cluster= ctl_SEL_B_66_10_create, ctl= 1, Non-ctl= 1
Selected impl_type 0 (ctl + 1-hot mux form) for sop cluster ctl_SEL_B_66_10_create.
Info    : Transformed datapath macro. [RTLOPT-40]
        : Transformed 1 datapath macros in module 'CDN_DP_region_0_0_c5' to a form more suitable for further optimization.
Number of non-ctl's : 1
mux_MUX_B_OUT_66_10 
SOP DEBUG : Module= CDN_DP_region_0_0_c5, Cluster= ctl_SEL_B_66_10_create, ctl= 1, Non-ctl= 1
Selected impl_type 0 (ctl + 1-hot mux form) for sop cluster ctl_SEL_B_66_10_create.
Info    : Transformed datapath macro. [RTLOPT-40]
        : Transformed 1 datapath macros in module 'CDN_DP_region_0_0_c6' to a form more suitable for further optimization.
Number of non-ctl's : 1
mux_MUX_B_OUT_66_10 
SOP DEBUG : Module= CDN_DP_region_0_0_c6, Cluster= ctl_SEL_B_66_10_create, ctl= 1, Non-ctl= 1
Selected impl_type 0 (ctl + 1-hot mux form) for sop cluster ctl_SEL_B_66_10_create.
CDN_DP_region_0_0 level = 0 loads = 0 drivers = 0
CDN_DP_region_0_0_c0 in DATAPATH: area: 4086213075 ,dp = 3 mux = 2 sg = slow         worst_clk_period: -1.0000 
    wns: 0  norm_wns:  -1.0000 
    fail_endp: -1 
    tns:  0  tns_per_endp:  -1.0000   norm_tns_per_endp:  -1.0000 
    tns_sense_max:  -1.0000  tns_sense_avg:  -1.0000   tns_sense_num: -1
    power:  -9223372036854775808  
 skipped
CDN_DP_region_0_0_c1 in DATAPATH: area: 3610823580 ,dp = 1 mux = 1 sg = fast         worst_clk_period: -1.0000 
    wns: 0  norm_wns:  -1.0000 
    fail_endp: -1 
    tns:  0  tns_per_endp:  -1.0000   norm_tns_per_endp:  -1.0000 
    tns_sense_max:  -1.0000  tns_sense_avg:  -1.0000   tns_sense_num: -1
    power:  -9223372036854775808  
 is current best
CDN_DP_region_0_0_c2 in DATAPATH: area: 3610823580 ,dp = 1 mux = 1 sg = very_slow    worst_clk_period: -1.0000 
    wns: 0  norm_wns:  -1.0000 
    fail_endp: -1 
    tns:  0  tns_per_endp:  -1.0000   norm_tns_per_endp:  -1.0000 
    tns_sense_max:  -1.0000  tns_sense_avg:  -1.0000   tns_sense_num: -1
    power:  -9223372036854775808  
 is current best
CDN_DP_region_0_0_c3 in DATAPATH: area: 3610823580 ,dp = 1 mux = 1 sg = very_fast    worst_clk_period: -1.0000 
    wns: 0  norm_wns:  -1.0000 
    fail_endp: -1 
    tns:  0  tns_per_endp:  -1.0000   norm_tns_per_endp:  -1.0000 
    tns_sense_max:  -1.0000  tns_sense_avg:  -1.0000   tns_sense_num: -1
    power:  -9223372036854775808  
 is current best
CDN_DP_region_0_0_c4 in DATAPATH: area: 3610823580 ,dp = 1 mux = 1 sg = very_fast    worst_clk_period: -1.0000 
    wns: 0  norm_wns:  -1.0000 
    fail_endp: -1 
    tns:  0  tns_per_endp:  -1.0000   norm_tns_per_endp:  -1.0000 
    tns_sense_max:  -1.0000  tns_sense_avg:  -1.0000   tns_sense_num: -1
    power:  -9223372036854775808  
 is current best
CDN_DP_region_0_0_c5 in DATAPATH: area: 3610823580 ,dp = 1 mux = 1 sg = very_fast    worst_clk_period: -1.0000 
    wns: 0  norm_wns:  -1.0000 
    fail_endp: -1 
    tns:  0  tns_per_endp:  -1.0000   norm_tns_per_endp:  -1.0000 
    tns_sense_max:  -1.0000  tns_sense_avg:  -1.0000   tns_sense_num: -1
    power:  -9223372036854775808  
 is current best
CDN_DP_region_0_0_c6 in DATAPATH: area: 3610823580 ,dp = 1 mux = 1 sg = very_fast    worst_clk_period: -1.0000 
    wns: 0  norm_wns:  -1.0000 
    fail_endp: -1 
    tns:  0  tns_per_endp:  -1.0000   norm_tns_per_endp:  -1.0000 
    tns_sense_max:  -1.0000  tns_sense_avg:  -1.0000   tns_sense_num: -1
    power:  -9223372036854775808  
 is current best
CDN_DP_region_0_0_c7 in DATAPATH: area: 3626847945 ,dp = 1 mux = 1 sg = very_fast    worst_clk_period: -1.0000 
    wns: 0  norm_wns:  -1.0000 
    fail_endp: -1 
    tns:  0  tns_per_endp:  -1.0000   norm_tns_per_endp:  -1.0000 
    tns_sense_max:  -1.0000  tns_sense_avg:  -1.0000   tns_sense_num: -1
    power:  -9223372036854775808  

Best config: CDN_DP_region_0_0_c6 in DATAPATH: area: 3610823580 ,dp = 1 mux = 1 sg = very_fast    worst_clk_period: -1.0000 
    wns: 0  norm_wns:  -1.0000 
    fail_endp: -1 
    tns:  0  tns_per_endp:  -1.0000   norm_tns_per_endp:  -1.0000 
    tns_sense_max:  -1.0000  tns_sense_avg:  -1.0000   tns_sense_num: -1
    power:  -9223372036854775808  
  Smallest config area : 3610823580.  Fastest config wns;  0
##>+----------------------------------------------------------------------------------------------------------------------------------------------------------------+
##>Summary table of configs (Best config is CDN_DP_region_0_0_c6)
##>+----------------------------------------------------------------------------------------------------------------------------------------------------------------+
##>                     0                  1                  2                  3                  4                  5                  6                  7            
##>+----------------------------------------------------------------------------------------------------------------------------------------------------------------+
##>           Area       4086213075         3610823580         3610823580         3610823580         3610823580         3610823580         3610823580         3626847945  
##>            WNS         +2809.80           +3220.60           +3220.60           +3220.60           +3220.60           +3220.60           +3220.60           +3220.60  
##>            TNS                0                  0                  0                  0                  0                  0                  0                  0  
##>    Num Rewrite                0                  1                  1                  1                  1                  1                  1                  0  
##>     Num Factor                0                  0                  0                  0                  0                  0                  0                  0  
##>      Num Share                0                  0                  0                  0                  0                  0                  0                  0  
##>   Num CmultCse                0                  0                  0                  0                  0                  0                  0                  0  
##>   Num Downsize                0                  0                  0                  0                  0                  0                  0                  0  
##>  Num Speculate                0                  0                  0                  0                  0                  0                  0                  0  
##>     Runtime(s)                0                  0                  0                  0                  0                  0                  0                  1  
+----------------------------------------------------------------------------------------------------------------------------------------------------------------+
##>
##>
##>+-----------------------------------------------------------------------------------------------------------------------------------------------------------------------------------------------------+
##>Optimization Step DEBUG Table for config CDN_DP_region_0_0_c6
##>
##>                          Step                        Area   (  % Chg)         WNS (Change)          TNS (Change)                Power   (  % Chg)        Runtime (s)        Comment                   
##>+-----------------------------------------------------------------------------------------------------------------------------------------------------------------------------------------------------+
##>createMaxCarrySave              START             4086213075 (       )    107376992.20 (        )          0 (        )                    0 (       )              
##> datapath_rewrite_one_def       START             4086213075 (  +0.00)    107376992.20 (   +0.00)          0 (       0)                    0 (  +0.00)              
##>  fast_cse_elim                 START             4086213075 (  +0.00)    107376992.20 (   +0.00)          0 (       0)                    0 (  +0.00)              
##>                                  END             4086213075 (  +0.00)    107376992.20 (   +0.00)          0 (       0)                    0 (  +0.00)           0  
##>  fast_cse_elim                 START             4086213075 (  +0.00)    107376992.20 (   +0.00)          0 (       0)                    0 (  +0.00)              
##>                                  END             4086213075 (  +0.00)    107376992.20 (   +0.00)          0 (       0)                    0 (  +0.00)           0  
##>                                  END             4086213075 (  +0.00)    107376992.20 (   +0.00)          0 (       0)                    0 (  +0.00)           0  
##> dpopt_share_one_def            START             4086213075 (  +0.00)    107376992.20 (   +0.00)          0 (       0)                    0 (  +0.00)              
##>                                  END             4086213075 (  +0.00)    107376992.20 (   +0.00)          0 (       0)                    0 (  +0.00)           0  
##> csa_opto                       START             4086213075 (  +0.00)    214748364.70 (+107371372.50)          0 (       0)                    0 (  +0.00)              
##>                                  END             3680262495 (  -9.93)    214748364.70 (   +0.00)          0 (       0)                    0 (  +0.00)           0  
##>                                  END             3680262495 (  -9.93)    214748364.70 (+107371372.50)          0 (       0)                    0 (  +0.00)           0  
##>canonicalize_by_names           START             3680262495 (  +0.00)    214748364.70 (   +0.00)          0 (       0)                    0 (  +0.00)              
##>                                  END             3680262495 (  +0.00)    214748364.70 (   +0.00)          0 (       0)                    0 (  +0.00)           0  
##>datapath_rewrite_post_csa_one_  START             3680262495 (  +0.00)    214748364.70 (   +0.00)          0 (       0)                    0 (  +0.00)              
##> rewrite                        START             3680262495 (  +0.00)    214748364.70 (   +0.00)          0 (       0)                    0 (  +0.00)              (a,ar) csa_add_and_inc_v2 --> csa_add_ci
##>                                  END             3637530855 (  -1.16)    214748364.70 (   +0.00)          0 (       0)                    0 (  +0.00)           0  
##>                                  END             3637530855 (  -1.16)    214748364.70 (   +0.00)          0 (       0)                    0 (  +0.00)           0  
##>datapath_csa_factoring_one_gde  START             3637530855 (  +0.00)    214748364.70 (   +0.00)          0 (       0)                    0 (  +0.00)              
##>                                  END             3637530855 (  +0.00)    214748364.70 (   +0.00)          0 (       0)                    0 (  +0.00)           0  
##>dpopt_share_one_def             START             3637530855 (  +0.00)    214748364.70 (   +0.00)          0 (       0)                    0 (  +0.00)              
##>                                  END             3637530855 (  +0.00)    214748364.70 (   +0.00)          0 (       0)                    0 (  +0.00)           0  
##>datapath_rewrite_post_share     START             3637530855 (  +0.00)    214748364.70 (   +0.00)          0 (       0)                    0 (  +0.00)              
##>                                  END             3637530855 (  +0.00)    214748364.70 (   +0.00)          0 (       0)                    0 (  +0.00)           0  
##>dp_combine_const_mult_with_com  START             3637530855 (  +0.00)    214748364.70 (   +0.00)          0 (       0)                    0 (  +0.00)              
##>                                  END             3637530855 (  +0.00)    214748364.70 (   +0.00)          0 (       0)                    0 (  +0.00)           0  
##>speculate_in_gdef               START             3637530855 (  +0.00)    214748364.70 (   +0.00)          0 (       0)                    0 (  +0.00)              
##> pre_speculate_mux_merge        START             3637530855 (  +0.00)    214748364.70 (   +0.00)          0 (       0)                    0 (  +0.00)              
##>                                  END             3637530855 (  +0.00)    214748364.70 (   +0.00)          0 (       0)                    0 (  +0.00)           0  
##>                                  END             3637530855 (  +0.00)    214748364.70 (   +0.00)          0 (       0)                    0 (  +0.00)           0  
##>dp_operator_level_decompositio  START             3637530855 (  +0.00)    214748364.70 (   +0.00)          0 (       0)                    0 (  +0.00)              
##>                                  END             3637530855 (  +0.00)    214748364.70 (   +0.00)          0 (       0)                    0 (  +0.00)           0  
##>selective_flatten_dp_config     START             3637530855 (  +0.00)    214748364.70 (   +0.00)          0 (       0)                    0 (  +0.00)              
##>                                  END             3637530855 (  +0.00)    214748364.70 (   +0.00)          0 (       0)                    0 (  +0.00)           0  
##>createMaxCarrySave              START             3637530855 (  +0.00)    214748364.70 (   +0.00)          0 (       0)                    0 (  +0.00)              
##> datapath_rewrite_one_def       START             3637530855 (  +0.00)    214748364.70 (   +0.00)          0 (       0)                    0 (  +0.00)              
##>  fast_cse_elim                 START             3637530855 (  +0.00)    214748364.70 (   +0.00)          0 (       0)                    0 (  +0.00)              
##>                                  END             3637530855 (  +0.00)    214748364.70 (   +0.00)          0 (       0)                    0 (  +0.00)           0  
##>  fast_cse_elim                 START             3637530855 (  +0.00)    214748364.70 (   +0.00)          0 (       0)                    0 (  +0.00)              
##>                                  END             3637530855 (  +0.00)    214748364.70 (   +0.00)          0 (       0)                    0 (  +0.00)           0  
##>                                  END             3637530855 (  +0.00)    214748364.70 (   +0.00)          0 (       0)                    0 (  +0.00)           0  
##> dpopt_share_one_def            START             3637530855 (  +0.00)    214748364.70 (   +0.00)          0 (       0)                    0 (  +0.00)              
##>                                  END             3637530855 (  +0.00)    214748364.70 (   +0.00)          0 (       0)                    0 (  +0.00)           0  
##> csa_opto                       START             3637530855 (  +0.00)    214748364.70 (   +0.00)          0 (       0)                    0 (  +0.00)              
##>                                  END             3637530855 (  +0.00)    214748364.70 (   +0.00)          0 (       0)                    0 (  +0.00)           0  
##>                                  END             3637530855 (  +0.00)    214748364.70 (   +0.00)          0 (       0)                    0 (  +0.00)           0  
##>datapath_rewrite_post_csa_one_  START             3637530855 (  +0.00)    214748364.70 (   +0.00)          0 (       0)                    0 (  +0.00)              
##>                                  END             3637530855 (  +0.00)    214748364.70 (   +0.00)          0 (       0)                    0 (  +0.00)           0  
##>datapath_csa_factoring_one_gde  START             3637530855 (  +0.00)    214748364.70 (   +0.00)          0 (       0)                    0 (  +0.00)              
##>                                  END             3637530855 (  +0.00)    214748364.70 (   +0.00)          0 (       0)                    0 (  +0.00)           0  
##>dpopt_share_one_def             START             3637530855 (  +0.00)    214748364.70 (   +0.00)          0 (       0)                    0 (  +0.00)              
##>                                  END             3637530855 (  +0.00)    214748364.70 (   +0.00)          0 (       0)                    0 (  +0.00)           0  
##>datapath_rewrite_post_share     START             3637530855 (  +0.00)    214748364.70 (   +0.00)          0 (       0)                    0 (  +0.00)              
##>                                  END             3637530855 (  +0.00)    214748364.70 (   +0.00)          0 (       0)                    0 (  +0.00)           0  
##>dp_combine_const_mult_with_com  START             3637530855 (  +0.00)    214748364.70 (   +0.00)          0 (       0)                    0 (  +0.00)              
##>                                  END             3637530855 (  +0.00)    214748364.70 (   +0.00)          0 (       0)                    0 (  +0.00)           0  
##>speculate_in_gdef               START             3637530855 (  +0.00)    214748364.70 (   +0.00)          0 (       0)                    0 (  +0.00)              
##> pre_speculate_mux_merge        START             3637530855 (  +0.00)    214748364.70 (   +0.00)          0 (       0)                    0 (  +0.00)              
##>                                  END             3637530855 (  +0.00)    214748364.70 (   +0.00)          0 (       0)                    0 (  +0.00)           0  
##>                                  END             3637530855 (  +0.00)    214748364.70 (   +0.00)          0 (       0)                    0 (  +0.00)           0  
##>dp_operator_level_decompositio  START             3637530855 (  +0.00)    214748364.70 (   +0.00)          0 (       0)                    0 (  +0.00)              
##>                                  END             3637530855 (  +0.00)    214748364.70 (   +0.00)          0 (       0)                    0 (  +0.00)           0  
##>selective_flatten_dp_config     START             3637530855 (  +0.00)    214748364.70 (   +0.00)          0 (       0)                    0 (  +0.00)              
##>                                  END             3637530855 (  +0.00)    214748364.70 (   +0.00)          0 (       0)                    0 (  +0.00)           0  
##>createMaxCarrySave              START             3637530855 (  +0.00)    214748364.70 (   +0.00)          0 (       0)                    0 (  +0.00)              
##> datapath_rewrite_one_def       START             3637530855 (  +0.00)    214748364.70 (   +0.00)          0 (       0)                    0 (  +0.00)              
##>  fast_cse_elim                 START             3637530855 (  +0.00)    214748364.70 (   +0.00)          0 (       0)                    0 (  +0.00)              
##>                                  END             3637530855 (  +0.00)    214748364.70 (   +0.00)          0 (       0)                    0 (  +0.00)           0  
##>  fast_cse_elim                 START             3637530855 (  +0.00)    214748364.70 (   +0.00)          0 (       0)                    0 (  +0.00)              
##>                                  END             3637530855 (  +0.00)    214748364.70 (   +0.00)          0 (       0)                    0 (  +0.00)           0  
##>                                  END             3637530855 (  +0.00)    214748364.70 (   +0.00)          0 (       0)                    0 (  +0.00)           0  
##> dpopt_share_one_def            START             3637530855 (  +0.00)    214748364.70 (   +0.00)          0 (       0)                    0 (  +0.00)              
##>                                  END             3637530855 (  +0.00)    214748364.70 (   +0.00)          0 (       0)                    0 (  +0.00)           0  
##> csa_opto                       START             3637530855 (  +0.00)    214748364.70 (   +0.00)          0 (       0)                    0 (  +0.00)              
##>                                  END             3637530855 (  +0.00)    214748364.70 (   +0.00)          0 (       0)                    0 (  +0.00)           0  
##>                                  END             3637530855 (  +0.00)    214748364.70 (   +0.00)          0 (       0)                    0 (  +0.00)           0  
##>context_based_simplify          START             3610823580 (  -0.73)    214748364.70 (   +0.00)          0 (       0)                    0 (  +0.00)              
##>                                  END             3610823580 (  +0.00)    214748364.70 (   +0.00)          0 (       0)                    0 (  +0.00)           0  
##>group_csa_final_adder_dp        START             3610823580 (  +0.00)    214748364.70 (   +0.00)          0 (       0)                    0 (  +0.00)              
##>                                  END             3722994135 (  +3.11)    214748364.70 (   +0.00)          0 (       0)                    0 (  +0.00)           0  
##>dpopt_flatten_critical_muxes_i  START             3722994135 (  +0.00)    214748364.70 (   +0.00)          0 (       0)                    0 (  +0.00)              
##>                                  END             3722994135 (  +0.00)    214748364.70 (   +0.00)          0 (       0)                    0 (  +0.00)           0  
##>speculate_in_gdef               START             3722994135 (  +0.00)    214748364.70 (   +0.00)          0 (       0)                    0 (  +0.00)              
##> pre_speculate_mux_merge        START             3722994135 (  +0.00)    214748364.70 (   +0.00)          0 (       0)                    0 (  +0.00)              
##>                                  END             3722994135 (  +0.00)    214748364.70 (   +0.00)          0 (       0)                    0 (  +0.00)           0  
##>                                  END             3722994135 (  +0.00)    214748364.70 (   +0.00)          0 (       0)                    0 (  +0.00)           0  
##>create_score                    START             3610823580 (  -3.01)     3220.60 (-214745144.10)          0 (       0)                    0 (  +0.00)              
##>                                  END             3610823580 (  +0.00)     3220.60 (   +0.00)          0 (       0)                    0 (  +0.00)           0  
##>+-----------------------------------------------------------------------------------------------------------------------------------------------------------------------------------------------------+
Committed config: CDN_DP_region_0_0_c6
Info    : Done implementing datapath configurations. [DPOPT-4]
        : Selected 'very_fast' configuration 6 for module 'CDN_DP_region_0_0_c6'.
          Optimizations applied to 'very_fast' configuration:
            rewriting(1), factoring(0), sharing(0), cmultcse(0), downsizing(0), speculation(0)
Info:  Ungrouped 0 dp-cluster instances.  0 cluster instances were left intact, to aid verification.
              Preparing netlist for verification ...
              Done preparing netlist for verification.
Info    : Done optimizing datapath logic. [DPOPT-2]
        : Done optimizing datapath logic in 'TOP'.
      Removing temporary intermediate hierarchies under TOP
Number of big hc bmuxes after = 0
Starting logic reduction [v1.0] (stage: post_rtlopt, startdef: TOP, recur: true)
Completed logic reduction (accepts: 0, rejects: 0, runtime: 0.000s)
Starting mux data reorder optimization [v1.0] (stage: post_rtlopt, startdef: TOP, recur: true)
Completed mux data reorder optimization (accepts: 0, rejects: 0, runtime: 0.000s)

Stage: post_rtlopt
----------------------------------------------------------
| Transform           | Accepts | Rejects | Runtime (ms) | 
----------------------------------------------------------
| hlo_logic_reduction |       0 |       0 |         0.00 | 
| hlo_mux_reorder     |       0 |       0 |         0.00 | 
----------------------------------------------------------
              Optimizing muxes in design 'DATAPATH'.
              Post blast muxes in design 'DATAPATH'.
Starting mux speculation [v1.0] (stage: post_muxopt, startdef: TOP, recur: true)
Starting speculation optimization
Completed speculation optimization (accepts:0)
Completed mux speculation (accepts: 0, rejects: 0, runtime: 0.026s)

Stage: post_muxopt
------------------------------------------------------
| Transform       | Accepts | Rejects | Runtime (ms) | 
------------------------------------------------------
| hlo_speculation |       0 |       0 |        26.00 | 
------------------------------------------------------
==================================
Stage : to_generic 
==================================
  =================
   Message Summary
  =================
------------------------------------------------------------------------------------------------------------
|    Id     |  Sev   |Count |                                Message Text                                  |
------------------------------------------------------------------------------------------------------------
| CDFG-372  |Info    |    1 |Bitwidth mismatch in assignment.                                              |
|           |        |      |Review and make sure the mismatch is unintentional. Genus can possibly issue  |
|           |        |      | bitwidth mismatch warning for explicit assignments present in RTL as-well-as |
|           |        |      | for implicit assignments inferred by the tool. For example, in case of enum  |
|           |        |      | declaration without value, the tool will implicitly assign value to the enum |
|           |        |      | variables. It also issues the warning for any bitwidth mismatch that appears |
|           |        |      | in this implicit assignment.                                                 |
| CDFG-472  |Warning |    2 |Unreachable statements for case item.                                         |
| CDFG-769  |Info    |    3 |Identified sum-of-products logic to be optimized during syn_generic.          |
| CWD-19    |Info    |   25 |An implementation was inferred.                                               |
| DPOPT-1   |Info    |    1 |Optimizing datapath logic.                                                    |
| DPOPT-2   |Info    |    1 |Done optimizing datapath logic.                                               |
| DPOPT-3   |Info    |    1 |Implementing datapath configurations.                                         |
| DPOPT-4   |Info    |    1 |Done implementing datapath configurations.                                    |
| DPOPT-6   |Info    |    1 |Pre-processed datapath logic.                                                 |
| ELAB-1    |Info    |    1 |Elaborating Design.                                                           |
| ELAB-2    |Info    |    2 |Elaborating Subdesign.                                                        |
| ELAB-3    |Info    |    1 |Done Elaborating Design.                                                      |
| LBR-3     |Info    |    4 |Appending library.                                                            |
|           |        |      |Appending libraries will overwrite some of the characteristics of the         |
|           |        |      | library.                                                                     |
| LBR-9     |Warning |   48 |Library cell has no output pins defined.                                      |
|           |        |      |Add the missing output pin(s)                                                 |
|           |        |      | , then reload the library. Else the library cell will be marked as timing    |
|           |        |      | model i.e. unusable. Timing_model means that the cell does not have any      |
|           |        |      | defined function. If there is no output pin, Genus will mark library cell as |
|           |        |      | unusable i.e. the attribute 'usable' will be marked to 'false' on the        |
|           |        |      | libcell. Therefore, the cell is not used for mapping and it will not be      |
|           |        |      | picked up from the library for synthesis. If you query the attribute         |
|           |        |      | 'unusable_reason' on the libcell; result will be: 'Library cell has no       |
|           |        |      | output pins.'Note: The message LBR-9 is only for the logical pins and not    |
|           |        |      | for the power_ground pins. Genus will depend upon the output function        |
|           |        |      | defined in the pin group (output pin)                                        |
|           |        |      | of the cell, to use it for mapping. The pg_pin will not have any function    |
|           |        |      | defined.                                                                     |
| LBR-22    |Warning | 1449 |Multiply-defined library cell.                                                |
|           |        |      |Library cell names must be unique.  Any duplicates will be deleted.  Only the |
|           |        |      | first (as determined by the order of libraries) will be retained.            |
| LBR-38    |Warning |    3 |Libraries have inconsistent nominal operating conditions. In the Liberty      |
|           |        |      | library, there are attributes called nom_voltage, nom_process and            |
|           |        |      | nom_temperature. Genus reports the message, if the respective values of the  |
|           |        |      | 2 given .libs differ.                                                        |
|           |        |      |This is a common source of delay calculation confusion and should be avoided. |
| LBR-41    |Info    |    6 |An output library pin lacks a function attribute.                             |
|           |        |      |If the remainder of this library cell's semantic checks are successful, it    |
|           |        |      | will be considered as a timing-model                                         |
|           |        |      | (because one of its outputs does not have a valid function.                  |
| LBR-155   |Info    | 2376 |Mismatch in unateness between 'timing_sense' attribute and the function.      |
|           |        |      |The 'timing_sense' attribute will be respected.                               |
| LBR-161   |Info    |    1 |Setting the maximum print count of this message to 10 if information_level is |
|           |        |      | less than 9.                                                                 |
| LBR-162   |Info    |  372 |Both 'pos_unate' and 'neg_unate' timing_sense arcs have been processed.       |
|           |        |      |Setting the 'timing_sense' to non_unate.                                      |
| LBR-412   |Info    |    2 |Created nominal operating condition.                                          |
|           |        |      |The nominal operating condition is represented, either by the nominal PVT     |
|           |        |      | values specified in the library source                                       |
|           |        |      | (via nom_process,nom_voltage and nom_temperature respectively)               |
|           |        |      | , or by the default PVT values (1.0,1.0,1.0).                                |
| LBR-518   |Info    |    6 |Missing a function attribute in the output pin definition.                    |
| LBR-785   |Info    | 1449 |Stored shadowed libcells.                                                     |
|           |        |      |Before deleting duplicate libcells, their names are stored.                   |
| PHYS-129  |Info    |  119 |Via with no resistance will have a value of '0.0' assigned for resistance     |
|           |        |      | value.                                                                       |
|           |        |      |If this is the expected behavior, this message can be ignored.                |
| PHYS-279  |Warning |  110 |Physical cell not defined in library.                                         |
|           |        |      |Ensure that the proper library files are available and have been imported.    |
| PHYS-752  |Info    |    1 |Partition Based Synthesis execution skipped.                                  |
| RTLOPT-40 |Info    |    6 |Transformed datapath macro.                                                   |
| SDC-208   |Warning |    3 |Could not find requested search value.                                        |
|           |        |      |Use get_* commands to find the objects along with a wild card entry in the    |
|           |        |      | name of the object to check if the object is existing with different naming  |
|           |        |      | style.                                                                       |
| SYNTH-1   |Info    |    1 |Synthesizing.                                                                 |
| TIM-1000  |Info    |    1 |Multimode clock gating check is disabled.                                     |
| TUI-32    |Warning |    1 |This attribute will be obsolete in a next major release.                      |
------------------------------------------------------------------------------------------------------------
Current PLE settings:

Aspect ratio        : 1.000
Shrink factor       : 1.000
Scale of res/length : 1.000
Scale of cap/length : 1.000
Net derating factor : 1.000
Thermal factor      : 1.000
Via Resistance      : 0.000 ohm (from default)
Site size           : 1.910 um (from lef [tech+cell])

                                   Capacitance  
  Layer                             / Length         Data source:
Name        Direction Utilization  (pF/micron)       lef_library
------------------------------------------------
Metal1          H         0.00        0.000412  
Metal2          V         1.00        0.000416  
Metal3          H         1.00        0.000416  
Metal4          V         1.00        0.000416  
Metal5          H         1.00        0.000416  
Metal6          V         1.00        0.000416  
Metal7          H         1.00        0.000416  
Metal8          V         1.00        0.000416  
Metal9          H         1.00        0.000416  
Metal10         V         1.00        0.000444  
Metal11         H         1.00        0.000444  

                                    Resistance   
  Layer                              / Length         Data source:
Name        Direction Utilization  (ohm/micron)       lef_library
-------------------------------------------------
Metal1          H         0.00         1.226667  
Metal2          V         1.00         0.755000  
Metal3          H         1.00         0.755000  
Metal4          V         1.00         0.755000  
Metal5          H         1.00         0.755000  
Metal6          V         1.00         0.755000  
Metal7          H         1.00         0.755000  
Metal8          V         1.00         0.267500  
Metal9          H         1.00         0.267500  
Metal10         V         1.00         0.097273  
Metal11         H         1.00         0.095455  

                                        Area     
  Layer                               / Length        Data source:
Name        Direction Utilization     (micron)        lef_library
-------------------------------------------------
Metal1          H         0.00         0.060000  
Metal2          V         1.00         0.080000  
Metal3          H         1.00         0.080000  
Metal4          V         1.00         0.080000  
Metal5          H         1.00         0.080000  
Metal6          V         1.00         0.080000  
Metal7          H         1.00         0.080000  
Metal8          V         1.00         0.080000  
Metal9          H         1.00         0.080000  
Metal10         V         1.00         0.220000  
Metal11         H         1.00         0.220000  

Mapper: Libraries have:
	domain _default_: 972 combo usable cells and 384 sequential usable cells
      Mapping 'TOP'...
        Preparing the circuit
          Pruning unused logic
Multi-threaded constant propagation [1|0] ...
Info    : Hierarchical instance automatically ungrouped. [GLO-51]
        : Instance 'F1' in module 'TOP' would be automatically ungrouped.
        : Hierarchical instances can be automatically ungrouped to allow for better area or timing optimization. To prevent this ungroup, set the root-level attribute 'auto_ungroup' to 'none'. You can also prevent individual ungroup with setting the attribute 'ungroup_ok' of instances or modules to 'false'.
Info    : Hierarchical instance automatically ungrouped. [GLO-51]
        : Instance 'D2' in module 'TOP' would be automatically ungrouped.
        Rebuilding component 'WALLACE_CSA_DUMMY_OP_group_178' based on context...
          Analyzing hierarchical boundaries
          Aggressive hierarchical optimization: disabled
          Propagating constants
        Done preparing the circuit
          Structuring (delay-based) TOP...
          Done structuring (delay-based) TOP
Multi-threaded Virtual Mapping    (8 threads per ST process, 8 of 32 CPUs usable)
          Structuring (delay-based) logic partition in TOP...
            Starting partial collapsing  cb_oseq
            Finished partial collapsing.
            Starting redundancy-removal...
            Finished redundancy-removal...
          Done structuring (delay-based) logic partition in TOP
        Mapping logic partition in TOP...
        Rebalancing component 'D2_WALLACE_CSA_DUMMY_OP_groupi'...
          Structuring (delay-based) WALLACE_CSA_DUMMY_OP_group_178...
            Starting partial collapsing (xors only) WALLACE_CSA_DUMMY_OP_group_178
            Finished partial collapsing.
            Starting partial collapsing  WALLACE_CSA_DUMMY_OP_group_178
            Finished partial collapsing.
            Starting redundancy-removal...
            Finished redundancy-removal...
          Done structuring (delay-based) WALLACE_CSA_DUMMY_OP_group_178
        Mapping component WALLACE_CSA_DUMMY_OP_group_178...
          Structuring (delay-based) logic partition in TOP...
          Done structuring (delay-based) logic partition in TOP
        Mapping logic partition in TOP...
==================================
Stage : first_condense 
==================================
  =================
   Message Summary
  =================
------------------------------------------------------------------------------------------------------------
|   Id   |Sev  |Count |                                   Message Text                                     |
------------------------------------------------------------------------------------------------------------
| GLO-51 |Info |    2 |Hierarchical instance automatically ungrouped.                                      |
|        |     |      |Hierarchical instances can be automatically ungrouped to allow for better area or   |
|        |     |      | timing optimization. To prevent this ungroup, set the root-level attribute         |
|        |     |      | 'auto_ungroup' to 'none'. You can also prevent individual ungroup with setting the |
|        |     |      | attribute 'ungroup_ok' of instances or modules to 'false'.                         |
------------------------------------------------------------------------------------------------------------
 
Global mapping target info
==========================
Cost Group 'C2O' target slack:   146 ps
Target path end-point (Port: TOP/Y_REG[0])

        Pin                    Type         Fanout Load Arrival   
                                                   (fF)   (ps)    
------------------------------------------------------------------
(clock SYS_CLK)       <<<  launch                             0 R 
cb_seqi
  D2_Y_REG_reg[0]/clk                                             
  D2_Y_REG_reg[0]/q   (u)  unmapped_d_flop       1  3.9           
cb_seqi/Y_REG[0] 
Y_REG[0]              <<<  interconnect                           
                           out port                               
(top.sdc_line_7_18_1)      ext delay                              
- - - - - - - - - - - - - - - - - - - - - - - - - - - - - - - - - 
(clock SYS_CLK)            capture                         5000 R 
------------------------------------------------------------------
Cost Group   : 'C2O' (path_group 'C2O')
Start-point  : cb_seqi/D2_Y_REG_reg[0]/clk
End-point    : Y_REG[0]

(u) : Net has unmapped pin(s).

The global mapper estimates a slack for this path of 4064ps.
 
Cost Group 'C2C' target slack:   145 ps
Target path end-point (Pin: D2_REG1_reg[13]/d)

         Pin                      Type          Fanout Load Arrival   
                                                       (fF)   (ps)    
----------------------------------------------------------------------
(clock SYS_CLK)         <<<  launch                               0 R 
cb_seqi
  F1_P_STATE_reg[1]/clk                                               
  F1_P_STATE_reg[1]/q   (u)  unmapped_d_flop         4  4.0           
cb_seqi/F1_g100_in_0 
cb_oseqi/cb_seqi_F1_g100_in_0 
  g196/in_1                                                           
  g196/z                (u)  unmapped_nand2          1  1.0           
  g191/in_1                                                           
  g191/z                (u)  unmapped_or2           17 17.0           
  g210/in_0                                                           
  g210/z                (u)  unmapped_complex2       4  4.0           
cb_oseqi/D2_WALLACE_CSA_DUMMY_OP_groupi_in_1[1] 
D2_WALLACE_CSA_DUMMY_OP_groupi/in_1[1] 
  g1189/in_0                                                          
  g1189/z               (u)  unmapped_nand2          4  4.0           
  g1087/in_1                                                          
  g1087/z               (u)  unmapped_complex2       1  1.0           
  g1088/in_1                                                          
  g1088/z               (u)  unmapped_nand2          2  2.0           
  g1043/in_0                                                          
  g1043/z               (u)  unmapped_or2            1  1.0           
  g1044/in_1                                                          
  g1044/z               (u)  unmapped_nand2          2  2.0           
  g1012/in_1                                                          
  g1012/z               (u)  unmapped_complex2       2  2.0           
  g954/in_0                                                           
  g954/z                (u)  unmapped_nand2          1  1.0           
  g949/in_1                                                           
  g949/z                (u)  unmapped_nand2          3  3.0           
  g907/in_1                                                           
  g907/z                (u)  unmapped_nand2          1  1.0           
  g888/in_0                                                           
  g888/z                (u)  unmapped_nand2          3  3.0           
  g880/in_1                                                           
  g880/z                (u)  unmapped_nand2          2  2.0           
  g876/in_1                                                           
  g876/z                (u)  unmapped_complex2       1  1.0           
  g875/in_1                                                           
  g875/z                (u)  unmapped_complex2       3  3.0           
  g868/in_1                                                           
  g868/z                (u)  unmapped_nand2          1  1.0           
  g867/in_1                                                           
  g867/z                (u)  unmapped_nand2          3  3.0           
  g863/in_0                                                           
  g863/z                (u)  unmapped_nand2          1  1.0           
  g862/in_0                                                           
  g862/z                (u)  unmapped_nand2          4  4.0           
  g857/in_1                                                           
  g857/z                (u)  unmapped_complex2       1  1.0           
  g855/in_1                                                           
  g855/z                (u)  unmapped_complex2       3  3.0           
  g851/in_1                                                           
  g851/z                (u)  unmapped_nand2          1  1.0           
  g847/in_1                                                           
  g847/z                (u)  unmapped_nand2          3  3.0           
  g846/in_1                                                           
  g846/z                (u)  unmapped_nand2          1  1.0           
  g842/in_1                                                           
  g842/z                (u)  unmapped_nand2          3  3.0           
  g841/in_1                                                           
  g841/z                (u)  unmapped_nand2          1  1.0           
  g837/in_0                                                           
  g837/z                (u)  unmapped_nand2          2  2.0           
  g835/in_0                                                           
  g835/z                (u)  unmapped_or2            1  1.0           
  g836/in_1                                                           
  g836/z                (u)  unmapped_nand2          1  1.0           
D2_WALLACE_CSA_DUMMY_OP_groupi/out_0[13] 
cb_seqi/D2_WALLACE_CSA_DUMMY_OP_groupi_out_0[13] 
  g114/data1                                                          
  g114/z                (u)  unmapped_bmux3          1  1.0           
  g115/data0                                                          
  g115/z                (u)  unmapped_bmux3          1  1.0           
  D2_REG1_reg[13]/d     <<<  unmapped_d_flop                          
  D2_REG1_reg[13]/clk        setup                                    
- - - - - - - - - - - - - - - - - - - - - - - - - - - - - - - - - - - 
(clock SYS_CLK)              capture                           5000 R 
----------------------------------------------------------------------
Cost Group   : 'C2C' (path_group 'C2C')
Start-point  : cb_seqi/F1_P_STATE_reg[1]/clk
End-point    : cb_seqi/D2_REG1_reg[13]/d

(u) : Net has unmapped pin(s).

The global mapper estimates a slack for this path of 2158ps.
 
Cost Group 'I2C' target slack:   145 ps
Target path end-point (Pin: F1_P_STATE_reg[0]/d)

         Pin                      Type          Fanout Load Arrival   
                                                       (fF)   (ps)    
----------------------------------------------------------------------
(clock SYS_CLK)         <<<  launch                               0 R 
(top.sdc_line_5_1_1)         ext delay                                
GO                      (u)  in port                 1  1.0           
cb_oseqi/GO 
  g195/in_0                                                           
  g195/z                (u)  unmapped_complex2       1  1.0           
  g182/in_1                                                           
  g182/z                (u)  unmapped_or2            1  1.0           
  g151/in_1                                                           
  g151/z                (u)  unmapped_nand2          1  1.0           
  g148/in_1                                                           
  g148/z                (u)  unmapped_complex2       1  1.0           
cb_oseqi/cb_seqi_g113_z 
cb_seqi/g113_z 
  F1_P_STATE_reg[0]/d   <<<  unmapped_d_flop                          
  F1_P_STATE_reg[0]/clk      setup                                    
- - - - - - - - - - - - - - - - - - - - - - - - - - - - - - - - - - - 
(clock SYS_CLK)              capture                           5000 R 
----------------------------------------------------------------------
Cost Group   : 'I2C' (path_group 'I2C')
Start-point  : GO
End-point    : cb_seqi/F1_P_STATE_reg[0]/d

(u) : Net has unmapped pin(s).

The global mapper estimates a slack for this path of 4674ps.
 
          Performing post-condense optimization ...


State Retention Synthesis Status
================================

Category                        Flops   Percentage
--------------------------------------------------
Total instances                    35        100.0
Excluded from State Retention      35        100.0
    - Will not convert             35        100.0
      - Preserved                   0          0.0
      - Power intent excluded      35        100.0
    - Could not convert             0          0.0
      - Scan type                   0          0.0
      - No suitable cell            0          0.0
State Retention instances           0          0.0
--------------------------------------------------

PBS_Generic_Opt-Post - Elapsed_Time 9, CPU_Time 10.147355999999995
stamp 'PBS_Generic_Opt-Post' being created for table 'pbs_debug'

  Total Time (Wall) |  Stage Time (Wall)  |   % (Wall)   |    Date - Time     |  Memory   | Stage
--------------------+---------------------+--------------+--------------------+-----------+----------------------
 00:00:32(00:00:23) |  00:00:00(00:00:00) |   0.0(  0.0) |    7:48:06 (Jun13) |  387.6 MB | PBS_Generic-Start
--------------------+---------------------+--------------+--------------------+-----------+----------------------
 00:00:43(00:00:32) |  00:00:10(00:00:09) | 100.0(100.0) |    7:48:16 (Jun13) |  714.5 MB | PBS_Generic_Opt-Post
--------------------+---------------------+--------------+--------------------+-----------+----------------------
Number of threads: 8 * 1   (id: pbs_debug, time_info v1.57)
Info: (*N*) indicates data that was populated from previously saved time_info database
Info: CPU time includes time of parent + longest thread
        Computing net loads.
PBS_Generic-Postgen HBO Optimizations - Elapsed_Time 0, CPU_Time 0.0
stamp 'PBS_Generic-Postgen HBO Optimizations' being created for table 'pbs_debug'

  Total Time (Wall) |  Stage Time (Wall)  |   % (Wall)   |    Date - Time     |  Memory   | Stage
--------------------+---------------------+--------------+--------------------+-----------+----------------------
 00:00:32(00:00:23) |  00:00:00(00:00:00) |   0.0(  0.0) |    7:48:06 (Jun13) |  387.6 MB | PBS_Generic-Start
--------------------+---------------------+--------------+--------------------+-----------+----------------------
 00:00:43(00:00:32) |  00:00:10(00:00:09) | 100.0( 90.0) |    7:48:16 (Jun13) |  714.5 MB | PBS_Generic_Opt-Post
--------------------+---------------------+--------------+--------------------+-----------+----------------------
 00:00:43(00:00:33) |  00:00:00(00:00:01) |   0.0( 10.0) |    7:48:16 (Jun13) |  714.5 MB | PBS_Generic-Postgen HBO Optimizations
--------------------+---------------------+--------------+--------------------+-----------+----------------------
Number of threads: 8 * 1   (id: pbs_debug, time_info v1.57)
Info: (*N*) indicates data that was populated from previously saved time_info database
Info: CPU time includes time of parent + longest thread
##>=================== Cadence Confidential (Generic-Logical) ===================
##>=================== Cadence Confidential (Generic-Logical) ===================
##>Main Thread Summary:
##>----------------------------------------------------------------------------------------
##>STEP                           Elapsed       WNS       TNS     Insts      Area    Memory
##>----------------------------------------------------------------------------------------
##>G:Initial                            0         -         -       600      1968       387
##>G:Setup                              0         -         -         -         -         -
##>G:Launch ST                          0         -         -         -         -         -
##>G:Design Partition                   0         -         -         -         -         -
##>G:Create Partition Netlists          0         -         -         -         -         -
##>G:Init Power                         0         -         -         -         -         -
##>G:Budgeting                          0         -         -         -         -         -
##>G:Derenv-DB                          0         -         -         -         -         -
##>G:Debug Outputs                      0         -         -         -         -         -
##>G:ST loading                         0         -         -         -         -         -
##>G:Distributed                        0         -         -         -         -         -
##>G:Timer                              0         -         -         -         -         -
##>G:Assembly                           0         -         -         -         -         -
##>G:DFT                                0         -         -         -         -         -
##>G:Const Prop                         0         -         -       447      1424       714
##>G:Misc                              10
##>----------------------------------------------------------------------------------------
##>Total Elapsed                       10
##>========================================================================================
Info    : Done synthesizing. [SYNTH-2]
        : Done synthesizing 'TOP' to generic gates.
        Computing net loads.
      flow.cputime  flow.realtime  timing.setup.tns  timing.setup.wns  snapshot
UM:*                                                                   syn_gen
@file(run_synth.tcl) 165: puts "Runtime & Memory after 'syn_generic'"
Runtime & Memory after 'syn_generic'
@file(run_synth.tcl) 166: time_info GENERIC
stamp 'GENERIC' being created for table 'default'

  Total Time (Wall) |  Stage Time (Wall)  |   % (Wall)   |    Date - Time     |  Memory   | Stage
--------------------+---------------------+--------------+--------------------+-----------+----------------------
 00:00:09(00:00:00) |  00:00:00(00:00:00) |   0.0(  0.0) |    7:47:43 (Jun13) |  149.7 MB | init
--------------------+---------------------+--------------+--------------------+-----------+----------------------
 00:00:30(00:00:19) |  00:00:21(00:00:19) |  61.5( 57.6) |    7:48:02 (Jun13) |  387.6 MB | Elaboration
--------------------+---------------------+--------------+--------------------+-----------+----------------------
 00:00:43(00:00:33) |  00:00:13(00:00:14) |  38.5( 42.4) |    7:48:16 (Jun13) |  714.5 MB | GENERIC
--------------------+---------------------+--------------+--------------------+-----------+----------------------
Number of threads: 8 * 1   (id: default, time_info v1.57)
Info: (*N*) indicates data that was populated from previously saved time_info database
Info: CPU time includes time of parent + longest thread
@file(run_synth.tcl) 167: report_dp > $_REPORTS_PATH/generic/${DESIGN}_datapath.rpt
Beginning report datapath command
Warning : The filename, column and line number information will not be available in the report. [RPT_DP-100]
        : The attribute for getting HDL filename and line number is not set.
        : You must set the 'hdl_track_filename_row_col' attribute to 'true' (before elaborate) to enable filename, column, and line number tracking in the datapath report.
        Computing net loads.
@file(run_synth.tcl) 168: write_snapshot -outdir $_REPORTS_PATH -tag generic
%# Begin write_snapshot (06/13 07:48:16, mem=1648.20M)
%# Begin qos_stats (06/13 07:48:16, mem=1684.04M)
        Computing arrivals and requireds.
Info   : ACTP-0001 [ACTPInfo] Activity propagation started for stim#0 netlist
       : TOP
Info   : ACTP-0009 [ACTPInfo] Activity Propagation Progress Report :   0%   1%   2%   3%   4%   5%   6%   7%   8%   9%  10%  11%  12%  13%  14%  15%  16%  17%  18%  19%  20%  21%  22%  23%  24%  25%  26%  27%  28%  29%  30%  31%  32%  33%  34%  35%  36%  37%  38%  39%  40%  41%  42%  43%  44%  45%  46%  47%  48%  49%  50%  51%  52%  53%  54%  55%  56%  57%  58%  59%  60%  61%  62%  63%  64%  65%  66%  67%  68%  69%  70%  71%  72%  73%  74%  75%  76%  77%  78%  79%  80%  81%  82%  83%  84%  85%  86%  87%  88%  89%  90%  91%  92%  93%  94%  95%  96%  97%  98%  99% 100%
Info   : ACTP-0001 Activity propagation ended for stim#0
Info   : PWRA-0001 [PwrInfo] compute_power effective options 
       : -mode : vectorless
       : -skip_propagation : 1
       : -frequency_scaling_factor : 1.0
       : -use_clock_freq : stim
       : -stim :/stim#0
       : -fromGenus : 1
Info   : ACTP-0001 Timing initialization started
Info   : ACTP-0001 Timing initialization ended
Info   : PWRA-0002 [PwrInfo] Skipping activity propagation due to -skip_ap
       : option....
Warning: PWRA-0302 [PwrWarn] Frequency scaling is not applicable for vectorless
       : flow. Ignoring frequency scaling.
Warning: PWRA-0304 [PwrWarn] -stim option is not applicable with vectorless mode
       : of power analysis, ignored this option.
Info   : PWRA-0002 Started 'vectorless' power computation.
Info   : PWRA-0009 [PwrInfo] Power Computation Progress Report :   0%   1%   2%   3%   4%   5%   6%   7%   8%   9%  10%  11%  12%  13%  14%  15%  16%  17%  18%  19%  20%  21%  22%  23%  24%  25%  26%  27%  28%  29%  30%  31%  32%  33%  34%  35%  36%  37%  38%  39%  40%  41%  42%  43%  44%  45%  46%  47%  48%  49%  50%  51%  52%  53%  54%  55%  56%  57%  58%  59%  60%  61%  62%  63%  64%  65%  66%  67%  68%  69%  70%  71%  72%  73%  74%  75%  76%  77%  78%  79%  80%  81%  82%  83%  84%  85%  86%  87%  88%  89%  90%  91%  92%  93%  94%  95%  96%  97%  98%  99% 100%
Info   : PWRA-0002 Finished power computation.
Info   : PWRA-0007 [PwrInfo] Completed successfully.
       : Info=6, Warn=2, Error=0, Fatal=0
%# End qos_stats (06/13 07:48:17, total cpu=14:00:01, real=14:00:01, peak res=714.50M, current mem=1719.88M)


Working Directory = /home/B2_Robiul/UDIF/aiub_vlsi_impl_demo/projects/new_Project2B_2/synth_gpdk_1
QoS Summary for TOP
================================================================================
Metric                          generic        
================================================================================
Slack (ps):                     2,619
  R2R (ps):                     2,619
  I2R (ps):                     4,615
  R2O (ps):                     4,710
  I2O (ps):                  no_value
  CG  (ps):                  no_value
TNS (ps):                           0
  R2R (ps):                         0
  I2R (ps):                         0
  R2O (ps):                         0
  I2O (ps):                  no_value
  CG  (ps):                  no_value
Failing Paths:                      0
Leakage Power (nW):                26
Cell Area:                      1,435
Total Cell Area:                1,435
Leaf Instances:                   447
Total Instances:                  447
Utilization (%):                 0.00
Tot. Net Length (um):        no_value
Avg. Net Length (um):        no_value
Route Overflow H (%):        no_value
Route Overflow V (%):        no_value
MBCI(%) (bits/gate) :            0.00
Norm Cong Hotspot Area:
  Max Cong:                  no_value
  Tot Cong:                  no_value
================================================================================
CPU  Runtime (h:m:s):        00:00:35
Real Runtime (h:m:s):        00:00:33
CPU  Elapsed (h:m:s):        00:00:45
Real Elapsed (h:m:s):        00:00:37
Memory (MB):                  1719.88
================================================================================
================================================================================
Flow Settings:
================================================================================
Total Runtime (h:m:s): 00:00:34
Total Memory (MB):     1719.88
Executable Version:    21.18-s082_1
================================================================================
Total Cell Area =  Cell Area + Physical Cell Area
Total Instances =  Leaf Instances + Physical Instances




Warning : The details given in report might be incorrect or incomplete. [RPT-80]
        : The design design:TOP should be mapped to get accurate area details.
        : Map the design using syn_map before using the '-detail' option of the 'report_area' command.
Info    : Joules engine is used. [RPT-16]
        : Joules engine is being used for the command report_gates -power.
Warning : Did not find power models when running power analysis on a generic netlist. [PA-17]
        : Design design:TOP has no power models available.
        : The power analysis results on a generic netlist are more accurate when detailed power models are used. Use command 'build_rtl_power_models' to build detailed power models.
Finished exporting design database to file 'reports_Jun13-07:47:51/generic_TOP.db' for 'TOP' (command execution time mm:ss cpu = 00:00, real = 00:01).
Finished generating snapshot at stage generic (command execution time mm:ss cpu = 00:01, real = 00:02).
%# End write_snapshot (06/13 07:48:18, total cpu=14:00:01, real=14:00:02, peak res=714.50M, current mem=1719.88M)
@file(run_synth.tcl) 169: report_summary -directory $_REPORTS_PATH


Working Directory = /home/B2_Robiul/UDIF/aiub_vlsi_impl_demo/projects/new_Project2B_2/synth_gpdk_1
QoS Summary for TOP
================================================================================
Metric                          generic        
================================================================================
Slack (ps):                     2,619
  R2R (ps):                     2,619
  I2R (ps):                     4,615
  R2O (ps):                     4,710
  I2O (ps):                  no_value
  CG  (ps):                  no_value
TNS (ps):                           0
  R2R (ps):                         0
  I2R (ps):                         0
  R2O (ps):                         0
  I2O (ps):                  no_value
  CG  (ps):                  no_value
Failing Paths:                      0
Leakage Power (nW):                26
Cell Area:                      1,435
Total Cell Area:                1,435
Leaf Instances:                   447
Total Instances:                  447
Utilization (%):                 0.00
Tot. Net Length (um):        no_value
Avg. Net Length (um):        no_value
Route Overflow H (%):        no_value
Route Overflow V (%):        no_value
MBCI(%) (bits/gate) :            0.00
Norm Cong Hotspot Area:
  Max Cong:                  no_value
  Tot Cong:                  no_value
================================================================================
CPU  Runtime (h:m:s):        00:00:35
Real Runtime (h:m:s):        00:00:33
CPU  Elapsed (h:m:s):        00:00:45
Real Elapsed (h:m:s):        00:00:37
Memory (MB):                  1719.88
================================================================================
================================================================================
Flow Settings:
================================================================================
Total Runtime (h:m:s): 00:00:35
Total Memory (MB):     1719.88
Executable Version:    21.18-s082_1
================================================================================
Total Cell Area =  Cell Area + Physical Cell Area
Total Instances =  Leaf Instances + Physical Instances




@file(run_synth.tcl) 183: set_db / .syn_map_effort $MAP_OPT_EFF
  Setting attribute of root '/': 'syn_map_effort' = high
@file(run_synth.tcl) 184: syn_map
##Generic Timing Info for library domain: _default_ typical gate delay: 100.0 ps std_slew: 16.3 ps std_load: 1.0 fF
Current PLE settings:

Aspect ratio        : 1.000
Shrink factor       : 1.000
Scale of res/length : 1.000
Scale of cap/length : 1.000
Net derating factor : 1.000
Thermal factor      : 1.000
Via Resistance      : 0.000 ohm (from default)
Site size           : 1.910 um (from lef [tech+cell])

                                   Capacitance  
  Layer                             / Length         Data source:
Name        Direction Utilization  (pF/micron)       lef_library
------------------------------------------------
Metal1          H         0.00        0.000412  
Metal2          V         1.00        0.000416  
Metal3          H         1.00        0.000416  
Metal4          V         1.00        0.000416  
Metal5          H         1.00        0.000416  
Metal6          V         1.00        0.000416  
Metal7          H         1.00        0.000416  
Metal8          V         1.00        0.000416  
Metal9          H         1.00        0.000416  
Metal10         V         1.00        0.000444  
Metal11         H         1.00        0.000444  

                                    Resistance   
  Layer                              / Length         Data source:
Name        Direction Utilization  (ohm/micron)       lef_library
-------------------------------------------------
Metal1          H         0.00         1.226667  
Metal2          V         1.00         0.755000  
Metal3          H         1.00         0.755000  
Metal4          V         1.00         0.755000  
Metal5          H         1.00         0.755000  
Metal6          V         1.00         0.755000  
Metal7          H         1.00         0.755000  
Metal8          V         1.00         0.267500  
Metal9          H         1.00         0.267500  
Metal10         V         1.00         0.097273  
Metal11         H         1.00         0.095455  

                                        Area     
  Layer                               / Length        Data source:
Name        Direction Utilization     (micron)        lef_library
-------------------------------------------------
Metal1          H         0.00         0.060000  
Metal2          V         1.00         0.080000  
Metal3          H         1.00         0.080000  
Metal4          V         1.00         0.080000  
Metal5          H         1.00         0.080000  
Metal6          V         1.00         0.080000  
Metal7          H         1.00         0.080000  
Metal8          V         1.00         0.080000  
Metal9          H         1.00         0.080000  
Metal10         V         1.00         0.220000  
Metal11         H         1.00         0.220000  

Info    : Mapping. [SYNTH-4]
        : Mapping 'TOP' using 'high' effort.
Mapper: Libraries have:
	domain _default_: 972 combo usable cells and 384 sequential usable cells
Configuring mapper costing (none)
TNS Restructuring config: no_value at stage: map applied.
PBS_TechMap-Start - Elapsed_Time 0, CPU_Time 0.0
stamp 'PBS_TechMap-Start' being created for table 'pbs_debug'

  Total Time (Wall) |  Stage Time (Wall)  |   % (Wall)   |    Date - Time     |  Memory   | Stage
--------------------+---------------------+--------------+--------------------+-----------+----------------------
 00:00:32(00:00:23) |  00:00:00(00:00:00) |   0.0(  0.0) |    7:48:06 (Jun13) |  387.6 MB | PBS_Generic-Start
--------------------+---------------------+--------------+--------------------+-----------+----------------------
 00:00:43(00:00:32) |  00:00:10(00:00:09) |  71.9( 60.0) |    7:48:16 (Jun13) |  714.5 MB | PBS_Generic_Opt-Post
--------------------+---------------------+--------------+--------------------+-----------+----------------------
 00:00:43(00:00:33) |  00:00:00(00:00:01) |   0.0(  6.7) |    7:48:16 (Jun13) |  714.5 MB | PBS_Generic-Postgen HBO Optimizations
--------------------+---------------------+--------------+--------------------+-----------+----------------------
 00:00:47(00:00:38) |  00:00:03(00:00:05) |  28.1( 33.3) |    7:48:22 (Jun13) |  709.1 MB | PBS_TechMap-Start
--------------------+---------------------+--------------+--------------------+-----------+----------------------
Number of threads: 8 * 1   (id: pbs_debug, time_info v1.57)
Info: (*N*) indicates data that was populated from previously saved time_info database
Info: CPU time includes time of parent + longest thread
        Computing net loads.
PBS_TechMap-Premap HBO Optimizations - Elapsed_Time 0, CPU_Time 0.0
stamp 'PBS_TechMap-Premap HBO Optimizations' being created for table 'pbs_debug'

  Total Time (Wall) |  Stage Time (Wall)  |   % (Wall)   |    Date - Time     |  Memory   | Stage
--------------------+---------------------+--------------+--------------------+-----------+----------------------
 00:00:32(00:00:23) |  00:00:00(00:00:00) |   0.0(  0.0) |    7:48:06 (Jun13) |  387.6 MB | PBS_Generic-Start
--------------------+---------------------+--------------+--------------------+-----------+----------------------
 00:00:43(00:00:32) |  00:00:10(00:00:09) |  71.9( 56.2) |    7:48:16 (Jun13) |  714.5 MB | PBS_Generic_Opt-Post
--------------------+---------------------+--------------+--------------------+-----------+----------------------
 00:00:43(00:00:33) |  00:00:00(00:00:01) |   0.0(  6.2) |    7:48:16 (Jun13) |  714.5 MB | PBS_Generic-Postgen HBO Optimizations
--------------------+---------------------+--------------+--------------------+-----------+----------------------
 00:00:47(00:00:38) |  00:00:03(00:00:05) |  28.1( 31.2) |    7:48:22 (Jun13) |  709.1 MB | PBS_TechMap-Start
--------------------+---------------------+--------------+--------------------+-----------+----------------------
 00:00:47(00:00:39) |  00:00:00(00:00:01) |   0.0(  6.2) |    7:48:22 (Jun13) |  709.1 MB | PBS_TechMap-Premap HBO Optimizations
--------------------+---------------------+--------------+--------------------+-----------+----------------------
Number of threads: 8 * 1   (id: pbs_debug, time_info v1.57)
Info: (*N*) indicates data that was populated from previously saved time_info database
Info: CPU time includes time of parent + longest thread
Info    : Partition Based Synthesis execution skipped. [PHYS-752]
        : Design size is less than the partition size '100000' for distributed mapping optimization to kick in.
Current PLE settings:

Aspect ratio        : 1.000
Shrink factor       : 1.000
Scale of res/length : 1.000
Scale of cap/length : 1.000
Net derating factor : 1.000
Thermal factor      : 1.000
Via Resistance      : 0.000 ohm (from default)
Site size           : 1.910 um (from lef [tech+cell])

                                   Capacitance  
  Layer                             / Length         Data source:
Name        Direction Utilization  (pF/micron)       lef_library
------------------------------------------------
Metal1          H         0.00        0.000412  
Metal2          V         1.00        0.000416  
Metal3          H         1.00        0.000416  
Metal4          V         1.00        0.000416  
Metal5          H         1.00        0.000416  
Metal6          V         1.00        0.000416  
Metal7          H         1.00        0.000416  
Metal8          V         1.00        0.000416  
Metal9          H         1.00        0.000416  
Metal10         V         1.00        0.000444  
Metal11         H         1.00        0.000444  

                                    Resistance   
  Layer                              / Length         Data source:
Name        Direction Utilization  (ohm/micron)       lef_library
-------------------------------------------------
Metal1          H         0.00         1.226667  
Metal2          V         1.00         0.755000  
Metal3          H         1.00         0.755000  
Metal4          V         1.00         0.755000  
Metal5          H         1.00         0.755000  
Metal6          V         1.00         0.755000  
Metal7          H         1.00         0.755000  
Metal8          V         1.00         0.267500  
Metal9          H         1.00         0.267500  
Metal10         V         1.00         0.097273  
Metal11         H         1.00         0.095455  

                                        Area     
  Layer                               / Length        Data source:
Name        Direction Utilization     (micron)        lef_library
-------------------------------------------------
Metal1          H         0.00         0.060000  
Metal2          V         1.00         0.080000  
Metal3          H         1.00         0.080000  
Metal4          V         1.00         0.080000  
Metal5          H         1.00         0.080000  
Metal6          V         1.00         0.080000  
Metal7          H         1.00         0.080000  
Metal8          V         1.00         0.080000  
Metal9          H         1.00         0.080000  
Metal10         V         1.00         0.220000  
Metal11         H         1.00         0.220000  

Mapper: Libraries have:
	domain _default_: 972 combo usable cells and 384 sequential usable cells
      Mapping 'TOP'...
        Preparing the circuit
          Pruning unused logic
          Analyzing hierarchical boundaries
          Aggressive hierarchical optimization: disabled
          Propagating constants
        Done preparing the circuit
          Structuring (delay-based) TOP...
          Done structuring (delay-based) TOP
Multi-threaded Virtual Mapping    (8 threads per ST process, 8 of 32 CPUs usable)
          Structuring (delay-based) logic partition in TOP...
            Starting redundancy-removal...
            Finished redundancy-removal...
          Done structuring (delay-based) logic partition in TOP
        Mapping logic partition in TOP...
          Structuring (delay-based) WALLACE_CSA_DUMMY_OP_group_178...
          Done structuring (delay-based) WALLACE_CSA_DUMMY_OP_group_178
        Mapping component WALLACE_CSA_DUMMY_OP_group_178...
          Structuring (delay-based) logic partition in TOP...
            Starting redundancy-removal...
            Finished redundancy-removal...
          Done structuring (delay-based) logic partition in TOP
        Mapping logic partition in TOP...
 
Global mapping target info
==========================
Cost Group 'C2O' target slack:   146 ps
Target path end-point (Port: TOP/Y_REG[0])

        Pin                    Type         Fanout Load Arrival   
                                                   (fF)   (ps)    
------------------------------------------------------------------
(clock SYS_CLK)       <<<  launch                             0 R 
cb_seqi
  D2_Y_REG_reg[0]/clk                                             
  D2_Y_REG_reg[0]/q   (u)  unmapped_d_flop       1  3.9           
cb_seqi/Y_REG[0] 
Y_REG[0]              <<<  interconnect                           
                           out port                               
(top.sdc_line_7_18_1)      ext delay                              
- - - - - - - - - - - - - - - - - - - - - - - - - - - - - - - - - 
(clock SYS_CLK)            capture                         5000 R 
------------------------------------------------------------------
Cost Group   : 'C2O' (path_group 'C2O')
Start-point  : cb_seqi/D2_Y_REG_reg[0]/clk
End-point    : Y_REG[0]

(u) : Net has unmapped pin(s).

The global mapper estimates a slack for this path of 4065ps.
 
Cost Group 'C2C' target slack:   145 ps
Target path end-point (Pin: D2_REG1_reg[13]/d)

         Pin                      Type          Fanout Load Arrival   
                                                       (fF)   (ps)    
----------------------------------------------------------------------
(clock SYS_CLK)         <<<  launch                               0 R 
cb_seqi
  F1_P_STATE_reg[1]/clk                                               
  F1_P_STATE_reg[1]/q   (u)  unmapped_d_flop         4  4.0           
cb_seqi/g196_in_1 
cb_oseqi/cb_seqi_g196_in_1 
  g242/in_1                                                           
  g242/z                (u)  unmapped_nand2          1  1.0           
  g241/in_1                                                           
  g241/z                (u)  unmapped_or2           18 18.0           
  g243/in_0                                                           
  g243/z                (u)  unmapped_complex2       4  4.0           
cb_oseqi/D2_WALLACE_CSA_DUMMY_OP_groupi_in_1[2] 
D2_WALLACE_CSA_DUMMY_OP_groupi/in_1[2] 
  g1201/in_0                                                          
  g1201/z               (u)  unmapped_nand2          4  4.0           
  g1087/in_1                                                          
  g1087/z               (u)  unmapped_complex2       1  1.0           
  g1088/in_1                                                          
  g1088/z               (u)  unmapped_nand2          2  2.0           
  g1043/in_0                                                          
  g1043/z               (u)  unmapped_or2            1  1.0           
  g1044/in_1                                                          
  g1044/z               (u)  unmapped_nand2          2  2.0           
  g1012/in_0                                                          
  g1012/z               (u)  unmapped_complex2       2  2.0           
  g954/in_0                                                           
  g954/z                (u)  unmapped_nand2          1  1.0           
  g949/in_1                                                           
  g949/z                (u)  unmapped_nand2          3  3.0           
  g907/in_1                                                           
  g907/z                (u)  unmapped_nand2          1  1.0           
  g888/in_0                                                           
  g888/z                (u)  unmapped_nand2          3  3.0           
  g880/in_1                                                           
  g880/z                (u)  unmapped_nand2          2  2.0           
  g876/in_0                                                           
  g876/z                (u)  unmapped_complex2       1  1.0           
  g875/in_0                                                           
  g875/z                (u)  unmapped_complex2       3  3.0           
  g868/in_1                                                           
  g868/z                (u)  unmapped_nand2          1  1.0           
  g867/in_1                                                           
  g867/z                (u)  unmapped_nand2          3  3.0           
  g863/in_0                                                           
  g863/z                (u)  unmapped_nand2          1  1.0           
  g862/in_0                                                           
  g862/z                (u)  unmapped_nand2          3  3.0           
  g861/in_1                                                           
  g861/z                (u)  unmapped_nand2          2  2.0           
  g1205/in_0                                                          
  g1205/z               (u)  unmapped_complex2       1  1.0           
  g1206/in_1                                                          
  g1206/z               (u)  unmapped_complex2       3  3.0           
  g851/in_1                                                           
  g851/z                (u)  unmapped_nand2          1  1.0           
  g847/in_1                                                           
  g847/z                (u)  unmapped_nand2          3  3.0           
  g846/in_1                                                           
  g846/z                (u)  unmapped_nand2          1  1.0           
  g842/in_1                                                           
  g842/z                (u)  unmapped_nand2          3  3.0           
  g841/in_1                                                           
  g841/z                (u)  unmapped_nand2          1  1.0           
  g837/in_0                                                           
  g837/z                (u)  unmapped_nand2          2  2.0           
  g835/in_0                                                           
  g835/z                (u)  unmapped_or2            1  1.0           
  g836/in_1                                                           
  g836/z                (u)  unmapped_nand2          1  1.0           
D2_WALLACE_CSA_DUMMY_OP_groupi/out_0[13] 
cb_seqi/D2_WALLACE_CSA_DUMMY_OP_groupi_out_0[13] 
  g272/data1                                                          
  g272/z                (u)  unmapped_bmux3          1  1.0           
  g273/data0                                                          
  g273/z                (u)  unmapped_bmux3          1  1.0           
  D2_REG1_reg[13]/d     <<<  unmapped_d_flop                          
  D2_REG1_reg[13]/clk        setup                                    
- - - - - - - - - - - - - - - - - - - - - - - - - - - - - - - - - - - 
(clock SYS_CLK)              capture                           5000 R 
----------------------------------------------------------------------
Cost Group   : 'C2C' (path_group 'C2C')
Start-point  : cb_seqi/F1_P_STATE_reg[1]/clk
End-point    : cb_seqi/D2_REG1_reg[13]/d

(u) : Net has unmapped pin(s).

The global mapper estimates a slack for this path of 2192ps.
 
Cost Group 'I2C' target slack:   145 ps
Target path end-point (Pin: F1_P_STATE_reg[0]/d)

         Pin                      Type          Fanout Load Arrival   
                                                       (fF)   (ps)    
----------------------------------------------------------------------
(clock SYS_CLK)         <<<  launch                               0 R 
(top.sdc_line_5_2_1)         ext delay                                
STOP                    (u)  in port                 1  1.0           
cb_seqi/STOP 
  g268/in_1                                                           
  g268/z                (u)  unmapped_complex2       1  1.0           
  g263/in_1                                                           
  g263/z                (u)  unmapped_nand2          1  1.0           
  g254/in_0                                                           
  g254/z                (u)  unmapped_complex2       1  1.0           
  g251/in_1                                                           
  g251/z                (u)  unmapped_nand2          1  1.0           
  F1_P_STATE_reg[0]/d   <<<  unmapped_d_flop                          
  F1_P_STATE_reg[0]/clk      setup                                    
- - - - - - - - - - - - - - - - - - - - - - - - - - - - - - - - - - - 
(clock SYS_CLK)              capture                           5000 R 
----------------------------------------------------------------------
Cost Group   : 'I2C' (path_group 'I2C')
Start-point  : STOP
End-point    : cb_seqi/F1_P_STATE_reg[0]/d

(u) : Net has unmapped pin(s).

The global mapper estimates a slack for this path of 4628ps.
 
Multi-threaded Technology Mapping (8 threads per ST process, 8 of 32 CPUs usable)
          Restructuring (delay-based) logic partition in TOP...
          Done restructuring (delay-based) logic partition in TOP
        Optimizing logic partition in TOP...
          Restructuring (delay-based) WALLACE_CSA_DUMMY_OP_group_178...
          Done restructuring (delay-based) WALLACE_CSA_DUMMY_OP_group_178
        Optimizing component WALLACE_CSA_DUMMY_OP_group_178...
        Pre-mapped Exploration for WALLACE_CSA_DUMMY_OP_group_178 'very_fast' (slack=329, area=322)...
          Restructuring (delay-based) WALLACE_CSA_DUMMY_OP_group...
          Done restructuring (delay-based) WALLACE_CSA_DUMMY_OP_group
        Optimizing component WALLACE_CSA_DUMMY_OP_group...
          Restructuring (delay-based) WALLACE_CSA_DUMMY_OP_group...
          Done restructuring (delay-based) WALLACE_CSA_DUMMY_OP_group
        Optimizing component WALLACE_CSA_DUMMY_OP_group...
        Early Area Reclamation for WALLACE_CSA_DUMMY_OP_group_178 'very_fast' (slack=329, area=322)...
          Restructuring (delay-based) WALLACE_CSA_DUMMY_OP_group...
          Done restructuring (delay-based) WALLACE_CSA_DUMMY_OP_group
        Optimizing component WALLACE_CSA_DUMMY_OP_group...
          Restructuring (delay-based) WALLACE_CSA_DUMMY_OP_group...
          Done restructuring (delay-based) WALLACE_CSA_DUMMY_OP_group
        Optimizing component WALLACE_CSA_DUMMY_OP_group...
          Restructuring (delay-based) logic partition in TOP...
          Done restructuring (delay-based) logic partition in TOP
        Optimizing logic partition in TOP...
 
Global mapping timing result
============================
        Computing net loads.
        Tracing clock networks.
        Levelizing the circuit.
        Computing delays.
        Computing arrivals and requireds.
        Pin                   Type       Fanout Load Slew Delay Arrival   
                                                (fF) (ps)  (ps)   (ps)    
--------------------------------------------------------------------------
(clock SYS_CLK)            launch                                     0 R 
cb_seqi
  D2_Y_REG_reg[13]/CK                                   0    +0       0 R 
  D2_Y_REG_reg[13]/Q       DFFQXL             2  5.9  285  +326     326 F 
cb_seqi/Y_REG[13] 
Y_REG[13]             <<<  interconnect               285    +0     326 F 
                           out port                          +0     326 F 
(top.sdc_line_7)           ext delay                       +100     426 F 
- - - - - - - - - - - - - - - - - - - - - - - - - - - - - - - - - - - - - 
(clock SYS_CLK)            capture                                 5000 R 
--------------------------------------------------------------------------
Cost Group   : 'C2O' (path_group 'C2O')
Timing slack :    4574ps 
Start-point  : cb_seqi/D2_Y_REG_reg[13]/CK
End-point    : Y_REG[13]

        Pin                Type      Fanout Load Slew Delay Arrival   
                                            (fF) (ps)  (ps)   (ps)    
----------------------------------------------------------------------
(clock SYS_CLK)           launch                                  0 R 
(top.sdc_line_5_5_1)      ext delay                    +100     100 R 
X[1]                      in port         1  4.1    0    +0     100 R 
cb_seqi/X[1] 
  g421/B                                                 +0     100   
  g421/Y                  MXI2X2HVT       1  4.2  121  +315     415 F 
  g402/A                                                 +0     415   
  g402/Y                  NOR2X1HVT       1  4.1  288  +253     668 R 
  D2_X_REG_reg[1]/D  <<<  DFFQX4                         +0     668   
  D2_X_REG_reg[1]/CK      setup                     0  +261     929 R 
- - - - - - - - - - - - - - - - - - - - - - - - - - - - - - - - - - - 
(clock SYS_CLK)           capture                              5000 R 
----------------------------------------------------------------------
Cost Group   : 'I2C' (path_group 'I2C')
Timing slack :    4071ps 
Start-point  : X[1]
End-point    : cb_seqi/D2_X_REG_reg[1]/D

         Pin                  Type       Fanout Load Slew Delay Arrival   
                                                (fF) (ps)  (ps)   (ps)    
--------------------------------------------------------------------------
(clock SYS_CLK)             launch                                    0 R 
cb_seqi
  F1_P_STATE_reg[1]/CK                                  0    +0       0 R 
  F1_P_STATE_reg[1]/Q       DFFRHQX1LVT       2  7.9  121  +204     204 R 
cb_seqi/g196_in_1 
cb_oseqi/cb_seqi_g196_in_1 
  g316/A                                                     +0     204   
  g316/Y                    NAND2X4LVT        1  7.0   94  +103     307 F 
  g315/B                                                     +0     307   
  g315/Y                    NOR2X8LVT        14 34.8  152  +114     421 R 
  g307/A                                                     +0     421   
  g307/Y                    AND2X1LVT         4 10.3  156  +202     623 R 
cb_oseqi/D2_WALLACE_CSA_DUMMY_OP_groupi_in_1[2] 
D2_WALLACE_CSA_DUMMY_OP_groupi/in_1[2] 
  g1065/A                                                    +0     623   
  g1065/Y                   AND2X1LVT         1  4.4   73  +158     781 R 
  g1033/A                                                    +0     781   
  g1033/S                   ADDHX1LVT         1  4.5   83  +167     948 F 
  g1022/CI                                                   +0     948   
  g1022/S                   ADDFX1LVT         1  5.2   93  +238    1186 R 
  g1005/B                                                    +0    1186   
  g1005/CO                  ADDFHX2LVT        1  4.8   58  +170    1356 R 
  g1004/CI                                                   +0    1356   
  g1004/CO                  ADDFHX2LVT        1  4.8   58  +147    1503 R 
  g1003/CI                                                   +0    1503   
  g1003/CO                  ADDFHX2LVT        1  4.8   58  +147    1650 R 
  g1002/CI                                                   +0    1650   
  g1002/CO                  ADDFHX2LVT        1  4.8   58  +147    1797 R 
  g1001/CI                                                   +0    1797   
  g1001/CO                  ADDFHX2LVT        1  4.8   58  +147    1944 R 
  g1000/CI                                                   +0    1944   
  g1000/CO                  ADDFHX2LVT        1  4.5   56  +146    2089 R 
  g999/CI                                                    +0    2089   
  g999/CO                   ADDFX1LVT         1  4.5   81  +159    2248 R 
  g998/CI                                                    +0    2248   
  g998/CO                   ADDFX1LVT         1  4.5   81  +169    2417 R 
  g997/CI                                                    +0    2417   
  g997/CO                   ADDFX1            1  4.5  119  +252    2669 R 
  g996/CI                                                    +0    2669   
  g996/CO                   ADDFX1            1  4.4  117  +270    2940 R 
  g995/B                                                     +0    2940   
  g995/Y                    XNOR2X1LVT        1  4.1   70  +140    3080 R 
D2_WALLACE_CSA_DUMMY_OP_groupi/out_0[13] 
cb_seqi/D2_WALLACE_CSA_DUMMY_OP_groupi_out_0[13] 
  g388/B                                                     +0    3080   
  g388/Y                    MXI2X2HVT         1  4.2  121  +359    3439 F 
  g341/B                                                     +0    3439   
  g341/Y                    NOR2X1HVT         1  4.1  284  +242    3681 R 
  D2_REG1_reg[13]/D    <<<  DFFQXL                           +0    3681   
  D2_REG1_reg[13]/CK        setup                       0  +250    3931 R 
- - - - - - - - - - - - - - - - - - - - - - - - - - - - - - - - - - - - - 
(clock SYS_CLK)             capture                                5000 R 
--------------------------------------------------------------------------
Cost Group   : 'C2C' (path_group 'C2C')
Timing slack :    1069ps 
Start-point  : cb_seqi/F1_P_STATE_reg[1]/CK
End-point    : cb_seqi/D2_REG1_reg[13]/D

 
 
Global mapping status
=====================
                                   Group   
                                  Tot Wrst 
                           Total  Weighted 
Operation                   Area   Slacks  
 global_map                 1057        0 

    Cost Group            Target    Slack    Diff.  Constr.
-----------------------------------------------------------
           C2C               145     1069              5000 
           I2C               145     4071              5000 
           C2O               146     4574              5000 

 
Global incremental target info
==============================
Cost Group 'C2O' target slack:    95 ps
Target path end-point (Port: TOP/Y_REG[0])

        Pin                   Type       Fanout Load Arrival   
                                                (fF)   (ps)    
---------------------------------------------------------------
(clock SYS_CLK)       <<<  launch                          0 R 
cb_seqi
  D2_Y_REG_reg[0]/CK                                           
  D2_Y_REG_reg[0]/Q        DFFQXL             2  5.9           
cb_seqi/Y_REG[0] 
Y_REG[0]              <<<  interconnect                        
                           out port                            
(top.sdc_line_7_18_1)      ext delay                           
- - - - - - - - - - - - - - - - - - - - - - - - - - - - - - - -
(clock SYS_CLK)            capture                      5000 R 
---------------------------------------------------------------
Cost Group   : 'C2O' (path_group 'C2O')
Start-point  : cb_seqi/D2_Y_REG_reg[0]/CK
End-point    : Y_REG[0]

The global mapper estimates a slack for this path of 3574ps.
 
Cost Group 'C2C' target slack:    95 ps
Target path end-point (Pin: D2_REG1_reg[13]/D (DFFQXL/D))

         Pin                  Type       Fanout Load Arrival   
                                                (fF)   (ps)    
---------------------------------------------------------------
(clock SYS_CLK)        <<<  launch                         0 R 
cb_seqi
  F1_P_STATE_reg[1]/CK                                         
  F1_P_STATE_reg[1]/Q       DFFRHQX1LVT       2  7.9           
cb_seqi/g196_in_1 
cb_oseqi/cb_seqi_g196_in_1 
  g316/A                                                       
  g316/Y                    NAND2X4LVT        1  7.0           
  g315/B                                                       
  g315/Y                    NOR2X8LVT        14 34.8           
  g307/A                                                       
  g307/Y                    AND2X1LVT         4 10.3           
cb_oseqi/D2_WALLACE_CSA_DUMMY_OP_groupi_in_1[2] 
D2_WALLACE_CSA_DUMMY_OP_groupi/in_1[2] 
  g1065/A                                                      
  g1065/Y                   AND2X1LVT         1  4.4           
  g1033/A                                                      
  g1033/S                   ADDHX1LVT         1  4.5           
  g1022/CI                                                     
  g1022/S                   ADDFX1LVT         1  5.2           
  g1005/B                                                      
  g1005/CO                  ADDFHX2LVT        1  4.8           
  g1004/CI                                                     
  g1004/CO                  ADDFHX2LVT        1  4.8           
  g1003/CI                                                     
  g1003/CO                  ADDFHX2LVT        1  4.8           
  g1002/CI                                                     
  g1002/CO                  ADDFHX2LVT        1  4.8           
  g1001/CI                                                     
  g1001/CO                  ADDFHX2LVT        1  4.8           
  g1000/CI                                                     
  g1000/CO                  ADDFHX2LVT        1  4.5           
  g999/CI                                                      
  g999/CO                   ADDFX1LVT         1  4.5           
  g998/CI                                                      
  g998/CO                   ADDFX1LVT         1  4.5           
  g997/CI                                                      
  g997/CO                   ADDFX1            1  4.5           
  g996/CI                                                      
  g996/CO                   ADDFX1            1  4.4           
  g995/B                                                       
  g995/Y                    XNOR2X1LVT        1  4.1           
D2_WALLACE_CSA_DUMMY_OP_groupi/out_0[13] 
cb_seqi/D2_WALLACE_CSA_DUMMY_OP_groupi_out_0[13] 
  g388/B                                                       
  g388/Y                    MXI2X2HVT         1  4.2           
  g341/B                                                       
  g341/Y                    NOR2X1HVT         1  4.1           
  D2_REG1_reg[13]/D    <<<  DFFQXL                             
  D2_REG1_reg[13]/CK        setup                              
- - - - - - - - - - - - - - - - - - - - - - - - - - - - - - - -
(clock SYS_CLK)             capture                     5000 R 
---------------------------------------------------------------
Cost Group   : 'C2C' (path_group 'C2C')
Start-point  : cb_seqi/F1_P_STATE_reg[1]/CK
End-point    : cb_seqi/D2_REG1_reg[13]/D

The global mapper estimates a slack for this path of 754ps.
 
Cost Group 'I2C' target slack:    93 ps
Target path end-point (Pin: D2_X_REG_reg[2]/D (DFFQX4/D))

        Pin                Type      Fanout Load Arrival   
                                            (fF)   (ps)    
-----------------------------------------------------------
(clock SYS_CLK)      <<<  launch                       0 R 
(top.sdc_line_5_4_1)      ext delay                        
X[2]                      in port         1  4.1           
cb_seqi/X[2] 
  g422/B                                                   
  g422/Y                  MXI2X2HVT       1  4.2           
  g403/A                                                   
  g403/Y                  NOR2X1HVT       1  4.1           
  D2_X_REG_reg[2]/D  <<<  DFFQX4                           
  D2_X_REG_reg[2]/CK      setup                            
- - - - - - - - - - - - - - - - - - - - - - - - - - - - - -
(clock SYS_CLK)           capture                   5000 R 
-----------------------------------------------------------
Cost Group   : 'I2C' (path_group 'I2C')
Start-point  : X[2]
End-point    : cb_seqi/D2_X_REG_reg[2]/D

The global mapper estimates a slack for this path of 4071ps.
 
 
Global incremental timing result
================================
        Computing net loads.
        Tracing clock networks.
        Levelizing the circuit.
        Computing delays.
        Computing arrivals and requireds.
        Pin                   Type       Fanout Load Slew Delay Arrival   
                                                (fF) (ps)  (ps)   (ps)    
--------------------------------------------------------------------------
(clock SYS_CLK)            launch                                     0 R 
cb_seqi
  D2_Y_REG_reg[13]/CK                                   0    +0       0 R 
  D2_Y_REG_reg[13]/Q       DFFQX1HVT          1  4.2  208  +384     384 F 
  drc_bufs546/A                                              +0     384   
  drc_bufs546/Y            INVX1HVT           1  4.6  176  +221     604 R 
  drc_bufs545/A                                              +0     604   
  drc_bufs545/Y            INVX2HVT           2  5.9  186  +207     812 F 
cb_seqi/Y_REG[13] 
Y_REG[13]             <<<  interconnect               186    +0     812 F 
                           out port                          +0     812 F 
(top.sdc_line_7)           ext delay                       +100     912 F 
- - - - - - - - - - - - - - - - - - - - - - - - - - - - - - - - - - - - - 
(clock SYS_CLK)            capture                                 5000 R 
--------------------------------------------------------------------------
Cost Group   : 'C2O' (path_group 'C2O')
Timing slack :    4088ps 
Start-point  : cb_seqi/D2_Y_REG_reg[13]/CK
End-point    : Y_REG[13]

         Pin                 Type      Fanout Load Slew Delay Arrival   
                                              (fF) (ps)  (ps)   (ps)    
------------------------------------------------------------------------
(clock SYS_CLK)             launch                                  0 R 
(top.sdc_line_5_2_1)        ext delay                    +100     100 R 
STOP                        in port         1  4.1    0    +0     100 R 
g214/A                                                     +0     100   
g214/Y                      INVXL           1  4.1  199  +113     213 F 
cb_seqi/STOP_BAR 
  g432/B                                                   +0     213   
  g432/Y                    MX2X1HVT        1  4.1  210  +354     567 F 
  g424/A1N                                                 +0     567   
  g424/Y                    OAI2BB1X1       1  4.2  267  +282     849 F 
  F1_P_STATE_reg[0]/D  <<<  DFFRHQX4                       +0     849   
  F1_P_STATE_reg[0]/CK      setup                     0  +176    1024 R 
- - - - - - - - - - - - - - - - - - - - - - - - - - - - - - - - - - - - 
(clock SYS_CLK)             capture                              5000 R 
------------------------------------------------------------------------
Cost Group   : 'I2C' (path_group 'I2C')
Timing slack :    3976ps 
Start-point  : STOP
End-point    : cb_seqi/F1_P_STATE_reg[0]/D

        Pin                  Type       Fanout Load Slew Delay Arrival   
                                               (fF) (ps)  (ps)   (ps)    
-------------------------------------------------------------------------
(clock SYS_CLK)           launch                                     0 R 
cb_seqi
  D2_REG1_reg[5]/CK                                    0    +0       0 R 
  D2_REG1_reg[5]/Q        DFFQX1HVT          1  4.2  208  +384     384 F 
  drc_bufs462/A                                             +0     384   
  drc_bufs462/Y           INVX1              1  4.7  138  +180     564 R 
  drc_bufs461/A                                             +0     564   
  drc_bufs461/Y           INVX2              3  8.2  133  +141     705 F 
cb_seqi/g202_in_1 
cb_oseqi/cb_seqi_g202_in_1 
  drc_bufs/A                                                +0     705   
  drc_bufs/Y              BUFX2HVT           1  4.5  128  +203     908 F 
  g308/A                                                    +0     908   
  g308/Y                  CLKAND2X3LVT       4 10.3   67  +130    1038 F 
cb_oseqi/D2_WALLACE_CSA_DUMMY_OP_groupi_in_1[5] 
D2_WALLACE_CSA_DUMMY_OP_groupi/in_1[5] 
  g1078/A                                                   +0    1038   
  g1078/Y                 AND2X1HVT          1  4.5  223  +204    1242 F 
  g1029/B                                                   +0    1242   
  g1029/S                 ADDFX1HVT          1  4.5  172  +576    1818 R 
  g1014/CI                                                  +0    1818   
  g1014/S                 ADDFXL             1  4.7  239  +412    2230 F 
  g1001/A                                                   +0    2230   
  g1001/CO                ADDFX1LVT          1  4.8   95  +226    2456 F 
  g1000/CI                                                  +0    2456   
  g1000/CO                ADDFHX1LVT         1  4.5   89  +159    2616 F 
  g999/CI                                                   +0    2616   
  g999/CO                 ADDFXLLVT          1  4.5  145  +189    2805 F 
  g998/CI                                                   +0    2805   
  g998/CO                 ADDFXLLVT          1  4.4  142  +208    3013 F 
  g997/CI                                                   +0    3013   
  g997/CO                 ADDFX1             1  4.4  137  +270    3283 F 
  g996/CI                                                   +0    3283   
  g996/CO                 ADDFX1             1  4.3  134  +267    3550 F 
  g995/B                                                    +0    3550   
  g995/Y                  XNOR2X1            1  4.1  102  +246    3796 R 
D2_WALLACE_CSA_DUMMY_OP_groupi/out_0[13] 
cb_seqi/D2_WALLACE_CSA_DUMMY_OP_groupi_out_0[13] 
  g388/B                                                    +0    3796   
  g388/Y                  MXI2X2HVT          1  4.2  121  +380    4176 F 
  g341/B                                                    +0    4176   
  g341/Y                  NOR2X1             1  4.1  215  +189    4365 R 
  D2_REG1_reg[13]/D  <<<  DFFQX1HVT                         +0    4365   
  D2_REG1_reg[13]/CK      setup                        0  +322    4687 R 
- - - - - - - - - - - - - - - - - - - - - - - - - - - - - - - - - - - - -
(clock SYS_CLK)           capture                                 5000 R 
-------------------------------------------------------------------------
Cost Group   : 'C2C' (path_group 'C2C')
Timing slack :     313ps 
Start-point  : cb_seqi/D2_REG1_reg[5]/CK
End-point    : cb_seqi/D2_REG1_reg[13]/D

 
==================================
Stage : global_incr_map 
==================================
  =================
   Message Summary
  =================
------------------------------------------------------------------------------------------------------------
|     Id     |  Sev   |Count |                                Message Text                                 |
------------------------------------------------------------------------------------------------------------
| LBR-155    |Info    |  792 |Mismatch in unateness between 'timing_sense' attribute and the function.     |
|            |        |      |The 'timing_sense' attribute will be respected.                              |
| PA-7       |Info    |    6 |Resetting power analysis results.                                            |
|            |        |      |All computed switching activities are removed.                               |
| PHYS-752   |Info    |    1 |Partition Based Synthesis execution skipped.                                 |
| RPT_DP-100 |Warning |    1 |The filename, column and line number information will not be available in    |
|            |        |      | the report.                                                                 |
|            |        |      |You must set the 'hdl_track_filename_row_col' attribute to 'true'            |
|            |        |      | (before elaborate)                                                          |
|            |        |      | to enable filename, column, and line number tracking in the datapath        |
|            |        |      | report.                                                                     |
| SYNTH-2    |Info    |    1 |Done synthesizing.                                                           |
| SYNTH-4    |Info    |    1 |Mapping.                                                                     |
------------------------------------------------------------------------------------------------------------
 
Global incremental optimization status
======================================
                                   Group   
                                  Tot Wrst 
                           Total  Weighted 
Operation                   Area   Slacks  
 global_incr                1099        0 

    Cost Group            Target    Slack    Diff.  Constr.
-----------------------------------------------------------
           C2C                95      313              5000 
           I2C                93     3976              5000 
           C2O                95     4088              5000 


Scan mapping status report
==========================
    Scan mapping: converting flip-flops that pass TDRC.
    Scan mapping: bypassed.  You have to either 1) set attribute 'dft_scan_map_mode' to 'tdrc_pass' and run 'check_dft_rules' or 2) set attribute 'dft_scan_map_mode' to 'force_all'.

    Scan mapping bypassed because no TDRC data is available: either command 'check_dft_rules' has not been run or TDRC data has been subsequently invalidated.
          Performing post-mapping optimization ...


State Retention Synthesis Status
================================

Category                        Flops   Percentage
--------------------------------------------------
Total instances                    35        100.0
Excluded from State Retention      35        100.0
    - Will not convert             35        100.0
      - Preserved                   0          0.0
      - Power intent excluded      35        100.0
    - Could not convert             0          0.0
      - Scan type                   0          0.0
      - No suitable cell            0          0.0
State Retention instances           0          0.0
--------------------------------------------------

INFO: skipping constant propagation
PBS_Techmap-Global Mapping - Elapsed_Time 16, CPU_Time 16.658294000000005
stamp 'PBS_Techmap-Global Mapping' being created for table 'pbs_debug'

  Total Time (Wall) |  Stage Time (Wall)  |   % (Wall)   |    Date - Time     |  Memory   | Stage
--------------------+---------------------+--------------+--------------------+-----------+----------------------
 00:00:32(00:00:23) |  00:00:00(00:00:00) |   0.0(  0.0) |    7:48:06 (Jun13) |  387.6 MB | PBS_Generic-Start
--------------------+---------------------+--------------+--------------------+-----------+----------------------
 00:00:43(00:00:32) |  00:00:10(00:00:09) |  33.0( 28.1) |    7:48:16 (Jun13) |  714.5 MB | PBS_Generic_Opt-Post
--------------------+---------------------+--------------+--------------------+-----------+----------------------
 00:00:43(00:00:33) |  00:00:00(00:00:01) |   0.0(  3.1) |    7:48:16 (Jun13) |  714.5 MB | PBS_Generic-Postgen HBO Optimizations
--------------------+---------------------+--------------+--------------------+-----------+----------------------
 00:00:47(00:00:38) |  00:00:03(00:00:05) |  12.9( 15.6) |    7:48:22 (Jun13) |  709.1 MB | PBS_TechMap-Start
--------------------+---------------------+--------------+--------------------+-----------+----------------------
 00:00:47(00:00:39) |  00:00:00(00:00:01) |   0.0(  3.1) |    7:48:22 (Jun13) |  709.1 MB | PBS_TechMap-Premap HBO Optimizations
--------------------+---------------------+--------------+--------------------+-----------+----------------------
 00:01:03(00:00:55) |  00:00:16(00:00:16) |  54.1( 50.0) |    7:48:38 (Jun13) |  713.3 MB | PBS_Techmap-Global Mapping
--------------------+---------------------+--------------+--------------------+-----------+----------------------
Number of threads: 8 * 1   (id: pbs_debug, time_info v1.57)
Info: (*N*) indicates data that was populated from previously saved time_info database
Info: CPU time includes time of parent + longest thread
Info    : Wrote formal verification information. [CFM-5]
        : Wrote 'fv/TOP/fv_map.fv.json' for netlist 'fv/TOP/fv_map.v.gz'.
Info    : Wrote dofile. [CFM-1]
        : Dofile is 'fv/TOP/rtl_to_fv_map.do'.
        : Alias mapping flow is enabled.
        Computing net loads.
PBS_TechMap-Datapath Postmap Operations - Elapsed_Time 3, CPU_Time 2.998548999999997
stamp 'PBS_TechMap-Datapath Postmap Operations' being created for table 'pbs_debug'

  Total Time (Wall) |  Stage Time (Wall)  |   % (Wall)   |    Date - Time     |  Memory   | Stage
--------------------+---------------------+--------------+--------------------+-----------+----------------------
 00:00:32(00:00:23) |  00:00:00(00:00:00) |   0.0(  0.0) |    7:48:06 (Jun13) |  387.6 MB | PBS_Generic-Start
--------------------+---------------------+--------------+--------------------+-----------+----------------------
 00:00:43(00:00:32) |  00:00:10(00:00:09) |  30.0( 25.7) |    7:48:16 (Jun13) |  714.5 MB | PBS_Generic_Opt-Post
--------------------+---------------------+--------------+--------------------+-----------+----------------------
 00:00:43(00:00:33) |  00:00:00(00:00:01) |   0.0(  2.9) |    7:48:16 (Jun13) |  714.5 MB | PBS_Generic-Postgen HBO Optimizations
--------------------+---------------------+--------------+--------------------+-----------+----------------------
 00:00:47(00:00:38) |  00:00:03(00:00:05) |  11.8( 14.3) |    7:48:22 (Jun13) |  709.1 MB | PBS_TechMap-Start
--------------------+---------------------+--------------+--------------------+-----------+----------------------
 00:00:47(00:00:39) |  00:00:00(00:00:01) |   0.0(  2.9) |    7:48:22 (Jun13) |  709.1 MB | PBS_TechMap-Premap HBO Optimizations
--------------------+---------------------+--------------+--------------------+-----------+----------------------
 00:01:03(00:00:55) |  00:00:16(00:00:16) |  49.3( 45.7) |    7:48:38 (Jun13) |  713.3 MB | PBS_Techmap-Global Mapping
--------------------+---------------------+--------------+--------------------+-----------+----------------------
 00:01:06(00:00:58) |  00:00:02(00:00:03) |   8.9(  8.6) |    7:48:41 (Jun13) |  711.3 MB | PBS_TechMap-Datapath Postmap Operations
--------------------+---------------------+--------------+--------------------+-----------+----------------------
Number of threads: 8 * 1   (id: pbs_debug, time_info v1.57)
Info: (*N*) indicates data that was populated from previously saved time_info database
Info: CPU time includes time of parent + longest thread
PBS_TechMap-Postmap HBO Optimizations - Elapsed_Time 0, CPU_Time -0.0017139999999926658
stamp 'PBS_TechMap-Postmap HBO Optimizations' being created for table 'pbs_debug'

  Total Time (Wall) |  Stage Time (Wall)  |   % (Wall)   |    Date - Time     |  Memory   | Stage
--------------------+---------------------+--------------+--------------------+-----------+----------------------
 00:00:32(00:00:23) |  00:00:00(00:00:00) |   0.0(  0.0) |    7:48:06 (Jun13) |  387.6 MB | PBS_Generic-Start
--------------------+---------------------+--------------+--------------------+-----------+----------------------
 00:00:43(00:00:32) |  00:00:10(00:00:09) |  30.0( 25.0) |    7:48:16 (Jun13) |  714.5 MB | PBS_Generic_Opt-Post
--------------------+---------------------+--------------+--------------------+-----------+----------------------
 00:00:43(00:00:33) |  00:00:00(00:00:01) |   0.0(  2.8) |    7:48:16 (Jun13) |  714.5 MB | PBS_Generic-Postgen HBO Optimizations
--------------------+---------------------+--------------+--------------------+-----------+----------------------
 00:00:47(00:00:38) |  00:00:03(00:00:05) |  11.8( 13.9) |    7:48:22 (Jun13) |  709.1 MB | PBS_TechMap-Start
--------------------+---------------------+--------------+--------------------+-----------+----------------------
 00:00:47(00:00:39) |  00:00:00(00:00:01) |   0.0(  2.8) |    7:48:22 (Jun13) |  709.1 MB | PBS_TechMap-Premap HBO Optimizations
--------------------+---------------------+--------------+--------------------+-----------+----------------------
 00:01:03(00:00:55) |  00:00:16(00:00:16) |  49.3( 44.4) |    7:48:38 (Jun13) |  713.3 MB | PBS_Techmap-Global Mapping
--------------------+---------------------+--------------+--------------------+-----------+----------------------
 00:01:06(00:00:58) |  00:00:02(00:00:03) |   8.9(  8.3) |    7:48:41 (Jun13) |  711.3 MB | PBS_TechMap-Datapath Postmap Operations
--------------------+---------------------+--------------+--------------------+-----------+----------------------
 00:01:06(00:00:59) |  00:00:00(00:00:01) |  -0.0(  2.8) |    7:48:42 (Jun13) |  711.3 MB | PBS_TechMap-Postmap HBO Optimizations
--------------------+---------------------+--------------+--------------------+-----------+----------------------
Number of threads: 8 * 1   (id: pbs_debug, time_info v1.57)
Info: (*N*) indicates data that was populated from previously saved time_info database
Info: CPU time includes time of parent + longest thread
 Doing ConstProp on design:TOP ... 

Time taken by ConstProp Step: 00:00:00
PBS_TechMap-Postmap Clock Gating - Elapsed_Time 0, CPU_Time 0.0
stamp 'PBS_TechMap-Postmap Clock Gating' being created for table 'pbs_debug'

  Total Time (Wall) |  Stage Time (Wall)  |   % (Wall)   |    Date - Time     |  Memory   | Stage
--------------------+---------------------+--------------+--------------------+-----------+----------------------
 00:00:32(00:00:23) |  00:00:00(00:00:00) |   0.0(  0.0) |    7:48:06 (Jun13) |  387.6 MB | PBS_Generic-Start
--------------------+---------------------+--------------+--------------------+-----------+----------------------
 00:00:43(00:00:32) |  00:00:10(00:00:09) |  30.0( 25.0) |    7:48:16 (Jun13) |  714.5 MB | PBS_Generic_Opt-Post
--------------------+---------------------+--------------+--------------------+-----------+----------------------
 00:00:43(00:00:33) |  00:00:00(00:00:01) |   0.0(  2.8) |    7:48:16 (Jun13) |  714.5 MB | PBS_Generic-Postgen HBO Optimizations
--------------------+---------------------+--------------+--------------------+-----------+----------------------
 00:00:47(00:00:38) |  00:00:03(00:00:05) |  11.8( 13.9) |    7:48:22 (Jun13) |  709.1 MB | PBS_TechMap-Start
--------------------+---------------------+--------------+--------------------+-----------+----------------------
 00:00:47(00:00:39) |  00:00:00(00:00:01) |   0.0(  2.8) |    7:48:22 (Jun13) |  709.1 MB | PBS_TechMap-Premap HBO Optimizations
--------------------+---------------------+--------------+--------------------+-----------+----------------------
 00:01:03(00:00:55) |  00:00:16(00:00:16) |  49.3( 44.4) |    7:48:38 (Jun13) |  713.3 MB | PBS_Techmap-Global Mapping
--------------------+---------------------+--------------+--------------------+-----------+----------------------
 00:01:06(00:00:58) |  00:00:02(00:00:03) |   8.9(  8.3) |    7:48:41 (Jun13) |  711.3 MB | PBS_TechMap-Datapath Postmap Operations
--------------------+---------------------+--------------+--------------------+-----------+----------------------
 00:01:06(00:00:59) |  00:00:00(00:00:01) |  -0.0(  2.8) |    7:48:42 (Jun13) |  711.3 MB | PBS_TechMap-Postmap HBO Optimizations
--------------------+---------------------+--------------+--------------------+-----------+----------------------
 00:01:06(00:00:59) |  00:00:00(00:00:00) |   0.0(  0.0) |    7:48:42 (Jun13) |  711.3 MB | PBS_TechMap-Postmap Clock Gating
--------------------+---------------------+--------------+--------------------+-----------+----------------------
Number of threads: 8 * 1   (id: pbs_debug, time_info v1.57)
Info: (*N*) indicates data that was populated from previously saved time_info database
Info: CPU time includes time of parent + longest thread
-------------------------------------------------------------------------------
 hi_fo_buf                  1099        0         0         0        0

           Trick     Calls     Accepts   Attempts    Time(secs) 
-----------------------------------------------------------
       hi_fo_buf         0  (        0 /        0 )  0.00

 
Incremental optimization status
===============================
                                   Group   
                                  Tot Wrst     Total - - DRC Totals - -
                           Total  Weighted      Neg      Max       Max     Leakage 
Operation                   Area   Slacks      Slack    Trans      Cap      Power  
 init_delay                 1099        0         0         0        0         28 

           Trick     Calls     Accepts   Attempts    Time(secs) 
-----------------------------------------------------------
       crit_upsz         0  (        0 /        0 )  0.00
    plc_bal_star         0  (        0 /        0 )  0.00
     drc_buftimb         0  (        0 /        0 )  0.00
          plc_st         0  (        0 /        0 )  0.00
    plc_st_fence         0  (        0 /        0 )  0.00
        plc_star         0  (        0 /        0 )  0.00
      plc_laf_st         0  (        0 /        0 )  0.00
 plc_laf_st_fence         0  (        0 /        0 )  0.00
     drc_buftims         0  (        0 /        0 )  0.00
            fopt         0  (        0 /        0 )  0.00
   plc_laf_lo_st         0  (        0 /        0 )  0.00
       plc_lo_st         0  (        0 /        0 )  0.00
        mb_split         0  (        0 /        0 )  0.00

 
Local TNS optimization status
=============================
                                   Group   
                                  Tot Wrst     Total - - DRC Totals - -
                           Total  Weighted      Neg      Max       Max     Leakage 
Operation                   Area   Slacks      Slack    Trans      Cap      Power  
 init_tns                   1099        0         0         0        0         28 

           Trick     Calls     Accepts   Attempts    Time(secs) 
-----------------------------------------------------------
    plc_bal_star         0  (        0 /        0 )  0.00
     drc_buftimb         0  (        0 /        0 )  0.00
     drc_buftims         0  (        0 /        0 )  0.00
       crit_upsz         0  (        0 /        0 )  0.00
   plc_laf_lo_st         0  (        0 /        0 )  0.00
       plc_lo_st         0  (        0 /        0 )  0.00
            fopt         0  (        0 /        0 )  0.00
       crit_dnsz         0  (        0 /        0 )  0.00
             dup         0  (        0 /        0 )  0.00
        setup_dn         0  (        0 /        0 )  0.00
        mb_split         0  (        0 /        0 )  0.00

PBS_TechMap-Postmap Cleanup - Elapsed_Time 3, CPU_Time 1.997799999999998
stamp 'PBS_TechMap-Postmap Cleanup' being created for table 'pbs_debug'

  Total Time (Wall) |  Stage Time (Wall)  |   % (Wall)   |    Date - Time     |  Memory   | Stage
--------------------+---------------------+--------------+--------------------+-----------+----------------------
 00:00:32(00:00:23) |  00:00:00(00:00:00) |   0.0(  0.0) |    7:48:06 (Jun13) |  387.6 MB | PBS_Generic-Start
--------------------+---------------------+--------------+--------------------+-----------+----------------------
 00:00:43(00:00:32) |  00:00:10(00:00:09) |  28.4( 23.1) |    7:48:16 (Jun13) |  714.5 MB | PBS_Generic_Opt-Post
--------------------+---------------------+--------------+--------------------+-----------+----------------------
 00:00:43(00:00:33) |  00:00:00(00:00:01) |   0.0(  2.6) |    7:48:16 (Jun13) |  714.5 MB | PBS_Generic-Postgen HBO Optimizations
--------------------+---------------------+--------------+--------------------+-----------+----------------------
 00:00:47(00:00:38) |  00:00:03(00:00:05) |  11.1( 12.8) |    7:48:22 (Jun13) |  709.1 MB | PBS_TechMap-Start
--------------------+---------------------+--------------+--------------------+-----------+----------------------
 00:00:47(00:00:39) |  00:00:00(00:00:01) |   0.0(  2.6) |    7:48:22 (Jun13) |  709.1 MB | PBS_TechMap-Premap HBO Optimizations
--------------------+---------------------+--------------+--------------------+-----------+----------------------
 00:01:03(00:00:55) |  00:00:16(00:00:16) |  46.6( 41.0) |    7:48:38 (Jun13) |  713.3 MB | PBS_Techmap-Global Mapping
--------------------+---------------------+--------------+--------------------+-----------+----------------------
 00:01:06(00:00:58) |  00:00:02(00:00:03) |   8.4(  7.7) |    7:48:41 (Jun13) |  711.3 MB | PBS_TechMap-Datapath Postmap Operations
--------------------+---------------------+--------------+--------------------+-----------+----------------------
 00:01:06(00:00:59) |  00:00:00(00:00:01) |  -0.0(  2.6) |    7:48:42 (Jun13) |  711.3 MB | PBS_TechMap-Postmap HBO Optimizations
--------------------+---------------------+--------------+--------------------+-----------+----------------------
 00:01:06(00:00:59) |  00:00:00(00:00:00) |   0.0(  0.0) |    7:48:42 (Jun13) |  711.3 MB | PBS_TechMap-Postmap Clock Gating
--------------------+---------------------+--------------+--------------------+-----------+----------------------
 00:01:08(00:01:02) |  00:00:01(00:00:03) |   5.6(  7.7) |    7:48:45 (Jun13) |  711.3 MB | PBS_TechMap-Postmap Cleanup
--------------------+---------------------+--------------+--------------------+-----------+----------------------
Number of threads: 8 * 1   (id: pbs_debug, time_info v1.57)
Info: (*N*) indicates data that was populated from previously saved time_info database
Info: CPU time includes time of parent + longest thread
PBS_Techmap-Post_MBCI - Elapsed_Time 0, CPU_Time 0.0
stamp 'PBS_Techmap-Post_MBCI' being created for table 'pbs_debug'

  Total Time (Wall) |  Stage Time (Wall)  |   % (Wall)   |    Date - Time     |  Memory   | Stage
--------------------+---------------------+--------------+--------------------+-----------+----------------------
 00:00:32(00:00:23) |  00:00:00(00:00:00) |   0.0(  0.0) |    7:48:06 (Jun13) |  387.6 MB | PBS_Generic-Start
--------------------+---------------------+--------------+--------------------+-----------+----------------------
 00:00:43(00:00:32) |  00:00:10(00:00:09) |  28.4( 23.1) |    7:48:16 (Jun13) |  714.5 MB | PBS_Generic_Opt-Post
--------------------+---------------------+--------------+--------------------+-----------+----------------------
 00:00:43(00:00:33) |  00:00:00(00:00:01) |   0.0(  2.6) |    7:48:16 (Jun13) |  714.5 MB | PBS_Generic-Postgen HBO Optimizations
--------------------+---------------------+--------------+--------------------+-----------+----------------------
 00:00:47(00:00:38) |  00:00:03(00:00:05) |  11.1( 12.8) |    7:48:22 (Jun13) |  709.1 MB | PBS_TechMap-Start
--------------------+---------------------+--------------+--------------------+-----------+----------------------
 00:00:47(00:00:39) |  00:00:00(00:00:01) |   0.0(  2.6) |    7:48:22 (Jun13) |  709.1 MB | PBS_TechMap-Premap HBO Optimizations
--------------------+---------------------+--------------+--------------------+-----------+----------------------
 00:01:03(00:00:55) |  00:00:16(00:00:16) |  46.6( 41.0) |    7:48:38 (Jun13) |  713.3 MB | PBS_Techmap-Global Mapping
--------------------+---------------------+--------------+--------------------+-----------+----------------------
 00:01:06(00:00:58) |  00:00:02(00:00:03) |   8.4(  7.7) |    7:48:41 (Jun13) |  711.3 MB | PBS_TechMap-Datapath Postmap Operations
--------------------+---------------------+--------------+--------------------+-----------+----------------------
 00:01:06(00:00:59) |  00:00:00(00:00:01) |  -0.0(  2.6) |    7:48:42 (Jun13) |  711.3 MB | PBS_TechMap-Postmap HBO Optimizations
--------------------+---------------------+--------------+--------------------+-----------+----------------------
 00:01:06(00:00:59) |  00:00:00(00:00:00) |   0.0(  0.0) |    7:48:42 (Jun13) |  711.3 MB | PBS_TechMap-Postmap Clock Gating
--------------------+---------------------+--------------+--------------------+-----------+----------------------
 00:01:08(00:01:02) |  00:00:01(00:00:03) |   5.6(  7.7) |    7:48:45 (Jun13) |  711.3 MB | PBS_TechMap-Postmap Cleanup
--------------------+---------------------+--------------+--------------------+-----------+----------------------
 00:01:08(00:01:02) |  00:00:00(00:00:00) |   0.0(  0.0) |    7:48:45 (Jun13) |  711.3 MB | PBS_Techmap-Post_MBCI
--------------------+---------------------+--------------+--------------------+-----------+----------------------
Number of threads: 8 * 1   (id: pbs_debug, time_info v1.57)
Info: (*N*) indicates data that was populated from previously saved time_info database
Info: CPU time includes time of parent + longest thread
##>=================== Cadence Confidential (Mapping-Logical) ===================
##>Main Thread Summary:
##>----------------------------------------------------------------------------------------
##>STEP                           Elapsed       WNS       TNS     Insts      Area    Memory
##>----------------------------------------------------------------------------------------
##>M:Initial                            1         -         -       447      1424       709
##>M:Pre Cleanup                        0         -         -       447      1424       709
##>M:Setup                              0         -         -         -         -         -
##>M:Launch ST                          0         -         -         -         -         -
##>M:Design Partition                   0         -         -         -         -         -
##>M:Create Partition Netlists          0         -         -         -         -         -
##>M:Init Power                         0         -         -         -         -         -
##>M:Budgeting                          0         -         -         -         -         -
##>M:Derenv-DB                          0         -         -         -         -         -
##>M:Debug Outputs                      0         -         -         -         -         -
##>M:ST loading                         0         -         -         -         -         -
##>M:Distributed                        0         -         -         -         -         -
##>M:Timer                              0         -         -         -         -         -
##>M:Assembly                           0         -         -         -         -         -
##>M:DFT                                0         -         -         -         -         -
##>M:DP Operations                      3         -         -       282       781       711
##>M:Const Prop                         0       312         0       282       781       711
##>M:Cleanup                            3       312         0       282       781       711
##>M:MBCI                               0         -         -       282       781       711
##>M:Const Gate Removal                 0         -         -         -         -         -
##>M:Misc                              17
##>----------------------------------------------------------------------------------------
##>Total Elapsed                       24
##>========================================================================================
Info    : Done mapping. [SYNTH-5]
        : Done mapping 'TOP'.
        Computing net loads.
      flow.cputime  flow.realtime  timing.setup.tns  timing.setup.wns  snapshot
UM:*                                                                   syn_map
@file(run_synth.tcl) 185: puts "Runtime & Memory after 'syn_map'"
Runtime & Memory after 'syn_map'
@file(run_synth.tcl) 186: time_info MAPPED
stamp 'MAPPED' being created for table 'default'

  Total Time (Wall) |  Stage Time (Wall)  |   % (Wall)   |    Date - Time     |  Memory   | Stage
--------------------+---------------------+--------------+--------------------+-----------+----------------------
 00:00:09(00:00:00) |  00:00:00(00:00:00) |   0.0(  0.0) |    7:47:43 (Jun13) |  149.7 MB | init
--------------------+---------------------+--------------+--------------------+-----------+----------------------
 00:00:30(00:00:19) |  00:00:21(00:00:19) |  34.6( 30.6) |    7:48:02 (Jun13) |  387.6 MB | Elaboration
--------------------+---------------------+--------------+--------------------+-----------+----------------------
 00:00:43(00:00:33) |  00:00:13(00:00:14) |  21.6( 22.6) |    7:48:16 (Jun13) |  714.5 MB | GENERIC
--------------------+---------------------+--------------+--------------------+-----------+----------------------
 00:01:09(00:01:02) |  00:00:26(00:00:29) |  43.8( 46.8) |    7:48:45 (Jun13) |  711.3 MB | MAPPED
--------------------+---------------------+--------------+--------------------+-----------+----------------------
Number of threads: 8 * 1   (id: default, time_info v1.57)
Info: (*N*) indicates data that was populated from previously saved time_info database
Info: CPU time includes time of parent + longest thread
@file(run_synth.tcl) 187: write_snapshot -outdir $_REPORTS_PATH -tag map
%# Begin write_snapshot (06/13 07:48:45, mem=1689.96M)
%# Begin qos_stats (06/13 07:48:45, mem=1689.96M)
        Computing arrivals and requireds.
Info   : ACTP-0001 Activity propagation started for stim#0 netlist TOP
Info   : ACTP-0009 [ACTPInfo] Activity Propagation Progress Report :   0%   1%   2%   3%   4%   5%   6%   7%   8%   9%  10%  11%  12%  13%  14%  15%  16%  17%  18%  19%  20%  21%  22%  23%  24%  25%  26%  27%  28%  29%  30%  31%  32%  33%  34%  35%  36%  37%  38%  39%  40%  41%  42%  43%  44%  45%  46%  47%  48%  49%  50%  51%  52%  53%  54%  55%  56%  57%  58%  59%  60%  61%  62%  63%  64%  65%  66%  67%  68%  69%  70%  71%  72%  73%  74%  75%  76%  77%  78%  79%  80%  81%  82%  83%  84%  85%  86%  87%  88%  89%  90%  91%  92%  93%  94%  95%  96%  97%  98%  99% 100%
Info   : ACTP-0001 Activity propagation ended for stim#0
Info   : PWRA-0001 compute_power effective options 
       : -mode : vectorless
       : -skip_propagation : 1
       : -frequency_scaling_factor : 1.0
       : -use_clock_freq : stim
       : -stim :/stim#0
       : -fromGenus : 1
Info   : ACTP-0001 Timing initialization started
Info   : ACTP-0001 Timing initialization ended
Info   : PWRA-0002 Skipping activity propagation due to -skip_ap option....
Warning: PWRA-0302 Frequency scaling is not applicable for vectorless flow.
       : Ignoring frequency scaling.
Warning: PWRA-0304 -stim option is not applicable with vectorless mode of power
       : analysis, ignored this option.
Info   : PWRA-0002 Started 'vectorless' power computation.
Info   : PWRA-0009 [PwrInfo] Power Computation Progress Report :   0%   1%   2%   3%   4%   5%   6%   7%   8%   9%  10%  11%  12%  13%  14%  15%  16%  17%  18%  19%  20%  21%  22%  23%  24%  25%  26%  27%  28%  29%  30%  31%  32%  33%  34%  35%  36%  37%  38%  39%  40%  41%  42%  43%  44%  45%  46%  47%  48%  49%  50%  51%  52%  53%  54%  55%  56%  57%  58%  59%  60%  61%  62%  63%  64%  65%  66%  67%  68%  69%  70%  71%  72%  73%  74%  75%  76%  77%  78%  79%  80%  81%  82%  83%  84%  85%  86%  87%  88%  89%  90%  91%  92%  93%  94%  95%  96%  97%  98%  99% 100%
Info   : PWRA-0002 Finished power computation.
Info   : PWRA-0007 Completed successfully.
       : Info=6, Warn=2, Error=0, Fatal=0
%# End qos_stats (06/13 07:48:45, total cpu=14:00:00, real=14:00:00, peak res=714.50M, current mem=1689.96M)


Working Directory = /home/B2_Robiul/UDIF/aiub_vlsi_impl_demo/projects/new_Project2B_2/synth_gpdk_1
QoS Summary for TOP
================================================================================
Metric                          generic         map            
================================================================================
Slack (ps):                     2,619             313
  R2R (ps):                     2,619             313
  I2R (ps):                     4,615           3,976
  R2O (ps):                     4,710           4,088
  I2O (ps):                  no_value        no_value
  CG  (ps):                  no_value        no_value
TNS (ps):                           0               0
  R2R (ps):                         0               0
  I2R (ps):                         0               0
  R2O (ps):                         0               0
  I2O (ps):                  no_value        no_value
  CG  (ps):                  no_value        no_value
Failing Paths:                      0               0
Leakage Power (nW):                26              28
Cell Area:                      1,435             781
Total Cell Area:                1,435             781
Leaf Instances:                   447             282
Total Instances:                  447             282
Utilization (%):                 0.00            0.00
Tot. Net Length (um):        no_value        no_value
Avg. Net Length (um):        no_value        no_value
Route Overflow H (%):        no_value        no_value
Route Overflow V (%):        no_value        no_value
MBCI(%) (bits/gate) :            0.00            0.00
Norm Cong Hotspot Area:
  Max Cong:                  no_value        no_value
  Tot Cong:                  no_value        no_value
================================================================================
CPU  Runtime (h:m:s):        00:00:35        00:00:40
Real Runtime (h:m:s):        00:00:33        00:00:29
CPU  Elapsed (h:m:s):        00:00:45        00:01:24
Real Elapsed (h:m:s):        00:00:37        00:01:05
Memory (MB):                  1719.88         1689.96
================================================================================
================================================================================
Flow Settings:
================================================================================
Total Runtime (h:m:s): 00:01:02
Total Memory (MB):     1697.97
Executable Version:    21.18-s082_1
================================================================================
Total Cell Area =  Cell Area + Physical Cell Area
Total Instances =  Leaf Instances + Physical Instances




Info    : Joules engine is used. [RPT-16]
        : Joules engine is being used for the command report_gates -power.
Warning : Violating paths are less than num_paths/max_paths. [CHKTIM-19]
        : Only 49 violating paths found
        : The timing query has number of violating paths less than requested num_paths/max_paths.
Finished exporting design database to file 'reports_Jun13-07:47:51/map_TOP.db' for 'TOP' (command execution time mm:ss cpu = 00:00, real = 00:01).
Finished generating snapshot at stage map (command execution time mm:ss cpu = 00:00, real = 00:01).
%# End write_snapshot (06/13 07:48:46, total cpu=14:00:00, real=14:00:01, peak res=714.50M, current mem=1697.97M)
@file(run_synth.tcl) 188: report_summary -directory $_REPORTS_PATH


Working Directory = /home/B2_Robiul/UDIF/aiub_vlsi_impl_demo/projects/new_Project2B_2/synth_gpdk_1
QoS Summary for TOP
================================================================================
Metric                          generic         map            
================================================================================
Slack (ps):                     2,619             313
  R2R (ps):                     2,619             313
  I2R (ps):                     4,615           3,976
  R2O (ps):                     4,710           4,088
  I2O (ps):                  no_value        no_value
  CG  (ps):                  no_value        no_value
TNS (ps):                           0               0
  R2R (ps):                         0               0
  I2R (ps):                         0               0
  R2O (ps):                         0               0
  I2O (ps):                  no_value        no_value
  CG  (ps):                  no_value        no_value
Failing Paths:                      0               0
Leakage Power (nW):                26              28
Cell Area:                      1,435             781
Total Cell Area:                1,435             781
Leaf Instances:                   447             282
Total Instances:                  447             282
Utilization (%):                 0.00            0.00
Tot. Net Length (um):        no_value        no_value
Avg. Net Length (um):        no_value        no_value
Route Overflow H (%):        no_value        no_value
Route Overflow V (%):        no_value        no_value
MBCI(%) (bits/gate) :            0.00            0.00
Norm Cong Hotspot Area:
  Max Cong:                  no_value        no_value
  Tot Cong:                  no_value        no_value
================================================================================
CPU  Runtime (h:m:s):        00:00:35        00:00:40
Real Runtime (h:m:s):        00:00:33        00:00:29
CPU  Elapsed (h:m:s):        00:00:45        00:01:24
Real Elapsed (h:m:s):        00:00:37        00:01:05
Memory (MB):                  1719.88         1689.96
================================================================================
================================================================================
Flow Settings:
================================================================================
Total Runtime (h:m:s): 00:01:03
Total Memory (MB):     1697.97
Executable Version:    21.18-s082_1
================================================================================
Total Cell Area =  Cell Area + Physical Cell Area
Total Instances =  Leaf Instances + Physical Instances




@file(run_synth.tcl) 189: report_dp > $_REPORTS_PATH/map/${DESIGN}_datapath.rpt
Beginning report datapath command
Warning : The filename, column and line number information will not be available in the report. [RPT_DP-100]
        : The attribute for getting HDL filename and line number is not set.
@file(run_synth.tcl) 192: foreach cg [vfind / -cost_group *] {
  report_timing -group [list $cg] > $_REPORTS_PATH/${DESIGN}_[vbasename $cg]_post_map.rpt
}
@file(run_synth.tcl) 197: write_do_lec -revised_design fv_map -logfile ${_LOG_PATH}/rtl2intermediate.lec.log > ${_OUTPUTS_PATH}/rtl2intermediate.lec.do
Info    : Wrote dofile. [CFM-1]
        : Dofile is 'outputs_Jun13-07:47:51/rtl2intermediate.lec.do'.
        : Alias mapping flow is enabled.
@file(run_synth.tcl) 209: set_db / .syn_opt_effort $MAP_OPT_EFF
  Setting attribute of root '/': 'syn_opt_effort' = high
@file(run_synth.tcl) 210: syn_opt
Current PLE settings:

Aspect ratio        : 1.000
Shrink factor       : 1.000
Scale of res/length : 1.000
Scale of cap/length : 1.000
Net derating factor : 1.000
Thermal factor      : 1.000
Via Resistance      : 0.000 ohm (from default)
Site size           : 1.910 um (from lef [tech+cell])

                                   Capacitance  
  Layer                             / Length         Data source:
Name        Direction Utilization  (pF/micron)       lef_library
------------------------------------------------
Metal1          H         0.00        0.000412  
Metal2          V         1.00        0.000416  
Metal3          H         1.00        0.000416  
Metal4          V         1.00        0.000416  
Metal5          H         1.00        0.000416  
Metal6          V         1.00        0.000416  
Metal7          H         1.00        0.000416  
Metal8          V         1.00        0.000416  
Metal9          H         1.00        0.000416  
Metal10         V         1.00        0.000444  
Metal11         H         1.00        0.000444  

                                    Resistance   
  Layer                              / Length         Data source:
Name        Direction Utilization  (ohm/micron)       lef_library
-------------------------------------------------
Metal1          H         0.00         1.226667  
Metal2          V         1.00         0.755000  
Metal3          H         1.00         0.755000  
Metal4          V         1.00         0.755000  
Metal5          H         1.00         0.755000  
Metal6          V         1.00         0.755000  
Metal7          H         1.00         0.755000  
Metal8          V         1.00         0.267500  
Metal9          H         1.00         0.267500  
Metal10         V         1.00         0.097273  
Metal11         H         1.00         0.095455  

                                        Area     
  Layer                               / Length        Data source:
Name        Direction Utilization     (micron)        lef_library
-------------------------------------------------
Metal1          H         0.00         0.060000  
Metal2          V         1.00         0.080000  
Metal3          H         1.00         0.080000  
Metal4          V         1.00         0.080000  
Metal5          H         1.00         0.080000  
Metal6          V         1.00         0.080000  
Metal7          H         1.00         0.080000  
Metal8          V         1.00         0.080000  
Metal9          H         1.00         0.080000  
Metal10         V         1.00         0.220000  
Metal11         H         1.00         0.220000  

Info    : Incrementally optimizing. [SYNTH-7]
        : Incrementally optimizing 'TOP' using 'high' effort.
 
Incremental optimization status
===============================
                                   Group   
                                  Tot Wrst     Total - - DRC Totals - -
                           Total  Weighted      Neg      Max       Max     Leakage 
Operation                   Area   Slacks      Slack    Trans      Cap      Power  
 init_iopt                  1099        0         0         0        0         28 
-------------------------------------------------------------------------------
 const_prop                 1099        0         0         0        0         28 
 simp_cc_inputs             1098        0         0         0        0         28 
-------------------------------------------------------------------------------
 hi_fo_buf                  1098        0         0         0        0         28 

           Trick     Calls     Accepts   Attempts    Time(secs) 
-----------------------------------------------------------
       hi_fo_buf         0  (        0 /        0 )  0.00

 
Incremental optimization status
===============================
                                   Group   
                                  Tot Wrst     Total - - DRC Totals - -
                           Total  Weighted      Neg      Max       Max     Leakage 
Operation                   Area   Slacks      Slack    Trans      Cap      Power  
 init_delay                 1098        0         0         0        0         28 

           Trick     Calls     Accepts   Attempts    Time(secs) 
-----------------------------------------------------------
        crit_msz         0  (        0 /        0 )  0.00
       crit_upsz         0  (        0 /        0 )  0.00
       crit_slew         0  (        0 /        0 )  0.00
        setup_dn         0  (        0 /        0 )  0.00
    plc_bal_star         0  (        0 /        0 )  0.00
     drc_buftimb         0  (        0 /        0 )  0.00
          plc_st         0  (        0 /        0 )  0.00
    plc_st_fence         0  (        0 /        0 )  0.00
        plc_star         0  (        0 /        0 )  0.00
      plc_laf_st         0  (        0 /        0 )  0.00
 plc_laf_st_fence         0  (        0 /        0 )  0.00
     drc_buftims         0  (        0 /        0 )  0.00
   plc_laf_lo_st         0  (        0 /        0 )  0.00
       plc_lo_st         0  (        0 /        0 )  0.00
            fopt         0  (        0 /        0 )  0.00
       crit_swap         0  (        0 /        0 )  0.00
       mux2_swap         0  (        0 /        0 )  0.00
       crit_dnsz         0  (        0 /        0 )  0.00
       load_swap         0  (        0 /        0 )  0.00
            fopt         0  (        0 /        0 )  0.00
        setup_dn         0  (        0 /        0 )  0.00
       load_isol         0  (        0 /        0 )  0.00
       load_isol         0  (        0 /        0 )  0.00
        move_for         0  (        0 /        0 )  0.00
        move_for         0  (        0 /        0 )  0.00
          rem_bi         0  (        0 /        0 )  0.00
         offload         0  (        0 /        0 )  0.00
          rem_bi         0  (        0 /        0 )  0.00
         offload         0  (        0 /        0 )  0.00
           phase         0  (        0 /        0 )  0.00
        in_phase         0  (        0 /        0 )  0.00
       merge_bit         0  (        0 /        0 )  0.00
     merge_idrvr         0  (        0 /        0 )  0.00
     merge_iload         0  (        0 /        0 )  0.00
    merge_idload         0  (        0 /        0 )  0.00
      merge_drvr         0  (        0 /        0 )  0.00
      merge_load         0  (        0 /        0 )  0.00
          decomp         0  (        0 /        0 )  0.00
        p_decomp         0  (        0 /        0 )  0.00
        levelize         0  (        0 /        0 )  0.00
        mb_split         0  (        0 /        0 )  0.00
             dup         0  (        0 /        0 )  0.00
      mux_retime         0  (        0 /        0 )  0.00
         buf2inv         0  (        0 /        0 )  0.00
             exp         0  (        0 /        0 )  0.00
       gate_deco         0  (        0 /        0 )  0.00
       gcomp_tim         0  (        0 /        0 )  0.00
  inv_pair_2_buf         0  (        0 /        0 )  0.00


           Trick     Calls     Accepts   Attempts    Time(secs) 
-----------------------------------------------------------
         crr_220         0  (        0 /        0 )  0.00
        crr_glob         0  (        0 /        0 )  0.00
         crr_200         0  (        0 /        0 )  0.00
        crr_glob         0  (        0 /        0 )  0.00
         crr_300         0  (        0 /        0 )  0.00
        crr_glob         0  (        0 /        0 )  0.00
         crr_400         0  (        0 /        0 )  0.00
        crr_glob         0  (        0 /        0 )  0.00
         crr_111         0  (        0 /        0 )  0.00
        crr_glob         0  (        0 /        0 )  0.00
         crr_210         0  (        0 /        0 )  0.00
        crr_glob         0  (        0 /        0 )  0.00
         crr_110         0  (        0 /        0 )  0.00
        crr_glob         0  (        0 /        0 )  0.00
         crr_101         0  (        0 /        0 )  0.00
        crr_glob         0  (        0 /        0 )  0.00
         crr_201         0  (        0 /        0 )  0.00
        crr_glob         0  (        0 /        0 )  0.00
         crr_211         0  (        0 /        0 )  0.00
        crr_glob         0  (        0 /        0 )  0.00
        crit_msz         0  (        0 /        0 )  0.00
       crit_upsz         0  (        0 /        0 )  0.00
       crit_slew         0  (        0 /        0 )  0.00
        setup_dn         0  (        0 /        0 )  0.00
    plc_bal_star         0  (        0 /        0 )  0.00
     drc_buftimb         0  (        0 /        0 )  0.00
          plc_st         0  (        0 /        0 )  0.00
    plc_st_fence         0  (        0 /        0 )  0.00
        plc_star         0  (        0 /        0 )  0.00
      plc_laf_st         0  (        0 /        0 )  0.00
 plc_laf_st_fence         0  (        0 /        0 )  0.00
     drc_buftims         0  (        0 /        0 )  0.00
       plc_lo_st         0  (        0 /        0 )  0.00
            fopt         0  (        0 /        0 )  0.00
       crit_swap         0  (        0 /        0 )  0.00
       mux2_swap         0  (        0 /        0 )  0.00
       crit_dnsz         0  (        0 /        0 )  0.00
       load_swap         0  (        0 /        0 )  0.00
            fopt         0  (        0 /        0 )  0.00
        setup_dn         0  (        0 /        0 )  0.00
       load_isol         0  (        0 /        0 )  0.00
       load_isol         0  (        0 /        0 )  0.00
        move_for         0  (        0 /        0 )  0.00
        move_for         0  (        0 /        0 )  0.00
          rem_bi         0  (        0 /        0 )  0.00
         offload         0  (        0 /        0 )  0.00
          rem_bi         0  (        0 /        0 )  0.00
         offload         0  (        0 /        0 )  0.00
       merge_bit         0  (        0 /        0 )  0.00
     merge_idrvr         0  (        0 /        0 )  0.00
     merge_iload         0  (        0 /        0 )  0.00
    merge_idload         0  (        0 /        0 )  0.00
      merge_drvr         0  (        0 /        0 )  0.00
      merge_load         0  (        0 /        0 )  0.00
           phase         0  (        0 /        0 )  0.00
          decomp         0  (        0 /        0 )  0.00
        p_decomp         0  (        0 /        0 )  0.00
        levelize         0  (        0 /        0 )  0.00
        mb_split         0  (        0 /        0 )  0.00
        in_phase         0  (        0 /        0 )  0.00
             dup         0  (        0 /        0 )  0.00
      mux_retime         0  (        0 /        0 )  0.00
         buf2inv         0  (        0 /        0 )  0.00
             exp         0  (        0 /        0 )  0.00
       gate_deco         0  (        0 /        0 )  0.00
       gcomp_tim         0  (        0 /        0 )  0.00
  inv_pair_2_buf         0  (        0 /        0 )  0.00
 init_drc                   1098        0         0         0        0         28 

           Trick     Calls     Accepts   Attempts    Time(secs) 
-----------------------------------------------------------
          plc_st         0  (        0 /        0 )  0.00
        plc_star         0  (        0 /        0 )  0.00
        drc_bufs         0  (        0 /        0 )  0.00
        drc_fopt         0  (        0 /        0 )  0.00
        drc_bufb         0  (        0 /        0 )  0.00
      simple_buf         0  (        0 /        0 )  0.00
             dup         0  (        0 /        0 )  0.00
       crit_dnsz         0  (        0 /        0 )  0.00
       crit_upsz         0  (        0 /        0 )  0.00
       crit_slew         0  (        0 /        0 )  0.00


           Trick     Calls     Accepts   Attempts    Time(secs) 
-----------------------------------------------------------
          plc_st         0  (        0 /        0 )  0.00
        plc_star         0  (        0 /        0 )  0.00
      drc_buf_sp         0  (        0 /        0 )  0.00
        drc_bufs         0  (        0 /        0 )  0.00
        drc_fopt         0  (        0 /        0 )  0.00
        drc_bufb         0  (        0 /        0 )  0.00
      simple_buf         0  (        0 /        0 )  0.00
             dup         0  (        0 /        0 )  0.00
       crit_dnsz         0  (        0 /        0 )  0.00
       crit_upsz         0  (        0 /        0 )  0.00


           Trick     Calls     Accepts   Attempts    Time(secs) 
-----------------------------------------------------------
          plc_st         0  (        0 /        0 )  0.00
        plc_star         0  (        0 /        0 )  0.00
      drc_buf_sp         0  (        0 /        0 )  0.00
        drc_bufs         0  (        0 /        0 )  0.00
        drc_fopt         0  (        0 /        0 )  0.00
        drc_bufb         0  (        0 /        0 )  0.00
             dup         0  (        0 /        0 )  0.00
       crit_dnsz         0  (        0 /        0 )  0.00
       crit_upsz         0  (        0 /        0 )  0.00

 init_tns                   1098        0         0         0        0         28 

           Trick     Calls     Accepts   Attempts    Time(secs) 
-----------------------------------------------------------
            fopt         0  (        0 /        0 )  0.00
    plc_bal_star         0  (        0 /        0 )  0.00
     drc_buftimb         0  (        0 /        0 )  0.00
     drc_buftims         0  (        0 /        0 )  0.00
        crit_msz         0  (        0 /        0 )  0.00
       crit_upsz         0  (        0 /        0 )  0.00
   plc_laf_lo_st         0  (        0 /        0 )  0.00
       plc_lo_st         0  (        0 /        0 )  0.00
       crit_swap         0  (        0 /        0 )  0.00
       mux2_swap         0  (        0 /        0 )  0.00
       crit_dnsz         0  (        0 /        0 )  0.00
       load_swap         0  (        0 /        0 )  0.00
            fopt         0  (        0 /        0 )  0.00
        setup_dn         0  (        0 /        0 )  0.00
       load_isol         0  (        0 /        0 )  0.00
       load_isol         0  (        0 /        0 )  0.00
        move_for         0  (        0 /        0 )  0.00
        move_for         0  (        0 /        0 )  0.00
          rem_bi         0  (        0 /        0 )  0.00
         offload         0  (        0 /        0 )  0.00
          rem_bi         0  (        0 /        0 )  0.00
         offload         0  (        0 /        0 )  0.00
       merge_bit         0  (        0 /        0 )  0.00
     merge_idrvr         0  (        0 /        0 )  0.00
     merge_iload         0  (        0 /        0 )  0.00
    merge_idload         0  (        0 /        0 )  0.00
      merge_drvr         0  (        0 /        0 )  0.00
      merge_load         0  (        0 /        0 )  0.00
           phase         0  (        0 /        0 )  0.00
          decomp         0  (        0 /        0 )  0.00
        p_decomp         0  (        0 /        0 )  0.00
        levelize         0  (        0 /        0 )  0.00
        mb_split         0  (        0 /        0 )  0.00
             dup         0  (        0 /        0 )  0.00
      mux_retime         0  (        0 /        0 )  0.00
       crr_local         0  (        0 /        0 )  0.00
         buf2inv         0  (        0 /        0 )  0.00

                                   Group   
                                  Tot Wrst     Total - - DRC Totals - -
                           Total  Weighted      Neg      Max       Max     Leakage 
Operation                   Area   Slacks      Slack    Trans      Cap      Power  
 init_power                 1098        0         0         0        0         28 
 p_rem_buf                  1095        0         0         0        0         28 
 p_rem_inv                  1093        0         0         0        0         28 
 glob_power                 1106        0         0         0        0         21 
 power_down                 1089        0         0         0        0         20 

           Trick     Calls     Accepts   Attempts    Time(secs) 
-----------------------------------------------------------
       p_rem_buf         1  (        1 /        1 )  0.00
       p_rem_inv        30  (        2 /        2 )  0.10
      p_merge_bi         0  (        0 /        0 )  0.00
        io_phase         1  (        0 /        0 )  0.01
       gate_comp        17  (        0 /        0 )  0.17
       gcomp_mog         0  (        0 /        0 )  0.03
      glob_power        30  (       16 /       30 )  0.32
      power_down        77  (       17 /       18 )  1.10
      size_n_buf         3  (        0 /        0 )  0.06
       p_rem_buf         0  (        0 /        0 )  0.00
       p_rem_inv        28  (        0 /        0 )  0.09
      p_merge_bi         0  (        0 /        0 )  0.00

 
Incremental optimization status
===============================
                                   Group   
                                  Tot Wrst     Total - - DRC Totals - -
                           Total  Weighted      Neg      Max       Max     Leakage 
Operation                   Area   Slacks      Slack    Trans      Cap      Power  
 init_delay                 1089        0         0         0        0         20 

           Trick     Calls     Accepts   Attempts    Time(secs) 
-----------------------------------------------------------
         crr_220         0  (        0 /        0 )  0.00
        crr_glob         0  (        0 /        0 )  0.00
         crr_200         0  (        0 /        0 )  0.00
        crr_glob         0  (        0 /        0 )  0.00
         crr_300         0  (        0 /        0 )  0.00
        crr_glob         0  (        0 /        0 )  0.00
         crr_400         0  (        0 /        0 )  0.00
        crr_glob         0  (        0 /        0 )  0.00
         crr_111         0  (        0 /        0 )  0.00
        crr_glob         0  (        0 /        0 )  0.00
         crr_210         0  (        0 /        0 )  0.00
        crr_glob         0  (        0 /        0 )  0.00
         crr_110         0  (        0 /        0 )  0.00
        crr_glob         0  (        0 /        0 )  0.00
         crr_101         0  (        0 /        0 )  0.00
        crr_glob         0  (        0 /        0 )  0.00
         crr_201         0  (        0 /        0 )  0.00
        crr_glob         0  (        0 /        0 )  0.00
         crr_211         0  (        0 /        0 )  0.00
        crr_glob         0  (        0 /        0 )  0.00
        crit_msz         0  (        0 /        0 )  0.00
       crit_upsz         0  (        0 /        0 )  0.00
       crit_slew         0  (        0 /        0 )  0.00
        setup_dn         0  (        0 /        0 )  0.00
    plc_bal_star         0  (        0 /        0 )  0.00
     drc_buftimb         0  (        0 /        0 )  0.00
          plc_st         0  (        0 /        0 )  0.00
    plc_st_fence         0  (        0 /        0 )  0.00
        plc_star         0  (        0 /        0 )  0.00
      plc_laf_st         0  (        0 /        0 )  0.00
 plc_laf_st_fence         0  (        0 /        0 )  0.00
     drc_buftims         0  (        0 /        0 )  0.00
       plc_lo_st         0  (        0 /        0 )  0.00
            fopt         0  (        0 /        0 )  0.00
       crit_swap         0  (        0 /        0 )  0.00
       mux2_swap         0  (        0 /        0 )  0.00
       crit_dnsz         0  (        0 /        0 )  0.00
       load_swap         0  (        0 /        0 )  0.00
            fopt         0  (        0 /        0 )  0.00
        setup_dn         0  (        0 /        0 )  0.00
       load_isol         0  (        0 /        0 )  0.00
       load_isol         0  (        0 /        0 )  0.00
        move_for         0  (        0 /        0 )  0.00
        move_for         0  (        0 /        0 )  0.00
          rem_bi         0  (        0 /        0 )  0.00
         offload         0  (        0 /        0 )  0.00
          rem_bi         0  (        0 /        0 )  0.00
         offload         0  (        0 /        0 )  0.00
       merge_bit         0  (        0 /        0 )  0.00
     merge_idrvr         0  (        0 /        0 )  0.00
     merge_iload         0  (        0 /        0 )  0.00
    merge_idload         0  (        0 /        0 )  0.00
      merge_drvr         0  (        0 /        0 )  0.00
      merge_load         0  (        0 /        0 )  0.00
           phase         0  (        0 /        0 )  0.00
          decomp         0  (        0 /        0 )  0.00
        p_decomp         0  (        0 /        0 )  0.00
        levelize         0  (        0 /        0 )  0.00
        mb_split         0  (        0 /        0 )  0.00
        in_phase         0  (        0 /        0 )  0.00
             dup         0  (        0 /        0 )  0.00
      mux_retime         0  (        0 /        0 )  0.00
         buf2inv         0  (        0 /        0 )  0.00
             exp         0  (        0 /        0 )  0.00
       gate_deco         0  (        0 /        0 )  0.00
       gcomp_tim         0  (        0 /        0 )  0.00
  inv_pair_2_buf         0  (        0 /        0 )  0.00
 init_drc                   1089        0         0         0        0         20 

           Trick     Calls     Accepts   Attempts    Time(secs) 
-----------------------------------------------------------
          plc_st         0  (        0 /        0 )  0.00
        plc_star         0  (        0 /        0 )  0.00
        drc_bufs         0  (        0 /        0 )  0.00
        drc_fopt         0  (        0 /        0 )  0.00
        drc_bufb         0  (        0 /        0 )  0.00
      simple_buf         0  (        0 /        0 )  0.00
             dup         0  (        0 /        0 )  0.00
       crit_dnsz         0  (        0 /        0 )  0.00
       crit_upsz         0  (        0 /        0 )  0.00
       crit_slew         0  (        0 /        0 )  0.00


           Trick     Calls     Accepts   Attempts    Time(secs) 
-----------------------------------------------------------
          plc_st         0  (        0 /        0 )  0.00
        plc_star         0  (        0 /        0 )  0.00
        drc_bufs         0  (        0 /        0 )  0.00
        drc_fopt         0  (        0 /        0 )  0.00
        drc_bufb         0  (        0 /        0 )  0.00
      simple_buf         0  (        0 /        0 )  0.00
             dup         0  (        0 /        0 )  0.00
       crit_dnsz         0  (        0 /        0 )  0.00
       crit_upsz         0  (        0 /        0 )  0.00


           Trick     Calls     Accepts   Attempts    Time(secs) 
-----------------------------------------------------------
          plc_st         0  (        0 /        0 )  0.00
        plc_star         0  (        0 /        0 )  0.00
        drc_bufs         0  (        0 /        0 )  0.00
        drc_fopt         0  (        0 /        0 )  0.00
        drc_bufb         0  (        0 /        0 )  0.00
             dup         0  (        0 /        0 )  0.00
       crit_dnsz         0  (        0 /        0 )  0.00
       crit_upsz         0  (        0 /        0 )  0.00

 init_tns                   1089        0         0         0        0         20 

           Trick     Calls     Accepts   Attempts    Time(secs) 
-----------------------------------------------------------
            fopt         0  (        0 /        0 )  0.00
    plc_bal_star         0  (        0 /        0 )  0.00
     drc_buftimb         0  (        0 /        0 )  0.00
     drc_buftims         0  (        0 /        0 )  0.00
        crit_msz         0  (        0 /        0 )  0.00
       crit_upsz         0  (        0 /        0 )  0.00
   plc_laf_lo_st         0  (        0 /        0 )  0.00
       plc_lo_st         0  (        0 /        0 )  0.00
       crit_swap         0  (        0 /        0 )  0.00
       mux2_swap         0  (        0 /        0 )  0.00
       crit_dnsz         0  (        0 /        0 )  0.00
       load_swap         0  (        0 /        0 )  0.00
            fopt         0  (        0 /        0 )  0.00
        setup_dn         0  (        0 /        0 )  0.00
       load_isol         0  (        0 /        0 )  0.00
       load_isol         0  (        0 /        0 )  0.00
        move_for         0  (        0 /        0 )  0.00
        move_for         0  (        0 /        0 )  0.00
          rem_bi         0  (        0 /        0 )  0.00
         offload         0  (        0 /        0 )  0.00
          rem_bi         0  (        0 /        0 )  0.00
         offload         0  (        0 /        0 )  0.00
       merge_bit         0  (        0 /        0 )  0.00
     merge_idrvr         0  (        0 /        0 )  0.00
     merge_iload         0  (        0 /        0 )  0.00
    merge_idload         0  (        0 /        0 )  0.00
      merge_drvr         0  (        0 /        0 )  0.00
      merge_load         0  (        0 /        0 )  0.00
           phase         0  (        0 /        0 )  0.00
          decomp         0  (        0 /        0 )  0.00
        p_decomp         0  (        0 /        0 )  0.00
        levelize         0  (        0 /        0 )  0.00
        mb_split         0  (        0 /        0 )  0.00
             dup         0  (        0 /        0 )  0.00
      mux_retime         0  (        0 /        0 )  0.00
       crr_local         0  (        0 /        0 )  0.00
         buf2inv         0  (        0 /        0 )  0.00

                                   Group   
                                  Tot Wrst     Total - - DRC Totals - -
                           Total  Weighted      Neg      Max       Max     Leakage 
Operation                   Area   Slacks      Slack    Trans      Cap      Power  
 init_power                 1089        0         0         0        0         20 
 glob_power                 1088        0         0         0        0         20 
 power_down                 1086        0         0         0        0         20 

           Trick     Calls     Accepts   Attempts    Time(secs) 
-----------------------------------------------------------
       p_rem_buf         0  (        0 /        0 )  0.00
       p_rem_inv        28  (        0 /        0 )  0.09
      p_merge_bi         0  (        0 /        0 )  0.00
        io_phase         1  (        0 /        0 )  0.01
       gate_comp        17  (        0 /        0 )  0.12
       gcomp_mog         0  (        0 /        0 )  0.03
      glob_power        25  (        6 /       25 )  0.28
      power_down        77  (        6 /        8 )  0.84
      size_n_buf         0  (        0 /        0 )  0.00

 
Incremental optimization status
===============================
                                   Group   
                                  Tot Wrst     Total - - DRC Totals - -
                           Total  Weighted      Neg      Max       Max     Leakage 
Operation                   Area   Slacks      Slack    Trans      Cap      Power  
 init_delay                 1086        0         0         0        0         20 

           Trick     Calls     Accepts   Attempts    Time(secs) 
-----------------------------------------------------------
        crit_msz         0  (        0 /        0 )  0.00
       crit_upsz         0  (        0 /        0 )  0.00
       crit_slew         0  (        0 /        0 )  0.00
        setup_dn         0  (        0 /        0 )  0.00
    plc_bal_star         0  (        0 /        0 )  0.00
     drc_buftimb         0  (        0 /        0 )  0.00
          plc_st         0  (        0 /        0 )  0.00
    plc_st_fence         0  (        0 /        0 )  0.00
        plc_star         0  (        0 /        0 )  0.00
      plc_laf_st         0  (        0 /        0 )  0.00
 plc_laf_st_fence         0  (        0 /        0 )  0.00
     drc_buftims         0  (        0 /        0 )  0.00
   plc_laf_lo_st         0  (        0 /        0 )  0.00
       plc_lo_st         0  (        0 /        0 )  0.00
            fopt         0  (        0 /        0 )  0.00
       crit_swap         0  (        0 /        0 )  0.00
       mux2_swap         0  (        0 /        0 )  0.00
       crit_dnsz         0  (        0 /        0 )  0.00
       load_swap         0  (        0 /        0 )  0.00
            fopt         0  (        0 /        0 )  0.00
        setup_dn         0  (        0 /        0 )  0.00
       load_isol         0  (        0 /        0 )  0.00
       load_isol         0  (        0 /        0 )  0.00
        move_for         0  (        0 /        0 )  0.00
        move_for         0  (        0 /        0 )  0.00
          rem_bi         0  (        0 /        0 )  0.00
         offload         0  (        0 /        0 )  0.00
          rem_bi         0  (        0 /        0 )  0.00
         offload         0  (        0 /        0 )  0.00
           phase         0  (        0 /        0 )  0.00
        in_phase         0  (        0 /        0 )  0.00
       merge_bit         0  (        0 /        0 )  0.00
     merge_idrvr         0  (        0 /        0 )  0.00
     merge_iload         0  (        0 /        0 )  0.00
    merge_idload         0  (        0 /        0 )  0.00
      merge_drvr         0  (        0 /        0 )  0.00
      merge_load         0  (        0 /        0 )  0.00
          decomp         0  (        0 /        0 )  0.00
        p_decomp         0  (        0 /        0 )  0.00
        levelize         0  (        0 /        0 )  0.00
        mb_split         0  (        0 /        0 )  0.00
             dup         0  (        0 /        0 )  0.00
      mux_retime         0  (        0 /        0 )  0.00
         buf2inv         0  (        0 /        0 )  0.00
             exp         0  (        0 /        0 )  0.00
       gate_deco         0  (        0 /        0 )  0.00
       gcomp_tim         0  (        0 /        0 )  0.00
  inv_pair_2_buf         0  (        0 /        0 )  0.00

 init_drc                   1086        0         0         0        0         20 

           Trick     Calls     Accepts   Attempts    Time(secs) 
-----------------------------------------------------------
          plc_st         0  (        0 /        0 )  0.00
        plc_star         0  (        0 /        0 )  0.00
        drc_bufs         0  (        0 /        0 )  0.00
        drc_fopt         0  (        0 /        0 )  0.00
        drc_bufb         0  (        0 /        0 )  0.00
      simple_buf         0  (        0 /        0 )  0.00
             dup         0  (        0 /        0 )  0.00
       crit_dnsz         0  (        0 /        0 )  0.00
       crit_upsz         0  (        0 /        0 )  0.00
       crit_slew         0  (        0 /        0 )  0.00


           Trick     Calls     Accepts   Attempts    Time(secs) 
-----------------------------------------------------------
          plc_st         0  (        0 /        0 )  0.00
        plc_star         0  (        0 /        0 )  0.00
        drc_bufs         0  (        0 /        0 )  0.00
        drc_fopt         0  (        0 /        0 )  0.00
        drc_bufb         0  (        0 /        0 )  0.00
      simple_buf         0  (        0 /        0 )  0.00
             dup         0  (        0 /        0 )  0.00
       crit_dnsz         0  (        0 /        0 )  0.00
       crit_upsz         0  (        0 /        0 )  0.00


           Trick     Calls     Accepts   Attempts    Time(secs) 
-----------------------------------------------------------
          plc_st         0  (        0 /        0 )  0.00
        plc_star         0  (        0 /        0 )  0.00
        drc_bufs         0  (        0 /        0 )  0.00
        drc_fopt         0  (        0 /        0 )  0.00
        drc_bufb         0  (        0 /        0 )  0.00
             dup         0  (        0 /        0 )  0.00
       crit_dnsz         0  (        0 /        0 )  0.00
       crit_upsz         0  (        0 /        0 )  0.00

==================================
Stage : incr_opt 
==================================
  =================
   Message Summary
  =================
------------------------------------------------------------------------------------------------------------
|     Id     |  Sev   |Count |                                Message Text                                 |
------------------------------------------------------------------------------------------------------------
| CFM-1      |Info    |    2 |Wrote dofile.                                                                |
| CFM-5      |Info    |    1 |Wrote formal verification information.                                       |
| LBR-155    |Info    |  792 |Mismatch in unateness between 'timing_sense' attribute and the function.     |
|            |        |      |The 'timing_sense' attribute will be respected.                              |
| PA-7       |Info    |    4 |Resetting power analysis results.                                            |
|            |        |      |All computed switching activities are removed.                               |
| RPT_DP-100 |Warning |    1 |The filename, column and line number information will not be available in    |
|            |        |      | the report.                                                                 |
|            |        |      |You must set the 'hdl_track_filename_row_col' attribute to 'true'            |
|            |        |      | (before elaborate)                                                          |
|            |        |      | to enable filename, column, and line number tracking in the datapath        |
|            |        |      | report.                                                                     |
| SYNTH-5    |Info    |    1 |Done mapping.                                                                |
| SYNTH-7    |Info    |    1 |Incrementally optimizing.                                                    |
------------------------------------------------------------------------------------------------------------
Info    : Done incrementally optimizing. [SYNTH-8]
        : Done incrementally optimizing 'TOP'.
        Computing net loads.
      flow.cputime  flow.realtime  timing.setup.tns  timing.setup.wns  snapshot
UM:*                                                                   syn_opt
@file(run_synth.tcl) 211: write_snapshot -outdir $_REPORTS_PATH -tag syn_opt
%# Begin write_snapshot (06/13 07:48:51, mem=1655.96M)
%# Begin qos_stats (06/13 07:48:51, mem=1691.79M)
        Computing arrivals and requireds.
Info   : ACTP-0001 Activity propagation started for stim#0 netlist TOP
Info   : ACTP-0009 [ACTPInfo] Activity Propagation Progress Report :   0%   1%   2%   3%   4%   5%   6%   7%   8%   9%  10%  11%  12%  13%  14%  15%  16%  17%  18%  19%  20%  21%  22%  23%  24%  25%  26%  27%  28%  29%  30%  31%  32%  33%  34%  35%  36%  37%  38%  39%  40%  41%  42%  43%  44%  45%  46%  47%  48%  49%  50%  51%  52%  53%  54%  55%  56%  57%  58%  59%  60%  61%  62%  63%  64%  65%  66%  67%  68%  69%  70%  71%  72%  73%  74%  75%  76%  77%  78%  79%  80%  81%  82%  83%  84%  85%  86%  87%  88%  89%  90%  91%  92%  93%  94%  95%  96%  97%  98%  99% 100%
Info   : ACTP-0001 Activity propagation ended for stim#0
Info   : PWRA-0001 compute_power effective options 
       : -mode : vectorless
       : -skip_propagation : 1
       : -frequency_scaling_factor : 1.0
       : -use_clock_freq : stim
       : -stim :/stim#0
       : -fromGenus : 1
Info   : ACTP-0001 Timing initialization started
Info   : ACTP-0001 Timing initialization ended
Info   : PWRA-0002 Skipping activity propagation due to -skip_ap option....
Warning: PWRA-0302 Frequency scaling is not applicable for vectorless flow.
       : Ignoring frequency scaling.
Warning: PWRA-0304 -stim option is not applicable with vectorless mode of power
       : analysis, ignored this option.
Info   : PWRA-0002 Started 'vectorless' power computation.
Info   : PWRA-0009 [PwrInfo] Power Computation Progress Report :   0%   1%   2%   3%   4%   5%   6%   7%   8%   9%  10%  11%  12%  13%  14%  15%  16%  17%  18%  19%  20%  21%  22%  23%  24%  25%  26%  27%  28%  29%  30%  31%  32%  33%  34%  35%  36%  37%  38%  39%  40%  41%  42%  43%  44%  45%  46%  47%  48%  49%  50%  51%  52%  53%  54%  55%  56%  57%  58%  59%  60%  61%  62%  63%  64%  65%  66%  67%  68%  69%  70%  71%  72%  73%  74%  75%  76%  77%  78%  79%  80%  81%  82%  83%  84%  85%  86%  87%  88%  89%  90%  91%  92%  93%  94%  95%  96%  97%  98%  99% 100%
Info   : PWRA-0002 Finished power computation.
Info   : PWRA-0007 Completed successfully.
       : Info=6, Warn=2, Error=0, Fatal=0
%# End qos_stats (06/13 07:48:51, total cpu=14:00:00, real=14:00:00, peak res=714.50M, current mem=1691.79M)


Working Directory = /home/B2_Robiul/UDIF/aiub_vlsi_impl_demo/projects/new_Project2B_2/synth_gpdk_1
QoS Summary for TOP
================================================================================
Metric                          generic         map             syn_opt        
================================================================================
Slack (ps):                     2,619             313               2
  R2R (ps):                     2,619             313               2
  I2R (ps):                     4,615           3,976           3,975
  R2O (ps):                     4,710           4,088           4,094
  I2O (ps):                  no_value        no_value        no_value
  CG  (ps):                  no_value        no_value        no_value
TNS (ps):                           0               0               0
  R2R (ps):                         0               0               0
  I2R (ps):                         0               0               0
  R2O (ps):                         0               0               0
  I2O (ps):                  no_value        no_value        no_value
  CG  (ps):                  no_value        no_value        no_value
Failing Paths:                      0               0               0
Leakage Power (nW):                26              28              21
Cell Area:                      1,435             781             770
Total Cell Area:                1,435             781             770
Leaf Instances:                   447             282             279
Total Instances:                  447             282             279
Utilization (%):                 0.00            0.00            0.00
Tot. Net Length (um):        no_value        no_value        no_value
Avg. Net Length (um):        no_value        no_value        no_value
Route Overflow H (%):        no_value        no_value        no_value
Route Overflow V (%):        no_value        no_value        no_value
MBCI(%) (bits/gate) :            0.00            0.00            0.00
Norm Cong Hotspot Area:
  Max Cong:                  no_value        no_value        no_value
  Tot Cong:                  no_value        no_value        no_value
================================================================================
CPU  Runtime (h:m:s):        00:00:35        00:00:40        00:00:05
Real Runtime (h:m:s):        00:00:33        00:00:29        00:00:06
CPU  Elapsed (h:m:s):        00:00:45        00:01:24        00:01:29
Real Elapsed (h:m:s):        00:00:37        00:01:05        00:01:11
Memory (MB):                  1719.88         1689.96         1691.79
================================================================================
================================================================================
Flow Settings:
================================================================================
Total Runtime (h:m:s): 00:01:09
Total Memory (MB):     1699.80
Executable Version:    21.18-s082_1
================================================================================
Total Cell Area =  Cell Area + Physical Cell Area
Total Instances =  Leaf Instances + Physical Instances




Info    : Joules engine is used. [RPT-16]
        : Joules engine is being used for the command report_gates -power.
Warning : Violating paths are less than num_paths/max_paths. [CHKTIM-19]
        : Only 49 violating paths found
        : The timing query has number of violating paths less than requested num_paths/max_paths.
Finished exporting design database to file 'reports_Jun13-07:47:51/syn_opt_TOP.db' for 'TOP' (command execution time mm:ss cpu = 00:00, real = 00:00).
Finished generating snapshot at stage syn_opt (command execution time mm:ss cpu = 00:00, real = 00:01).
%# End write_snapshot (06/13 07:48:52, total cpu=14:00:00, real=14:00:01, peak res=714.50M, current mem=1699.80M)
@file(run_synth.tcl) 212: report_summary -directory $_REPORTS_PATH


Working Directory = /home/B2_Robiul/UDIF/aiub_vlsi_impl_demo/projects/new_Project2B_2/synth_gpdk_1
QoS Summary for TOP
================================================================================
Metric                          generic         map             syn_opt        
================================================================================
Slack (ps):                     2,619             313               2
  R2R (ps):                     2,619             313               2
  I2R (ps):                     4,615           3,976           3,975
  R2O (ps):                     4,710           4,088           4,094
  I2O (ps):                  no_value        no_value        no_value
  CG  (ps):                  no_value        no_value        no_value
TNS (ps):                           0               0               0
  R2R (ps):                         0               0               0
  I2R (ps):                         0               0               0
  R2O (ps):                         0               0               0
  I2O (ps):                  no_value        no_value        no_value
  CG  (ps):                  no_value        no_value        no_value
Failing Paths:                      0               0               0
Leakage Power (nW):                26              28              21
Cell Area:                      1,435             781             770
Total Cell Area:                1,435             781             770
Leaf Instances:                   447             282             279
Total Instances:                  447             282             279
Utilization (%):                 0.00            0.00            0.00
Tot. Net Length (um):        no_value        no_value        no_value
Avg. Net Length (um):        no_value        no_value        no_value
Route Overflow H (%):        no_value        no_value        no_value
Route Overflow V (%):        no_value        no_value        no_value
MBCI(%) (bits/gate) :            0.00            0.00            0.00
Norm Cong Hotspot Area:
  Max Cong:                  no_value        no_value        no_value
  Tot Cong:                  no_value        no_value        no_value
================================================================================
CPU  Runtime (h:m:s):        00:00:35        00:00:40        00:00:05
Real Runtime (h:m:s):        00:00:33        00:00:29        00:00:06
CPU  Elapsed (h:m:s):        00:00:45        00:01:24        00:01:29
Real Elapsed (h:m:s):        00:00:37        00:01:05        00:01:11
Memory (MB):                  1719.88         1689.96         1691.79
================================================================================
================================================================================
Flow Settings:
================================================================================
Total Runtime (h:m:s): 00:01:10
Total Memory (MB):     1699.80
Executable Version:    21.18-s082_1
================================================================================
Total Cell Area =  Cell Area + Physical Cell Area
Total Instances =  Leaf Instances + Physical Instances




@file(run_synth.tcl) 214: puts "Runtime & Memory after 'syn_opt'"
Runtime & Memory after 'syn_opt'
@file(run_synth.tcl) 215: time_info OPT
stamp 'OPT' being created for table 'default'

  Total Time (Wall) |  Stage Time (Wall)  |   % (Wall)   |    Date - Time     |  Memory   | Stage
--------------------+---------------------+--------------+--------------------+-----------+----------------------
 00:00:09(00:00:00) |  00:00:00(00:00:00) |   0.0(  0.0) |    7:47:43 (Jun13) |  149.7 MB | init
--------------------+---------------------+--------------+--------------------+-----------+----------------------
 00:00:30(00:00:19) |  00:00:21(00:00:19) |  32.0( 27.1) |    7:48:02 (Jun13) |  387.6 MB | Elaboration
--------------------+---------------------+--------------+--------------------+-----------+----------------------
 00:00:43(00:00:33) |  00:00:13(00:00:14) |  20.0( 20.0) |    7:48:16 (Jun13) |  714.5 MB | GENERIC
--------------------+---------------------+--------------+--------------------+-----------+----------------------
 00:01:09(00:01:02) |  00:00:26(00:00:29) |  40.6( 41.4) |    7:48:45 (Jun13) |  711.3 MB | MAPPED
--------------------+---------------------+--------------+--------------------+-----------+----------------------
 00:01:14(00:01:10) |  00:00:04(00:00:08) |   7.5( 11.4) |    7:48:53 (Jun13) |  710.6 MB | OPT
--------------------+---------------------+--------------+--------------------+-----------+----------------------
Number of threads: 8 * 1   (id: default, time_info v1.57)
Info: (*N*) indicates data that was populated from previously saved time_info database
Info: CPU time includes time of parent + longest thread
@file(run_synth.tcl) 217: foreach cg [vfind / -cost_group *] {
  report_timing -group [list $cg] > $_REPORTS_PATH/${DESIGN}_[vbasename $cg]_post_opt.rpt
}
@file(run_synth.tcl) 229: report_clock_gating > $_REPORTS_PATH/${DESIGN}_clockgating.rpt
Warning : Potential error generating clock gating report. [RPT_CG-12]
        : 'lp_insert_clock_gating' root attribute is set to 'false'.
        : The 'report clock_gating' command depends on the 'lp_insert_clock_gating' attribute.  Set it to 'true' before calling this command.


@file(run_synth.tcl) 231: report_power > $_REPORTS_PATH/final_power.rpt
Info    : Joules engine is used. [RPT-16]
        : Joules engine is being used for the command report_power.
Output file: reports_Jun13-07:47:51/final_power.rpt
@file(run_synth.tcl) 232: report_gates -power > $_REPORTS_PATH/${DESIGN}_gates_power.rpt
Info    : Joules engine is used. [RPT-16]
        : Joules engine is being used for the command report_gates -power.
@file(run_synth.tcl) 234: report_dp > $_REPORTS_PATH/${DESIGN}_datapath_incr.rpt
Beginning report datapath command
Warning : The filename, column and line number information will not be available in the report. [RPT_DP-100]
        : The attribute for getting HDL filename and line number is not set.
@file(run_synth.tcl) 235: report_messages > $_REPORTS_PATH/${DESIGN}_messages.rpt
@file(run_synth.tcl) 236: write_snapshot -outdir $_REPORTS_PATH -tag final
%# Begin write_snapshot (06/13 07:48:54, mem=1734.80M)
%# Begin qos_stats (06/13 07:48:54, mem=1734.80M)
        Computing arrivals and requireds.
%# End qos_stats (06/13 07:48:54, total cpu=14:00:00, real=14:00:00, peak res=714.50M, current mem=1734.80M)


Working Directory = /home/B2_Robiul/UDIF/aiub_vlsi_impl_demo/projects/new_Project2B_2/synth_gpdk_1
QoS Summary for TOP
==========================================================================================
Metric                          generic         map             syn_opt         final          
==========================================================================================
Slack (ps):                     2,619             313               2               2
  R2R (ps):                     2,619             313               2               2
  I2R (ps):                     4,615           3,976           3,975           3,975
  R2O (ps):                     4,710           4,088           4,094           4,094
  I2O (ps):                  no_value        no_value        no_value        no_value
  CG  (ps):                  no_value        no_value        no_value        no_value
TNS (ps):                           0               0               0               0
  R2R (ps):                         0               0               0               0
  I2R (ps):                         0               0               0               0
  R2O (ps):                         0               0               0               0
  I2O (ps):                  no_value        no_value        no_value        no_value
  CG  (ps):                  no_value        no_value        no_value        no_value
Failing Paths:                      0               0               0               0
Leakage Power (nW):                26              28              21              21
Cell Area:                      1,435             781             770             770
Total Cell Area:                1,435             781             770             770
Leaf Instances:                   447             282             279             279
Total Instances:                  447             282             279             279
Utilization (%):                 0.00            0.00            0.00            0.00
Tot. Net Length (um):        no_value        no_value        no_value        no_value
Avg. Net Length (um):        no_value        no_value        no_value        no_value
Route Overflow H (%):        no_value        no_value        no_value        no_value
Route Overflow V (%):        no_value        no_value        no_value        no_value
MBCI(%) (bits/gate) :            0.00            0.00            0.00            0.00
Norm Cong Hotspot Area:
  Max Cong:                  no_value        no_value        no_value        no_value
  Tot Cong:                  no_value        no_value        no_value        no_value
==========================================================================================
CPU  Runtime (h:m:s):        00:00:35        00:00:40        00:00:05        00:00:01
Real Runtime (h:m:s):        00:00:33        00:00:29        00:00:06        00:00:03
CPU  Elapsed (h:m:s):        00:00:45        00:01:24        00:01:29        00:01:30
Real Elapsed (h:m:s):        00:00:37        00:01:05        00:01:11        00:01:14
Memory (MB):                  1719.88         1689.96         1691.79         1734.80
==========================================================================================
==========================================================================================
Flow Settings:
==========================================================================================
Total Runtime (h:m:s): 00:01:11
Total Memory (MB):     1734.80
Executable Version:    21.18-s082_1
==========================================================================================
Total Cell Area =  Cell Area + Physical Cell Area
Total Instances =  Leaf Instances + Physical Instances




Info    : Joules engine is used. [RPT-16]
        : Joules engine is being used for the command report_gates -power.
Warning : Violating paths are less than num_paths/max_paths. [CHKTIM-19]
        : Only 49 violating paths found
        : The timing query has number of violating paths less than requested num_paths/max_paths.
Finished exporting design database to file 'reports_Jun13-07:47:51/final_TOP.db' for 'TOP' (command execution time mm:ss cpu = 00:00, real = 00:01).
Finished generating snapshot at stage final (command execution time mm:ss cpu = 00:00, real = 00:01).
%# End write_snapshot (06/13 07:48:55, total cpu=14:00:00, real=14:00:01, peak res=714.50M, current mem=1734.80M)
@file(run_synth.tcl) 237: report_summary -directory $_REPORTS_PATH


Working Directory = /home/B2_Robiul/UDIF/aiub_vlsi_impl_demo/projects/new_Project2B_2/synth_gpdk_1
QoS Summary for TOP
==========================================================================================
Metric                          generic         map             syn_opt         final          
==========================================================================================
Slack (ps):                     2,619             313               2               2
  R2R (ps):                     2,619             313               2               2
  I2R (ps):                     4,615           3,976           3,975           3,975
  R2O (ps):                     4,710           4,088           4,094           4,094
  I2O (ps):                  no_value        no_value        no_value        no_value
  CG  (ps):                  no_value        no_value        no_value        no_value
TNS (ps):                           0               0               0               0
  R2R (ps):                         0               0               0               0
  I2R (ps):                         0               0               0               0
  R2O (ps):                         0               0               0               0
  I2O (ps):                  no_value        no_value        no_value        no_value
  CG  (ps):                  no_value        no_value        no_value        no_value
Failing Paths:                      0               0               0               0
Leakage Power (nW):                26              28              21              21
Cell Area:                      1,435             781             770             770
Total Cell Area:                1,435             781             770             770
Leaf Instances:                   447             282             279             279
Total Instances:                  447             282             279             279
Utilization (%):                 0.00            0.00            0.00            0.00
Tot. Net Length (um):        no_value        no_value        no_value        no_value
Avg. Net Length (um):        no_value        no_value        no_value        no_value
Route Overflow H (%):        no_value        no_value        no_value        no_value
Route Overflow V (%):        no_value        no_value        no_value        no_value
MBCI(%) (bits/gate) :            0.00            0.00            0.00            0.00
Norm Cong Hotspot Area:
  Max Cong:                  no_value        no_value        no_value        no_value
  Tot Cong:                  no_value        no_value        no_value        no_value
==========================================================================================
CPU  Runtime (h:m:s):        00:00:35        00:00:40        00:00:05        00:00:01
Real Runtime (h:m:s):        00:00:33        00:00:29        00:00:06        00:00:03
CPU  Elapsed (h:m:s):        00:00:45        00:01:24        00:01:29        00:01:30
Real Elapsed (h:m:s):        00:00:37        00:01:05        00:01:11        00:01:14
Memory (MB):                  1719.88         1689.96         1691.79         1734.80
==========================================================================================
==========================================================================================
Flow Settings:
==========================================================================================
Total Runtime (h:m:s): 00:01:12
Total Memory (MB):     1734.80
Executable Version:    21.18-s082_1
==========================================================================================
Total Cell Area =  Cell Area + Physical Cell Area
Total Instances =  Leaf Instances + Physical Instances




@file(run_synth.tcl) 238: write_hdl  > ${_OUTPUTS_PATH}/${DESIGN}_gate.v
@file(run_synth.tcl) 239: write_script > ${_OUTPUTS_PATH}/${DESIGN}.script
Warning : This command will be obsolete in a next major release. [TUI-37]
        : Use 'write_db -common' for saving design databases to operate with other Cadence tools. Use 'write_design' in future releases for saving files for operations with non-Cadence tools.

@file(run_synth.tcl) 240: write_sdc > ${_OUTPUTS_PATH}/${DESIGN}.sdc
Finished SDC export (command execution time mm:ss (real) = 00:00).
@file(run_synth.tcl) 248: write_do_lec -golden_design fv_map -revised_design ${_OUTPUTS_PATH}/${DESIGN}_gate.v -logfile  ${_LOG_PATH}/intermediate2final.lec.log > ${_OUTPUTS_PATH}/intermediate2final.lec.do
Info    : Wrote formal verification information. [CFM-5]
        : Wrote 'fv/TOP/TOP_gatev.fv.json' for netlist 'outputs_Jun13-07:47:51/TOP_gate.v'.
Info    : Forcing flat compare. [CFM-212]
        : No hierarchies found in design.
Info    : Wrote dofile. [CFM-1]
        : Dofile is 'outputs_Jun13-07:47:51/intermediate2final.lec.do'.
        : Alias mapping flow is enabled.
@file(run_synth.tcl) 250: write_do_lec -revised_design ${_OUTPUTS_PATH}/${DESIGN}_gate.v -logfile ${_LOG_PATH}/rtl2final.lec.log > ${_OUTPUTS_PATH}/rtl2final.lec.do
Info    : Forcing flat compare. [CFM-212]
        : No hierarchies found in design.
Info    : Wrote composite dofile. [CFM-2]
        : The composite dofile 'outputs_Jun13-07:47:51/rtl2final.lec.do' includes two compare operations: rtl-to-fv_map and fv_map-to-revised. The 'fv_map' netlist was automatically written in the verification directory during the syn_map command.
@file(run_synth.tcl) 252: puts "Final Runtime & Memory."
Final Runtime & Memory.
@file(run_synth.tcl) 253: time_info FINAL
stamp 'FINAL' being created for table 'default'

  Total Time (Wall) |  Stage Time (Wall)  |   % (Wall)   |    Date - Time     |  Memory   | Stage
--------------------+---------------------+--------------+--------------------+-----------+----------------------
 00:00:09(00:00:00) |  00:00:00(00:00:00) |   0.0(  0.0) |    7:47:43 (Jun13) |  149.7 MB | init
--------------------+---------------------+--------------+--------------------+-----------+----------------------
 00:00:30(00:00:19) |  00:00:21(00:00:19) |  30.1( 25.3) |    7:48:02 (Jun13) |  387.6 MB | Elaboration
--------------------+---------------------+--------------+--------------------+-----------+----------------------
 00:00:43(00:00:33) |  00:00:13(00:00:14) |  18.9( 18.7) |    7:48:16 (Jun13) |  714.5 MB | GENERIC
--------------------+---------------------+--------------+--------------------+-----------+----------------------
 00:01:09(00:01:02) |  00:00:26(00:00:29) |  38.2( 38.7) |    7:48:45 (Jun13) |  711.3 MB | MAPPED
--------------------+---------------------+--------------+--------------------+-----------+----------------------
 00:01:14(00:01:10) |  00:00:04(00:00:08) |   7.0( 10.7) |    7:48:53 (Jun13) |  710.6 MB | OPT
--------------------+---------------------+--------------+--------------------+-----------+----------------------
 00:01:18(00:01:15) |  00:00:04(00:00:05) |   5.7(  6.7) |    7:48:58 (Jun13) |  721.9 MB | FINAL
--------------------+---------------------+--------------+--------------------+-----------+----------------------
Number of threads: 8 * 1   (id: default, time_info v1.57)
Info: (*N*) indicates data that was populated from previously saved time_info database
Info: CPU time includes time of parent + longest thread
@file(run_synth.tcl) 254: puts "============================"
============================
@file(run_synth.tcl) 255: puts "Synthesis Finished ........."
Synthesis Finished .........
@file(run_synth.tcl) 256: puts "============================"
============================
@file(run_synth.tcl) 258: file copy [get_db / .stdout_log] ${_LOG_PATH}/.
