Cadence Genus(TM) Synthesis Solution.
Copyright 2023 Cadence Design Systems, Inc. All rights reserved worldwide.
Cadence and the Cadence logo are registered trademarks and Genus is a trademark
of Cadence Design Systems, Inc. in the United States and other countries.

[16:39:09.095713] Configured Lic search path (21.01-s002): 5280@cadence

Version: 21.18-s082_1, built Tue Jul 18 00:08:41 PDT 2023
Options: -files scripts/run_synth.tcl 
Date:    Sat Jul 11 16:39:09 2026
Host:    cadence (x86_64 w/Linux 3.10.0-1160.el7.x86_64) (8cores*32cpus*2physical cpus*Intel(R) Xeon(R) CPU E5-2440 v2 @ 1.90GHz 20480KB) (197849384KB)
PID:     40831
OS:      Red Hat Enterprise Linux Server release 7.9 (Maipo)


[16:39:09.142009] Periodic Lic check successful
[16:39:09.142032] Feature usage summary:
[16:39:09.142033] Genus_Synthesis
Checking out license: Genus_Synthesis


***********************************************************************************************************
***********************************************************************************************************



Loading tool scripts...
Finished loading tool scripts (16 seconds elapsed).

#@ Processing -files option
@genus 1> source scripts/run_synth.tcl
#@ Begin verbose source ./scripts/run_synth.tcl
@file(run_synth.tcl) 3: if {[file exists /proc/cpuinfo]} {
  sh grep "model name" /proc/cpuinfo
    sh grep "cpu MHz"    /proc/cpuinfo
    }
model name	: Intel(R) Xeon(R) CPU E5-2440 v2 @ 1.90GHz
model name	: Intel(R) Xeon(R) CPU E5-2440 v2 @ 1.90GHz
model name	: Intel(R) Xeon(R) CPU E5-2440 v2 @ 1.90GHz
model name	: Intel(R) Xeon(R) CPU E5-2440 v2 @ 1.90GHz
model name	: Intel(R) Xeon(R) CPU E5-2440 v2 @ 1.90GHz
model name	: Intel(R) Xeon(R) CPU E5-2440 v2 @ 1.90GHz
model name	: Intel(R) Xeon(R) CPU E5-2440 v2 @ 1.90GHz
model name	: Intel(R) Xeon(R) CPU E5-2440 v2 @ 1.90GHz
model name	: Intel(R) Xeon(R) CPU E5-2440 v2 @ 1.90GHz
model name	: Intel(R) Xeon(R) CPU E5-2440 v2 @ 1.90GHz
model name	: Intel(R) Xeon(R) CPU E5-2440 v2 @ 1.90GHz
model name	: Intel(R) Xeon(R) CPU E5-2440 v2 @ 1.90GHz
model name	: Intel(R) Xeon(R) CPU E5-2440 v2 @ 1.90GHz
model name	: Intel(R) Xeon(R) CPU E5-2440 v2 @ 1.90GHz
model name	: Intel(R) Xeon(R) CPU E5-2440 v2 @ 1.90GHz
model name	: Intel(R) Xeon(R) CPU E5-2440 v2 @ 1.90GHz
model name	: Intel(R) Xeon(R) CPU E5-2440 v2 @ 1.90GHz
model name	: Intel(R) Xeon(R) CPU E5-2440 v2 @ 1.90GHz
model name	: Intel(R) Xeon(R) CPU E5-2440 v2 @ 1.90GHz
model name	: Intel(R) Xeon(R) CPU E5-2440 v2 @ 1.90GHz
model name	: Intel(R) Xeon(R) CPU E5-2440 v2 @ 1.90GHz
model name	: Intel(R) Xeon(R) CPU E5-2440 v2 @ 1.90GHz
model name	: Intel(R) Xeon(R) CPU E5-2440 v2 @ 1.90GHz
model name	: Intel(R) Xeon(R) CPU E5-2440 v2 @ 1.90GHz
model name	: Intel(R) Xeon(R) CPU E5-2440 v2 @ 1.90GHz
model name	: Intel(R) Xeon(R) CPU E5-2440 v2 @ 1.90GHz
model name	: Intel(R) Xeon(R) CPU E5-2440 v2 @ 1.90GHz
model name	: Intel(R) Xeon(R) CPU E5-2440 v2 @ 1.90GHz
model name	: Intel(R) Xeon(R) CPU E5-2440 v2 @ 1.90GHz
model name	: Intel(R) Xeon(R) CPU E5-2440 v2 @ 1.90GHz
model name	: Intel(R) Xeon(R) CPU E5-2440 v2 @ 1.90GHz
model name	: Intel(R) Xeon(R) CPU E5-2440 v2 @ 1.90GHz
cpu MHz		: 2200.006
cpu MHz		: 2200.006
cpu MHz		: 2199.890
cpu MHz		: 2199.890
cpu MHz		: 2199.890
cpu MHz		: 2203.485
cpu MHz		: 2200.006
cpu MHz		: 2199.774
cpu MHz		: 2200.006
cpu MHz		: 2200.006
cpu MHz		: 2199.890
cpu MHz		: 2200.006
cpu MHz		: 2200.006
cpu MHz		: 2200.238
cpu MHz		: 2199.890
cpu MHz		: 2199.774
cpu MHz		: 2199.890
cpu MHz		: 2200.006
cpu MHz		: 2200.006
cpu MHz		: 2200.701
cpu MHz		: 2199.890
cpu MHz		: 2200.006
cpu MHz		: 2200.006
cpu MHz		: 2199.890
cpu MHz		: 2200.006
cpu MHz		: 2200.238
cpu MHz		: 2200.006
cpu MHz		: 2204.064
cpu MHz		: 2200.006
cpu MHz		: 2200.006
cpu MHz		: 2199.890
cpu MHz		: 2199.890
@file(run_synth.tcl) 8:     puts "Hostname : [info hostname]"
Hostname : cadence
@file(run_synth.tcl) 10: set var(step) "synth"
@file(run_synth.tcl) 11: if {[file exists ../project_setup.tcl]} {
	source -e -v ../project_setup.tcl
} else {
	puts "ERROR: project_setup.tcl not found. Please check your setup"
}
Sourcing '../project_setup.tcl' (Sat Jul 11 16:39:26 +06 2026)...
#@ Begin verbose source ../project_setup.tcl
@file(project_setup.tcl) 9: set TECH "sky130_cadence" ;# Options: "gpdk045 | sky130_cadence | sky130_open"
set TECH "sky130_cadence" ;# Options: "gpdk045 | sky130_cadence | sky130_open"
@file(project_setup.tcl) 14: set MULTIVT "true"
set MULTIVT "true"
@file(project_setup.tcl) 15: set MBFF "false"
set MBFF "false"
@file(project_setup.tcl) 17: source -e -v $::env(REPO_ROOT)/util/tech/${TECH}.tcl 
source -e -v $::env(REPO_ROOT)/util/tech/${TECH}.tcl 
Sourcing '/home/B2_Faysal/UDIF/aiub_vlsi_impl_demo/util/tech/sky130_cadence.tcl' (Sat Jul 11 16:39:26 +06 2026)...
#@ Begin verbose source /home/B2_Faysal/UDIF/aiub_vlsi_impl_demo/util/tech/sky130_cadence.tcl
@file(sky130_cadence.tcl) 10: set TECH "sky130_cadence" 
set TECH "sky130_cadence" 
@file(sky130_cadence.tcl) 12: puts "ATSH_VLSI: TECH=$TECH"
puts "ATSH_VLSI: TECH=$TECH"
ATSH_VLSI: TECH=sky130_cadence
@file(sky130_cadence.tcl) 13: puts "ATSH_VLSI: Starting Setup"
puts "ATSH_VLSI: Starting Setup"
ATSH_VLSI: Starting Setup
@file(sky130_cadence.tcl) 15: if { $TECH == "sky130_cadence" } {
	set TECH_DIR "/home/eee/sky130_cadence"
	set STD_LIB_DIR "sky130_scl_9T_0.0.5"
	puts "ATSH_VLSI: $TECH has no multivt or mbff options as of this release."
	#set MULTIVT $::env(MULTIVT)
	#set MBFF $::env(MBFF)

set LEF_FILES ""

# Adding Technology LEF file
append LEF_FILES " " "$TECH_DIR/$STD_LIB_DIR/lef/sky130_scl_9T.tlef"

# Adding RVT Cell LEF
append LEF_FILES " " "$TECH_DIR/$STD_LIB_DIR/lef/sky130_scl_9T.lef"


set LIB_FILES(slow) ""
set LIB_FILES(fast) ""

append LIB_FILES(slow) " " "$TECH_DIR/$STD_LIB_DIR/lib/sky130_ss_1.62_125_nldm.lib"
append LIB_FILES(fast) " " "$TECH_DIR/$STD_LIB_DIR/lib/sky130_ff_1.98_0_nldm.lib"
append LIB_FILES(typical) " " "$TECH_DIR/$STD_LIB_DIR/lib/sky130_tt_1.8_25_nldm.lib"

set LIB_FILES(all) "$LIB_FILES(slow) $LIB_FILES(fast) $LIB_FILES(typical)"

set QRC_TECH_FILE(typical) "$TECH_DIR/sky130_release_0.0.4/quantus/extraction/typical/qrcTechFile"

set PHYSICAL_CELL_LIST " FILL1 FILL2 FILL4 FILL8 FILL16 FILL32 FILL64 "
set CLK_BUFFERS " CLKBUFX4 CLKBUFX8 CLKBUFX2 "
set CLK_INVERTERS " CLKINVX2 CLKINVX8 CLKINVX1 CLKINVX4 "

set GDS_MAP_FILE "$TECH_DIR/$STD_LIB_DIR/gds/sky130_stream.mapFile"
set GDS_MERGE_FILE "$TECH_DIR/$STD_LIB_DIR/gds/sky130_scl_9T.gds"

} ;# END OF SkyWater 130nm Cadence PDK SETUP
if { $TECH == "sky130_cadence" } {
	set TECH_DIR "/home/eee/sky130_cadence"
	set STD_LIB_DIR "sky130_scl_9T_0.0.5"
	puts "ATSH_VLSI: $TECH has no multivt or mbff options as of this release."
	#set MULTIVT $::env(MULTIVT)
	#set MBFF $::env(MBFF)

set LEF_FILES ""

# Adding Technology LEF file
append LEF_FILES " " "$TECH_DIR/$STD_LIB_DIR/lef/sky130_scl_9T.tlef"

# Adding RVT Cell LEF
append LEF_FILES " " "$TECH_DIR/$STD_LIB_DIR/lef/sky130_scl_9T.lef"


set LIB_FILES(slow) ""
set LIB_FILES(fast) ""

append LIB_FILES(slow) " " "$TECH_DIR/$STD_LIB_DIR/lib/sky130_ss_1.62_125_nldm.lib"
append LIB_FILES(fast) " " "$TECH_DIR/$STD_LIB_DIR/lib/sky130_ff_1.98_0_nldm.lib"
append LIB_FILES(typical) " " "$TECH_DIR/$STD_LIB_DIR/lib/sky130_tt_1.8_25_nldm.lib"

set LIB_FILES(all) "$LIB_FILES(slow) $LIB_FILES(fast) $LIB_FILES(typical)"

set QRC_TECH_FILE(typical) "$TECH_DIR/sky130_release_0.0.4/quantus/extraction/typical/qrcTechFile"

set PHYSICAL_CELL_LIST " FILL1 FILL2 FILL4 FILL8 FILL16 FILL32 FILL64 "
set CLK_BUFFERS " CLKBUFX4 CLKBUFX8 CLKBUFX2 "
set CLK_INVERTERS " CLKINVX2 CLKINVX8 CLKINVX1 CLKINVX4 "

set GDS_MAP_FILE "$TECH_DIR/$STD_LIB_DIR/gds/sky130_stream.mapFile"
set GDS_MERGE_FILE "$TECH_DIR/$STD_LIB_DIR/gds/sky130_scl_9T.gds"

} ;# END OF SkyWater 130nm Cadence PDK SETUP
ATSH_VLSI: sky130_cadence has no multivt or mbff options as of this release.
#@ End verbose source /home/B2_Faysal/UDIF/aiub_vlsi_impl_demo/util/tech/sky130_cadence.tcl
@file(project_setup.tcl) 23: set DESIGN_DIR "design_data"
set DESIGN_DIR "design_data"
@file(project_setup.tcl) 24: set DESIGN_NAME "$::env(TOP)"
set DESIGN_NAME "$::env(TOP)"
@file(project_setup.tcl) 25: puts "TOP DESIGN SET TO: $DESIGN_NAME"
puts "TOP DESIGN SET TO: $DESIGN_NAME"
TOP DESIGN SET TO: RISC_V3
@file(project_setup.tcl) 26: set CLK_PORT "SYS_CLOCK" 
set CLK_PORT "SYS_CLOCK" 
@file(project_setup.tcl) 27: set CLK_PERIOD "5.0" ;# unit depends on pdk; for gpdk045 the unit is ns
set CLK_PERIOD "5.0" ;# unit depends on pdk; for gpdk045 the unit is ns
@file(project_setup.tcl) 29: set POWER_NET "VDD"
set POWER_NET "VDD"
@file(project_setup.tcl) 30: set GROUND_NET "VSS"
set GROUND_NET "VSS"
@file(project_setup.tcl) 39: set SYNTH_EFFORT_GENERIC "medium"
set SYNTH_EFFORT_GENERIC "medium"
@file(project_setup.tcl) 40: set SYNTH_EFFORT_OPT "high"
set SYNTH_EFFORT_OPT "high"
@file(project_setup.tcl) 41: set SYNTH_INFO_LEVEL 7
set SYNTH_INFO_LEVEL 7
@file(project_setup.tcl) 42: set SYNTH_LOW_POWER "false"
set SYNTH_LOW_POWER "false"
@file(project_setup.tcl) 44: if { $var(step) == "synth" } {
set RTL_FILES "[glob $DESIGN_DIR/*v]"
set CONSTRAINTS_FILE "[glob $DESIGN_DIR/*sdc]"
#set RTL_FILES "[exec python3 $::env(REPO_ROOT)/util/compile.py $::env(REPO_ROOT)/frontend/$::env(PROJECT)/manifest.json syn]"
#set CONSTRAINTS_FILE "[exec python3 $::env(REPO_ROOT)/util/compile.py $::env(REPO_ROOT)/frontend/$::env(PROJECT)/manifest.json syn_sdc]"
}
if { $var(step) == "synth" } {
set RTL_FILES "[glob $DESIGN_DIR/*v]"
set CONSTRAINTS_FILE "[glob $DESIGN_DIR/*sdc]"
#set RTL_FILES "[exec python3 $::env(REPO_ROOT)/util/compile.py $::env(REPO_ROOT)/frontend/$::env(PROJECT)/manifest.json syn]"
#set CONSTRAINTS_FILE "[exec python3 $::env(REPO_ROOT)/util/compile.py $::env(REPO_ROOT)/frontend/$::env(PROJECT)/manifest.json syn_sdc]"
}
@file(project_setup.tcl) 55: set PNR_INIT_NETLIST "$DESIGN_DIR/${DESIGN_NAME}_gate.v"
set PNR_INIT_NETLIST "$DESIGN_DIR/${DESIGN_NAME}_gate.v"
@file(project_setup.tcl) 56: set PNR_SDC "$DESIGN_DIR/${DESIGN_NAME}.sdc"
set PNR_SDC "$DESIGN_DIR/${DESIGN_NAME}.sdc"
@file(project_setup.tcl) 57: set PNR_VIEW_DEF "$DESIGN_DIR/viewDefinition.tcl"
set PNR_VIEW_DEF "$DESIGN_DIR/viewDefinition.tcl"
@file(project_setup.tcl) 58: set PNR_GND_NETS "VSS"
set PNR_GND_NETS "VSS"
@file(project_setup.tcl) 59: set PNR_PWR_NETS "VDD"
set PNR_PWR_NETS "VDD"
@file(project_setup.tcl) 60: set PNR_MAX_ROUTE_LAYER "6"
set PNR_MAX_ROUTE_LAYER "6"
@file(project_setup.tcl) 61: set PNR_FP_TCL "../floorplan/fp.tcl"
set PNR_FP_TCL "../floorplan/fp.tcl"
@file(project_setup.tcl) 62: set PNR_FP_DEF "../floorplan/fp.def"
set PNR_FP_DEF "../floorplan/fp.def"
@file(project_setup.tcl) 63: set PNR_FP_PRIORITY "TCL"
set PNR_FP_PRIORITY "TCL"
#@ End verbose source ../project_setup.tcl
@file(run_synth.tcl) 20: set DESIGN $DESIGN_NAME
@file(run_synth.tcl) 21: puts "DESIGN SET TO $DESIGN"
DESIGN SET TO RISC_V3
@file(run_synth.tcl) 22: set GEN_EFF $SYNTH_EFFORT_GENERIC
@file(run_synth.tcl) 23: set MAP_OPT_EFF $SYNTH_EFFORT_OPT
@file(run_synth.tcl) 24: set DATE [clock format [clock seconds] -format "%b%d-%T"]
@file(run_synth.tcl) 25: set _OUTPUTS_PATH outputs_${DATE}
@file(run_synth.tcl) 26: set _REPORTS_PATH reports_${DATE}
@file(run_synth.tcl) 27: set _LOG_PATH logs_${DATE}
@file(run_synth.tcl) 29: set_db / .init_lib_search_path  {. ../LIB $TECH_DIR}
  Setting attribute of root '/': 'init_lib_search_path' = . ../LIB $TECH_DIR
@file(run_synth.tcl) 31: set_db / .init_hdl_search_path  {. ../RTL $DESIGN_DIR}
  Setting attribute of root '/': 'init_hdl_search_path' = . ../RTL $DESIGN_DIR
@file(run_synth.tcl) 44: set_db / .information_level $SYNTH_INFO_LEVEL
  Setting attribute of root '/': 'information_level' = 7
@file(run_synth.tcl) 50: eval "set_db / .library {$LIB_FILES(all)}"

Threads Configured:8
            Reading file '/home/eee/sky130_cadence/sky130_scl_9T_0.0.5/lib/sky130_ss_1.62_125_nldm.lib'
            Reading file '/home/eee/sky130_cadence/sky130_scl_9T_0.0.5/lib/sky130_ff_1.98_0_nldm.lib'
Warning : Libraries have inconsistent nominal operating conditions. In the Liberty library, there are attributes called nom_voltage, nom_process and nom_temperature. Genus reports the message, if the respective values of the 2 given .libs differ. [LBR-38]
        : The libraries are 'sky130_ss_1.62_125' and 'sky130_ff_1.98_0'.
        : This is a common source of delay calculation confusion and should be avoided.
            Reading file '/home/eee/sky130_cadence/sky130_scl_9T_0.0.5/lib/sky130_tt_1.8_25_nldm.lib'
Warning : Libraries have inconsistent nominal operating conditions. In the Liberty library, there are attributes called nom_voltage, nom_process and nom_temperature. Genus reports the message, if the respective values of the 2 given .libs differ. [LBR-38]
        : The libraries are 'sky130_ss_1.62_125' and 'sky130_tt_1.8_25'.
Info    : Created nominal operating condition. [LBR-412]
        : Operating condition '_nominal_' was created for the PVT values (1.000000, 1.620000, 125.000000) in library 'sky130_ss_1.62_125_nldm.lib'.
        : The nominal operating condition is represented, either by the nominal PVT values specified in the library source (via nom_process,nom_voltage and nom_temperature respectively), or by the default PVT values (1.0,1.0,1.0).
Info    : Created nominal operating condition. [LBR-412]
        : Operating condition '_nominal_' was created for the PVT values (1.000000, 1.980000, 0.000000) in library 'sky130_ff_1.98_0_nldm.lib'.
Info    : Created nominal operating condition. [LBR-412]
        : Operating condition '_nominal_' was created for the PVT values (1.000000, 1.800000, 25.000000) in library 'sky130_tt_1.8_25_nldm.lib'.
Warning : Unusable clock gating integrated cell found at the time of loading libraries. This warning happens because a particular library cell is defined as 'clock_gating_integrated_cell', but 'dont_use' attribute is defined as true in the liberty library. To make Genus use this cell for clock gating insertion, 'dont_use' attribute should be set to false. [LBR-101]
        : Clock gating integrated cell name: 'ICGX1'
        : To make the cell usable, change the value of 'dont_use' attribute to false.
Warning : Unusable clock gating integrated cell found at the time of loading libraries. This warning happens because a particular library cell is defined as 'clock_gating_integrated_cell', but 'dont_use' attribute is defined as true in the liberty library. To make Genus use this cell for clock gating insertion, 'dont_use' attribute should be set to false. [LBR-101]
        : Clock gating integrated cell name: 'ICGX1'
Warning : Unusable clock gating integrated cell found at the time of loading libraries. This warning happens because a particular library cell is defined as 'clock_gating_integrated_cell', but 'dont_use' attribute is defined as true in the liberty library. To make Genus use this cell for clock gating insertion, 'dont_use' attribute should be set to false. [LBR-101]
        : Clock gating integrated cell name: 'ICGX1'
Warning : Multiply-defined library cell. [LBR-22]
        : Library-cell name collision (sky130_ss_1.62_125/ADDFX1 and sky130_ff_1.98_0/ADDFX1).  Deleting (sky130_ff_1.98_0/ADDFX1).
        : Library cell names must be unique.  Any duplicates will be deleted.  Only the first (as determined by the order of libraries) will be retained.
Warning : Multiply-defined library cell. [LBR-22]
        : Library-cell name collision (sky130_ss_1.62_125/ADDHX1 and sky130_ff_1.98_0/ADDHX1).  Deleting (sky130_ff_1.98_0/ADDHX1).
Warning : Multiply-defined library cell. [LBR-22]
        : Library-cell name collision (sky130_ss_1.62_125/AND2X1 and sky130_ff_1.98_0/AND2X1).  Deleting (sky130_ff_1.98_0/AND2X1).
Warning : Multiply-defined library cell. [LBR-22]
        : Library-cell name collision (sky130_ss_1.62_125/AND2X2 and sky130_ff_1.98_0/AND2X2).  Deleting (sky130_ff_1.98_0/AND2X2).
Warning : Multiply-defined library cell. [LBR-22]
        : Library-cell name collision (sky130_ss_1.62_125/AND3X1 and sky130_ff_1.98_0/AND3X1).  Deleting (sky130_ff_1.98_0/AND3X1).
Warning : Multiply-defined library cell. [LBR-22]
        : Library-cell name collision (sky130_ss_1.62_125/AND3X2 and sky130_ff_1.98_0/AND3X2).  Deleting (sky130_ff_1.98_0/AND3X2).
Warning : Multiply-defined library cell. [LBR-22]
        : Library-cell name collision (sky130_ss_1.62_125/AND4X1 and sky130_ff_1.98_0/AND4X1).  Deleting (sky130_ff_1.98_0/AND4X1).
Warning : Multiply-defined library cell. [LBR-22]
        : Library-cell name collision (sky130_ss_1.62_125/AND4X2 and sky130_ff_1.98_0/AND4X2).  Deleting (sky130_ff_1.98_0/AND4X2).
Warning : Multiply-defined library cell. [LBR-22]
        : Library-cell name collision (sky130_ss_1.62_125/AOI211X1 and sky130_ff_1.98_0/AOI211X1).  Deleting (sky130_ff_1.98_0/AOI211X1).
Warning : Multiply-defined library cell. [LBR-22]
        : Library-cell name collision (sky130_ss_1.62_125/AOI211X2 and sky130_ff_1.98_0/AOI211X2).  Deleting (sky130_ff_1.98_0/AOI211X2).
Warning : Multiply-defined library cell. [LBR-22]
        : Library-cell name collision (sky130_ss_1.62_125/AOI21X1 and sky130_ff_1.98_0/AOI21X1).  Deleting (sky130_ff_1.98_0/AOI21X1).
Warning : Multiply-defined library cell. [LBR-22]
        : Library-cell name collision (sky130_ss_1.62_125/AOI21X2 and sky130_ff_1.98_0/AOI21X2).  Deleting (sky130_ff_1.98_0/AOI21X2).
Warning : Multiply-defined library cell. [LBR-22]
        : Library-cell name collision (sky130_ss_1.62_125/AOI221X1 and sky130_ff_1.98_0/AOI221X1).  Deleting (sky130_ff_1.98_0/AOI221X1).
Warning : Multiply-defined library cell. [LBR-22]
        : Library-cell name collision (sky130_ss_1.62_125/AOI221X2 and sky130_ff_1.98_0/AOI221X2).  Deleting (sky130_ff_1.98_0/AOI221X2).
Warning : Multiply-defined library cell. [LBR-22]
        : Library-cell name collision (sky130_ss_1.62_125/AOI222X1 and sky130_ff_1.98_0/AOI222X1).  Deleting (sky130_ff_1.98_0/AOI222X1).
Warning : Multiply-defined library cell. [LBR-22]
        : Library-cell name collision (sky130_ss_1.62_125/AOI222X2 and sky130_ff_1.98_0/AOI222X2).  Deleting (sky130_ff_1.98_0/AOI222X2).
Warning : Multiply-defined library cell. [LBR-22]
        : Library-cell name collision (sky130_ss_1.62_125/AOI22X1 and sky130_ff_1.98_0/AOI22X1).  Deleting (sky130_ff_1.98_0/AOI22X1).
Warning : Multiply-defined library cell. [LBR-22]
        : Library-cell name collision (sky130_ss_1.62_125/AOI22X2 and sky130_ff_1.98_0/AOI22X2).  Deleting (sky130_ff_1.98_0/AOI22X2).
Warning : Multiply-defined library cell. [LBR-22]
        : Library-cell name collision (sky130_ss_1.62_125/BUFX16 and sky130_ff_1.98_0/BUFX16).  Deleting (sky130_ff_1.98_0/BUFX16).
Warning : Multiply-defined library cell. [LBR-22]
        : Library-cell name collision (sky130_ss_1.62_125/BUFX2 and sky130_ff_1.98_0/BUFX2).  Deleting (sky130_ff_1.98_0/BUFX2).
Warning : Maximum message print count reached. [MESG-11]
        : Maximum print count of '20' reached for message 'LBR-22'.
  Setting attribute of root '/': 'library' =  /home/eee/sky130_cadence/sky130_scl_9T_0.0.5/lib/sky130_ss_1.62_125_nldm.lib  /home/eee/sky130_cadence/sky130_scl_9T_0.0.5/lib/sky130_ff_1.98_0_nldm.lib  /home/eee/sky130_cadence/sky130_scl_9T_0.0.5/lib/sky130_tt_1.8_25_nldm.lib
@file(run_synth.tcl) 53: eval "set_db / .lef_library  {$LEF_FILES}"

  According to lef_library, there are total 5 routing layers [ V(2) / H(3) ]

Warning : The variant range of wire parameters is too large. An example of wire parameters are, a WIDTH for layer, PITCH for layer, MINSPACING for layers, etc. [PHYS-12]
        : The variant range (0.14, 1.6) of 'WIDTH' for layers 'met1' and 'met5' is too large.
        : Check the consistency of the parameters, and see if you can ignore this message or you're using different LEF file with wrong parameters.
Warning : The variant range of wire parameters is too large. An example of wire parameters are, a WIDTH for layer, PITCH for layer, MINSPACING for layers, etc. [PHYS-12]
        : The variant range (0.14, 1.6) of 'MINSPACING' for layers 'met2' and 'met5' is too large.
Info    : Both 'pos_unate' and 'neg_unate' timing_sense arcs have been processed. [LBR-162]
        : Non_unate 'timing_sense' inferred between pin 'CI' and 'S' in libcell 'ADDFX1'.
        : Setting the 'timing_sense' to non_unate.
Info    : Both 'pos_unate' and 'neg_unate' timing_sense arcs have been processed. [LBR-162]
        : Non_unate 'timing_sense' inferred between pin 'B' and 'S' in libcell 'ADDFX1'.
Info    : Both 'pos_unate' and 'neg_unate' timing_sense arcs have been processed. [LBR-162]
        : Non_unate 'timing_sense' inferred between pin 'A' and 'S' in libcell 'ADDFX1'.
Info    : Both 'pos_unate' and 'neg_unate' timing_sense arcs have been processed. [LBR-162]
        : Non_unate 'timing_sense' inferred between pin 'B' and 'S' in libcell 'ADDHX1'.
Info    : Both 'pos_unate' and 'neg_unate' timing_sense arcs have been processed. [LBR-162]
        : Non_unate 'timing_sense' inferred between pin 'A' and 'S' in libcell 'ADDHX1'.
Info    : Both 'pos_unate' and 'neg_unate' timing_sense arcs have been processed. [LBR-162]
        : Non_unate 'timing_sense' inferred between pin 'S0' and 'Y' in libcell 'CLKMX2X2'.
Info    : Both 'pos_unate' and 'neg_unate' timing_sense arcs have been processed. [LBR-162]
        : Non_unate 'timing_sense' inferred between pin 'B' and 'Y' in libcell 'CLKXOR2X1'.
Info    : Both 'pos_unate' and 'neg_unate' timing_sense arcs have been processed. [LBR-162]
        : Non_unate 'timing_sense' inferred between pin 'A' and 'Y' in libcell 'CLKXOR2X1'.
Info    : Both 'pos_unate' and 'neg_unate' timing_sense arcs have been processed. [LBR-162]
        : Non_unate 'timing_sense' inferred between pin 'S0' and 'Y' in libcell 'MX2X1'.
Info    : Both 'pos_unate' and 'neg_unate' timing_sense arcs have been processed. [LBR-162]
        : Non_unate 'timing_sense' inferred between pin 'S0' and 'Y' in libcell 'MX2X4'.
Info    : Both 'pos_unate' and 'neg_unate' timing_sense arcs have been processed. [LBR-162]
        : Non_unate 'timing_sense' inferred between pin 'S1' and 'Y' in libcell 'MX4X1'.
Info    : Both 'pos_unate' and 'neg_unate' timing_sense arcs have been processed. [LBR-162]
        : Non_unate 'timing_sense' inferred between pin 'S0' and 'Y' in libcell 'MX4X1'.
Info    : Both 'pos_unate' and 'neg_unate' timing_sense arcs have been processed. [LBR-162]
        : Non_unate 'timing_sense' inferred between pin 'S1' and 'Y' in libcell 'MX4X4'.
Info    : Both 'pos_unate' and 'neg_unate' timing_sense arcs have been processed. [LBR-162]
        : Non_unate 'timing_sense' inferred between pin 'S0' and 'Y' in libcell 'MX4X4'.
Info    : Both 'pos_unate' and 'neg_unate' timing_sense arcs have been processed. [LBR-162]
        : Non_unate 'timing_sense' inferred between pin 'B' and 'Y' in libcell 'XNOR2X1'.
Info    : Both 'pos_unate' and 'neg_unate' timing_sense arcs have been processed. [LBR-162]
        : Non_unate 'timing_sense' inferred between pin 'A' and 'Y' in libcell 'XNOR2X1'.
Info    : Both 'pos_unate' and 'neg_unate' timing_sense arcs have been processed. [LBR-162]
        : Non_unate 'timing_sense' inferred between pin 'B' and 'Y' in libcell 'XNOR2X2'.
Info    : Both 'pos_unate' and 'neg_unate' timing_sense arcs have been processed. [LBR-162]
        : Non_unate 'timing_sense' inferred between pin 'A' and 'Y' in libcell 'XNOR2X2'.
Info    : Both 'pos_unate' and 'neg_unate' timing_sense arcs have been processed. [LBR-162]
        : Non_unate 'timing_sense' inferred between pin 'B' and 'Y' in libcell 'XNOR2X4'.
Info    : Both 'pos_unate' and 'neg_unate' timing_sense arcs have been processed. [LBR-162]
        : Non_unate 'timing_sense' inferred between pin 'A' and 'Y' in libcell 'XNOR2X4'.
Warning : Maximum message print count reached. [MESG-11]
        : Maximum print count of '20' reached for message 'LBR-162'.
  Libraries have 88 usable logic and 18 usable sequential lib-cells.
Warning : Physical cell not defined in library. [PHYS-279]
        : The physical (LEF) cell FILL1 cannot be found in library.
        : Ensure that the proper library files are available and have been imported.
Warning : Physical cell not defined in library. [PHYS-279]
        : The physical (LEF) cell FILL2 cannot be found in library.
Warning : Physical cell not defined in library. [PHYS-279]
        : The physical (LEF) cell FILL4 cannot be found in library.
Warning : Physical cell not defined in library. [PHYS-279]
        : The physical (LEF) cell FILL8 cannot be found in library.
Warning : Physical cell not defined in library. [PHYS-279]
        : The physical (LEF) cell FILL16 cannot be found in library.
Warning : Physical cell not defined in library. [PHYS-279]
        : The physical (LEF) cell FILL32 cannot be found in library.
Warning : Physical cell not defined in library. [PHYS-279]
        : The physical (LEF) cell FILL64 cannot be found in library.
Warning : Physical cell not defined in library. [PHYS-279]
        : The physical (LEF) cell ANTENNA cannot be found in library.
  Setting attribute of root '/': 'lef_library' = /home/eee/sky130_cadence/sky130_scl_9T_0.0.5/lef/sky130_scl_9T.tlef /home/eee/sky130_cadence/sky130_scl_9T_0.0.5/lef/sky130_scl_9T.lef
@file(run_synth.tcl) 56: if {$SYNTH_LOW_POWER == "true" } {
set_db / .lp_insert_clock_gating true 
}
@file(run_synth.tcl) 68: if {$SYNTH_LOW_POWER == "true" } {
set_db / .leakage_power_effort high 
} else {
set_db / .leakage_power_effort medium 
}
Warning : This attribute will be obsolete in a next major release. [TUI-32]
        : attribute: 'leakage_power_effort', object type: 'root'
        : This attribute is obsolete. Use design_power_effort attribute instead.
  Setting attribute of root '/': 'leakage_power_effort' = medium
@file(run_synth.tcl) 80: read_hdl -sv "$RTL_FILES"
            Reading Verilog file 'design_data/PROCESSOR_V3.sv'
            Reading Verilog file 'design_data/RISC_V3.sv'
@file(run_synth.tcl) 81: eval "elaborate $DESIGN"
Info    : Elaborating Design. [ELAB-1]
        : Elaborating top-level block 'RISC_V3' from file 'design_data/RISC_V3.sv'.
Info    : Elaborating Subdesign. [ELAB-2]
        : Elaborating block 'PROCESSOR_V3' from file 'design_data/PROCESSOR_V3.sv'.
Info    : Processing multi-dimensional arrays. [CDFG-250]
        : Variable 'RF' in module 'PROCESSOR_V3' in file 'design_data/PROCESSOR_V3.sv' on line 51.
Info    : Bitwidth mismatch in assignment. [CDFG-372]
        : Width of left hand side 'NSTATE' [3] doesn't match the width of right hand side [1] in assignment in file 'design_data/PROCESSOR_V3.sv' on line 82.
        : Review and make sure the mismatch is unintentional. Genus can possibly issue bitwidth mismatch warning for explicit assignments present in RTL as-well-as for implicit assignments inferred by the tool. For example, in case of enum declaration without value, the tool will implicitly assign value to the enum variables. It also issues the warning for any bitwidth mismatch that appears in this implicit assignment.
Warning : Unreachable statements for case item. [CDFG-472]
        : Case item 'default' in module 'PROCESSOR_V3' in file 'design_data/PROCESSOR_V3.sv' on line 124.
Warning : Unreachable statements for case item. [CDFG-472]
        : Case item 'default' in module 'PROCESSOR_V3' in file 'design_data/PROCESSOR_V3.sv' on line 148.
Info    : Sign mismatch in assignment. [CDFG-373]
        : Assignment has unsigned left hand side 'RF[0]' and signed right hand side in file 'design_data/PROCESSOR_V3.sv' on line 217.
Info    : Sign mismatch in assignment. [CDFG-373]
        : Assignment has unsigned left hand side 'RF[1]' and signed right hand side in file 'design_data/PROCESSOR_V3.sv' on line 217.
Info    : Sign mismatch in assignment. [CDFG-373]
        : Assignment has unsigned left hand side 'RF[2]' and signed right hand side in file 'design_data/PROCESSOR_V3.sv' on line 217.
Info    : Sign mismatch in assignment. [CDFG-373]
        : Assignment has unsigned left hand side 'RF[3]' and signed right hand side in file 'design_data/PROCESSOR_V3.sv' on line 217.
Info    : Sign mismatch in assignment. [CDFG-373]
        : Assignment has unsigned left hand side 'RF[4]' and signed right hand side in file 'design_data/PROCESSOR_V3.sv' on line 217.
Info    : Sign mismatch in assignment. [CDFG-373]
        : Assignment has unsigned left hand side 'RF[5]' and signed right hand side in file 'design_data/PROCESSOR_V3.sv' on line 217.
Info    : Sign mismatch in assignment. [CDFG-373]
        : Assignment has unsigned left hand side 'RF[6]' and signed right hand side in file 'design_data/PROCESSOR_V3.sv' on line 217.
Info    : Sign mismatch in assignment. [CDFG-373]
        : Assignment has unsigned left hand side 'RF[7]' and signed right hand side in file 'design_data/PROCESSOR_V3.sv' on line 217.
Info    : Sign mismatch in assignment. [CDFG-373]
        : Assignment has unsigned left hand side 'RF[8]' and signed right hand side in file 'design_data/PROCESSOR_V3.sv' on line 217.
Info    : Sign mismatch in assignment. [CDFG-373]
        : Assignment has unsigned left hand side 'RF[9]' and signed right hand side in file 'design_data/PROCESSOR_V3.sv' on line 217.
Info    : Sign mismatch in assignment. [CDFG-373]
        : Assignment has unsigned left hand side 'RF[10]' and signed right hand side in file 'design_data/PROCESSOR_V3.sv' on line 217.
Info    : Sign mismatch in assignment. [CDFG-373]
        : Assignment has unsigned left hand side 'RF[11]' and signed right hand side in file 'design_data/PROCESSOR_V3.sv' on line 217.
Info    : Sign mismatch in assignment. [CDFG-373]
        : Assignment has unsigned left hand side 'RF[12]' and signed right hand side in file 'design_data/PROCESSOR_V3.sv' on line 217.
Info    : Sign mismatch in assignment. [CDFG-373]
        : Assignment has unsigned left hand side 'RF[13]' and signed right hand side in file 'design_data/PROCESSOR_V3.sv' on line 217.
Info    : Sign mismatch in assignment. [CDFG-373]
        : Assignment has unsigned left hand side 'RF[14]' and signed right hand side in file 'design_data/PROCESSOR_V3.sv' on line 217.
Info    : Sign mismatch in assignment. [CDFG-373]
        : Assignment has unsigned left hand side 'RF[15]' and signed right hand side in file 'design_data/PROCESSOR_V3.sv' on line 217.
Info    : Common subexpression eliminated. [CDFG-738]
        : Eliminated '%bit-select%' in file 'design_data/PROCESSOR_V3.sv' on line 163.
Info    : Common subexpression kept. [CDFG-739]
        : Kept '%bit-select%' in file 'design_data/PROCESSOR_V3.sv' on line 139.
Info    : Common subexpression eliminated. [CDFG-738]
        : Eliminated '%bit-select%' in file 'design_data/PROCESSOR_V3.sv' on line 164.
Info    : Common subexpression kept. [CDFG-739]
        : Kept '%bit-select%' in file 'design_data/PROCESSOR_V3.sv' on line 140.
Info    : Common subexpression eliminated. [CDFG-738]
        : Eliminated '+' in file 'design_data/PROCESSOR_V3.sv' on line 125.
Info    : Common subexpression kept. [CDFG-739]
        : Kept '+' in file 'design_data/PROCESSOR_V3.sv' on line 174.
Info    : Common subexpression eliminated. [CDFG-738]
        : Eliminated '%bit-concat%' in file 'design_data/PROCESSOR_V3.sv' on line 164.
Info    : Common subexpression kept. [CDFG-739]
        : Kept '%bit-concat%' in file 'design_data/PROCESSOR_V3.sv' on line 140.
Info    : Common subexpression eliminated. [CDFG-738]
        : Eliminated '%bit-concat%' in file 'design_data/PROCESSOR_V3.sv' on line 163.
Info    : Common subexpression kept. [CDFG-739]
        : Kept '%bit-concat%' in file 'design_data/PROCESSOR_V3.sv' on line 139.
Info    : Identified sum-of-products logic to be optimized during syn_generic. [CDFG-769]
        : Sum-of-products logic in module 'PROCESSOR_V3' in file 'design_data/PROCESSOR_V3.sv' on line 88.
Info    : Identified sum-of-products logic to be optimized during syn_generic. [CDFG-769]
        : Sum-of-products logic in module 'PROCESSOR_V3' in file 'design_data/PROCESSOR_V3.sv' on line 121.
Info    : Identified sum-of-products logic to be optimized during syn_generic. [CDFG-769]
        : Sum-of-products logic in module 'PROCESSOR_V3' in file 'design_data/PROCESSOR_V3.sv' on line 84.
Info    : Identified sum-of-products logic to be optimized during syn_generic. [CDFG-769]
        : Sum-of-products logic in module 'PROCESSOR_V3' in file 'design_data/PROCESSOR_V3.sv' on line 107.
Info    : Done Elaborating Design. [ELAB-3]
        : Done elaborating 'RISC_V3'.
Checking for analog nets...
Check completed for analog nets.
Checking for source RTL...
Check completed for source RTL.
Running Unified Mux Engine Tricks...
Completed Unified Mux Engine Tricks

Stage: post_elab
--------------------------------------------------------
| Trick             | Accepts | Rejects | Runtime (ms) | 
--------------------------------------------------------
| ume_constant_bmux |       0 |       0 |         1.00 | 
--------------------------------------------------------
Starting clip mux common data inputs [v1.0] (stage: post_elab, startdef: RISC_V3, recur: true)
Completed clip mux common data inputs (accepts: 0, rejects: 0, runtime: 0.000s)
Starting clip the non-user hierarchies [v2.0] (stage: post_elab, startdef: RISC_V3, recur: true)
Completed clip the non-user hierarchies (accepts: 0, rejects: 0, runtime: 0.000s)

Stage: post_elab
---------------------------------------------------------
| Transform          | Accepts | Rejects | Runtime (ms) | 
---------------------------------------------------------
| hlo_clip_mux_input |       0 |       0 |         0.00 | 
| hlo_clip           |       0 |       0 |         0.00 | 
---------------------------------------------------------
        Computing net loads.
UM:   flow.cputime  flow.realtime  timing.setup.tns  timing.setup.wns  snapshot
UM:*                                                                   elaborate
@file(run_synth.tcl) 82: puts "Runtime & Memory after 'read_hdl'"
Runtime & Memory after 'read_hdl'
@file(run_synth.tcl) 83: time_info Elaboration
stamp 'Elaboration' being created for table 'default'

  Total Time (Wall) |  Stage Time (Wall)  |   % (Wall)   |    Date - Time     |  Memory   | Stage
--------------------+---------------------+--------------+--------------------+-----------+----------------------
 00:00:09(00:00:00) |  00:00:00(00:00:00) |   0.0(  0.0) |   16:39:18 (Jul11) |  146.7 MB | init
--------------------+---------------------+--------------+--------------------+-----------+----------------------
 00:00:20(00:00:10) |  00:00:11(00:00:10) | 100.0(100.0) |   16:39:29 (Jul11) |  289.3 MB | Elaboration
--------------------+---------------------+--------------+--------------------+-----------+----------------------
Number of threads: 8 * 1   (id: default, time_info v1.57)
Info: (*N*) indicates data that was populated from previously saved time_info database
Info: CPU time includes time of parent + longest thread
@file(run_synth.tcl) 87: check_design -unresolved


 	 Check Design Report (c)
	 ------------------- 

  Unresolved References & Empty Modules
  ------------------------------------- 
No unresolved references in design 'RISC_V3'

No empty modules in design 'RISC_V3'

  Done Checking the design.
@file(run_synth.tcl) 93: read_sdc $CONSTRAINTS_FILE 
            Reading file '/home/B2_Faysal/UDIF/aiub_vlsi_impl_demo/projects/my_risc/synth_sky_V1/design_data/top.sdc'
Statistics for commands executed by read_sdc:
 "all_inputs"               - successful      1 , failed      0 (runtime  0.00)
 "all_outputs"              - successful      1 , failed      0 (runtime  0.00)
 "create_clock"             - successful      1 , failed      0 (runtime  0.01)
 "get_ports"                - successful      3 , failed      0 (runtime  0.01)
 "remove_from_collection"   - successful      2 , failed      0 (runtime  0.00)
 "set_input_delay"          - successful      1 , failed      0 (runtime  0.01)
 "set_output_delay"         - successful      1 , failed      0 (runtime  0.00)
read_sdc completed in 00:00:00 (hh:mm:ss)
@file(run_synth.tcl) 94: puts "The number of exceptions is [llength [vfind "design:$DESIGN" -exception *]]"
The number of exceptions is 1
@file(run_synth.tcl) 99: if {![file exists ${_LOG_PATH}]} {
  file mkdir ${_LOG_PATH}
  puts "Creating directory ${_LOG_PATH}"
}
Creating directory logs_Jul11-16:39:26
@file(run_synth.tcl) 104: if {![file exists ${_OUTPUTS_PATH}]} {
  file mkdir ${_OUTPUTS_PATH}
  puts "Creating directory ${_OUTPUTS_PATH}"
}
Creating directory outputs_Jul11-16:39:26
@file(run_synth.tcl) 109: if {![file exists ${_REPORTS_PATH}]} {
  file mkdir ${_REPORTS_PATH}
  puts "Creating directory ${_REPORTS_PATH}"
}
Creating directory reports_Jul11-16:39:26
@file(run_synth.tcl) 113: check_timing_intent
        Computing net loads.
        Tracing clock networks.
Info    : Multimode clock gating check is disabled. [TIM-1000]
        Levelizing the circuit.
        Computing delays.
        Computing arrivals and requireds.
============================================================
  Generated by:           Genus(TM) Synthesis Solution 21.18-s082_1
  Generated on:           Jul 11 2026  04:39:29 pm
  Module:                 RISC_V3
  Technology libraries:   sky130_ss_1.62_125 1.0
                          sky130_ff_1.98_0 1.0
                          sky130_tt_1.8_25 1.0
                          physical_cells 
  Operating conditions:   ss_1.62_125 
  Interconnect mode:      global
  Area mode:              physical library
============================================================

-------------------------------------------------------------------------------
Inputs without clocked external delays

The following primary inputs have no clocked external delays.  As a result the  
timing paths leading from the ports have no timing constraints derived from     
clock waveforms.  The'external_delay' command is used to create new external    
delays.                                                                         

port:RISC_V3/RST
-------------------------------------------------------------------------------

-------------------------------------------------------------------------------
Inputs without external driver/transition

The following primary inputs have no external driver or input transition set.   
As a result the transition on the ports will be assumed as zero. The            
'external_driver' attribute is used to add and external driver or the           
'fixed_slew' attribute to add an external transition.                           

port:RISC_V3/DM_OUT[0]
port:RISC_V3/DM_OUT[10]
port:RISC_V3/DM_OUT[11]
  ... 62 other warnings in this category.
 Use the -verbose option for more details.
-------------------------------------------------------------------------------

-------------------------------------------------------------------------------
Outputs without external load

The following primary outputs have no external load set. As a result the load   
on the ports will be assumed as zero. The 'external_pin_cap' attribute is used  
to add and external pin cap.                                                    

port:RISC_V3/ACCUM_R[0]
port:RISC_V3/ACCUM_R[10]
port:RISC_V3/ACCUM_R[11]
  ... 105 other warnings in this category.
 Use the -verbose option for more details.
-------------------------------------------------------------------------------


Lint summary
 Unconnected/logic driven clocks                                  0
 Sequential data pins driven by a clock signal                    0
 Sequential clock pins without clock waveform                     0
 Sequential clock pins with multiple clock waveforms              0
 Generated clocks without clock waveform                          0
 Generated clocks with incompatible options                       0
 Generated clocks with multi-master clock                         0
 Paths constrained with different clocks                          0
 Loop-breaking cells for combinational feedback                   0
 Nets with multiple drivers                                       0
 Timing exceptions with no effect                                 0
 Suspicious multi_cycle exceptions                                0
 Pins/ports with conflicting case constants                       0
 Inputs without clocked external delays                           1
 Outputs without clocked external delays                          0
 Inputs without external driver/transition                       65
 Outputs without external load                                  108
 Exceptions with invalid timing start-/endpoints                  0

                                                  Total:        174

@file(run_synth.tcl) 123: if {[llength [all_registers]] > 0} { 
  define_cost_group -name I2C -design $DESIGN
  define_cost_group -name C2O -design $DESIGN
  define_cost_group -name C2C -design $DESIGN
  path_group -from [all_registers] -to [all_registers] -group C2C -name C2C
  path_group -from [all_registers] -to [all_outputs] -group C2O -name C2O
  path_group -from [all_inputs]  -to [all_registers] -group I2C -name I2C
}
@file(run_synth.tcl) 132: define_cost_group -name I2O -design $DESIGN
@file(run_synth.tcl) 133: path_group -from [all_inputs]  -to [all_outputs] -group I2O -name I2O
@file(run_synth.tcl) 134: foreach cg [vfind / -cost_group *] {
  report_timing -group [list $cg] >> $_REPORTS_PATH/${DESIGN}_pretim.rpt
}
        Computing arrivals and requireds.
@file(run_synth.tcl) 163: set_db / .syn_generic_effort $GEN_EFF
  Setting attribute of root '/': 'syn_generic_effort' = medium
@file(run_synth.tcl) 164: syn_generic
      Running additional step before syn_gen...


Stage: pre_early_cg
------------------------------------------------
| Transform | Accepts | Rejects | Runtime (ms) | 
------------------------------------------------
------------------------------------------------
##Generic Timing Info for library domain: _default_ typical gate delay: 184.5 ps std_slew: 22.7 ps std_load: 6.4 fF
Starting mux data reorder optimization [v1.0] (stage: pre_to_gen_setup, startdef: RISC_V3, recur: true)
Completed mux data reorder optimization (accepts: 0, rejects: 0, runtime: 0.001s)

Stage: pre_to_gen_setup
------------------------------------------------------
| Transform       | Accepts | Rejects | Runtime (ms) | 
------------------------------------------------------
| hlo_mux_reorder |       0 |       0 |         1.00 | 
------------------------------------------------------
Current PLE settings:

Aspect ratio        : 1.000
Shrink factor       : 1.000
Scale of res/length : 1.000
Scale of cap/length : 1.000
Net derating factor : 1.000
Thermal factor      : 1.000
Via Resistance      : 3.955 ohm (from lef_library)
Site size           : 4.600 um (from lef [tech+cell])

                                   Capacitance  
  Layer                             / Length         Data source:
Name        Direction Utilization  (pF/micron)       lef_library
------------------------------------------------
met1            H         0.00        0.000085  
met2            V         1.00        0.000078  
met3            H         1.00        0.000086  
met4            V         1.00        0.000076  
met5            H         1.00        0.000088  

                                    Resistance   
  Layer                              / Length         Data source:
Name        Direction Utilization  (ohm/micron)       lef_library
-------------------------------------------------
met1            H         0.00         0.892857  
met2            V         1.00         0.892857  
met3            H         1.00         0.156667  
met4            V         1.00         0.156667  
met5            H         1.00         0.018125  

                                        Area     
  Layer                               / Length        Data source:
Name        Direction Utilization     (micron)        lef_library
-------------------------------------------------
met1            H         0.00         0.140000  
met2            V         1.00         0.140000  
met3            H         1.00         0.300000  
met4            V         1.00         0.300000  
met5            H         1.00         1.600000  

Info    : Synthesizing. [SYNTH-1]
        : Synthesizing 'RISC_V3' to generic gates using 'medium' effort.
Running Synthesis Turbo Flow Version 1.
PBS_Generic-Start - Elapsed_Time 0, CPU_Time 0.0
stamp 'PBS_Generic-Start' being created for table 'pbs_debug'

  Total Time (Wall) |  Stage Time (Wall)  |   % (Wall)   |    Date - Time     |  Memory   | Stage
--------------------+---------------------+--------------+--------------------+-----------+----------------------
 00:00:21(00:00:12) |  00:00:00(00:00:00) |   0.0(  0.0) |   16:39:30 (Jul11) |  289.3 MB | PBS_Generic-Start
--------------------+---------------------+--------------+--------------------+-----------+----------------------
Number of threads: 8 * 1   (id: pbs_debug, time_info v1.57)
Info: (*N*) indicates data that was populated from previously saved time_info database
Info: CPU time includes time of parent + longest thread
        Computing net loads.
TNS Restructuring config: no_value at stage: generic applied.
Info    : Partition Based Synthesis execution skipped. [PHYS-752]
        : Design size is less than the partition size '100000' for distributed generic optimization to kick in.
Starting mux data reorder optimization [v1.0] (stage: pre_to_gen_setup, startdef: RISC_V3, recur: true)
Completed mux data reorder optimization (accepts: 0, rejects: 0, runtime: 0.004s)

Stage: pre_to_gen_setup
------------------------------------------------------
| Transform       | Accepts | Rejects | Runtime (ms) | 
------------------------------------------------------
| hlo_mux_reorder |       0 |       0 |         4.00 | 
------------------------------------------------------
Starting mux data reorder optimization [v1.0] (stage: post_to_gen_setup, startdef: RISC_V3, recur: true)
Completed mux data reorder optimization (accepts: 0, rejects: 0, runtime: 0.001s)

Stage: post_to_gen_setup
------------------------------------------------------
| Transform       | Accepts | Rejects | Runtime (ms) | 
------------------------------------------------------
| hlo_mux_reorder |       0 |       0 |         1.00 | 
------------------------------------------------------
Current PLE settings:

Aspect ratio        : 1.000
Shrink factor       : 1.000
Scale of res/length : 1.000
Scale of cap/length : 1.000
Net derating factor : 1.000
Thermal factor      : 1.000
Via Resistance      : 3.955 ohm (from lef_library)
Site size           : 4.600 um (from lef [tech+cell])

                                   Capacitance  
  Layer                             / Length         Data source:
Name        Direction Utilization  (pF/micron)       lef_library
------------------------------------------------
met1            H         0.00        0.000085  
met2            V         1.00        0.000078  
met3            H         1.00        0.000086  
met4            V         1.00        0.000076  
met5            H         1.00        0.000088  

                                    Resistance   
  Layer                              / Length         Data source:
Name        Direction Utilization  (ohm/micron)       lef_library
-------------------------------------------------
met1            H         0.00         0.892857  
met2            V         1.00         0.892857  
met3            H         1.00         0.156667  
met4            V         1.00         0.156667  
met5            H         1.00         0.018125  

                                        Area     
  Layer                               / Length        Data source:
Name        Direction Utilization     (micron)        lef_library
-------------------------------------------------
met1            H         0.00         0.140000  
met2            V         1.00         0.140000  
met3            H         1.00         0.300000  
met4            V         1.00         0.300000  
met5            H         1.00         1.600000  

Info    : Combinational hierarchical blocks with identical inputs have been merged. [GLO-40]
        : Instances 'g3' and 'g6' in 'PROCESSOR_V3' have been merged.
        : This optimization usually reduces design area. To prevent merging of combinational hierarchical blocks, set the 'merge_combinational_hier_instances' root attribute to 'false' or the 'merge_combinational_hier_instance' instance attribute to 'false'.
Info    : Combinational hierarchical blocks with identical inputs have been merged. [GLO-40]
        : Instances 'g4' and 'g8' in 'PROCESSOR_V3' have been merged.
Info    : Combinational hierarchical blocks with identical inputs have been merged. [GLO-40]
        : Instances 'g5' and 'g10' in 'PROCESSOR_V3' have been merged.
Running Unified Mux Engine Tricks...
Completed Unified Mux Engine Tricks

Stage: pre_hlo_rtlopt
--------------------------------------------
| Trick | Accepts | Rejects | Runtime (ms) | 
--------------------------------------------
--------------------------------------------
Starting infer macro optimization [v1.0] (stage: pre_rtlopt, startdef: RISC_V3, recur: true)
Completed infer macro optimization (accepts: 0, rejects: 0, runtime: 0.008s)
Starting decode mux sandwich optimization [v2.0] (stage: pre_rtlopt, startdef: RISC_V3, recur: true)
Completed decode mux sandwich optimization (accepts: 0, rejects: 0, runtime: 0.000s)
Starting decode mux optimization [v1.0] (stage: pre_rtlopt, startdef: RISC_V3, recur: true)
Completed decode mux optimization (accepts: 0, rejects: 0, runtime: 0.000s)
Starting chop wide muxes [v1.0] (stage: pre_rtlopt, startdef: RISC_V3, recur: true)
Completed chop wide muxes (accepts: 0, rejects: 0, runtime: 0.000s)
Starting common data mux cascade opt [v1.0] (stage: pre_rtlopt, startdef: RISC_V3, recur: true)
Completed common data mux cascade opt (accepts: 0, rejects: 0, runtime: 0.001s)
Starting mux input consolidation [v1.0] (stage: pre_rtlopt, startdef: RISC_V3, recur: true)
Completed mux input consolidation (accepts: 0, rejects: 0, runtime: 0.000s)
Starting constant-data mux optimization [v1.0] (stage: pre_rtlopt, startdef: RISC_V3, recur: true)
Completed constant-data mux optimization (accepts: 0, rejects: 0, runtime: 0.001s)
Starting chain-to-tree inequality transform [v2.0] (stage: pre_rtlopt, startdef: RISC_V3, recur: true)
Completed chain-to-tree inequality transform (accepts: 0, rejects: 0, runtime: 0.012s)
Starting reconvergence optimization [v1.0] (stage: pre_rtlopt, startdef: RISC_V3, recur: true)
Completed reconvergence optimization (accepts: 0, rejects: 0, runtime: 0.001s)
Starting logic restructure optimization [v1.0] (stage: pre_rtlopt, startdef: RISC_V3, recur: true)
Completed logic restructure optimization (accepts: 0, rejects: 0, runtime: 0.001s)
Starting common select mux optimization [v1.0] (stage: pre_rtlopt, startdef: RISC_V3, recur: true)
Completed common select mux optimization (accepts: 0, rejects: 2, runtime: 0.002s)
Starting identity transform [v3.0] (stage: pre_rtlopt, startdef: RISC_V3, recur: true)
Completed identity transform (accepts: 0, rejects: 0, runtime: 0.003s)
Starting reduce operator chain [v1.0] (stage: pre_rtlopt, startdef: RISC_V3, recur: true)
Completed reduce operator chain (accepts: 0, rejects: 0, runtime: 0.000s)
Starting common data mux cascade opt [v1.0] (stage: pre_rtlopt, startdef: RISC_V3, recur: true)
Completed common data mux cascade opt (accepts: 0, rejects: 0, runtime: 0.000s)
Starting mux input consolidation [v1.0] (stage: pre_rtlopt, startdef: RISC_V3, recur: true)
Completed mux input consolidation (accepts: 0, rejects: 0, runtime: 0.003s)
Starting optimize datapath elements [v1.0] (stage: pre_rtlopt, startdef: RISC_V3, recur: true)
Completed optimize datapath elements (accepts: 0, rejects: 0, runtime: 0.000s)
Starting datapath recasting [v1.0] (stage: pre_rtlopt, startdef: RISC_V3, recur: true)
Completed datapath recasting (accepts: 0, rejects: 0, runtime: 0.000s)
Starting clip mux common data inputs [v1.0] (stage: pre_rtlopt, startdef: RISC_V3, recur: true)
Completed clip mux common data inputs (accepts: 0, rejects: 0, runtime: 0.000s)
Starting clip the non-user hierarchies [v2.0] (stage: pre_rtlopt, startdef: RISC_V3, recur: true)
Completed clip the non-user hierarchies (accepts: 0, rejects: 0, runtime: 0.001s)

Stage: pre_rtlopt
----------------------------------------------------------------
| Transform                 | Accepts | Rejects | Runtime (ms) | 
----------------------------------------------------------------
| hlo_infer_macro           |       0 |       0 |         8.00 | 
| hlo_decode_mux_sandwich   |       0 |       0 |         0.00 | 
| hlo_mux_decode            |       0 |       0 |         0.00 | 
| hlo_chop_mux              |       0 |       0 |         0.00 | 
| hlo_mux_cascade_opt       |       0 |       0 |         1.00 | 
| hlo_mux_consolidation     |       0 |       0 |         0.00 | 
| hlo_constant_mux_opt      |       0 |       0 |         1.00 | 
| hlo_inequality_transform  |       0 |       0 |        12.00 | 
| hlo_reconv_opt            |       0 |       0 |         1.00 | 
| hlo_restructure           |       0 |       0 |         1.00 | 
| hlo_common_select_muxopto |       0 |       2 |         2.00 | 
| hlo_identity_transform    |       0 |       0 |         3.00 | 
| hlo_reduce_operator_chain |       0 |       0 |         0.00 | 
| hlo_mux_cascade_opt       |       0 |       0 |         0.00 | 
| hlo_mux_consolidation     |       0 |       0 |         3.00 | 
| hlo_optimize_datapath     |       0 |       0 |         0.00 | 
| hlo_datapath_recast       |       0 |       0 |         0.00 | 
| hlo_clip_mux_input        |       0 |       0 |         0.00 | 
| hlo_clip                  |       0 |       0 |         1.00 | 
----------------------------------------------------------------
Running Unified Mux Engine Tricks...
Completed Unified Mux Engine Tricks

Stage: post_hlo_rtlopt
--------------------------------------------------
| Trick       | Accepts | Rejects | Runtime (ms) | 
--------------------------------------------------
| ume_runtime |       0 |       0 |         0.00 | 
--------------------------------------------------
Number of big hc bmuxes before = 0
Number of non-ctl's : 26
mux_NSTATE_84_44 g45 g46 g55 g56 g59 mux_NSTATE_88_17 mux_RF_IN_121_19 mux_RF_WR_121_19 g47 g48 g57 g58 g60 g61 g62 g63 g64 mux_ALU_OUT_107_11 mux_DM_IN_107_11 mux_DM_WR_107_11 mux_NSTATE_84_11 mux_RF_IN_107_11 mux_RF_WR_107_11 mux_next_DM_ADDR_107_11 mux_next_IR_107_11 
SOP DEBUG : Module= PROCESSOR_V3, Cluster= ctl_84_11, ctl= 5, Non-ctl= 26
Selected impl_type 1 (pla_form1 (optimized)) for sop cluster ctl_84_11.
              Info: total 5 bmuxes found, 5 are converted to onehot form, and 0 are kept as binary form
Info    : Pre-processed datapath logic. [DPOPT-6]
        : Pre-processing optimizations applied to datapath logic in 'RISC_V3':
          live_trim(4) sop(1) 
Info    : Optimizing datapath logic. [DPOPT-1]
        : Optimizing datapath logic in 'RISC_V3'.
Info    : Implementing datapath configurations. [DPOPT-3]
        : Implementing datapath configurations for 'CDN_DP_region_0_1'
CSAGen Prep Share:0 Re-Write:0 Speculation: 0
    MaxCSA: weighted_instance_count is 466 
MaxCSA: Successfully built Maximal CSA Expression Expr0
      Timing addsub_signed_61...
        Done timing addsub_signed_61.
      Timing addsub_signed_134...
        Done timing addsub_signed_134.
      Timing addsub_signed_170...
        Done timing addsub_signed_170.
      Timing addsub_signed_519...
        Done timing addsub_signed_519.
Info    : Accepted resource sharing opportunity. [RTLOPT-30]
        : Merged the following sets of instances in 'CDN_DP_region_0_1_c7 in PROCESSOR_V3':
	  (ADD_TC_OP_2, ADD_TC_OP, SUB_TC_OP_1, SUB_TC_OP)
	  (SUB_TC_OP_5, SUB_TC_OP_3, ADD_TC_OP_4)

Number of non-ctl's : 2
mux_ALU_OUT_121_19 mux_next_DM_ADDR_121_19 
SOP DEBUG : Module= CDN_DP_region_0_1_c7, Cluster= ctl_INST_TYPE_121_19_create, ctl= 1, Non-ctl= 2
Selected impl_type 4 (factored_form (optimized)) for sop cluster ctl_INST_TYPE_121_19_create.
      Timing increment_unsigned...
        Done timing increment_unsigned.
      Timing decrement_unsigned...
        Done timing decrement_unsigned.
      Timing increment_unsigned_1001...
        Done timing increment_unsigned_1001.
      Timing decrement_unsigned_1003...
        Done timing decrement_unsigned_1003.
Number of non-ctl's : 2
mux_ALU_OUT_121_19 mux_next_DM_ADDR_121_19 
SOP DEBUG : Module= CDN_DP_region_0_1_c1, Cluster= ctl_INST_TYPE_121_19_create, ctl= 1, Non-ctl= 2
Selected impl_type 4 (factored_form (optimized)) for sop cluster ctl_INST_TYPE_121_19_create.
      Timing decrement_unsigned_1022_1071...
        Done timing decrement_unsigned_1022_1071.
      Timing decrement_unsigned_1024_1072...
        Done timing decrement_unsigned_1024_1072.
      Timing increment_unsigned_1021_1073...
        Done timing increment_unsigned_1021_1073.
      Timing increment_unsigned_1023_1074...
        Done timing increment_unsigned_1023_1074.
Number of non-ctl's : 2
mux_ALU_OUT_121_19 mux_next_DM_ADDR_121_19 
SOP DEBUG : Module= CDN_DP_region_0_1_c2, Cluster= ctl_INST_TYPE_121_19_create, ctl= 1, Non-ctl= 2
Selected impl_type 4 (factored_form (optimized)) for sop cluster ctl_INST_TYPE_121_19_create.
      Timing decrement_unsigned_1022_1149...
        Done timing decrement_unsigned_1022_1149.
      Timing decrement_unsigned_1024_1150...
        Done timing decrement_unsigned_1024_1150.
      Timing increment_unsigned_1021_1151...
        Done timing increment_unsigned_1021_1151.
      Timing increment_unsigned_1023_1152...
        Done timing increment_unsigned_1023_1152.
Number of non-ctl's : 2
mux_ALU_OUT_121_19 mux_next_DM_ADDR_121_19 
SOP DEBUG : Module= CDN_DP_region_0_1_c3, Cluster= ctl_INST_TYPE_121_19_create, ctl= 1, Non-ctl= 2
Selected impl_type 4 (factored_form (optimized)) for sop cluster ctl_INST_TYPE_121_19_create.
      Timing decrement_unsigned_1022_1227...
        Done timing decrement_unsigned_1022_1227.
      Timing decrement_unsigned_1024_1228...
        Done timing decrement_unsigned_1024_1228.
      Timing increment_unsigned_1021_1229...
        Done timing increment_unsigned_1021_1229.
      Timing increment_unsigned_1023_1230...
        Done timing increment_unsigned_1023_1230.
Number of non-ctl's : 2
mux_ALU_OUT_121_19 mux_next_DM_ADDR_121_19 
SOP DEBUG : Module= CDN_DP_region_0_1_c4, Cluster= ctl_INST_TYPE_121_19_create, ctl= 1, Non-ctl= 2
Selected impl_type 4 (factored_form (optimized)) for sop cluster ctl_INST_TYPE_121_19_create.
      Timing decrement_unsigned_1022_1305...
        Done timing decrement_unsigned_1022_1305.
      Timing decrement_unsigned_1024_1306...
        Done timing decrement_unsigned_1024_1306.
      Timing increment_unsigned_1021_1307...
        Done timing increment_unsigned_1021_1307.
      Timing increment_unsigned_1023_1308...
        Done timing increment_unsigned_1023_1308.
Number of non-ctl's : 2
mux_ALU_OUT_121_19 mux_next_DM_ADDR_121_19 
SOP DEBUG : Module= CDN_DP_region_0_1_c5, Cluster= ctl_INST_TYPE_121_19_create, ctl= 1, Non-ctl= 2
Selected impl_type 4 (factored_form (optimized)) for sop cluster ctl_INST_TYPE_121_19_create.
      Timing decrement_unsigned_1022_1383...
        Done timing decrement_unsigned_1022_1383.
      Timing decrement_unsigned_1024_1384...
        Done timing decrement_unsigned_1024_1384.
      Timing increment_unsigned_1021_1385...
        Done timing increment_unsigned_1021_1385.
      Timing increment_unsigned_1023_1386...
        Done timing increment_unsigned_1023_1386.
Info    : Accepted resource sharing opportunity. [RTLOPT-30]
        : Merged the following sets of instances in 'CDN_DP_region_0_1_c6 in PROCESSOR_V3':
	  (sub_150_48, sub_128_48)
	  (add_149_48, add_127_48)

      Timing addsub_unsigned_1440...
        Done timing addsub_unsigned_1440.
      Timing addsub_unsigned_1445...
        Done timing addsub_unsigned_1445.
      Timing addsub_unsigned_1460...
        Done timing addsub_unsigned_1460.
Info    : Accepted resource sharing opportunity. [RTLOPT-30]
        : Merged the following sets of instances in 'CDN_DP_region_0_1_c6 in PROCESSOR_V3':
	  (sub_150_48_Y_sub_128_48, add_149_48_Y_add_127_48)

Number of non-ctl's : 2
mux_ALU_OUT_121_19 mux_next_DM_ADDR_121_19 
SOP DEBUG : Module= CDN_DP_region_0_1_c6, Cluster= ctl_INST_TYPE_121_19_create, ctl= 1, Non-ctl= 2
Selected impl_type 4 (factored_form (optimized)) for sop cluster ctl_INST_TYPE_121_19_create.
      Timing decrement_unsigned_1024_1677...
        Done timing decrement_unsigned_1024_1677.
      Timing increment_unsigned_1023_1678...
        Done timing increment_unsigned_1023_1678.
CDN_DP_region_0_1 level = 0 loads = 0 drivers = 0
CDN_DP_region_0_1_c0 in PROCESSOR_V3: area: 46641340500 ,dp = 24 mux = 7 sg = slow         worst_clk_period: -1.0000 
    wns: 0  norm_wns:  -1.0000 
    fail_endp: -1 
    tns:  0  tns_per_endp:  -1.0000   norm_tns_per_endp:  -1.0000 
    tns_sense_max:  -1.0000  tns_sense_avg:  -1.0000   tns_sense_num: -1
    power:  -9223372036854775808  
 skipped
CDN_DP_region_0_1_c1 in PROCESSOR_V3: area: 45128009300 ,dp = 11 mux = 37 sg = fast         worst_clk_period: -1.0000 
    wns: 0  norm_wns:  -1.0000 
    fail_endp: -1 
    tns:  0  tns_per_endp:  -1.0000   norm_tns_per_endp:  -1.0000 
    tns_sense_max:  -1.0000  tns_sense_avg:  -1.0000   tns_sense_num: -1
    power:  -9223372036854775808  
 is current best
CDN_DP_region_0_1_c2 in PROCESSOR_V3: area: 45128009300 ,dp = 11 mux = 37 sg = very_slow    worst_clk_period: -1.0000 
    wns: 0  norm_wns:  -1.0000 
    fail_endp: -1 
    tns:  0  tns_per_endp:  -1.0000   norm_tns_per_endp:  -1.0000 
    tns_sense_max:  -1.0000  tns_sense_avg:  -1.0000   tns_sense_num: -1
    power:  -9223372036854775808  
 is current best
CDN_DP_region_0_1_c3 in PROCESSOR_V3: area: 45128009300 ,dp = 11 mux = 37 sg = very_fast    worst_clk_period: -1.0000 
    wns: 0  norm_wns:  -1.0000 
    fail_endp: -1 
    tns:  0  tns_per_endp:  -1.0000   norm_tns_per_endp:  -1.0000 
    tns_sense_max:  -1.0000  tns_sense_avg:  -1.0000   tns_sense_num: -1
    power:  -9223372036854775808  
 is current best
CDN_DP_region_0_1_c4 in PROCESSOR_V3: area: 45128009300 ,dp = 11 mux = 37 sg = very_fast    worst_clk_period: -1.0000 
    wns: 0  norm_wns:  -1.0000 
    fail_endp: -1 
    tns:  0  tns_per_endp:  -1.0000   norm_tns_per_endp:  -1.0000 
    tns_sense_max:  -1.0000  tns_sense_avg:  -1.0000   tns_sense_num: -1
    power:  -9223372036854775808  
 is current best
CDN_DP_region_0_1_c5 in PROCESSOR_V3: area: 45128009300 ,dp = 11 mux = 37 sg = very_fast    worst_clk_period: -1.0000 
    wns: 0  norm_wns:  -1.0000 
    fail_endp: -1 
    tns:  0  tns_per_endp:  -1.0000   norm_tns_per_endp:  -1.0000 
    tns_sense_max:  -1.0000  tns_sense_avg:  -1.0000   tns_sense_num: -1
    power:  -9223372036854775808  
 is current best
CDN_DP_region_0_1_c6 in PROCESSOR_V3: area: 43413688800 ,dp = 8 mux = 40 sg = very_fast    worst_clk_period: -1.0000 
    wns: 0  norm_wns:  -1.0000 
    fail_endp: -1 
    tns:  0  tns_per_endp:  -1.0000   norm_tns_per_endp:  -1.0000 
    tns_sense_max:  -1.0000  tns_sense_avg:  -1.0000   tns_sense_num: -1
    power:  -9223372036854775808  
 is current best
CDN_DP_region_0_1_c7 in PROCESSOR_V3: area: 44607801700 ,dp = 6 mux = 43 sg = very_fast    worst_clk_period: -1.0000 
    wns: 0  norm_wns:  -1.0000 
    fail_endp: -1 
    tns:  0  tns_per_endp:  -1.0000   norm_tns_per_endp:  -1.0000 
    tns_sense_max:  -1.0000  tns_sense_avg:  -1.0000   tns_sense_num: -1
    power:  -9223372036854775808  

Best config: CDN_DP_region_0_1_c6 in PROCESSOR_V3: area: 43413688800 ,dp = 8 mux = 40 sg = very_fast    worst_clk_period: -1.0000 
    wns: 0  norm_wns:  -1.0000 
    fail_endp: -1 
    tns:  0  tns_per_endp:  -1.0000   norm_tns_per_endp:  -1.0000 
    tns_sense_max:  -1.0000  tns_sense_avg:  -1.0000   tns_sense_num: -1
    power:  -9223372036854775808  
  Smallest config area : 43413688800.  Fastest config wns;  0
##>+----------------------------------------------------------------------------------------------------------------------------------------------------------------+
##>Summary table of configs (Best config is CDN_DP_region_0_1_c6)
##>+----------------------------------------------------------------------------------------------------------------------------------------------------------------+
##>                     0                  1                  2                  3                  4                  5                  6                  7            
##>+----------------------------------------------------------------------------------------------------------------------------------------------------------------+
##>           Area      46641340500        45128009300        45128009300        45128009300        45128009300        45128009300        43413688800        44607801700  
##>            WNS         +4799.80           +4786.30           +4786.30           +4786.30           +4786.30           +4786.30           +4619.10           +4481.20  
##>            TNS                0                  0                  0                  0                  0                  0                  0                  0  
##>    Num Rewrite                0                  0                  0                  0                  0                  0                  0                  0  
##>     Num Factor                0                  0                  0                  0                  0                  0                  0                  0  
##>      Num Share                0                  0                  0                  0                  0                  0                  3                  3  
##>   Num CmultCse                0                  0                  0                  0                  0                  0                  0                  0  
##>   Num Downsize                0                  0                  0                  0                  0                  0                  0                  0  
##>  Num Speculate                0                  0                  0                  0                  0                  0                  0                  0  
##>     Runtime(s)                0                  2                  1                  2                  1                  2                  8                 23  
+----------------------------------------------------------------------------------------------------------------------------------------------------------------+
##>
##>
##>+-----------------------------------------------------------------------------------------------------------------------------------------------------------------------------------------------------+
##>Optimization Step DEBUG Table for config CDN_DP_region_0_1_c6
##>
##>                          Step                        Area   (  % Chg)         WNS (Change)          TNS (Change)                Power   (  % Chg)        Runtime (s)        Comment                   
##>+-----------------------------------------------------------------------------------------------------------------------------------------------------------------------------------------------------+
##>createMaxCarrySave              START            46641340500 (       )    107378982.20 (        )          0 (        )                    0 (       )              
##> datapath_rewrite_one_def       START            46641340500 (  +0.00)    107378982.20 (   +0.00)          0 (       0)                    0 (  +0.00)              
##>  fast_cse_elim                 START            46641340500 (  +0.00)    107378982.20 (   +0.00)          0 (       0)                    0 (  +0.00)              
##>                                  END            46333945100 (  -0.66)    107378982.20 (   +0.00)          0 (       0)                    0 (  +0.00)           0  
##>  fast_cse_elim                 START            46333945100 (  +0.00)    107378982.20 (   +0.00)          0 (       0)                    0 (  +0.00)              
##>                                  END            46333945100 (  +0.00)    107378982.20 (   +0.00)          0 (       0)                    0 (  +0.00)           0  
##>                                  END            46333945100 (  -0.66)    107378982.20 (   +0.00)          0 (       0)                    0 (  +0.00)           0  
##> dpopt_share_one_def            START            46333945100 (  +0.00)    107378982.20 (   +0.00)          0 (       0)                    0 (  +0.00)              
##>                                  END            45033426100 (  -2.81)    107378775.70 ( -206.50)          0 (       0)                    0 (  +0.00)           3  
##> csa_opto                       START            45033426100 (  +0.00)    214748364.70 (+107369589.00)          0 (       0)                    0 (  +0.00)              
##>                                  END            45057071900 (  +0.05)    214748364.70 (   +0.00)          0 (       0)                    0 (  +0.00)           0  
##>                                  END            45057071900 (  -3.40)    214748364.70 (+107369382.50)          0 (       0)                    0 (  +0.00)           3  
##>canonicalize_by_names           START            45057071900 (  +0.00)    214748364.70 (   +0.00)          0 (       0)                    0 (  +0.00)              
##>                                  END            45057071900 (  +0.00)    214748364.70 (   +0.00)          0 (       0)                    0 (  +0.00)           0  
##>datapath_rewrite_post_csa_one_  START            45057071900 (  +0.00)    214748364.70 (   +0.00)          0 (       0)                    0 (  +0.00)              
##>                                  END            45057071900 (  +0.00)    214748364.70 (   +0.00)          0 (       0)                    0 (  +0.00)           0  
##>datapath_csa_factoring_one_gde  START            45057071900 (  +0.00)    214748364.70 (   +0.00)          0 (       0)                    0 (  +0.00)              
##>                                  END            45057071900 (  +0.00)    214748364.70 (   +0.00)          0 (       0)                    0 (  +0.00)           0  
##>dpopt_share_one_def             START            45057071900 (  +0.00)    214748364.70 (   +0.00)          0 (       0)                    0 (  +0.00)              
##>                                  END            44040302500 (  -2.26)    214748364.70 (   +0.00)          0 (       0)                    0 (  +0.00)           2  
##>datapath_rewrite_post_share     START            44040302500 (  +0.00)    214748364.70 (   +0.00)          0 (       0)                    0 (  +0.00)              
##>                                  END            44040302500 (  +0.00)    214748364.70 (   +0.00)          0 (       0)                    0 (  +0.00)           0  
##>dp_combine_const_mult_with_com  START            44040302500 (  +0.00)    214748364.70 (   +0.00)          0 (       0)                    0 (  +0.00)              
##>                                  END            44040302500 (  +0.00)    214748364.70 (   +0.00)          0 (       0)                    0 (  +0.00)           0  
##>speculate_in_gdef               START            44040302500 (  +0.00)    214748364.70 (   +0.00)          0 (       0)                    0 (  +0.00)              
##> pre_speculate_mux_merge        START            44040302500 (  +0.00)    214748364.70 (   +0.00)          0 (       0)                    0 (  +0.00)              
##>                                  END            44040302500 (  +0.00)    214748364.70 (   +0.00)          0 (       0)                    0 (  +0.00)           0  
##>                                  END            44040302500 (  +0.00)    214748364.70 (   +0.00)          0 (       0)                    0 (  +0.00)           0  
##>dp_operator_level_decompositio  START            44040302500 (  +0.00)    214748364.70 (   +0.00)          0 (       0)                    0 (  +0.00)              
##>                                  END            44040302500 (  +0.00)    214748364.70 (   +0.00)          0 (       0)                    0 (  +0.00)           0  
##>selective_flatten_dp_config     START            44040302500 (  +0.00)    214748364.70 (   +0.00)          0 (       0)                    0 (  +0.00)              
##>                                  END            43543740700 (  -1.13)    214748364.70 (   +0.00)          0 (       0)                    0 (  +0.00)           0  
##>createMaxCarrySave              START            43543740700 (  +0.00)    214748364.70 (   +0.00)          0 (       0)                    0 (  +0.00)              
##> datapath_rewrite_one_def       START            43543740700 (  +0.00)    214748364.70 (   +0.00)          0 (       0)                    0 (  +0.00)              
##>  fast_cse_elim                 START            43543740700 (  +0.00)    214748364.70 (   +0.00)          0 (       0)                    0 (  +0.00)              
##>                                  END            43543740700 (  +0.00)    214748364.70 (   +0.00)          0 (       0)                    0 (  +0.00)           0  
##>  fast_cse_elim                 START            43543740700 (  +0.00)    214748364.70 (   +0.00)          0 (       0)                    0 (  +0.00)              
##>                                  END            43543740700 (  +0.00)    214748364.70 (   +0.00)          0 (       0)                    0 (  +0.00)           0  
##>                                  END            43543740700 (  +0.00)    214748364.70 (   +0.00)          0 (       0)                    0 (  +0.00)           0  
##> dpopt_share_one_def            START            43543740700 (  +0.00)    214748364.70 (   +0.00)          0 (       0)                    0 (  +0.00)              
##>                                  END            43543740700 (  +0.00)    214748364.70 (   +0.00)          0 (       0)                    0 (  +0.00)           0  
##> csa_opto                       START            43543740700 (  +0.00)    214748364.70 (   +0.00)          0 (       0)                    0 (  +0.00)              
##>                                  END            43543740700 (  +0.00)    214748364.70 (   +0.00)          0 (       0)                    0 (  +0.00)           0  
##>                                  END            43543740700 (  +0.00)    214748364.70 (   +0.00)          0 (       0)                    0 (  +0.00)           0  
##>datapath_rewrite_post_csa_one_  START            43543740700 (  +0.00)    214748364.70 (   +0.00)          0 (       0)                    0 (  +0.00)              
##>                                  END            43543740700 (  +0.00)    214748364.70 (   +0.00)          0 (       0)                    0 (  +0.00)           0  
##>datapath_csa_factoring_one_gde  START            43543740700 (  +0.00)    214748364.70 (   +0.00)          0 (       0)                    0 (  +0.00)              
##>                                  END            43543740700 (  +0.00)    214748364.70 (   +0.00)          0 (       0)                    0 (  +0.00)           0  
##>dpopt_share_one_def             START            43543740700 (  +0.00)    214748364.70 (   +0.00)          0 (       0)                    0 (  +0.00)              
##>                                  END            43543740700 (  +0.00)    214748364.70 (   +0.00)          0 (       0)                    0 (  +0.00)           0  
##>datapath_rewrite_post_share     START            43543740700 (  +0.00)    214748364.70 (   +0.00)          0 (       0)                    0 (  +0.00)              
##>                                  END            43543740700 (  +0.00)    214748364.70 (   +0.00)          0 (       0)                    0 (  +0.00)           0  
##>dp_combine_const_mult_with_com  START            43543740700 (  +0.00)    214748364.70 (   +0.00)          0 (       0)                    0 (  +0.00)              
##>                                  END            43543740700 (  +0.00)    214748364.70 (   +0.00)          0 (       0)                    0 (  +0.00)           0  
##>speculate_in_gdef               START            43543740700 (  +0.00)    214748364.70 (   +0.00)          0 (       0)                    0 (  +0.00)              
##> pre_speculate_mux_merge        START            43543740700 (  +0.00)    214748364.70 (   +0.00)          0 (       0)                    0 (  +0.00)              
##>                                  END            43543740700 (  +0.00)    214748364.70 (   +0.00)          0 (       0)                    0 (  +0.00)           0  
##>                                  END            43543740700 (  +0.00)    214748364.70 (   +0.00)          0 (       0)                    0 (  +0.00)           0  
##>dp_operator_level_decompositio  START            43543740700 (  +0.00)    214748364.70 (   +0.00)          0 (       0)                    0 (  +0.00)              
##>                                  END            43543740700 (  +0.00)    214748364.70 (   +0.00)          0 (       0)                    0 (  +0.00)           0  
##>selective_flatten_dp_config     START            43543740700 (  +0.00)    214748364.70 (   +0.00)          0 (       0)                    0 (  +0.00)              
##>                                  END            43543740700 (  +0.00)    214748364.70 (   +0.00)          0 (       0)                    0 (  +0.00)           0  
##>createMaxCarrySave              START            43543740700 (  +0.00)    214748364.70 (   +0.00)          0 (       0)                    0 (  +0.00)              
##> datapath_rewrite_one_def       START            43543740700 (  +0.00)    214748364.70 (   +0.00)          0 (       0)                    0 (  +0.00)              
##>  fast_cse_elim                 START            43543740700 (  +0.00)    214748364.70 (   +0.00)          0 (       0)                    0 (  +0.00)              
##>                                  END            43543740700 (  +0.00)    214748364.70 (   +0.00)          0 (       0)                    0 (  +0.00)           0  
##>  fast_cse_elim                 START            43543740700 (  +0.00)    214748364.70 (   +0.00)          0 (       0)                    0 (  +0.00)              
##>                                  END            43543740700 (  +0.00)    214748364.70 (   +0.00)          0 (       0)                    0 (  +0.00)           0  
##>                                  END            43543740700 (  +0.00)    214748364.70 (   +0.00)          0 (       0)                    0 (  +0.00)           0  
##> dpopt_share_one_def            START            43543740700 (  +0.00)    214748364.70 (   +0.00)          0 (       0)                    0 (  +0.00)              
##>                                  END            43543740700 (  +0.00)    214748364.70 (   +0.00)          0 (       0)                    0 (  +0.00)           0  
##> csa_opto                       START            43543740700 (  +0.00)    214748364.70 (   +0.00)          0 (       0)                    0 (  +0.00)              
##>                                  END            43543740700 (  +0.00)    214748364.70 (   +0.00)          0 (       0)                    0 (  +0.00)           0  
##>                                  END            43543740700 (  +0.00)    214748364.70 (   +0.00)          0 (       0)                    0 (  +0.00)           0  
##>context_based_simplify          START            43526006350 (  -0.04)    214748364.70 (   +0.00)          0 (       0)                    0 (  +0.00)              
##>                                  END            43413688800 (  -0.26)    214748364.70 (   +0.00)          0 (       0)                    0 (  +0.00)           0  
##>group_csa_final_adder_dp        START            43413688800 (  +0.00)    214748364.70 (   +0.00)          0 (       0)                    0 (  +0.00)              
##>                                  END            43413688800 (  +0.00)    214748364.70 (   +0.00)          0 (       0)                    0 (  +0.00)           0  
##>dpopt_flatten_critical_muxes_i  START            43413688800 (  +0.00)    214748364.70 (   +0.00)          0 (       0)                    0 (  +0.00)              
##>                                  END            43413688800 (  +0.00)    214748364.70 (   +0.00)          0 (       0)                    0 (  +0.00)           0  
##>speculate_in_gdef               START            43413688800 (  +0.00)    214748364.70 (   +0.00)          0 (       0)                    0 (  +0.00)              
##> pre_speculate_mux_merge        START            43413688800 (  +0.00)    214748364.70 (   +0.00)          0 (       0)                    0 (  +0.00)              
##>                                  END            43413688800 (  +0.00)    214748364.70 (   +0.00)          0 (       0)                    0 (  +0.00)           0  
##>                                  END            43413688800 (  +0.00)    214748364.70 (   +0.00)          0 (       0)                    0 (  +0.00)           0  
##>create_score                    START            43413688800 (  +0.00)     4619.10 (-214743745.60)          0 (       0)                    0 (  +0.00)              
##>                                  END            43413688800 (  +0.00)     4619.10 (   +0.00)          0 (       0)                    0 (  +0.00)           0  
##>+-----------------------------------------------------------------------------------------------------------------------------------------------------------------------------------------------------+
Committed config: CDN_DP_region_0_1_c6
Info    : Done implementing datapath configurations. [DPOPT-4]
        : Selected 'very_fast' configuration 6 for module 'CDN_DP_region_0_1_c6'.
          Optimizations applied to 'very_fast' configuration:
            rewriting(0), factoring(0), sharing(3), cmultcse(0), downsizing(0), speculation(0)
Info    : Implementing datapath configurations. [DPOPT-3]
        : Implementing datapath configurations for 'CDN_DP_region_0_0'
CSAGen Prep Share:0 Re-Write:0 Speculation: 0
    MaxCSA: weighted_instance_count is 8 
MaxCSA: Successfully built Maximal CSA Expression Expr1
      Timing increment_unsigned_1684...
        Done timing increment_unsigned_1684.
Number of non-ctl's : 1
mux_next_PC_107_11 
SOP DEBUG : Module= CDN_DP_region_0_0_c7, Cluster= ctl_PSTATE_107_11_create, ctl= 1, Non-ctl= 1
Selected impl_type 0 (ctl + 1-hot mux form) for sop cluster ctl_PSTATE_107_11_create.
      Timing increment_unsigned_1686_1692...
        Done timing increment_unsigned_1686_1692.
Number of non-ctl's : 1
mux_next_PC_107_11 
SOP DEBUG : Module= CDN_DP_region_0_0_c1, Cluster= ctl_PSTATE_107_11_create, ctl= 1, Non-ctl= 1
Selected impl_type 0 (ctl + 1-hot mux form) for sop cluster ctl_PSTATE_107_11_create.
      Timing increment_unsigned_1686_1701...
        Done timing increment_unsigned_1686_1701.
Number of non-ctl's : 1
mux_next_PC_107_11 
SOP DEBUG : Module= CDN_DP_region_0_0_c2, Cluster= ctl_PSTATE_107_11_create, ctl= 1, Non-ctl= 1
Selected impl_type 0 (ctl + 1-hot mux form) for sop cluster ctl_PSTATE_107_11_create.
      Timing increment_unsigned_1686_1710...
        Done timing increment_unsigned_1686_1710.
Number of non-ctl's : 1
mux_next_PC_107_11 
SOP DEBUG : Module= CDN_DP_region_0_0_c3, Cluster= ctl_PSTATE_107_11_create, ctl= 1, Non-ctl= 1
Selected impl_type 0 (ctl + 1-hot mux form) for sop cluster ctl_PSTATE_107_11_create.
      Timing increment_unsigned_1686_1719...
        Done timing increment_unsigned_1686_1719.
Number of non-ctl's : 1
mux_next_PC_107_11 
SOP DEBUG : Module= CDN_DP_region_0_0_c4, Cluster= ctl_PSTATE_107_11_create, ctl= 1, Non-ctl= 1
Selected impl_type 0 (ctl + 1-hot mux form) for sop cluster ctl_PSTATE_107_11_create.
      Timing increment_unsigned_1686_1728...
        Done timing increment_unsigned_1686_1728.
Number of non-ctl's : 1
mux_next_PC_107_11 
SOP DEBUG : Module= CDN_DP_region_0_0_c5, Cluster= ctl_PSTATE_107_11_create, ctl= 1, Non-ctl= 1
Selected impl_type 0 (ctl + 1-hot mux form) for sop cluster ctl_PSTATE_107_11_create.
      Timing increment_unsigned_1686_1737...
        Done timing increment_unsigned_1686_1737.
Number of non-ctl's : 1
mux_next_PC_107_11 
SOP DEBUG : Module= CDN_DP_region_0_0_c6, Cluster= ctl_PSTATE_107_11_create, ctl= 1, Non-ctl= 1
Selected impl_type 0 (ctl + 1-hot mux form) for sop cluster ctl_PSTATE_107_11_create.
      Timing increment_unsigned_1686_1746...
        Done timing increment_unsigned_1686_1746.
CDN_DP_region_0_0 level = 0 loads = 0 drivers = 0
CDN_DP_region_0_0_c0 in PROCESSOR_V3: area: 390155700 ,dp = 2 mux = 1 sg = slow         worst_clk_period: -1.0000 
    wns: 0  norm_wns:  -1.0000 
    fail_endp: -1 
    tns:  0  tns_per_endp:  -1.0000   norm_tns_per_endp:  -1.0000 
    tns_sense_max:  -1.0000  tns_sense_avg:  -1.0000   tns_sense_num: -1
    power:  -9223372036854775808  
 skipped
CDN_DP_region_0_0_c1 in PROCESSOR_V3: area: 242369450 ,dp = 1 mux = 0 sg = fast         worst_clk_period: -1.0000 
    wns: 0  norm_wns:  -1.0000 
    fail_endp: -1 
    tns:  0  tns_per_endp:  -1.0000   norm_tns_per_endp:  -1.0000 
    tns_sense_max:  -1.0000  tns_sense_avg:  -1.0000   tns_sense_num: -1
    power:  -9223372036854775808  
 is current best
CDN_DP_region_0_0_c2 in PROCESSOR_V3: area: 242369450 ,dp = 1 mux = 0 sg = very_slow    worst_clk_period: -1.0000 
    wns: 0  norm_wns:  -1.0000 
    fail_endp: -1 
    tns:  0  tns_per_endp:  -1.0000   norm_tns_per_endp:  -1.0000 
    tns_sense_max:  -1.0000  tns_sense_avg:  -1.0000   tns_sense_num: -1
    power:  -9223372036854775808  
 is current best
CDN_DP_region_0_0_c3 in PROCESSOR_V3: area: 242369450 ,dp = 1 mux = 0 sg = very_fast    worst_clk_period: -1.0000 
    wns: 0  norm_wns:  -1.0000 
    fail_endp: -1 
    tns:  0  tns_per_endp:  -1.0000   norm_tns_per_endp:  -1.0000 
    tns_sense_max:  -1.0000  tns_sense_avg:  -1.0000   tns_sense_num: -1
    power:  -9223372036854775808  
 is current best
CDN_DP_region_0_0_c4 in PROCESSOR_V3: area: 242369450 ,dp = 1 mux = 0 sg = very_fast    worst_clk_period: -1.0000 
    wns: 0  norm_wns:  -1.0000 
    fail_endp: -1 
    tns:  0  tns_per_endp:  -1.0000   norm_tns_per_endp:  -1.0000 
    tns_sense_max:  -1.0000  tns_sense_avg:  -1.0000   tns_sense_num: -1
    power:  -9223372036854775808  
 is current best
CDN_DP_region_0_0_c5 in PROCESSOR_V3: area: 242369450 ,dp = 1 mux = 0 sg = very_fast    worst_clk_period: -1.0000 
    wns: 0  norm_wns:  -1.0000 
    fail_endp: -1 
    tns:  0  tns_per_endp:  -1.0000   norm_tns_per_endp:  -1.0000 
    tns_sense_max:  -1.0000  tns_sense_avg:  -1.0000   tns_sense_num: -1
    power:  -9223372036854775808  
 is current best
CDN_DP_region_0_0_c6 in PROCESSOR_V3: area: 242369450 ,dp = 1 mux = 0 sg = very_fast    worst_clk_period: -1.0000 
    wns: 0  norm_wns:  -1.0000 
    fail_endp: -1 
    tns:  0  tns_per_endp:  -1.0000   norm_tns_per_endp:  -1.0000 
    tns_sense_max:  -1.0000  tns_sense_avg:  -1.0000   tns_sense_num: -1
    power:  -9223372036854775808  
 is current best
CDN_DP_region_0_0_c7 in PROCESSOR_V3: area: 242369450 ,dp = 1 mux = 0 sg = very_fast    worst_clk_period: -1.0000 
    wns: 0  norm_wns:  -1.0000 
    fail_endp: -1 
    tns:  0  tns_per_endp:  -1.0000   norm_tns_per_endp:  -1.0000 
    tns_sense_max:  -1.0000  tns_sense_avg:  -1.0000   tns_sense_num: -1
    power:  -9223372036854775808  
 is current best
Best config: CDN_DP_region_0_0_c7 in PROCESSOR_V3: area: 242369450 ,dp = 1 mux = 0 sg = very_fast    worst_clk_period: -1.0000 
    wns: 0  norm_wns:  -1.0000 
    fail_endp: -1 
    tns:  0  tns_per_endp:  -1.0000   norm_tns_per_endp:  -1.0000 
    tns_sense_max:  -1.0000  tns_sense_avg:  -1.0000   tns_sense_num: -1
    power:  -9223372036854775808  
  Smallest config area : 242369450.  Fastest config wns;  0
##>+----------------------------------------------------------------------------------------------------------------------------------------------------------------+
##>Summary table of configs (Best config is CDN_DP_region_0_0_c7)
##>+----------------------------------------------------------------------------------------------------------------------------------------------------------------+
##>                     0                  1                  2                  3                  4                  5                  6                  7            
##>+----------------------------------------------------------------------------------------------------------------------------------------------------------------+
##>           Area        390155700          242369450          242369450          242369450          242369450          242369450          242369450          242369450  
##>            WNS         +4632.70           +4632.70           +4632.70           +4632.70           +4632.70           +4632.70           +4632.70           +4632.70  
##>            TNS                0                  0                  0                  0                  0                  0                  0                  0  
##>    Num Rewrite                0                  0                  0                  0                  0                  0                  0                  0  
##>     Num Factor                0                  0                  0                  0                  0                  0                  0                  0  
##>      Num Share                0                  0                  0                  0                  0                  0                  0                  0  
##>   Num CmultCse                0                  0                  0                  0                  0                  0                  0                  0  
##>   Num Downsize                0                  0                  0                  0                  0                  0                  0                  0  
##>  Num Speculate                0                  0                  0                  0                  0                  0                  0                  0  
##>     Runtime(s)                0                  0                  0                  0                  0                  0                  0                  0  
+----------------------------------------------------------------------------------------------------------------------------------------------------------------+
##>
##>
##>+-----------------------------------------------------------------------------------------------------------------------------------------------------------------------------------------------------+
##>Optimization Step DEBUG Table for config CDN_DP_region_0_0_c7
##>
##>                          Step                        Area   (  % Chg)         WNS (Change)          TNS (Change)                Power   (  % Chg)        Runtime (s)        Comment                   
##>+-----------------------------------------------------------------------------------------------------------------------------------------------------------------------------------------------------+
##>EquationExtraction              START              390155700 (       )     4632.70 (        )          0 (        )                    0 (       )              
##> rewrite                        START              478827450 ( +22.73)     4586.90 (  -45.80)          0 (       0)                    0 (  +0.00)              (a,ar) Expr1_from --> Expr1_to
##>                                  END              638436600 ( +33.33)     4586.90 (   +0.00)          0 (       0)                    0 (  +0.00)           0  
##>                                  END              390155700 (  +0.00)     4632.70 (   +0.00)          0 (       0)                    0 (  +0.00)           0  
##>createMaxCarrySave              START              390155700 (  +0.00)     4632.70 (   +0.00)          0 (       0)                    0 (  +0.00)              
##> datapath_rewrite_one_def       START              390155700 (  +0.00)     4632.70 (   +0.00)          0 (       0)                    0 (  +0.00)              
##>                                  END              390155700 (  +0.00)     4632.70 (   +0.00)          0 (       0)                    0 (  +0.00)           0  
##> csa_opto                       START              390155700 (  +0.00)     4632.70 (   +0.00)          0 (       0)                    0 (  +0.00)              
##>                                  END              396067150 (  +1.52)     4632.70 (   +0.00)          0 (       0)                    0 (  +0.00)           0  
##>                                  END              396067150 (  +1.52)     4632.70 (   +0.00)          0 (       0)                    0 (  +0.00)           0  
##>canonicalize_by_names           START              396067150 (  +0.00)     4632.70 (   +0.00)          0 (       0)                    0 (  +0.00)              
##>                                  END              396067150 (  +0.00)     4632.70 (   +0.00)          0 (       0)                    0 (  +0.00)           0  
##>datapath_rewrite_post_csa_one_  START              396067150 (  +0.00)     4632.70 (   +0.00)          0 (       0)                    0 (  +0.00)              
##>                                  END              396067150 (  +0.00)     4632.70 (   +0.00)          0 (       0)                    0 (  +0.00)           0  
##>datapath_csa_factoring_one_gde  START              396067150 (  +0.00)     4632.70 (   +0.00)          0 (       0)                    0 (  +0.00)              
##>                                  END              396067150 (  +0.00)     4632.70 (   +0.00)          0 (       0)                    0 (  +0.00)           0  
##>dpopt_share_one_def             START              396067150 (  +0.00)     4632.70 (   +0.00)          0 (       0)                    0 (  +0.00)              
##>                                  END              396067150 (  +0.00)     4632.70 (   +0.00)          0 (       0)                    0 (  +0.00)           0  
##>datapath_rewrite_post_share     START              396067150 (  +0.00)     4632.70 (   +0.00)          0 (       0)                    0 (  +0.00)              
##>                                  END              396067150 (  +0.00)     4632.70 (   +0.00)          0 (       0)                    0 (  +0.00)           0  
##>dp_combine_const_mult_with_com  START              396067150 (  +0.00)     4632.70 (   +0.00)          0 (       0)                    0 (  +0.00)              
##>                                  END              396067150 (  +0.00)     4632.70 (   +0.00)          0 (       0)                    0 (  +0.00)           0  
##>dp_operator_level_decompositio  START              396067150 (  +0.00)     4632.70 (   +0.00)          0 (       0)                    0 (  +0.00)              
##>                                  END              396067150 (  +0.00)     4632.70 (   +0.00)          0 (       0)                    0 (  +0.00)           0  
##>selective_flatten_dp_config     START              396067150 (  +0.00)     4632.70 (   +0.00)          0 (       0)                    0 (  +0.00)              
##>                                  END              396067150 (  +0.00)     4632.70 (   +0.00)          0 (       0)                    0 (  +0.00)           0  
##>createMaxCarrySave              START              396067150 (  +0.00)     4632.70 (   +0.00)          0 (       0)                    0 (  +0.00)              
##> datapath_rewrite_one_def       START              396067150 (  +0.00)     4632.70 (   +0.00)          0 (       0)                    0 (  +0.00)              
##>  fast_cse_elim                 START              396067150 (  +0.00)     4632.70 (   +0.00)          0 (       0)                    0 (  +0.00)              
##>                                  END              396067150 (  +0.00)     4632.70 (   +0.00)          0 (       0)                    0 (  +0.00)           0  
##>  fast_cse_elim                 START              396067150 (  +0.00)     4632.70 (   +0.00)          0 (       0)                    0 (  +0.00)              
##>                                  END              396067150 (  +0.00)     4632.70 (   +0.00)          0 (       0)                    0 (  +0.00)           0  
##>                                  END              396067150 (  +0.00)     4632.70 (   +0.00)          0 (       0)                    0 (  +0.00)           0  
##> csa_opto                       START              396067150 (  +0.00)     4632.70 (   +0.00)          0 (       0)                    0 (  +0.00)              
##>                                  END              396067150 (  +0.00)     4632.70 (   +0.00)          0 (       0)                    0 (  +0.00)           0  
##>                                  END              396067150 (  +0.00)     4632.70 (   +0.00)          0 (       0)                    0 (  +0.00)           0  
##>context_based_simplify          START              254192350 ( -35.82)     4632.70 (   +0.00)          0 (       0)                    0 (  +0.00)              
##>                                  END              242369450 (  -4.65)     4632.70 (   +0.00)          0 (       0)                    0 (  +0.00)           0  
##>group_csa_final_adder_dp        START              242369450 (  +0.00)     4632.70 (   +0.00)          0 (       0)                    0 (  +0.00)              
##>                                  END              242369450 (  +0.00)     4632.70 (   +0.00)          0 (       0)                    0 (  +0.00)           0  
##>dpopt_flatten_critical_muxes_i  START              242369450 (  +0.00)     4632.70 (   +0.00)          0 (       0)                    0 (  +0.00)              
##>                                  END              242369450 (  +0.00)     4632.70 (   +0.00)          0 (       0)                    0 (  +0.00)           0  
##>create_score                    START              242369450 (  +0.00)     4632.70 (   +0.00)          0 (       0)                    0 (  +0.00)              
##>                                  END              242369450 (  +0.00)     4632.70 (   +0.00)          0 (       0)                    0 (  +0.00)           0  
##>+-----------------------------------------------------------------------------------------------------------------------------------------------------------------------------------------------------+
Committed config: CDN_DP_region_0_0_c7
Info    : Done implementing datapath configurations. [DPOPT-4]
        : Selected 'very_fast' configuration 7 for module 'CDN_DP_region_0_0_c7'.
          Optimizations applied to 'very_fast' configuration:
            rewriting(0), factoring(0), sharing(0), cmultcse(0), downsizing(0), speculation(0)
Info:  Ungrouped 0 dp-cluster instances.  0 cluster instances were left intact, to aid verification.
              Preparing netlist for verification ...
              Done preparing netlist for verification.
Info    : Done optimizing datapath logic. [DPOPT-2]
        : Done optimizing datapath logic in 'RISC_V3'.
      Removing temporary intermediate hierarchies under RISC_V3
Number of big hc bmuxes after = 0
Starting logic reduction [v1.0] (stage: post_rtlopt, startdef: RISC_V3, recur: true)
Completed logic reduction (accepts: 0, rejects: 0, runtime: 0.000s)
Starting mux data reorder optimization [v1.0] (stage: post_rtlopt, startdef: RISC_V3, recur: true)
Completed mux data reorder optimization (accepts: 0, rejects: 0, runtime: 0.003s)

Stage: post_rtlopt
----------------------------------------------------------
| Transform           | Accepts | Rejects | Runtime (ms) | 
----------------------------------------------------------
| hlo_logic_reduction |       0 |       0 |         0.00 | 
| hlo_mux_reorder     |       0 |       0 |         3.00 | 
----------------------------------------------------------
              Optimizing muxes in design 'PROCESSOR_V3'.
              Post blast muxes in design 'PROCESSOR_V3'.
Starting mux speculation [v1.0] (stage: post_muxopt, startdef: RISC_V3, recur: true)
Starting speculation optimization
Completed speculation optimization (accepts:0)
Completed mux speculation (accepts: 0, rejects: 0, runtime: 0.308s)

Stage: post_muxopt
------------------------------------------------------
| Transform       | Accepts | Rejects | Runtime (ms) | 
------------------------------------------------------
| hlo_speculation |       0 |       0 |       308.00 | 
------------------------------------------------------
==================================
Stage : to_generic 
==================================
  =================
   Message Summary
  =================
------------------------------------------------------------------------------------------------------------------------
|    Id     |  Sev   |Count |                                      Message Text                                        |
------------------------------------------------------------------------------------------------------------------------
| CDFG-250  |Info    |    1 |Processing multi-dimensional arrays.                                                      |
| CDFG-372  |Info    |    1 |Bitwidth mismatch in assignment.                                                          |
|           |        |      |Review and make sure the mismatch is unintentional. Genus can possibly issue bitwidth     |
|           |        |      | mismatch warning for explicit assignments present in RTL as-well-as for implicit         |
|           |        |      | assignments inferred by the tool. For example, in case of enum declaration without       |
|           |        |      | value, the tool will implicitly assign value to the enum variables. It also issues the   |
|           |        |      | warning for any bitwidth mismatch that appears in this implicit assignment.              |
| CDFG-373  |Info    |   16 |Sign mismatch in assignment.                                                              |
| CDFG-472  |Warning |    2 |Unreachable statements for case item.                                                     |
| CDFG-738  |Info    |    5 |Common subexpression eliminated.                                                          |
| CDFG-739  |Info    |    5 |Common subexpression kept.                                                                |
| CDFG-769  |Info    |    4 |Identified sum-of-products logic to be optimized during syn_generic.                      |
| CWD-19    |Info    |  278 |An implementation was inferred.                                                           |
| DPOPT-1   |Info    |    1 |Optimizing datapath logic.                                                                |
| DPOPT-2   |Info    |    1 |Done optimizing datapath logic.                                                           |
| DPOPT-3   |Info    |    2 |Implementing datapath configurations.                                                     |
| DPOPT-4   |Info    |    2 |Done implementing datapath configurations.                                                |
| DPOPT-6   |Info    |    1 |Pre-processed datapath logic.                                                             |
| ELAB-1    |Info    |    1 |Elaborating Design.                                                                       |
| ELAB-2    |Info    |    1 |Elaborating Subdesign.                                                                    |
| ELAB-3    |Info    |    1 |Done Elaborating Design.                                                                  |
| GLO-40    |Info    |    3 |Combinational hierarchical blocks with identical inputs have been merged.                 |
|           |        |      |This optimization usually reduces design area. To prevent merging of combinational        |
|           |        |      | hierarchical blocks, set the 'merge_combinational_hier_instances' root attribute to      |
|           |        |      | 'false' or the 'merge_combinational_hier_instance' instance attribute to 'false'.        |
| LBR-22    |Warning |  218 |Multiply-defined library cell.                                                            |
|           |        |      |Library cell names must be unique.  Any duplicates will be deleted.  Only the first       |
|           |        |      | (as determined by the order of libraries) will be retained.                              |
| LBR-38    |Warning |    2 |Libraries have inconsistent nominal operating conditions. In the Liberty library, there   |
|           |        |      | are attributes called nom_voltage, nom_process and nom_temperature. Genus reports the    |
|           |        |      | message, if the respective values of the 2 given .libs differ.                           |
|           |        |      |This is a common source of delay calculation confusion and should be avoided.             |
| LBR-101   |Warning |    3 |Unusable clock gating integrated cell found at the time of loading libraries. This        |
|           |        |      | warning happens because a particular library cell is defined as                          |
|           |        |      | 'clock_gating_integrated_cell', but 'dont_use' attribute is defined as true in the       |
|           |        |      | liberty library. To make Genus use this cell for clock gating insertion, 'dont_use'      |
|           |        |      | attribute should be set to false.                                                        |
|           |        |      |To make the cell usable, change the value of 'dont_use' attribute to false.               |
| LBR-162   |Info    |   26 |Both 'pos_unate' and 'neg_unate' timing_sense arcs have been processed.                   |
|           |        |      |Setting the 'timing_sense' to non_unate.                                                  |
| LBR-412   |Info    |    3 |Created nominal operating condition.                                                      |
|           |        |      |The nominal operating condition is represented, either by the nominal PVT values          |
|           |        |      | specified in the library source                                                          |
|           |        |      | (via nom_process,nom_voltage and nom_temperature respectively)                           |
|           |        |      | , or by the default PVT values (1.0,1.0,1.0).                                            |
| LBR-785   |Info    |  218 |Stored shadowed libcells.                                                                 |
|           |        |      |Before deleting duplicate libcells, their names are stored.                               |
| PHYS-12   |Warning |    2 |The variant range of wire parameters is too large. An example of wire parameters are, a   |
|           |        |      | WIDTH for layer, PITCH for layer, MINSPACING for layers, etc.                            |
|           |        |      |Check the consistency of the parameters, and see if you can ignore this message or you're |
|           |        |      | using different LEF file with wrong parameters.                                          |
| PHYS-279  |Warning |    8 |Physical cell not defined in library.                                                     |
|           |        |      |Ensure that the proper library files are available and have been imported.                |
| PHYS-752  |Info    |    1 |Partition Based Synthesis execution skipped.                                              |
| RTLOPT-30 |Info    |    3 |Accepted resource sharing opportunity.                                                    |
| SYNTH-1   |Info    |    1 |Synthesizing.                                                                             |
| TIM-1000  |Info    |    1 |Multimode clock gating check is disabled.                                                 |
| TUI-32    |Warning |    1 |This attribute will be obsolete in a next major release.                                  |
------------------------------------------------------------------------------------------------------------------------
Current PLE settings:

Aspect ratio        : 1.000
Shrink factor       : 1.000
Scale of res/length : 1.000
Scale of cap/length : 1.000
Net derating factor : 1.000
Thermal factor      : 1.000
Via Resistance      : 3.955 ohm (from lef_library)
Site size           : 4.600 um (from lef [tech+cell])

                                   Capacitance  
  Layer                             / Length         Data source:
Name        Direction Utilization  (pF/micron)       lef_library
------------------------------------------------
met1            H         0.00        0.000085  
met2            V         1.00        0.000078  
met3            H         1.00        0.000086  
met4            V         1.00        0.000076  
met5            H         1.00        0.000088  

                                    Resistance   
  Layer                              / Length         Data source:
Name        Direction Utilization  (ohm/micron)       lef_library
-------------------------------------------------
met1            H         0.00         0.892857  
met2            V         1.00         0.892857  
met3            H         1.00         0.156667  
met4            V         1.00         0.156667  
met5            H         1.00         0.018125  

                                        Area     
  Layer                               / Length        Data source:
Name        Direction Utilization     (micron)        lef_library
-------------------------------------------------
met1            H         0.00         0.140000  
met2            V         1.00         0.140000  
met3            H         1.00         0.300000  
met4            V         1.00         0.300000  
met5            H         1.00         1.600000  

Mapper: Libraries have:
	domain _default_: 88 combo usable cells and 18 sequential usable cells
      Mapping 'RISC_V3'...
        Preparing the circuit
          Pruning unused logic
Multi-threaded constant propagation [1|0] ...
          Analyzing hierarchical boundaries
          Aggressive hierarchical optimization: disabled
          Propagating constants
        Done preparing the circuit
          Structuring (delay-based) RISC_V3...
          Done structuring (delay-based) RISC_V3
Multi-threaded Virtual Mapping    (8 threads per ST process, 8 of 32 CPUs usable)
          Structuring (delay-based) cb_part...
            Starting partial collapsing  cb_part
            Finished partial collapsing.
            Starting redundancy-removal...
            Finished redundancy-removal...
          Done structuring (delay-based) cb_part
        Mapping component cb_part...
          Structuring (delay-based) logic partition in PROCESSOR_V3...
            Starting partial collapsing  cb_part_2051
            Finished partial collapsing.
            Starting redundancy-removal...
            Finished redundancy-removal...
          Done structuring (delay-based) logic partition in PROCESSOR_V3
        Mapping logic partition in PROCESSOR_V3...
          Structuring (delay-based) sub_unsigned_1...
            Starting partial collapsing  sub_unsigned_1
            Finished partial collapsing.
          Done structuring (delay-based) sub_unsigned_1
        Mapping component sub_unsigned_1...
          Structuring (delay-based) add_unsigned_2_1...
            Starting partial collapsing (xors only) add_unsigned_2_1
            Finished partial collapsing.
            Starting partial collapsing  add_unsigned_2_1
            Finished partial collapsing.
          Done structuring (delay-based) add_unsigned_2_1
        Mapping component add_unsigned_2_1...
          Structuring (delay-based) addsub_unsigned_1440...
            Starting partial collapsing (xors only) addsub_unsigned_1440
            Finished partial collapsing.
            Starting partial collapsing  addsub_unsigned_1440
            Finished partial collapsing.
          Done structuring (delay-based) addsub_unsigned_1440
        Mapping component addsub_unsigned_1440...
          Structuring (delay-based) cb_part_2052...
            Starting partial collapsing (xors only) cb_part_2052
            Finished partial collapsing.
            Starting partial collapsing  cb_part_2052
            Finished partial collapsing.
            Starting redundancy-removal...
            Finished redundancy-removal...
            Starting redundancy-removal...
            Finished redundancy-removal...
            Starting redundancy-removal...
            Finished redundancy-removal...
          Done structuring (delay-based) cb_part_2052
        Mapping component cb_part_2052...
          Structuring (delay-based) cb_seq...
          Done structuring (delay-based) cb_seq
        Mapping component cb_seq...
==================================
Stage : first_condense 
==================================
  =================
   Message Summary
  =================
---------------------------------------------------------------
|  Id  |Sev  |Count |              Message Text               |
---------------------------------------------------------------
| GB-6 |Info |    3 |A datapath component has been ungrouped. |
---------------------------------------------------------------
 
Global mapping target info
==========================
Cost Group 'C2O' target slack:   300 ps
Target path end-point (Port: RISC_V3/DM_IN[30])

        Pin                     Type          Fanout  Load Arrival   
                                                      (fF)   (ps)    
---------------------------------------------------------------------
(clock SYS_CLOCK)     <<<  launch                                0 R 
PC1
  cb_seqi
    PSTATE_reg[1]/clk                                                
    PSTATE_reg[1]/q   (u)  unmapped_d_flop         4  20.7           
  cb_seqi/PSTATE[1] 
  cb_parti/cb_seqi_PSTATE[1] 
    g12268/in_1                                                      
    g12268/z          (u)  unmapped_or2            4  25.2           
    g17550/in_1                                                      
    g17550/z          (u)  unmapped_or2            1   6.3           
    g17533/in_0                                                      
    g17533/z          (u)  unmapped_or2            8  50.4           
    g16964/in_0                                                      
    g16964/z          (u)  unmapped_complex2       1   6.3           
    g16652/in_1                                                      
    g16652/z          (u)  unmapped_nand2          4  25.6           
    g7136/in_1                                                       
    g7136/z           (u)  unmapped_nand2          4  25.2           
    g16544/in_1                                                      
    g16544/z          (u)  unmapped_or2           32 201.6           
    g16471/in_0                                                      
    g16471/z          (u)  unmapped_complex2       1   6.3           
    g15931/in_1                                                      
    g15931/z          (u)  unmapped_nand2          1   6.4           
    g15638/in_1                                                      
    g15638/z          (u)  unmapped_or2            1   6.4           
    g15611/in_1                                                      
    g15611/z          (u)  unmapped_or2            1   6.4           
    g15550/in_1                                                      
    g15550/z          (u)  unmapped_or2           12  76.8           
  cb_parti/add_174_42_B[30] 
  cb_parti12736/cb_parti_add_174_42_B[30] 
    g26281/in_0                                                      
    g26281/z          (u)  unmapped_complex2       2  12.6           
    g26282/in_0                                                      
    g26282/z          (u)  unmapped_not            1   1.8           
  cb_parti12736/DM_IN[30] 
PC1/DM_IN[30] 
DM_IN[30]             <<<  interconnect                              
                           out port                                  
(top.sdc_line_7_63_1)      ext delay                                 
- - - - - - - - - - - - - - - - - - - - - - - - - - - - - - - - - - -
(clock SYS_CLOCK)          capture                           10000 R 
---------------------------------------------------------------------
Cost Group   : 'C2O' (path_group 'C2O')
Start-point  : PC1/cb_seqi/PSTATE_reg[1]/clk
End-point    : DM_IN[30]

(u) : Net has unmapped pin(s).

The global mapper estimates a slack for this path of 5800ps.
 
Cost Group 'C2C' target slack:   295 ps
Target path end-point (Pin: PC1/RF_reg[15][27]/d)

         Pin                     Type          Fanout  Load Arrival   
                                                       (fF)   (ps)    
----------------------------------------------------------------------
(clock SYS_CLOCK)      <<<  launch                                0 R 
PC1
  cb_seqi
    PSTATE_reg[1]/clk                                                 
    PSTATE_reg[1]/q    (u)  unmapped_d_flop         4  20.7           
  cb_seqi/PSTATE[1] 
  cb_parti/cb_seqi_PSTATE[1] 
    g12268/in_1                                                       
    g12268/z           (u)  unmapped_or2            4  25.2           
    g17550/in_1                                                       
    g17550/z           (u)  unmapped_or2            1   6.3           
    g17533/in_0                                                       
    g17533/z           (u)  unmapped_or2            8  50.4           
    g16964/in_0                                                       
    g16964/z           (u)  unmapped_complex2       1   6.3           
    g16652/in_1                                                       
    g16652/z           (u)  unmapped_nand2          4  25.6           
    g7136/in_1                                                        
    g7136/z            (u)  unmapped_nand2          4  25.2           
    g16544/in_1                                                       
    g16544/z           (u)  unmapped_or2           32 201.6           
    g16497/in_0                                                       
    g16497/z           (u)  unmapped_complex2       1   6.3           
    g15994/in_1                                                       
    g15994/z           (u)  unmapped_nand2          1   6.4           
    g15729/in_1                                                       
    g15729/z           (u)  unmapped_or2            1   6.4           
    g15561/in_1                                                       
    g15561/z           (u)  unmapped_or2            1   6.4           
    g15527/in_1                                                       
    g15527/z           (u)  unmapped_or2           14  89.6           
  cb_parti/add_174_42_B[0] 
  sub_126_48/B[0] 
    g484/in_1                                                         
    g484/z             (u)  unmapped_complex2       3  18.9           
    g1735/in_1                                                        
    g1735/z            (u)  unmapped_nand2          1   6.4           
    g1708/in_0                                                        
    g1708/z            (u)  unmapped_nand2          3  18.9           
    g1696/in_1                                                        
    g1696/z            (u)  unmapped_nand2          1   6.4           
    g1686/in_1                                                        
    g1686/z            (u)  unmapped_nand2          3  18.9           
    g1681/in_1                                                        
    g1681/z            (u)  unmapped_nand2          1   6.4           
    g1673/in_0                                                        
    g1673/z            (u)  unmapped_nand2          3  18.9           
    g1669/in_0                                                        
    g1669/z            (u)  unmapped_nand2          2  12.8           
    g1665/in_1                                                        
    g1665/z            (u)  unmapped_complex2       1   6.4           
    g1658/in_1                                                        
    g1658/z            (u)  unmapped_complex2       3  18.9           
    g1654/in_1                                                        
    g1654/z            (u)  unmapped_nand2          1   6.4           
    g1652/in_1                                                        
    g1652/z            (u)  unmapped_nand2          3  18.9           
    g1648/in_0                                                        
    g1648/z            (u)  unmapped_nand2          1   6.4           
    g1647/in_0                                                        
    g1647/z            (u)  unmapped_nand2          4  25.2           
    g1646/in_0                                                        
    g1646/z            (u)  unmapped_complex2       2  12.8           
    g1641/in_1                                                        
    g1641/z            (u)  unmapped_complex2       1   6.4           
    g1631/in_1                                                        
    g1631/z            (u)  unmapped_complex2       1   6.4           
    g1629/in_1                                                        
    g1629/z            (u)  unmapped_complex2       4  25.2           
    g1628/in_0                                                        
    g1628/z            (u)  unmapped_complex2       1   6.4           
    g1620/in_1                                                        
    g1620/z            (u)  unmapped_complex2       3  18.9           
    g1615/in_1                                                        
    g1615/z            (u)  unmapped_nand2          1   6.4           
    g1611/in_1                                                        
    g1611/z            (u)  unmapped_nand2          3  18.9           
    g1607/in_1                                                        
    g1607/z            (u)  unmapped_nand2          1   6.4           
    g1606/in_1                                                        
    g1606/z            (u)  unmapped_nand2          6  37.8           
    g1599/in_1                                                        
    g1599/z            (u)  unmapped_complex2       2  12.8           
    g1595/in_1                                                        
    g1595/z            (u)  unmapped_complex2       5  31.5           
    g1585/in_1                                                        
    g1585/z            (u)  unmapped_nand2          2  12.8           
    g1569/in_1                                                        
    g1569/z            (u)  unmapped_complex2       1   6.4           
    g1558/in_1                                                        
    g1558/z            (u)  unmapped_complex2       3  18.9           
    g1543/in_1                                                        
    g1543/z            (u)  unmapped_nand2          1   6.4           
    g1534/in_1                                                        
    g1534/z            (u)  unmapped_nand2          2  12.6           
    g1529/in_0                                                        
    g1529/z            (u)  unmapped_or2            1   6.3           
    g1530/in_1                                                        
    g1530/z            (u)  unmapped_nand2          1   6.4           
  sub_126_48/Z[27] 
  cb_parti12736/sub_126_48_Z[27] 
    g25849/in_1                                                       
    g25849/z           (u)  unmapped_complex2       1   6.3           
    g24292/in_1                                                       
    g24292/z           (u)  unmapped_complex2       1   6.4           
    g24253/in_1                                                       
    g24253/z           (u)  unmapped_complex2       1   6.3           
    g24204/in_1                                                       
    g24204/z           (u)  unmapped_nand2          2  12.8           
    g24185/in_0                                                       
    g24185/z           (u)  unmapped_complex2      16  25.6           
    g23736/in_1                                                       
    g23736/z           (u)  unmapped_complex2       1   6.3           
    g23311/in_1                                                       
    g23311/z           (u)  unmapped_nand2          1   6.4           
  cb_parti12736/cb_seqi_g4618_g6234_z 
  cb_seqi/g4618_g6234_z 
    RF_reg[15][27]/d   <<<  unmapped_d_flop                           
    RF_reg[15][27]/clk      setup                                     
- - - - - - - - - - - - - - - - - - - - - - - - - - - - - - - - - - - 
(clock SYS_CLOCK)           capture                           10000 R 
----------------------------------------------------------------------
Cost Group   : 'C2C' (path_group 'C2C')
Start-point  : PC1/cb_seqi/PSTATE_reg[1]/clk
End-point    : PC1/cb_seqi/RF_reg[15][27]/d

(u) : Net has unmapped pin(s).

The global mapper estimates a slack for this path of 1667ps.
 
Cost Group 'I2C' target slack:   294 ps
Target path end-point (Pin: PC1/RF_reg[13][14]/d)

         Pin                     Type          Fanout Load Arrival   
                                                      (fF)   (ps)    
---------------------------------------------------------------------
(clock SYS_CLOCK)      <<<  launch                               0 R 
(top.sdc_line_6_49_1)       ext delay                                
DM_OUT[14]             (u)  in port                 1  6.4           
PC1/DM_OUT[14] 
  cb_parti12736/DM_OUT[14] 
    g25663/in_1                                                      
    g25663/z           (u)  unmapped_complex2       1  6.3           
    g24125/in_1                                                      
    g24125/z           (u)  unmapped_complex2      16 25.6           
    g24107/in_1                                                      
    g24107/z           (u)  unmapped_complex2       1  6.3           
    g23646/in_1                                                      
    g23646/z           (u)  unmapped_nand2          1  6.4           
  cb_parti12736/cb_seqi_g3778_g5604_z 
  cb_seqi/g3778_g5604_z 
    RF_reg[13][14]/d   <<<  unmapped_d_flop                          
    RF_reg[13][14]/clk      setup                                    
- - - - - - - - - - - - - - - - - - - - - - - - - - - - - - - - - - -
(clock SYS_CLOCK)           capture                          10000 R 
---------------------------------------------------------------------
Cost Group   : 'I2C' (path_group 'I2C')
Start-point  : DM_OUT[14]
End-point    : PC1/cb_seqi/RF_reg[13][14]/d

(u) : Net has unmapped pin(s).

The global mapper estimates a slack for this path of 9288ps.
 
          Performing post-condense optimization ...


State Retention Synthesis Status
================================

Category                        Flops   Percentage
--------------------------------------------------
Total instances                   587        100.0
Excluded from State Retention     587        100.0
    - Will not convert            587        100.0
      - Preserved                   0          0.0
      - Power intent excluded     587        100.0
    - Could not convert             0          0.0
      - Scan type                   0          0.0
      - No suitable cell            0          0.0
State Retention instances           0          0.0
--------------------------------------------------

PBS_Generic_Opt-Post - Elapsed_Time 104, CPU_Time 105.364952
stamp 'PBS_Generic_Opt-Post' being created for table 'pbs_debug'

  Total Time (Wall) |  Stage Time (Wall)  |   % (Wall)   |    Date - Time     |  Memory   | Stage
--------------------+---------------------+--------------+--------------------+-----------+----------------------
 00:00:21(00:00:12) |  00:00:00(00:00:00) |   0.0(  0.0) |   16:39:30 (Jul11) |  289.3 MB | PBS_Generic-Start
--------------------+---------------------+--------------+--------------------+-----------+----------------------
 00:02:07(00:01:56) |  00:01:45(00:01:44) | 100.0(100.0) |   16:41:15 (Jul11) |  694.6 MB | PBS_Generic_Opt-Post
--------------------+---------------------+--------------+--------------------+-----------+----------------------
Number of threads: 8 * 1   (id: pbs_debug, time_info v1.57)
Info: (*N*) indicates data that was populated from previously saved time_info database
Info: CPU time includes time of parent + longest thread
        Computing net loads.
PBS_Generic-Postgen HBO Optimizations - Elapsed_Time 0, CPU_Time 0.0
stamp 'PBS_Generic-Postgen HBO Optimizations' being created for table 'pbs_debug'

  Total Time (Wall) |  Stage Time (Wall)  |   % (Wall)   |    Date - Time     |  Memory   | Stage
--------------------+---------------------+--------------+--------------------+-----------+----------------------
 00:00:21(00:00:12) |  00:00:00(00:00:00) |   0.0(  0.0) |   16:39:30 (Jul11) |  289.3 MB | PBS_Generic-Start
--------------------+---------------------+--------------+--------------------+-----------+----------------------
 00:02:07(00:01:56) |  00:01:45(00:01:44) | 100.0( 99.0) |   16:41:15 (Jul11) |  694.6 MB | PBS_Generic_Opt-Post
--------------------+---------------------+--------------+--------------------+-----------+----------------------
 00:02:07(00:01:57) |  00:00:00(00:00:01) |   0.0(  1.0) |   16:41:15 (Jul11) |  694.6 MB | PBS_Generic-Postgen HBO Optimizations
--------------------+---------------------+--------------+--------------------+-----------+----------------------
Number of threads: 8 * 1   (id: pbs_debug, time_info v1.57)
Info: (*N*) indicates data that was populated from previously saved time_info database
Info: CPU time includes time of parent + longest thread
##>=================== Cadence Confidential (Generic-Logical) ===================
##>=================== Cadence Confidential (Generic-Logical) ===================
##>Main Thread Summary:
##>----------------------------------------------------------------------------------------
##>STEP                           Elapsed       WNS       TNS     Insts      Area    Memory
##>----------------------------------------------------------------------------------------
##>G:Initial                            1         -         -      3995     86058       289
##>G:Setup                              0         -         -         -         -         -
##>G:Launch ST                          0         -         -         -         -         -
##>G:Design Partition                   0         -         -         -         -         -
##>G:Create Partition Netlists          0         -         -         -         -         -
##>G:Init Power                         0         -         -         -         -         -
##>G:Budgeting                          0         -         -         -         -         -
##>G:Derenv-DB                          0         -         -         -         -         -
##>G:Debug Outputs                      0         -         -         -         -         -
##>G:ST loading                         0         -         -         -         -         -
##>G:Distributed                        0         -         -         -         -         -
##>G:Timer                              0         -         -         -         -         -
##>G:Assembly                           0         -         -         -         -         -
##>G:DFT                                0         -         -         -         -         -
##>G:Const Prop                         0         -         -      7194    102208       694
##>G:Misc                             104
##>----------------------------------------------------------------------------------------
##>Total Elapsed                      105
##>========================================================================================
Info    : Done synthesizing. [SYNTH-2]
        : Done synthesizing 'RISC_V3' to generic gates.
        Computing net loads.
      flow.cputime  flow.realtime  timing.setup.tns  timing.setup.wns  snapshot
UM:*                                                                   syn_gen
@file(run_synth.tcl) 165: puts "Runtime & Memory after 'syn_generic'"
Runtime & Memory after 'syn_generic'
@file(run_synth.tcl) 166: time_info GENERIC
stamp 'GENERIC' being created for table 'default'

  Total Time (Wall) |  Stage Time (Wall)  |   % (Wall)   |    Date - Time     |  Memory   | Stage
--------------------+---------------------+--------------+--------------------+-----------+----------------------
 00:00:09(00:00:00) |  00:00:00(00:00:00) |   0.0(  0.0) |   16:39:18 (Jul11) |  146.7 MB | init
--------------------+---------------------+--------------+--------------------+-----------+----------------------
 00:00:20(00:00:10) |  00:00:11(00:00:10) |   9.2(  8.5) |   16:39:29 (Jul11) |  289.3 MB | Elaboration
--------------------+---------------------+--------------+--------------------+-----------+----------------------
 00:02:08(00:01:57) |  00:01:48(00:01:47) |  90.8( 91.5) |   16:41:15 (Jul11) |  694.6 MB | GENERIC
--------------------+---------------------+--------------+--------------------+-----------+----------------------
Number of threads: 8 * 1   (id: default, time_info v1.57)
Info: (*N*) indicates data that was populated from previously saved time_info database
Info: CPU time includes time of parent + longest thread
@file(run_synth.tcl) 167: report_dp > $_REPORTS_PATH/generic/${DESIGN}_datapath.rpt
Beginning report datapath command
Warning : The filename, column and line number information will not be available in the report. [RPT_DP-100]
        : The attribute for getting HDL filename and line number is not set.
        : You must set the 'hdl_track_filename_row_col' attribute to 'true' (before elaborate) to enable filename, column, and line number tracking in the datapath report.
        Computing net loads.
@file(run_synth.tcl) 168: write_snapshot -outdir $_REPORTS_PATH -tag generic
%# Begin write_snapshot (07/11 16:41:15, mem=1622.61M)
%# Begin qos_stats (07/11 16:41:16, mem=1658.44M)
        Computing arrivals and requireds.
Info   : ACTP-0001 [ACTPInfo] Activity propagation started for stim#0 netlist
       : RISC_V3
Info   : ACTP-0009 [ACTPInfo] Activity Propagation Progress Report :   0%   1%   2%   3%   4%   5%   6%   7%   8%   9%  10%  11%  12%  13%  14%  15%  16%  17%  18%  19%  20%  21%  22%  23%  24%  25%  26%  27%  28%  29%  30%  31%  32%  33%  34%  35%  36%  37%  38%  39%  40%  41%  42%  43%  44%  45%  46%  47%  48%  49%  50%  51%  52%  53%  54%  55%  56%  57%  58%  59%  60%  61%  62%  63%  64%  65%  66%  67%  68%  69%  70%  71%  72%  73%  74%  75%  76%  77%  78%  79%  80%  81%  82%  83%  84%  85%  86%  87%  88%  89%  90%  91%  92%  93%  94%  95%  96%  97%  98%  99% 100%
Info   : ACTP-0001 Activity propagation ended for stim#0
Info   : PWRA-0001 [PwrInfo] compute_power effective options 
       : -mode : vectorless
       : -skip_propagation : 1
       : -frequency_scaling_factor : 1.0
       : -use_clock_freq : stim
       : -stim :/stim#0
       : -fromGenus : 1
Info   : ACTP-0001 Timing initialization started
Info   : ACTP-0001 Timing initialization ended
Info   : PWRA-0002 [PwrInfo] Skipping activity propagation due to -skip_ap
       : option....
Warning: PWRA-0302 [PwrWarn] Frequency scaling is not applicable for vectorless
       : flow. Ignoring frequency scaling.
Warning: PWRA-0304 [PwrWarn] -stim option is not applicable with vectorless mode
       : of power analysis, ignored this option.
Info   : PWRA-0002 Started 'vectorless' power computation.
Info   : PWRA-0009 [PwrInfo] Power Computation Progress Report :  13%  27%  41%  58%  72%  86% 100%
Info   : PWRA-0002 Finished power computation.
Info   : PWRA-0007 [PwrInfo] Completed successfully.
       : Info=6, Warn=2, Error=0, Fatal=0
%# End qos_stats (07/11 16:41:17, total cpu=14:00:02, real=14:00:01, peak res=698.20M, current mem=1698.11M)


Working Directory = /home/B2_Faysal/UDIF/aiub_vlsi_impl_demo/projects/my_risc/synth_sky_V1
QoS Summary for RISC_V3
================================================================================
Metric                          generic        
================================================================================
Slack (ps):                     2,736
  R2R (ps):                     2,736
  I2R (ps):                     9,348
  R2O (ps):                     7,230
  I2O (ps):                  no_value
  CG  (ps):                  no_value
TNS (ps):                           0
  R2R (ps):                         0
  I2R (ps):                         0
  R2O (ps):                         0
  I2O (ps):                  no_value
  CG  (ps):                  no_value
Failing Paths:                      0
Leakage Power (nW):             6,362
Cell Area:                    103,619
Total Cell Area:              103,619
Leaf Instances:                 7,194
Total Instances:                7,194
Utilization (%):                 0.00
Tot. Net Length (um):        no_value
Avg. Net Length (um):        no_value
Route Overflow H (%):        no_value
Route Overflow V (%):        no_value
MBCI(%) (bits/gate) :            0.00
Norm Cong Hotspot Area:
  Max Cong:                  no_value
  Tot Cong:                  no_value
================================================================================
CPU  Runtime (h:m:s):        00:02:07
Real Runtime (h:m:s):        00:01:58
CPU  Elapsed (h:m:s):        00:02:18
Real Elapsed (h:m:s):        00:02:02
Memory (MB):                  1698.11
================================================================================
================================================================================
Flow Settings:
================================================================================
Total Runtime (h:m:s): 00:01:59
Total Memory (MB):     1698.11
Executable Version:    21.18-s082_1
================================================================================
Total Cell Area =  Cell Area + Physical Cell Area
Total Instances =  Leaf Instances + Physical Instances




Warning : The details given in report might be incorrect or incomplete. [RPT-80]
        : The design design:RISC_V3 should be mapped to get accurate area details.
        : Map the design using syn_map before using the '-detail' option of the 'report_area' command.
Info    : Joules engine is used. [RPT-16]
        : Joules engine is being used for the command report_gates -power.
Warning : Did not find power models when running power analysis on a generic netlist. [PA-17]
        : Design design:RISC_V3 has no power models available.
        : The power analysis results on a generic netlist are more accurate when detailed power models are used. Use command 'build_rtl_power_models' to build detailed power models.
Library based partitioning cannot be done as either there is a single library or there are no cells to partition.
Info    : Leakage power optimization was enabled, but single Vth class seems to be used as leakage properties of the given libraries look too similar. [POPT-507]
        : Leakage power effort is set but library domain '_default_' seems to have too few Vth classes.
        : The tool tries to classify the given libraries into different Vth classes. If the leakage properties of the given libraries are too similar then the tool considers all libraries to be of the same Vth class.
Finished exporting design database to file 'reports_Jul11-16:39:26/generic_RISC_V3.db' for 'RISC_V3' (command execution time mm:ss cpu = 00:01, real = 00:02).
Finished generating snapshot at stage generic (command execution time mm:ss cpu = 00:02, real = 00:03).
%# End write_snapshot (07/11 16:41:19, total cpu=14:00:02, real=14:00:04, peak res=698.20M, current mem=1698.11M)
@file(run_synth.tcl) 169: report_summary -directory $_REPORTS_PATH


Working Directory = /home/B2_Faysal/UDIF/aiub_vlsi_impl_demo/projects/my_risc/synth_sky_V1
QoS Summary for RISC_V3
================================================================================
Metric                          generic        
================================================================================
Slack (ps):                     2,736
  R2R (ps):                     2,736
  I2R (ps):                     9,348
  R2O (ps):                     7,230
  I2O (ps):                  no_value
  CG  (ps):                  no_value
TNS (ps):                           0
  R2R (ps):                         0
  I2R (ps):                         0
  R2O (ps):                         0
  I2O (ps):                  no_value
  CG  (ps):                  no_value
Failing Paths:                      0
Leakage Power (nW):             6,362
Cell Area:                    103,619
Total Cell Area:              103,619
Leaf Instances:                 7,194
Total Instances:                7,194
Utilization (%):                 0.00
Tot. Net Length (um):        no_value
Avg. Net Length (um):        no_value
Route Overflow H (%):        no_value
Route Overflow V (%):        no_value
MBCI(%) (bits/gate) :            0.00
Norm Cong Hotspot Area:
  Max Cong:                  no_value
  Tot Cong:                  no_value
================================================================================
CPU  Runtime (h:m:s):        00:02:07
Real Runtime (h:m:s):        00:01:58
CPU  Elapsed (h:m:s):        00:02:18
Real Elapsed (h:m:s):        00:02:02
Memory (MB):                  1698.11
================================================================================
================================================================================
Flow Settings:
================================================================================
Total Runtime (h:m:s): 00:02:02
Total Memory (MB):     1698.11
Executable Version:    21.18-s082_1
================================================================================
Total Cell Area =  Cell Area + Physical Cell Area
Total Instances =  Leaf Instances + Physical Instances




@file(run_synth.tcl) 183: set_db / .syn_map_effort $MAP_OPT_EFF
  Setting attribute of root '/': 'syn_map_effort' = high
@file(run_synth.tcl) 184: syn_map
##Generic Timing Info for library domain: _default_ typical gate delay: 184.5 ps std_slew: 22.7 ps std_load: 6.4 fF
Current PLE settings:

Aspect ratio        : 1.000
Shrink factor       : 1.000
Scale of res/length : 1.000
Scale of cap/length : 1.000
Net derating factor : 1.000
Thermal factor      : 1.000
Via Resistance      : 3.955 ohm (from lef_library)
Site size           : 4.600 um (from lef [tech+cell])

                                   Capacitance  
  Layer                             / Length         Data source:
Name        Direction Utilization  (pF/micron)       lef_library
------------------------------------------------
met1            H         0.00        0.000085  
met2            V         1.00        0.000078  
met3            H         1.00        0.000086  
met4            V         1.00        0.000076  
met5            H         1.00        0.000088  

                                    Resistance   
  Layer                              / Length         Data source:
Name        Direction Utilization  (ohm/micron)       lef_library
-------------------------------------------------
met1            H         0.00         0.892857  
met2            V         1.00         0.892857  
met3            H         1.00         0.156667  
met4            V         1.00         0.156667  
met5            H         1.00         0.018125  

                                        Area     
  Layer                               / Length        Data source:
Name        Direction Utilization     (micron)        lef_library
-------------------------------------------------
met1            H         0.00         0.140000  
met2            V         1.00         0.140000  
met3            H         1.00         0.300000  
met4            V         1.00         0.300000  
met5            H         1.00         1.600000  

Info    : Mapping. [SYNTH-4]
        : Mapping 'RISC_V3' using 'high' effort.
Mapper: Libraries have:
	domain _default_: 88 combo usable cells and 18 sequential usable cells
Configuring mapper costing (none)
TNS Restructuring config: no_value at stage: map applied.
PBS_TechMap-Start - Elapsed_Time 0, CPU_Time 0.0
stamp 'PBS_TechMap-Start' being created for table 'pbs_debug'

  Total Time (Wall) |  Stage Time (Wall)  |   % (Wall)   |    Date - Time     |  Memory   | Stage
--------------------+---------------------+--------------+--------------------+-----------+----------------------
 00:00:21(00:00:12) |  00:00:00(00:00:00) |   0.0(  0.0) |   16:39:30 (Jul11) |  289.3 MB | PBS_Generic-Start
--------------------+---------------------+--------------+--------------------+-----------+----------------------
 00:02:07(00:01:56) |  00:01:45(00:01:44) |  96.6( 94.5) |   16:41:15 (Jul11) |  694.6 MB | PBS_Generic_Opt-Post
--------------------+---------------------+--------------+--------------------+-----------+----------------------
 00:02:07(00:01:57) |  00:00:00(00:00:01) |   0.0(  0.9) |   16:41:15 (Jul11) |  694.6 MB | PBS_Generic-Postgen HBO Optimizations
--------------------+---------------------+--------------+--------------------+-----------+----------------------
 00:02:10(00:02:02) |  00:00:03(00:00:05) |   3.4(  4.5) |   16:41:21 (Jul11) |  676.0 MB | PBS_TechMap-Start
--------------------+---------------------+--------------+--------------------+-----------+----------------------
Number of threads: 8 * 1   (id: pbs_debug, time_info v1.57)
Info: (*N*) indicates data that was populated from previously saved time_info database
Info: CPU time includes time of parent + longest thread
        Computing net loads.
PBS_TechMap-Premap HBO Optimizations - Elapsed_Time 0, CPU_Time 0.0
stamp 'PBS_TechMap-Premap HBO Optimizations' being created for table 'pbs_debug'

  Total Time (Wall) |  Stage Time (Wall)  |   % (Wall)   |    Date - Time     |  Memory   | Stage
--------------------+---------------------+--------------+--------------------+-----------+----------------------
 00:00:21(00:00:12) |  00:00:00(00:00:00) |   0.0(  0.0) |   16:39:30 (Jul11) |  289.3 MB | PBS_Generic-Start
--------------------+---------------------+--------------+--------------------+-----------+----------------------
 00:02:07(00:01:56) |  00:01:45(00:01:44) |  96.6( 93.7) |   16:41:15 (Jul11) |  694.6 MB | PBS_Generic_Opt-Post
--------------------+---------------------+--------------+--------------------+-----------+----------------------
 00:02:07(00:01:57) |  00:00:00(00:00:01) |   0.0(  0.9) |   16:41:15 (Jul11) |  694.6 MB | PBS_Generic-Postgen HBO Optimizations
--------------------+---------------------+--------------+--------------------+-----------+----------------------
 00:02:10(00:02:02) |  00:00:03(00:00:05) |   3.4(  4.5) |   16:41:21 (Jul11) |  676.0 MB | PBS_TechMap-Start
--------------------+---------------------+--------------+--------------------+-----------+----------------------
 00:02:10(00:02:03) |  00:00:00(00:00:01) |   0.0(  0.9) |   16:41:21 (Jul11) |  676.0 MB | PBS_TechMap-Premap HBO Optimizations
--------------------+---------------------+--------------+--------------------+-----------+----------------------
Number of threads: 8 * 1   (id: pbs_debug, time_info v1.57)
Info: (*N*) indicates data that was populated from previously saved time_info database
Info: CPU time includes time of parent + longest thread
Info    : Partition Based Synthesis execution skipped. [PHYS-752]
        : Design size is less than the partition size '100000' for distributed mapping optimization to kick in.
Current PLE settings:

Aspect ratio        : 1.000
Shrink factor       : 1.000
Scale of res/length : 1.000
Scale of cap/length : 1.000
Net derating factor : 1.000
Thermal factor      : 1.000
Via Resistance      : 3.955 ohm (from lef_library)
Site size           : 4.600 um (from lef [tech+cell])

                                   Capacitance  
  Layer                             / Length         Data source:
Name        Direction Utilization  (pF/micron)       lef_library
------------------------------------------------
met1            H         0.00        0.000085  
met2            V         1.00        0.000078  
met3            H         1.00        0.000086  
met4            V         1.00        0.000076  
met5            H         1.00        0.000088  

                                    Resistance   
  Layer                              / Length         Data source:
Name        Direction Utilization  (ohm/micron)       lef_library
-------------------------------------------------
met1            H         0.00         0.892857  
met2            V         1.00         0.892857  
met3            H         1.00         0.156667  
met4            V         1.00         0.156667  
met5            H         1.00         0.018125  

                                        Area     
  Layer                               / Length        Data source:
Name        Direction Utilization     (micron)        lef_library
-------------------------------------------------
met1            H         0.00         0.140000  
met2            V         1.00         0.140000  
met3            H         1.00         0.300000  
met4            V         1.00         0.300000  
met5            H         1.00         1.600000  

Mapper: Libraries have:
	domain _default_: 88 combo usable cells and 18 sequential usable cells
      Mapping 'RISC_V3'...
        Preparing the circuit
          Pruning unused logic
          Analyzing hierarchical boundaries
          Aggressive hierarchical optimization: disabled
          Propagating constants
        Done preparing the circuit
          Structuring (delay-based) RISC_V3...
          Done structuring (delay-based) RISC_V3
Multi-threaded Virtual Mapping    (8 threads per ST process, 8 of 32 CPUs usable)
          Structuring (delay-based) cb_part...
            Starting redundancy-removal...
            Finished redundancy-removal...
            Starting redundancy-removal...
            Finished redundancy-removal...
          Done structuring (delay-based) cb_part
        Mapping component cb_part...
          Structuring (delay-based) logic partition in PROCESSOR_V3...
            Starting redundancy-removal...
            Finished redundancy-removal...
          Done structuring (delay-based) logic partition in PROCESSOR_V3
        Mapping logic partition in PROCESSOR_V3...
          Structuring (delay-based) addsub_unsigned_1440...
          Done structuring (delay-based) addsub_unsigned_1440
        Mapping component addsub_unsigned_1440...
          Structuring (delay-based) sub_unsigned_1...
          Done structuring (delay-based) sub_unsigned_1
        Mapping component sub_unsigned_1...
          Structuring (delay-based) add_unsigned_2_1...
          Done structuring (delay-based) add_unsigned_2_1
        Mapping component add_unsigned_2_1...
          Structuring (delay-based) cb_part_2055...
            Starting redundancy-removal...
            Finished redundancy-removal...
            Starting redundancy-removal...
            Finished redundancy-removal...
          Done structuring (delay-based) cb_part_2055
        Mapping component cb_part_2055...
          Structuring (delay-based) cb_seq...
            Starting redundancy-removal...
            Finished redundancy-removal...
          Done structuring (delay-based) cb_seq
        Mapping component cb_seq...
 
Global mapping target info
==========================
Cost Group 'C2O' target slack:   300 ps
Target path end-point (Port: RISC_V3/DM_IN[15])

        Pin                     Type          Fanout  Load Arrival   
                                                      (fF)   (ps)    
---------------------------------------------------------------------
(clock SYS_CLOCK)     <<<  launch                                0 R 
PC1
  cb_seqi
    IR_reg[30]/clk                                                   
    IR_reg[30]/q      (u)  unmapped_d_flop         3  14.4           
  cb_seqi/IR[30] 
  cb_parti/cb_seqi_IR[14] 
    g17555/in_1                                                      
    g17555/z          (u)  unmapped_or2            2  12.6           
    g28616/in_1                                                      
    g28616/z          (u)  unmapped_complex2       3  18.9           
    g35731/in_1                                                      
    g35731/z          (u)  unmapped_or2            8  50.4           
    g35208/in_0                                                      
    g35208/z          (u)  unmapped_nand2          1   6.4           
    g34973/in_1                                                      
    g34973/z          (u)  unmapped_nand2          4  25.2           
    g12412/in_1                                                      
    g12412/z          (u)  unmapped_or2            4  25.2           
    g16546/in_1                                                      
    g16546/z          (u)  unmapped_or2           32 201.6           
    g34505/in_0                                                      
    g34505/z          (u)  unmapped_complex2       1   6.3           
    g34197/in_1                                                      
    g34197/z          (u)  unmapped_nand2          1   6.4           
    g33945/in_1                                                      
    g33945/z          (u)  unmapped_or2            1   6.4           
    g33793/in_1                                                      
    g33793/z          (u)  unmapped_or2            1   6.4           
    g33781/in_1                                                      
    g33781/z          (u)  unmapped_or2           11  70.4           
  cb_parti/add_174_42_B[15] 
  cb_parti26600/cb_parti_add_174_42_B[15] 
    g39426/in_1                                                      
    g39426/z          (u)  unmapped_complex2       2  12.6           
    g39427/in_0                                                      
    g39427/z          (u)  unmapped_not            1   1.8           
  cb_parti26600/DM_IN[15] 
PC1/DM_IN[15] 
DM_IN[15]             <<<  interconnect                              
                           out port                                  
(top.sdc_line_7_78_1)      ext delay                                 
- - - - - - - - - - - - - - - - - - - - - - - - - - - - - - - - - - -
(clock SYS_CLOCK)          capture                           10000 R 
---------------------------------------------------------------------
Cost Group   : 'C2O' (path_group 'C2O')
Start-point  : PC1/cb_seqi/IR_reg[30]/clk
End-point    : DM_IN[15]

(u) : Net has unmapped pin(s).

The global mapper estimates a slack for this path of 6018ps.
 
Cost Group 'C2C' target slack:   295 ps
Target path end-point (Pin: PC1/RF_reg[13][27]/d)

         Pin                     Type          Fanout  Load Arrival   
                                                       (fF)   (ps)    
----------------------------------------------------------------------
(clock SYS_CLOCK)      <<<  launch                                0 R 
PC1
  cb_seqi
    IR_reg[30]/clk                                                    
    IR_reg[30]/q       (u)  unmapped_d_flop         3  14.4           
  cb_seqi/IR[30] 
  cb_parti/cb_seqi_IR[14] 
    g17555/in_1                                                       
    g17555/z           (u)  unmapped_or2            2  12.6           
    g28616/in_1                                                       
    g28616/z           (u)  unmapped_complex2       3  18.9           
    g35731/in_1                                                       
    g35731/z           (u)  unmapped_or2            8  50.4           
    g35208/in_0                                                       
    g35208/z           (u)  unmapped_nand2          1   6.4           
    g34973/in_1                                                       
    g34973/z           (u)  unmapped_nand2          4  25.2           
    g28346/in_1                                                       
    g28346/z           (u)  unmapped_complex2       4  25.2           
    g16541/in_1                                                       
    g16541/z           (u)  unmapped_or2           32 201.6           
    g34539/in_0                                                       
    g34539/z           (u)  unmapped_complex2       1   6.3           
    g34038/in_1                                                       
    g34038/z           (u)  unmapped_nand2          1   6.4           
    g33861/in_1                                                       
    g33861/z           (u)  unmapped_or2            1   6.4           
    g33842/in_1                                                       
    g33842/z           (u)  unmapped_or2            1   6.4           
    g33754/in_1                                                       
    g33754/z           (u)  unmapped_or2           13  83.2           
  cb_parti/add_174_42_B[0] 
  sub_126_48/B[0] 
    g484/in_1                                                         
    g484/z             (u)  unmapped_complex2       4  25.2           
    g1735/in_1                                                        
    g1735/z            (u)  unmapped_nand2          1   6.4           
    g1708/in_0                                                        
    g1708/z            (u)  unmapped_nand2          3  18.9           
    g1696/in_1                                                        
    g1696/z            (u)  unmapped_nand2          1   6.4           
    g1686/in_1                                                        
    g1686/z            (u)  unmapped_nand2          3  18.9           
    g1681/in_1                                                        
    g1681/z            (u)  unmapped_nand2          1   6.4           
    g1673/in_0                                                        
    g1673/z            (u)  unmapped_nand2          3  18.9           
    g1669/in_0                                                        
    g1669/z            (u)  unmapped_nand2          2  12.8           
    g1665/in_0                                                        
    g1665/z            (u)  unmapped_complex2       1   6.4           
    g1658/in_0                                                        
    g1658/z            (u)  unmapped_complex2       3  18.9           
    g1654/in_1                                                        
    g1654/z            (u)  unmapped_nand2          1   6.4           
    g1652/in_1                                                        
    g1652/z            (u)  unmapped_nand2          3  18.9           
    g1648/in_0                                                        
    g1648/z            (u)  unmapped_nand2          1   6.4           
    g1647/in_0                                                        
    g1647/z            (u)  unmapped_nand2          3  18.9           
    g1645/in_1                                                        
    g1645/z            (u)  unmapped_nand2          2  12.8           
    g1823/in_0                                                        
    g1823/z            (u)  unmapped_complex2       2  12.8           
    g1824/in_1                                                        
    g1824/z            (u)  unmapped_complex2       1   6.4           
    g1826/in_1                                                        
    g1826/z            (u)  unmapped_complex2       1   6.4           
    g1827/in_1                                                        
    g1827/z            (u)  unmapped_complex2       3  18.9           
    g1624/in_1                                                        
    g1624/z            (u)  unmapped_nand2          2  12.8           
    g1828/in_0                                                        
    g1828/z            (u)  unmapped_complex2       1   6.4           
    g1829/in_1                                                        
    g1829/z            (u)  unmapped_complex2       3  18.9           
    g1615/in_1                                                        
    g1615/z            (u)  unmapped_nand2          1   6.4           
    g1611/in_1                                                        
    g1611/z            (u)  unmapped_nand2          3  18.9           
    g1607/in_1                                                        
    g1607/z            (u)  unmapped_nand2          1   6.4           
    g1606/in_1                                                        
    g1606/z            (u)  unmapped_nand2          6  37.8           
    g1599/in_0                                                        
    g1599/z            (u)  unmapped_complex2       2  12.8           
    g1595/in_0                                                        
    g1595/z            (u)  unmapped_complex2       5  31.5           
    g1585/in_1                                                        
    g1585/z            (u)  unmapped_nand2          2  12.8           
    g1569/in_0                                                        
    g1569/z            (u)  unmapped_complex2       1   6.4           
    g1558/in_0                                                        
    g1558/z            (u)  unmapped_complex2       3  18.9           
    g1543/in_1                                                        
    g1543/z            (u)  unmapped_nand2          1   6.4           
    g1534/in_1                                                        
    g1534/z            (u)  unmapped_nand2          2  12.6           
    g1529/in_0                                                        
    g1529/z            (u)  unmapped_or2            1   6.3           
    g1530/in_1                                                        
    g1530/z            (u)  unmapped_nand2          1   6.4           
  sub_126_48/Z[27] 
  cb_parti26600/sub_126_48_Z[27] 
    g39275/in_1                                                       
    g39275/z           (u)  unmapped_complex2       1   6.3           
    g38255/in_1                                                       
    g38255/z           (u)  unmapped_complex2       1   6.4           
    g38222/in_1                                                       
    g38222/z           (u)  unmapped_complex2       1   6.3           
    g38140/in_1                                                       
    g38140/z           (u)  unmapped_complex2       2  12.8           
  cb_parti26600/cb_seqi_g24204_z 
  cb_seqi/g24204_z 
    g32399/in_0                                                       
    g32399/z           (u)  unmapped_complex2      16  25.6           
    g31937/in_1                                                       
    g31937/z           (u)  unmapped_complex2       1   6.3           
    g30964/in_0                                                       
    g30964/z           (u)  unmapped_nand2          1   6.4           
    RF_reg[13][27]/d   <<<  unmapped_d_flop                           
    RF_reg[13][27]/clk      setup                                     
- - - - - - - - - - - - - - - - - - - - - - - - - - - - - - - - - - - 
(clock SYS_CLOCK)           capture                           10000 R 
----------------------------------------------------------------------
Cost Group   : 'C2C' (path_group 'C2C')
Start-point  : PC1/cb_seqi/IR_reg[30]/clk
End-point    : PC1/cb_seqi/RF_reg[13][27]/d

(u) : Net has unmapped pin(s).

The global mapper estimates a slack for this path of 1456ps.
 
Cost Group 'I2C' target slack:   295 ps
Target path end-point (Pin: PC1/RF_reg[15][7]/d)

        Pin                     Type          Fanout Load Arrival   
                                                     (fF)   (ps)    
--------------------------------------------------------------------
(clock SYS_CLOCK)     <<<  launch                               0 R 
(top.sdc_line_6_56_1)      ext delay                                
DM_OUT[7]             (u)  in port                 1  6.4           
PC1/DM_OUT[7] 
  cb_seqi/DM_OUT[7] 
    g32528/in_1                                                     
    g32528/z          (u)  unmapped_complex2       1  6.3           
    g32460/in_1                                                     
    g32460/z          (u)  unmapped_complex2      16 25.6           
    g32055/in_1                                                     
    g32055/z          (u)  unmapped_complex2       1  6.3           
    g31244/in_0                                                     
    g31244/z          (u)  unmapped_nand2          1  6.4           
    RF_reg[15][7]/d   <<<  unmapped_d_flop                          
    RF_reg[15][7]/clk      setup                                    
- - - - - - - - - - - - - - - - - - - - - - - - - - - - - - - - - - 
(clock SYS_CLOCK)          capture                          10000 R 
--------------------------------------------------------------------
Cost Group   : 'I2C' (path_group 'I2C')
Start-point  : DM_OUT[7]
End-point    : PC1/cb_seqi/RF_reg[15][7]/d

(u) : Net has unmapped pin(s).

The global mapper estimates a slack for this path of 9275ps.
 
Multi-threaded Technology Mapping (8 threads per ST process, 8 of 32 CPUs usable)
          Restructuring (delay-based) cb_seq...
          Done restructuring (delay-based) cb_seq
        Optimizing component cb_seq...
          Restructuring (delay-based) cb_part_2055...
          Done restructuring (delay-based) cb_part_2055
        Optimizing component cb_part_2055...
          Restructuring (delay-based) addsub_unsigned_1440...
          Done restructuring (delay-based) addsub_unsigned_1440
        Optimizing component addsub_unsigned_1440...
        Early Area Reclamation for addsub_unsigned_1440 'very_fast' (slack=651, area=4757)...
          Restructuring (delay-based) addsub_unsigned...
          Done restructuring (delay-based) addsub_unsigned
        Optimizing component addsub_unsigned...
          Restructuring (delay-based) addsub_unsigned...
          Done restructuring (delay-based) addsub_unsigned
        Optimizing component addsub_unsigned...
          Restructuring (delay-based) sub_unsigned_1...
          Done restructuring (delay-based) sub_unsigned_1
        Optimizing component sub_unsigned_1...
        Early Area Reclamation for sub_unsigned_1 'very_fast' (slack=601, area=4977)...
          Restructuring (delay-based) sub_unsigned...
          Done restructuring (delay-based) sub_unsigned
        Optimizing component sub_unsigned...
          Restructuring (delay-based) sub_unsigned...
          Done restructuring (delay-based) sub_unsigned
        Optimizing component sub_unsigned...
          Restructuring (delay-based) add_unsigned_2_1...
          Done restructuring (delay-based) add_unsigned_2_1
        Optimizing component add_unsigned_2_1...
        Early Area Reclamation for add_unsigned_2_1 'very_fast' (slack=463, area=4367)...
          Restructuring (delay-based) add_unsigned...
          Done restructuring (delay-based) add_unsigned
        Optimizing component add_unsigned...
          Restructuring (delay-based) add_unsigned...
          Done restructuring (delay-based) add_unsigned
        Optimizing component add_unsigned...
          Restructuring (delay-based) logic partition in PROCESSOR_V3...
          Done restructuring (delay-based) logic partition in PROCESSOR_V3
        Optimizing logic partition in PROCESSOR_V3...
          Restructuring (delay-based) cb_part...
          Done restructuring (delay-based) cb_part
        Optimizing component cb_part...
 
Global mapping timing result
============================
        Computing net loads.
        Tracing clock networks.
        Levelizing the circuit.
        Computing delays.
        Computing arrivals and requireds.
        Pin                 Type      Fanout Load Slew Delay Arrival   
                                             (fF) (ps)  (ps)   (ps)    
-----------------------------------------------------------------------
(clock SYS_CLOCK)          launch                                  0 R 
(top.sdc_line_6_62_1)      ext delay                      +0       0 F 
DM_OUT[1]                  in port         1  4.8    0    +0       0 F 
PC1/DM_OUT[1] 
  cb_seqi/DM_OUT[1] 
    g39446/A                                              +0       0   
    g39446/Y               NAND2X1         1  3.8  132   +58      58 R 
    g39398/A                                              +0      58   
    g39398/Y               AND2X2         16 64.0  356  +508     566 R 
    g38030/A0                                             +0     566   
    g38030/Y               OAI221X1        1  3.6  178  +305     871 F 
    RF_reg[2][1]/D    <<<  DFFX1                          +0     871   
    RF_reg[2][1]/CK        setup                     0  +232    1103 R 
- - - - - - - - - - - - - - - - - - - - - - - - - - - - - - - - - - - -
(clock SYS_CLOCK)          capture                             10000 R 
-----------------------------------------------------------------------
Cost Group   : 'I2C' (path_group 'I2C')
Timing slack :    8897ps 
Start-point  : DM_OUT[1]
End-point    : PC1/cb_seqi/RF_reg[2][1]/D

        Pin                   Type       Fanout Load Slew Delay Arrival   
                                                (fF) (ps)  (ps)   (ps)    
--------------------------------------------------------------------------
(clock SYS_CLOCK)          launch                                     0 R 
PC1
  cb_seqi
    PSTATE_reg[2]/CK                                    0    +0       0 R 
    PSTATE_reg[2]/Q        DFFX1              5 20.5  230  +512     512 R 
  cb_seqi/PSTATE[2] 
  cb_parti/cb_seqi_PSTATE[2] 
    g43940/A                                                 +0     512   
    g43940/Y               NAND2X1            1 13.0  170  +230     742 F 
    g43921/B                                                 +0     742   
    g43921/Y               NOR2X4             1 13.1  130  +150     892 R 
    g43628/B                                                 +0     892   
    g43628/Y               NAND2X4            7 37.0  128  +166    1058 F 
    g43361/A1                                                +0    1058   
    g43361/Y               OAI21X2            2 14.1  224  +233    1291 R 
    g43353/A                                                 +0    1291   
    g43353/Y               CLKINVX2           3 26.1  114  +176    1467 F 
    g43343/A                                                 +0    1467   
    g43343/Y               NAND2X2            3 21.0  138  +161    1628 R 
    g43310/A                                                 +0    1628   
    g43310/Y               CLKINVX2           2 11.9   61  +102    1730 F 
    g43256/B                                                 +0    1730   
    g43256/Y               NAND2X1            1  7.6  104  +105    1835 R 
    g43021/A                                                 +0    1835   
    g43021/Y               CLKINVX2           4 17.0   65  +101    1937 F 
    g43020/A                                                 +0    1937   
    g43020/Y               BUFX4              4 17.0   54  +204    2141 F 
    g43019/A                                                 +0    2141   
    g43019/Y               BUFX4              2  9.0   42  +183    2323 F 
    g43018/A                                                 +0    2323   
    g43018/Y               BUFX4              4 19.6   58  +198    2521 F 
    g43017/A                                                 +0    2521   
    g43017/Y               CLKBUFX8           6 24.8   48  +194    2714 F 
    g43016/A                                                 +0    2714   
    g43016/Y               CLKINVX1           2  8.9  104  +104    2818 R 
    g43015/A                                                 +0    2818   
    g43015/Y               BUFX4              3 18.2   68  +188    3006 R 
    g43012/A                                                 +0    3006   
    g43012/Y               CLKINVX2           3 13.0   48   +75    3081 F 
    g43011/A                                                 +0    3081   
    g43011/Y               BUFX4              2  9.0   42  +180    3260 F 
    g43010/A                                                 +0    3260   
    g43010/Y               BUFX4              2  9.0   42  +177    3438 F 
    g43009/A                                                 +0    3438   
    g43009/Y               BUFX4              3 13.0   48  +185    3623 F 
    g43008/A                                                 +0    3623   
    g43008/Y               BUFX4              2  9.0   42  +180    3803 F 
    g43007/A                                                 +0    3803   
    g43007/Y               BUFX4              2  9.0   42  +177    3980 F 
    g43006/A                                                 +0    3980   
    g43006/Y               BUFX4              2  9.0   42  +177    4157 F 
    g43005/A                                                 +0    4157   
    g43005/Y               BUFX4              3 12.9   48  +185    4342 F 
    g42720/A1                                                +0    4342   
    g42720/Y               AOI22X1            1  4.9  196  +201    4542 R 
    g42639/B                                                 +0    4542   
    g42639/Y               NAND4X1            1  3.5  151  +216    4758 F 
    g42604/B                                                 +0    4758   
    g42604/Y               OR2X2              9 36.9  169  +490    5248 F 
  cb_parti/add_174_42_B[29] 
  cb_parti26600/cb_parti_add_174_42_B[29] 
    g46255/A                                                 +0    5248   
    g46255/Y               INVX2              4 16.8  122  +153    5401 R 
    g46097/B                                                 +0    5401   
    g46097/Y               NOR2X1             2  8.5  116  +115    5516 F 
  cb_parti26600/DM_IN[29] 
PC1/DM_IN[29] 
DM_IN[29]             <<<  interconnect               116    +0    5516 F 
                           out port                          +0    5516 F 
(top.sdc_line_7_64_1)      ext delay                         +0    5516 F 
- - - - - - - - - - - - - - - - - - - - - - - - - - - - - - - - - - - - - 
(clock SYS_CLOCK)          capture                                10000 R 
--------------------------------------------------------------------------
Cost Group   : 'C2O' (path_group 'C2O')
Timing slack :    4484ps 
Start-point  : PC1/cb_seqi/PSTATE_reg[2]/CK
End-point    : DM_IN[29]

        Pin                Type     Fanout Load Slew Delay Arrival   
                                           (fF) (ps)  (ps)   (ps)    
---------------------------------------------------------------------
(clock SYS_CLOCK)         launch                                 0 R 
PC1
  cb_seqi
    PSTATE_reg[2]/CK                               0    +0       0 R 
    PSTATE_reg[2]/Q       DFFX1          5 20.5  230  +512     512 R 
  cb_seqi/PSTATE[2] 
  cb_parti/cb_seqi_PSTATE[2] 
    g43940/A                                            +0     512   
    g43940/Y              NAND2X1        1 13.0  170  +230     742 F 
    g43921/B                                            +0     742   
    g43921/Y              NOR2X4         1 13.1  130  +150     892 R 
    g43628/B                                            +0     892   
    g43628/Y              NAND2X4        7 37.0  128  +166    1058 F 
    g43624/B                                            +0    1058   
    g43624/Y              NAND2X1        1  7.5  107  +136    1194 R 
    g43363/B0                                           +0    1194   
    g43363/Y              OAI21X2        2 14.2  118  +155    1349 F 
    g43355/A                                            +0    1349   
    g43355/Y              CLKINVX2       3 26.5  153  +168    1517 R 
    g43343/B                                            +0    1517   
    g43343/Y              NAND2X2        3 20.8  140  +181    1698 F 
    g43310/A                                            +0    1698   
    g43310/Y              CLKINVX2       2 11.9   94  +122    1821 R 
    g43256/B                                            +0    1821   
    g43256/Y              NAND2X1        1  7.6  104  +131    1952 F 
    g43021/A                                            +0    1952   
    g43021/Y              CLKINVX2       4 17.0  108  +128    2079 R 
    g42836/A1                                           +0    2079   
    g42836/Y              AOI22X1        1  4.8  121  +155    2234 F 
    g42707/A                                            +0    2234   
    g42707/Y              NAND2X1        1  7.6  112  +144    2378 R 
    g42695/B                                            +0    2378   
    g42695/Y              NOR2X2         1 13.1   65   +99    2477 F 
    g42616/B                                            +0    2477   
    g42616/Y              NAND2X4        6 28.3   98  +102    2580 R 
  cb_parti/add_174_42_B[0] 
  add_174_42/B[0] 
    g1369/B                                             +0    2580   
    g1369/Y               NAND2X1        3 13.7  173  +181    2761 F 
    g1237/A                                             +0    2761   
    g1237/Y               CLKINVX1       1  4.9   96  +124    2884 R 
    g1236/A                                             +0    2884   
    g1236/Y               NAND2X1        1  7.8  108  +136    3020 F 
    g1233/B                                             +0    3020   
    g1233/Y               NAND2X2        3 13.2  110  +118    3139 R 
    g1226/B                                             +0    3139   
    g1226/Y               NAND2X1        1  7.8  107  +140    3279 F 
    g1221/B                                             +0    3279   
    g1221/Y               NAND2X2        3 16.0  125  +128    3408 R 
    g1219/B                                             +0    3408   
    g1219/Y               NAND2X2        1 13.1   97  +137    3544 F 
    g1217/B                                             +0    3544   
    g1217/Y               NAND2X4        4 17.1  105   +96    3640 R 
    g1214/B                                             +0    3640   
    g1214/Y               NAND2X1        1  7.8  107  +138    3777 F 
    g1212/B                                             +0    3778   
    g1212/Y               NAND2X2        3 13.2   96  +118    3895 R 
    g1209/B                                             +0    3895   
    g1209/Y               NAND2X1        1  7.8  106  +133    4028 F 
    g1206/B                                             +0    4029   
    g1206/Y               NAND2X2        3 16.0  128  +128    4156 R 
    g1202/B                                             +0    4156   
    g1202/Y               NAND2X2        1 13.1   98  +138    4295 F 
    g1201/B                                             +0    4295   
    g1201/Y               NAND2X4        5 23.8  125  +109    4404 R 
    g1197/B                                             +0    4404   
    g1197/Y               NAND2X2        1 13.1  120  +137    4541 F 
    g1196/B                                             +0    4541   
    g1196/Y               NAND2X4        4 17.1   98  +105    4647 R 
    g1191/B                                             +0    4647   
    g1191/Y               NAND2X1        2  8.9  117  +143    4790 F 
    g1190/A                                             +0    4790   
    g1190/Y               CLKINVX1       1  5.0   81  +107    4896 R 
    g1186/B                                             +0    4896   
    g1186/Y               NAND2X1        1  7.8  123  +126    5022 F 
    g1181/B                                             +0    5023   
    g1181/Y               NAND2X2        3 16.0  110  +136    5158 R 
    g1177/B                                             +0    5158   
    g1177/Y               NAND2X2        2 11.7   89  +124    5282 F 
    g1176/A                                             +0    5282   
    g1176/Y               CLKINVX2       2 11.7   81  +100    5382 R 
    g1170/B                                             +0    5382   
    g1170/Y               NAND2X2        1 13.1  120  +116    5498 F 
    g1167/C                                             +0    5498   
    g1167/Y               NAND3X4        4 19.9  121  +117    5615 R 
    g1162/B                                             +0    5615   
    g1162/Y               NAND2X2        2  8.9   78  +116    5731 F 
    g1161/A                                             +0    5731   
    g1161/Y               CLKINVX1       1  7.8   97  +110    5841 R 
    g1156/B                                             +0    5841   
    g1156/Y               NAND2X2        1 13.1  120  +124    5965 F 
    g1152/B                                             +0    5965   
    g1152/Y               NAND2X4        4 19.9   85  +112    6077 R 
    g1146/B                                             +0    6077   
    g1146/Y               NAND2X2        1 13.1  104  +118    6195 F 
    g1141/B                                             +0    6195   
    g1141/Y               NAND2X4        3 16.0   72   +96    6291 R 
    g1137/B                                             +0    6291   
    g1137/Y               NAND2X2        1 13.1   95  +112    6403 F 
    g1132/B                                             +0    6403   
    g1132/Y               NAND2X4        3 16.0  102   +92    6495 R 
    g1131/B                                             +0    6495   
    g1131/Y               NAND2X2        1 13.1   95  +126    6622 F 
    g1129/B                                             +0    6622   
    g1129/Y               NAND2X4        3 16.0  102   +92    6714 R 
    g1126/B                                             +0    6714   
    g1126/Y               NAND2X2        1  7.8   69  +103    6817 F 
    g1125/B                                             +0    6817   
    g1125/Y               NAND2X2        2 12.5  111   +98    6914 R 
    g1123/B                                             +0    6914   
    g1123/Y               NAND2X2        1 13.1   95  +130    7045 F 
    g1122/B                                             +0    7045   
    g1122/Y               NAND2X4        3 21.3  114  +104    7148 R 
    g1119/B                                             +0    7148   
    g1119/Y               NAND2X2        1 13.1   96  +132    7280 F 
    g1118/B                                             +0    7280   
    g1118/Y               NAND2X4        2 14.4   99   +89    7370 R 
    g1116/B                                             +0    7370   
    g1116/Y               NAND2X2        1  7.5   96  +100    7469 F 
    g1115/B0                                            +0    7469   
    g1115/Y               OAI21X2        2 11.7  208  +111    7581 R 
  add_174_42/Z[31] 
  cb_parti26600/add_174_42_Z[31] 
    g45795/B                                            +0    7581   
    g45795/Y              NAND2X2        1 13.1  116  +168    7749 F 
    g45521/B                                            +0    7749   
    g45521/Y              NAND2X4        1 12.9  115   +93    7842 R 
    g45490/A                                            +0    7842   
    g45490/Y              NOR2X4         1 13.1   50   +92    7934 F 
  cb_parti26600/cb_seqi_g24265_z_BAR 
  cb_seqi/g24265_z_BAR 
    g39354/B                                            +0    7934   
    g39354/Y              NAND2X4        1 24.0  135   +88    8022 R 
    g39341/A                                            +0    8023   
    g39341/Y              CLKINVX8      16 63.2   69  +115    8138 F 
    g38554/A0                                           +0    8138   
    g38554/Y              OAI21X1        1  3.6  217  +171    8308 R 
    RF_reg[2][31]/D  <<<  DFFRX1                        +0    8308   
    RF_reg[2][31]/CK      setup                    0  +257    8565 R 
- - - - - - - - - - - - - - - - - - - - - - - - - - - - - - - - - - -
(clock SYS_CLOCK)         capture                            10000 R 
---------------------------------------------------------------------
Cost Group   : 'C2C' (path_group 'C2C')
Timing slack :    1435ps 
Start-point  : PC1/cb_seqi/PSTATE_reg[2]/CK
End-point    : PC1/cb_seqi/RF_reg[2][31]/D

 
 
Global mapping status
=====================
                                   Group   
                                  Tot Wrst 
                           Total  Weighted 
Operation                   Area   Slacks  
 global_map               171649        0 

    Cost Group            Target    Slack    Diff.  Constr.
-----------------------------------------------------------
           C2C               295     1435             10000 
           C2O               300     4484             10000 
           I2C               295     8897             10000 

 
Global incremental target info
==============================
Cost Group 'C2O' target slack:   199 ps
Target path end-point (Port: RISC_V3/DM_IN[29])

        Pin                   Type       Fanout Load Arrival   
                                                (fF)   (ps)    
---------------------------------------------------------------
(clock SYS_CLOCK)     <<<  launch                          0 R 
PC1
  cb_seqi
    PSTATE_reg[2]/CK                                           
    PSTATE_reg[2]/Q        DFFX1              5 20.5           
  cb_seqi/PSTATE[2] 
  cb_parti/cb_seqi_PSTATE[2] 
    g43940/A                                                   
    g43940/Y               NAND2X1            1 13.0           
    g43921/B                                                   
    g43921/Y               NOR2X4             1 13.1           
    g43628/B                                                   
    g43628/Y               NAND2X4            7 37.0           
    g43361/A1                                                  
    g43361/Y               OAI21X2            2 14.1           
    g43353/A                                                   
    g43353/Y               CLKINVX2           3 26.1           
    g43343/A                                                   
    g43343/Y               NAND2X2            3 21.0           
    g43310/A                                                   
    g43310/Y               CLKINVX2           2 11.9           
    g43256/B                                                   
    g43256/Y               NAND2X1            1  7.6           
    g43021/A                                                   
    g43021/Y               CLKINVX2           4 17.0           
    g43020/A                                                   
    g43020/Y               BUFX4              4 17.0           
    g43019/A                                                   
    g43019/Y               BUFX4              2  9.0           
    g43018/A                                                   
    g43018/Y               BUFX4              4 19.6           
    g43017/A                                                   
    g43017/Y               CLKBUFX8           6 24.8           
    g43016/A                                                   
    g43016/Y               CLKINVX1           2  8.9           
    g43015/A                                                   
    g43015/Y               BUFX4              3 18.2           
    g43012/A                                                   
    g43012/Y               CLKINVX2           3 13.0           
    g43011/A                                                   
    g43011/Y               BUFX4              2  9.0           
    g43010/A                                                   
    g43010/Y               BUFX4              2  9.0           
    g43009/A                                                   
    g43009/Y               BUFX4              3 13.0           
    g43008/A                                                   
    g43008/Y               BUFX4              2  9.0           
    g43007/A                                                   
    g43007/Y               BUFX4              2  9.0           
    g43006/A                                                   
    g43006/Y               BUFX4              2  9.0           
    g43005/A                                                   
    g43005/Y               BUFX4              3 12.9           
    g42720/A1                                                  
    g42720/Y               AOI22X1            1  4.9           
    g42639/B                                                   
    g42639/Y               NAND4X1            1  3.5           
    g42604/B                                                   
    g42604/Y               OR2X2              9 36.9           
  cb_parti/add_174_42_B[29] 
  cb_parti26600/cb_parti_add_174_42_B[29] 
    g46255/A                                                   
    g46255/Y               INVX2              4 16.8           
    g46097/B                                                   
    g46097/Y               NOR2X1             2  8.5           
  cb_parti26600/DM_IN[29] 
PC1/DM_IN[29] 
DM_IN[29]             <<<  interconnect                        
                           out port                            
(top.sdc_line_7_64_1)      ext delay                           
- - - - - - - - - - - - - - - - - - - - - - - - - - - - - - - -
(clock SYS_CLOCK)          capture                     10000 R 
---------------------------------------------------------------
Cost Group   : 'C2O' (path_group 'C2O')
Start-point  : PC1/cb_seqi/PSTATE_reg[2]/CK
End-point    : DM_IN[29]

The global mapper estimates a slack for this path of 4059ps.
 
Cost Group 'C2C' target slack:   195 ps
Target path end-point (Pin: PC1/RF_reg[15][31]/D (DFFRX1/D))

        Pin                 Type     Fanout Load Arrival   
                                            (fF)   (ps)    
-----------------------------------------------------------
(clock SYS_CLOCK)     <<<  launch                      0 R 
PC1
  cb_seqi
    PSTATE_reg[2]/CK                                       
    PSTATE_reg[2]/Q        DFFX1          5 20.5           
  cb_seqi/PSTATE[2] 
  cb_parti/cb_seqi_PSTATE[2] 
    g43940/A                                               
    g43940/Y               NAND2X1        1 13.0           
    g43921/B                                               
    g43921/Y               NOR2X4         1 13.1           
    g43628/B                                               
    g43628/Y               NAND2X4        7 37.0           
    g43624/B                                               
    g43624/Y               NAND2X1        1  7.5           
    g43363/B0                                              
    g43363/Y               OAI21X2        2 14.2           
    g43355/A                                               
    g43355/Y               CLKINVX2       3 26.5           
    g43343/B                                               
    g43343/Y               NAND2X2        3 20.8           
    g43310/A                                               
    g43310/Y               CLKINVX2       2 11.9           
    g43256/B                                               
    g43256/Y               NAND2X1        1  7.6           
    g43021/A                                               
    g43021/Y               CLKINVX2       4 17.0           
    g42836/A1                                              
    g42836/Y               AOI22X1        1  4.8           
    g42707/A                                               
    g42707/Y               NAND2X1        1  7.6           
    g42695/B                                               
    g42695/Y               NOR2X2         1 13.1           
    g42616/B                                               
    g42616/Y               NAND2X4        6 28.3           
  cb_parti/add_174_42_B[0] 
  add_174_42/B[0] 
    g1369/B                                                
    g1369/Y                NAND2X1        3 13.7           
    g1237/A                                                
    g1237/Y                CLKINVX1       1  4.9           
    g1236/A                                                
    g1236/Y                NAND2X1        1  7.8           
    g1233/B                                                
    g1233/Y                NAND2X2        3 13.2           
    g1226/B                                                
    g1226/Y                NAND2X1        1  7.8           
    g1221/B                                                
    g1221/Y                NAND2X2        3 16.0           
    g1219/B                                                
    g1219/Y                NAND2X2        1 13.1           
    g1217/B                                                
    g1217/Y                NAND2X4        4 17.1           
    g1214/B                                                
    g1214/Y                NAND2X1        1  7.8           
    g1212/B                                                
    g1212/Y                NAND2X2        3 13.2           
    g1209/B                                                
    g1209/Y                NAND2X1        1  7.8           
    g1206/B                                                
    g1206/Y                NAND2X2        3 16.0           
    g1202/B                                                
    g1202/Y                NAND2X2        1 13.1           
    g1201/B                                                
    g1201/Y                NAND2X4        5 23.8           
    g1197/B                                                
    g1197/Y                NAND2X2        1 13.1           
    g1196/B                                                
    g1196/Y                NAND2X4        4 17.1           
    g1191/B                                                
    g1191/Y                NAND2X1        2  8.9           
    g1190/A                                                
    g1190/Y                CLKINVX1       1  5.0           
    g1186/B                                                
    g1186/Y                NAND2X1        1  7.8           
    g1181/B                                                
    g1181/Y                NAND2X2        3 16.0           
    g1177/B                                                
    g1177/Y                NAND2X2        2 11.7           
    g1176/A                                                
    g1176/Y                CLKINVX2       2 11.7           
    g1170/B                                                
    g1170/Y                NAND2X2        1 13.1           
    g1167/C                                                
    g1167/Y                NAND3X4        4 19.9           
    g1162/B                                                
    g1162/Y                NAND2X2        2  8.9           
    g1161/A                                                
    g1161/Y                CLKINVX1       1  7.8           
    g1156/B                                                
    g1156/Y                NAND2X2        1 13.1           
    g1152/B                                                
    g1152/Y                NAND2X4        4 19.9           
    g1146/B                                                
    g1146/Y                NAND2X2        1 13.1           
    g1141/B                                                
    g1141/Y                NAND2X4        3 16.0           
    g1137/B                                                
    g1137/Y                NAND2X2        1 13.1           
    g1132/B                                                
    g1132/Y                NAND2X4        3 16.0           
    g1131/B                                                
    g1131/Y                NAND2X2        1 13.1           
    g1129/B                                                
    g1129/Y                NAND2X4        3 16.0           
    g1126/B                                                
    g1126/Y                NAND2X2        1  7.8           
    g1125/B                                                
    g1125/Y                NAND2X2        2 12.5           
    g1123/B                                                
    g1123/Y                NAND2X2        1 13.1           
    g1122/B                                                
    g1122/Y                NAND2X4        3 21.3           
    g1119/B                                                
    g1119/Y                NAND2X2        1 13.1           
    g1118/B                                                
    g1118/Y                NAND2X4        2 14.4           
    g1116/B                                                
    g1116/Y                NAND2X2        1  7.5           
    g1115/B0                                               
    g1115/Y                OAI21X2        2 11.7           
  add_174_42/Z[31] 
  cb_parti26600/add_174_42_Z[31] 
    g45795/B                                               
    g45795/Y               NAND2X2        1 13.1           
    g45521/B                                               
    g45521/Y               NAND2X4        1 12.9           
    g45490/A                                               
    g45490/Y               NOR2X4         1 13.1           
  cb_parti26600/cb_seqi_g24265_z_BAR 
  cb_seqi/g24265_z_BAR 
    g39354/B                                               
    g39354/Y               NAND2X4        1 24.0           
    g39341/A                                               
    g39341/Y               CLKINVX8      16 63.2           
    g38560/A0                                              
    g38560/Y               OAI21X1        1  3.6           
    RF_reg[15][31]/D  <<<  DFFRX1                          
    RF_reg[15][31]/CK      setup                           
- - - - - - - - - - - - - - - - - - - - - - - - - - - - - -
(clock SYS_CLOCK)          capture                 10000 R 
-----------------------------------------------------------
Cost Group   : 'C2C' (path_group 'C2C')
Start-point  : PC1/cb_seqi/PSTATE_reg[2]/CK
End-point    : PC1/cb_seqi/RF_reg[15][31]/D

The global mapper estimates a slack for this path of 981ps.
 
Cost Group 'I2C' target slack:   195 ps
Target path end-point (Pin: PC1/RF_reg[13][3]/D (DFFX1/D))

        Pin                 Type      Fanout Load Arrival   
                                             (fF)   (ps)    
------------------------------------------------------------
(clock SYS_CLOCK)     <<<  launch                       0 R 
(top.sdc_line_6_60_1)      ext delay                        
DM_OUT[3]                  in port         1  3.8           
PC1/DM_OUT[3] 
  cb_seqi/DM_OUT[3] 
    g39451/B                                                
    g39451/Y               AND2X1          1 12.9           
    g39381/A                                                
    g39381/Y               NOR2X4         16 64.0           
    g38016/A0                                               
    g38016/Y               OAI221X1        1  3.6           
    RF_reg[13][3]/D   <<<  DFFX1                            
    RF_reg[13][3]/CK       setup                            
- - - - - - - - - - - - - - - - - - - - - - - - - - - - - - 
(clock SYS_CLOCK)          capture                  10000 R 
------------------------------------------------------------
Cost Group   : 'I2C' (path_group 'I2C')
Start-point  : DM_OUT[3]
End-point    : PC1/cb_seqi/RF_reg[13][3]/D

The global mapper estimates a slack for this path of 8831ps.
 
 
Global incremental timing result
================================
        Computing net loads.
        Tracing clock networks.
        Levelizing the circuit.
        Computing delays.
        Computing arrivals and requireds.
        Pin                 Type      Fanout Load Slew Delay Arrival   
                                             (fF) (ps)  (ps)   (ps)    
-----------------------------------------------------------------------
(clock SYS_CLOCK)          launch                                  0 R 
(top.sdc_line_6_62_1)      ext delay                      +0       0 F 
DM_OUT[1]                  in port         1  4.8    0    +0       0 F 
PC1/DM_OUT[1] 
  cb_seqi/DM_OUT[1] 
    g39446/A                                              +0       0   
    g39446/Y               NAND2X1         1  3.8  129   +58      58 R 
    g39398/A                                              +0      58   
    g39398/Y               AND2X2         16 64.0  356  +506     565 R 
    g38030/A0                                             +0     565   
    g38030/Y               OAI221X1        1  3.6  210  +305     870 F 
    RF_reg[2][1]/D    <<<  DFFX1                          +0     870   
    RF_reg[2][1]/CK        setup                     0  +242    1112 R 
- - - - - - - - - - - - - - - - - - - - - - - - - - - - - - - - - - - -
(clock SYS_CLOCK)          capture                             10000 R 
-----------------------------------------------------------------------
Cost Group   : 'I2C' (path_group 'I2C')
Timing slack :    8888ps 
Start-point  : DM_OUT[1]
End-point    : PC1/cb_seqi/RF_reg[2][1]/D

        Pin                   Type       Fanout Load Slew Delay Arrival   
                                                (fF) (ps)  (ps)   (ps)    
--------------------------------------------------------------------------
(clock SYS_CLOCK)          launch                                     0 R 
PC1
  cb_seqi
    PSTATE_reg[1]/CK                                    0    +0       0 R 
    PSTATE_reg[1]/Q        DFFX1              4 19.0  137  +525     525 F 
  cb_seqi/PSTATE[1] 
  cb_parti/cb_seqi_PSTATE[1] 
    g43946/A                                                 +0     525   
    g43946/Y               INVX2              1 12.8   96  +125     650 R 
    g43942/A                                                 +0     651   
    g43942/Y               NAND2X4            2 16.9   72  +109     760 F 
    g43921/A                                                 +0     760   
    g43921/Y               NOR2X4             1 13.1  117  +138     898 R 
    g43628/B                                                 +0     898   
    g43628/Y               NAND2X4            7 37.0  127  +159    1058 F 
    g43623/B                                                 +0    1058   
    g43623/Y               NAND2X1            1 12.8  158  +174    1232 R 
    g43362/A                                                 +0    1232   
    g43362/Y               NAND2X4            3 23.1   92  +145    1377 F 
    g43354/A                                                 +0    1377   
    g43354/Y               CLKINVX2           2 19.7  119  +132    1508 R 
    g43342/A                                                 +0    1508   
    g43342/Y               NAND2X2            3 20.8  135  +168    1676 F 
    g43309/A                                                 +0    1676   
    g43309/Y               CLKINVX2           2  9.1   82  +108    1784 R 
    g43268/B                                                 +0    1784   
    g43268/Y               NAND2X1            1  7.6  115  +125    1909 F 
    g43210/A                                                 +0    1909   
    g43210/Y               CLKINVX2           4 22.1  133  +151    2060 R 
    g43209/A                                                 +0    2060   
    g43209/Y               CLKBUFX4           7 28.8   93  +224    2284 R 
    g43208/A                                                 +0    2284   
    g43208/Y               CLKINVX1           1  7.6   60   +93    2377 F 
    g43203/A                                                 +0    2377   
    g43203/Y               CLKINVX2          23 92.7  491  +373    2750 R 
    g42745/A1                                                +0    2750   
    g42745/Y               AOI22X1            1  5.0  194  +301    3051 F 
    g42649/D                                                 +0    3051   
    g42649/Y               NAND4X1            1  3.7  115  +133    3184 R 
    g42601/A                                                 +0    3184   
    g42601/Y               OR2X1              9 35.8  382  +414    3598 R 
  cb_parti/add_174_42_B[19] 
  cb_parti26600/cb_parti_add_174_42_B[19] 
    g46252/A                                                 +0    3598   
    g46252/Y               INVX1              4 16.8  169  +257    3855 F 
    g46179/B                                                 +0    3855   
    g46179/Y               NOR2X1             2  5.8  178  +193    4048 R 
  cb_parti26600/DM_IN[19] 
PC1/DM_IN[19] 
DM_IN[19]             <<<  interconnect               178    +0    4048 R 
                           out port                          +0    4048 R 
(top.sdc_line_7_74_1)      ext delay                         +0    4048 R 
- - - - - - - - - - - - - - - - - - - - - - - - - - - - - - - - - - - - - 
(clock SYS_CLOCK)          capture                                10000 R 
--------------------------------------------------------------------------
Cost Group   : 'C2O' (path_group 'C2O')
Timing slack :    5952ps 
Start-point  : PC1/cb_seqi/PSTATE_reg[1]/CK
End-point    : DM_IN[19]

        Pin                Type     Fanout Load Slew Delay Arrival   
                                           (fF) (ps)  (ps)   (ps)    
---------------------------------------------------------------------
(clock SYS_CLOCK)         launch                                 0 R 
PC1
  cb_seqi
    PSTATE_reg[1]/CK                               0    +0       0 R 
    PSTATE_reg[1]/Q       DFFX1          4 19.0  137  +525     525 F 
  cb_seqi/PSTATE[1] 
  cb_parti/cb_seqi_PSTATE[1] 
    g43946/A                                            +0     525   
    g43946/Y              INVX2          1 12.8   96  +125     650 R 
    g43942/A                                            +0     651   
    g43942/Y              NAND2X4        2 16.9   72  +109     760 F 
    g43921/A                                            +0     760   
    g43921/Y              NOR2X4         1 13.1  117  +138     898 R 
    g43628/B                                            +0     898   
    g43628/Y              NAND2X4        7 37.0  127  +159    1058 F 
    g43363/A1                                           +0    1058   
    g43363/Y              OAI21X2        2 14.1  224  +233    1291 R 
    g43355/A                                            +0    1291   
    g43355/Y              INVX2          3 26.4  116  +177    1468 F 
    g43341/A                                            +0    1468   
    g43341/Y              NOR2X4         4 15.7  130  +164    1632 R 
    g43308/A                                            +0    1632   
    g43308/Y              CLKINVX1       1 12.9   92  +136    1769 F 
    g43266/A                                            +0    1769   
    g43266/Y              NOR2X4        10 41.6  262  +255    2024 R 
    g42958/B1                                           +0    2024   
    g42958/Y              AOI22X1        1  4.8  135  +177    2201 F 
    g42702/A                                            +0    2201   
    g42702/Y              NAND2X1        1  7.6  115  +150    2351 R 
    g42692/B                                            +0    2351   
    g42692/Y              NOR2X2         1 12.6   63   +99    2450 F 
    g42616/A                                            +0    2450   
    g42616/Y              NAND2X4        6 25.4   91  +106    2556 R 
  cb_parti/add_174_42_B[0] 
  sub_126_48/B[0] 
    g1462/B                                             +0    2556   
    g1462/Y               NAND2X1        2 10.8  142  +155    2711 F 
    g1335/CI                                            +0    2711   
    g1335/CO              ADDFX1         2 10.3  132  +436    3147 F 
    g1334/B                                             +0    3147   
    g1334/Y               NAND2X1        1  5.0  101  +118    3265 R 
    g1329/B                                             +0    3265   
    g1329/Y               NAND2X1        2  7.8  113  +135    3401 F 
    g1327/B                                             +0    3401   
    g1327/Y               NAND2X1        1  7.8  124  +131    3532 R 
    g1326/B                                             +0    3532   
    g1326/Y               NAND2X2        3 11.7   93  +130    3662 F 
    g1324/B                                             +0    3662   
    g1324/Y               NAND2X1        1  5.0   79  +101    3763 R 
    g1323/B                                             +0    3763   
    g1323/Y               NAND2X1        1  6.7  101  +116    3880 F 
    g1318/CI                                            +0    3880   
    g1318/CO              ADDFX1         2  7.8  115  +398    4278 F 
    g1317/B                                             +0    4278   
    g1317/Y               NAND2X1        1  7.8  121  +132    4410 R 
    g1316/B                                             +0    4410   
    g1316/Y               NAND2X2        3 11.7   93  +128    4538 F 
    g1314/C                                             +0    4538   
    g1314/Y               NAND3X1        2  9.0  157  +134    4673 R 
    g1310/B                                             +0    4673   
    g1310/Y               NOR2X1         1  4.7   98  +105    4778 F 
    g1307/A0                                            +0    4778   
    g1307/Y               AOI21X1        4 17.2  431  +392    5169 R 
    g1301/B                                             +0    5169   
    g1301/Y               NOR2X1         2  8.7  137  +212    5381 F 
    g1294/A0                                            +0    5381   
    g1294/Y               AOI21X1        3 15.8  402  +385    5766 R 
    g1289/B                                             +0    5766   
    g1289/Y               NOR2X2         3 12.9  115  +179    5945 F 
    g1286/B                                             +0    5945   
    g1286/Y               NAND2X1        1  7.8  107  +132    6077 R 
    g1283/B                                             +0    6077   
    g1283/Y               NAND2X2        4 18.3  133  +150    6227 F 
    g1274/C                                             +0    6227   
    g1274/Y               NAND3X2        1  7.8  121  +111    6338 R 
    g1270/B                                             +0    6338   
    g1270/Y               NAND2X2        4 17.0  127  +152    6490 F 
    g1264/B                                             +0    6490   
    g1264/Y               NAND2X1        1  7.8  109  +138    6628 R 
    g1263/B                                             +0    6628   
    g1263/Y               NAND2X2        2  9.0   86  +111    6739 F 
    g1255/B                                             +0    6739   
    g1255/Y               NAND2X1        1  7.8  123  +119    6858 R 
    g1254/B                                             +0    6858   
    g1254/Y               NAND2X2        3 15.9  114  +148    7006 F 
    g1251/B                                             +0    7006   
    g1251/Y               NAND2X2        1  7.8   99   +98    7104 R 
    g1249/B                                             +0    7104   
    g1249/Y               NAND2X2        3 15.9  115  +136    7240 F 
    g1246/B                                             +0    7240   
    g1246/Y               NAND2X2        1  7.8  101   +99    7339 R 
    g1245/B                                             +0    7340   
    g1245/Y               NAND2X2        3 15.9  115  +137    7477 F 
    g1242/B                                             +0    7477   
    g1242/Y               NAND2X2        1 13.1  122  +121    7598 R 
    g1241/B                                             +0    7598   
    g1241/Y               NAND2X4        3 18.7   90  +121    7719 F 
    g1239/B                                             +0    7719   
    g1239/Y               NAND2X2        1  5.0   76   +76    7795 R 
    g1236/B0                                            +0    7795   
    g1236/Y               OAI21X1        1  5.0  100  +123    7918 F 
  sub_126_48/Z[30] 
  cb_parti26600/sub_126_48_Z[30] 
    g46013/B                                            +0    7918   
    g46013/Y              NAND2X1        1  5.0  104  +104    8022 R 
    g45578/B                                            +0    8022   
    g45578/Y              NAND2X1        1  5.0  101  +114    8136 F 
    g45550/B                                            +0    8136   
    g45550/Y              NAND2X1        1  5.0  112  +105    8241 R 
    g45531/C                                            +0    8241   
    g45531/Y              NAND3X1        2  8.8  188  +192    8433 F 
  cb_parti26600/cb_seqi_g24222_z 
  g26603/A                                              +0    8433   
  g26603/Y                CLKINVX1       1  3.6   89  +112    8546 R 
  cb_seqi/g24222_z_BAR 
    g39894/B                                            +0    8546   
    g39894/Y              AND2X2        16 63.2  351  +482    9028 R 
    g38579/A0                                           +0    9028   
    g38579/Y              OAI21X1        1  3.6  108  +206    9234 F 
    RF_reg[0][30]/D  <<<  DFFRX1                        +0    9234   
    RF_reg[0][30]/CK      setup                    0  +177    9411 R 
- - - - - - - - - - - - - - - - - - - - - - - - - - - - - - - - - - -
(clock SYS_CLOCK)         capture                            10000 R 
---------------------------------------------------------------------
Cost Group   : 'C2C' (path_group 'C2C')
Timing slack :     589ps 
Start-point  : PC1/cb_seqi/PSTATE_reg[1]/CK
End-point    : PC1/cb_seqi/RF_reg[0][30]/D

 
==================================
Stage : global_incr_map 
==================================
  =================
   Message Summary
  =================
------------------------------------------------------------------------------------------------------------------------
|     Id     |  Sev   |Count |                                      Message Text                                       |
------------------------------------------------------------------------------------------------------------------------
| PA-7       |Info    |   14 |Resetting power analysis results.                                                        |
|            |        |      |All computed switching activities are removed.                                           |
| PHYS-752   |Info    |    1 |Partition Based Synthesis execution skipped.                                             |
| RPT_DP-100 |Warning |    1 |The filename, column and line number information will not be available in the report.    |
|            |        |      |You must set the 'hdl_track_filename_row_col' attribute to 'true' (before elaborate)     |
|            |        |      | to enable filename, column, and line number tracking in the datapath report.            |
| SYNTH-2    |Info    |    1 |Done synthesizing.                                                                       |
| SYNTH-4    |Info    |    1 |Mapping.                                                                                 |
------------------------------------------------------------------------------------------------------------------------
 
Global incremental optimization status
======================================
                                   Group   
                                  Tot Wrst 
                           Total  Weighted 
Operation                   Area   Slacks  
 global_incr              151427        0 

    Cost Group            Target    Slack    Diff.  Constr.
-----------------------------------------------------------
           C2C               195      589             10000 
           C2O               199     5952             10000 
           I2C               195     8888             10000 


Scan mapping status report
==========================
    Scan mapping: converting flip-flops that pass TDRC.
    Scan mapping: bypassed.  You have to either 1) set attribute 'dft_scan_map_mode' to 'tdrc_pass' and run 'check_dft_rules' or 2) set attribute 'dft_scan_map_mode' to 'force_all'.

    Scan mapping bypassed because no TDRC data is available: either command 'check_dft_rules' has not been run or TDRC data has been subsequently invalidated.
          Performing post-mapping optimization ...

Info    : Hierarchical instance automatically ungrouped. [GLO-51]
        : Instance 'sub_126_48' in module 'PROCESSOR_V3' would be automatically ungrouped.
        : Hierarchical instances can be automatically ungrouped to allow for better area or timing optimization. To prevent this ungroup, set the root-level attribute 'auto_ungroup' to 'none'. You can also prevent individual ungroup with setting the attribute 'ungroup_ok' of instances or modules to 'false'.
Info    : Hierarchical instance automatically ungrouped. [GLO-51]
        : Instance 'sub_150_48_Y_sub_128_48_Y_add_149_48_Y_add_127_48' in module 'PROCESSOR_V3' would be automatically ungrouped.
Info    : Hierarchical instance automatically ungrouped. [GLO-51]
        : Instance 'add_174_42' in module 'PROCESSOR_V3' would be automatically ungrouped.
          There are 3 hierarchical instances automatically ungrouped.

State Retention Synthesis Status
================================

Category                        Flops   Percentage
--------------------------------------------------
Total instances                   587        100.0
Excluded from State Retention     587        100.0
    - Will not convert            587        100.0
      - Preserved                   0          0.0
      - Power intent excluded     587        100.0
    - Could not convert             0          0.0
      - Scan type                   0          0.0
      - No suitable cell            0          0.0
State Retention instances           0          0.0
--------------------------------------------------

INFO: skipping constant propagation
PBS_Techmap-Global Mapping - Elapsed_Time 118, CPU_Time 119.512125
stamp 'PBS_Techmap-Global Mapping' being created for table 'pbs_debug'

  Total Time (Wall) |  Stage Time (Wall)  |   % (Wall)   |    Date - Time     |  Memory   | Stage
--------------------+---------------------+--------------+--------------------+-----------+----------------------
 00:00:21(00:00:12) |  00:00:00(00:00:00) |   0.0(  0.0) |   16:39:30 (Jul11) |  289.3 MB | PBS_Generic-Start
--------------------+---------------------+--------------+--------------------+-----------+----------------------
 00:02:07(00:01:56) |  00:01:45(00:01:44) |  46.1( 45.4) |   16:41:15 (Jul11) |  694.6 MB | PBS_Generic_Opt-Post
--------------------+---------------------+--------------+--------------------+-----------+----------------------
 00:02:07(00:01:57) |  00:00:00(00:00:01) |   0.0(  0.4) |   16:41:15 (Jul11) |  694.6 MB | PBS_Generic-Postgen HBO Optimizations
--------------------+---------------------+--------------+--------------------+-----------+----------------------
 00:02:10(00:02:02) |  00:00:03(00:00:05) |   1.6(  2.2) |   16:41:21 (Jul11) |  676.0 MB | PBS_TechMap-Start
--------------------+---------------------+--------------+--------------------+-----------+----------------------
 00:02:10(00:02:03) |  00:00:00(00:00:01) |   0.0(  0.4) |   16:41:21 (Jul11) |  676.0 MB | PBS_TechMap-Premap HBO Optimizations
--------------------+---------------------+--------------+--------------------+-----------+----------------------
 00:04:10(00:04:01) |  00:01:59(00:01:58) |  52.3( 51.5) |   16:43:19 (Jul11) |  699.0 MB | PBS_Techmap-Global Mapping
--------------------+---------------------+--------------+--------------------+-----------+----------------------
Number of threads: 8 * 1   (id: pbs_debug, time_info v1.57)
Info: (*N*) indicates data that was populated from previously saved time_info database
Info: CPU time includes time of parent + longest thread
Info    : Wrote formal verification information. [CFM-5]
        : Wrote 'fv/RISC_V3/fv_map.fv.json' for netlist 'fv/RISC_V3/fv_map.v.gz'.
Info    : Wrote dofile. [CFM-1]
        : Dofile is 'fv/RISC_V3/rtl_to_fv_map.do'.
        : Alias mapping flow is enabled.
        Computing net loads.
PBS_TechMap-Datapath Postmap Operations - Elapsed_Time 4, CPU_Time 4.0
stamp 'PBS_TechMap-Datapath Postmap Operations' being created for table 'pbs_debug'

  Total Time (Wall) |  Stage Time (Wall)  |   % (Wall)   |    Date - Time     |  Memory   | Stage
--------------------+---------------------+--------------+--------------------+-----------+----------------------
 00:00:21(00:00:12) |  00:00:00(00:00:00) |   0.0(  0.0) |   16:39:30 (Jul11) |  289.3 MB | PBS_Generic-Start
--------------------+---------------------+--------------+--------------------+-----------+----------------------
 00:02:07(00:01:56) |  00:01:45(00:01:44) |  45.3( 44.6) |   16:41:15 (Jul11) |  694.6 MB | PBS_Generic_Opt-Post
--------------------+---------------------+--------------+--------------------+-----------+----------------------
 00:02:07(00:01:57) |  00:00:00(00:00:01) |   0.0(  0.4) |   16:41:15 (Jul11) |  694.6 MB | PBS_Generic-Postgen HBO Optimizations
--------------------+---------------------+--------------+--------------------+-----------+----------------------
 00:02:10(00:02:02) |  00:00:03(00:00:05) |   1.6(  2.1) |   16:41:21 (Jul11) |  676.0 MB | PBS_TechMap-Start
--------------------+---------------------+--------------+--------------------+-----------+----------------------
 00:02:10(00:02:03) |  00:00:00(00:00:01) |   0.0(  0.4) |   16:41:21 (Jul11) |  676.0 MB | PBS_TechMap-Premap HBO Optimizations
--------------------+---------------------+--------------+--------------------+-----------+----------------------
 00:04:10(00:04:01) |  00:01:59(00:01:58) |  51.4( 50.6) |   16:43:19 (Jul11) |  699.0 MB | PBS_Techmap-Global Mapping
--------------------+---------------------+--------------+--------------------+-----------+----------------------
 00:04:14(00:04:05) |  00:00:04(00:00:04) |   1.7(  1.7) |   16:43:23 (Jul11) |  699.0 MB | PBS_TechMap-Datapath Postmap Operations
--------------------+---------------------+--------------+--------------------+-----------+----------------------
Number of threads: 8 * 1   (id: pbs_debug, time_info v1.57)
Info: (*N*) indicates data that was populated from previously saved time_info database
Info: CPU time includes time of parent + longest thread
PBS_TechMap-Postmap HBO Optimizations - Elapsed_Time 0, CPU_Time -0.0872940000000142
stamp 'PBS_TechMap-Postmap HBO Optimizations' being created for table 'pbs_debug'

  Total Time (Wall) |  Stage Time (Wall)  |   % (Wall)   |    Date - Time     |  Memory   | Stage
--------------------+---------------------+--------------+--------------------+-----------+----------------------
 00:00:21(00:00:12) |  00:00:00(00:00:00) |   0.0(  0.0) |   16:39:30 (Jul11) |  289.3 MB | PBS_Generic-Start
--------------------+---------------------+--------------+--------------------+-----------+----------------------
 00:02:07(00:01:56) |  00:01:45(00:01:44) |  45.3( 44.6) |   16:41:15 (Jul11) |  694.6 MB | PBS_Generic_Opt-Post
--------------------+---------------------+--------------+--------------------+-----------+----------------------
 00:02:07(00:01:57) |  00:00:00(00:00:01) |   0.0(  0.4) |   16:41:15 (Jul11) |  694.6 MB | PBS_Generic-Postgen HBO Optimizations
--------------------+---------------------+--------------+--------------------+-----------+----------------------
 00:02:10(00:02:02) |  00:00:03(00:00:05) |   1.6(  2.1) |   16:41:21 (Jul11) |  676.0 MB | PBS_TechMap-Start
--------------------+---------------------+--------------+--------------------+-----------+----------------------
 00:02:10(00:02:03) |  00:00:00(00:00:01) |   0.0(  0.4) |   16:41:21 (Jul11) |  676.0 MB | PBS_TechMap-Premap HBO Optimizations
--------------------+---------------------+--------------+--------------------+-----------+----------------------
 00:04:10(00:04:01) |  00:01:59(00:01:58) |  51.4( 50.6) |   16:43:19 (Jul11) |  699.0 MB | PBS_Techmap-Global Mapping
--------------------+---------------------+--------------+--------------------+-----------+----------------------
 00:04:14(00:04:05) |  00:00:04(00:00:04) |   1.7(  1.7) |   16:43:23 (Jul11) |  699.0 MB | PBS_TechMap-Datapath Postmap Operations
--------------------+---------------------+--------------+--------------------+-----------+----------------------
 00:04:14(00:04:05) |  00:00:00(00:00:00) |  -0.0(  0.0) |   16:43:23 (Jul11) |  699.0 MB | PBS_TechMap-Postmap HBO Optimizations
--------------------+---------------------+--------------+--------------------+-----------+----------------------
Number of threads: 8 * 1   (id: pbs_debug, time_info v1.57)
Info: (*N*) indicates data that was populated from previously saved time_info database
Info: CPU time includes time of parent + longest thread
 Doing ConstProp on design:RISC_V3 ... 

Time taken by ConstProp Step: 00:00:01
PBS_TechMap-Postmap Clock Gating - Elapsed_Time 1, CPU_Time 1.0
stamp 'PBS_TechMap-Postmap Clock Gating' being created for table 'pbs_debug'

  Total Time (Wall) |  Stage Time (Wall)  |   % (Wall)   |    Date - Time     |  Memory   | Stage
--------------------+---------------------+--------------+--------------------+-----------+----------------------
 00:00:21(00:00:12) |  00:00:00(00:00:00) |   0.0(  0.0) |   16:39:30 (Jul11) |  289.3 MB | PBS_Generic-Start
--------------------+---------------------+--------------+--------------------+-----------+----------------------
 00:02:07(00:01:56) |  00:01:45(00:01:44) |  45.1( 44.4) |   16:41:15 (Jul11) |  694.6 MB | PBS_Generic_Opt-Post
--------------------+---------------------+--------------+--------------------+-----------+----------------------
 00:02:07(00:01:57) |  00:00:00(00:00:01) |   0.0(  0.4) |   16:41:15 (Jul11) |  694.6 MB | PBS_Generic-Postgen HBO Optimizations
--------------------+---------------------+--------------+--------------------+-----------+----------------------
 00:02:10(00:02:02) |  00:00:03(00:00:05) |   1.6(  2.1) |   16:41:21 (Jul11) |  676.0 MB | PBS_TechMap-Start
--------------------+---------------------+--------------+--------------------+-----------+----------------------
 00:02:10(00:02:03) |  00:00:00(00:00:01) |   0.0(  0.4) |   16:41:21 (Jul11) |  676.0 MB | PBS_TechMap-Premap HBO Optimizations
--------------------+---------------------+--------------+--------------------+-----------+----------------------
 00:04:10(00:04:01) |  00:01:59(00:01:58) |  51.2( 50.4) |   16:43:19 (Jul11) |  699.0 MB | PBS_Techmap-Global Mapping
--------------------+---------------------+--------------+--------------------+-----------+----------------------
 00:04:14(00:04:05) |  00:00:04(00:00:04) |   1.7(  1.7) |   16:43:23 (Jul11) |  699.0 MB | PBS_TechMap-Datapath Postmap Operations
--------------------+---------------------+--------------+--------------------+-----------+----------------------
 00:04:14(00:04:05) |  00:00:00(00:00:00) |  -0.0(  0.0) |   16:43:23 (Jul11) |  699.0 MB | PBS_TechMap-Postmap HBO Optimizations
--------------------+---------------------+--------------+--------------------+-----------+----------------------
 00:04:15(00:04:06) |  00:00:01(00:00:01) |   0.4(  0.4) |   16:43:24 (Jul11) |  679.7 MB | PBS_TechMap-Postmap Clock Gating
--------------------+---------------------+--------------+--------------------+-----------+----------------------
Number of threads: 8 * 1   (id: pbs_debug, time_info v1.57)
Info: (*N*) indicates data that was populated from previously saved time_info database
Info: CPU time includes time of parent + longest thread
-------------------------------------------------------------------------------
 hi_fo_buf                151308        0         0         0        0

           Trick     Calls     Accepts   Attempts    Time(secs) 
-----------------------------------------------------------
       hi_fo_buf         0  (        0 /        0 )  0.00

 
Incremental optimization status
===============================
                                   Group   
                                  Tot Wrst     Total - - DRC Totals - -
                           Total  Weighted      Neg      Max       Max     Leakage 
Operation                   Area   Slacks      Slack    Trans      Cap      Power  
 init_delay               151308        0         0         0        0       5405 

           Trick     Calls     Accepts   Attempts    Time(secs) 
-----------------------------------------------------------
       crit_upsz         0  (        0 /        0 )  0.00
    plc_bal_star         0  (        0 /        0 )  0.00
     drc_buftimb         0  (        0 /        0 )  0.00
          plc_st         0  (        0 /        0 )  0.00
    plc_st_fence         0  (        0 /        0 )  0.00
        plc_star         0  (        0 /        0 )  0.00
      plc_laf_st         0  (        0 /        0 )  0.00
 plc_laf_st_fence         0  (        0 /        0 )  0.00
     drc_buftims         0  (        0 /        0 )  0.00
            fopt         0  (        0 /        0 )  0.00
   plc_laf_lo_st         0  (        0 /        0 )  0.00
       plc_lo_st         0  (        0 /        0 )  0.00
        mb_split         0  (        0 /        0 )  0.00

 
Local TNS optimization status
=============================
                                   Group   
                                  Tot Wrst     Total - - DRC Totals - -
                           Total  Weighted      Neg      Max       Max     Leakage 
Operation                   Area   Slacks      Slack    Trans      Cap      Power  
 init_tns                 151308        0         0         0        0       5405 

           Trick     Calls     Accepts   Attempts    Time(secs) 
-----------------------------------------------------------
    plc_bal_star         0  (        0 /        0 )  0.00
     drc_buftimb         0  (        0 /        0 )  0.00
     drc_buftims         0  (        0 /        0 )  0.00
       crit_upsz         0  (        0 /        0 )  0.00
   plc_laf_lo_st         0  (        0 /        0 )  0.00
       plc_lo_st         0  (        0 /        0 )  0.00
            fopt         0  (        0 /        0 )  0.00
       crit_dnsz         0  (        0 /        0 )  0.00
             dup         0  (        0 /        0 )  0.00
        setup_dn         0  (        0 /        0 )  0.00
        mb_split         0  (        0 /        0 )  0.00

PBS_TechMap-Postmap Cleanup - Elapsed_Time 1, CPU_Time 0.9145200000000102
stamp 'PBS_TechMap-Postmap Cleanup' being created for table 'pbs_debug'

  Total Time (Wall) |  Stage Time (Wall)  |   % (Wall)   |    Date - Time     |  Memory   | Stage
--------------------+---------------------+--------------+--------------------+-----------+----------------------
 00:00:21(00:00:12) |  00:00:00(00:00:00) |   0.0(  0.0) |   16:39:30 (Jul11) |  289.3 MB | PBS_Generic-Start
--------------------+---------------------+--------------+--------------------+-----------+----------------------
 00:02:07(00:01:56) |  00:01:45(00:01:44) |  44.9( 44.3) |   16:41:15 (Jul11) |  694.6 MB | PBS_Generic_Opt-Post
--------------------+---------------------+--------------+--------------------+-----------+----------------------
 00:02:07(00:01:57) |  00:00:00(00:00:01) |   0.0(  0.4) |   16:41:15 (Jul11) |  694.6 MB | PBS_Generic-Postgen HBO Optimizations
--------------------+---------------------+--------------+--------------------+-----------+----------------------
 00:02:10(00:02:02) |  00:00:03(00:00:05) |   1.6(  2.1) |   16:41:21 (Jul11) |  676.0 MB | PBS_TechMap-Start
--------------------+---------------------+--------------+--------------------+-----------+----------------------
 00:02:10(00:02:03) |  00:00:00(00:00:01) |   0.0(  0.4) |   16:41:21 (Jul11) |  676.0 MB | PBS_TechMap-Premap HBO Optimizations
--------------------+---------------------+--------------+--------------------+-----------+----------------------
 00:04:10(00:04:01) |  00:01:59(00:01:58) |  51.0( 50.2) |   16:43:19 (Jul11) |  699.0 MB | PBS_Techmap-Global Mapping
--------------------+---------------------+--------------+--------------------+-----------+----------------------
 00:04:14(00:04:05) |  00:00:04(00:00:04) |   1.7(  1.7) |   16:43:23 (Jul11) |  699.0 MB | PBS_TechMap-Datapath Postmap Operations
--------------------+---------------------+--------------+--------------------+-----------+----------------------
 00:04:14(00:04:05) |  00:00:00(00:00:00) |  -0.0(  0.0) |   16:43:23 (Jul11) |  699.0 MB | PBS_TechMap-Postmap HBO Optimizations
--------------------+---------------------+--------------+--------------------+-----------+----------------------
 00:04:15(00:04:06) |  00:00:01(00:00:01) |   0.4(  0.4) |   16:43:24 (Jul11) |  679.7 MB | PBS_TechMap-Postmap Clock Gating
--------------------+---------------------+--------------+--------------------+-----------+----------------------
 00:04:16(00:04:07) |  00:00:00(00:00:01) |   0.4(  0.4) |   16:43:25 (Jul11) |  679.7 MB | PBS_TechMap-Postmap Cleanup
--------------------+---------------------+--------------+--------------------+-----------+----------------------
Number of threads: 8 * 1   (id: pbs_debug, time_info v1.57)
Info: (*N*) indicates data that was populated from previously saved time_info database
Info: CPU time includes time of parent + longest thread
PBS_Techmap-Post_MBCI - Elapsed_Time 0, CPU_Time 0.0
stamp 'PBS_Techmap-Post_MBCI' being created for table 'pbs_debug'

  Total Time (Wall) |  Stage Time (Wall)  |   % (Wall)   |    Date - Time     |  Memory   | Stage
--------------------+---------------------+--------------+--------------------+-----------+----------------------
 00:00:21(00:00:12) |  00:00:00(00:00:00) |   0.0(  0.0) |   16:39:30 (Jul11) |  289.3 MB | PBS_Generic-Start
--------------------+---------------------+--------------+--------------------+-----------+----------------------
 00:02:07(00:01:56) |  00:01:45(00:01:44) |  44.9( 44.3) |   16:41:15 (Jul11) |  694.6 MB | PBS_Generic_Opt-Post
--------------------+---------------------+--------------+--------------------+-----------+----------------------
 00:02:07(00:01:57) |  00:00:00(00:00:01) |   0.0(  0.4) |   16:41:15 (Jul11) |  694.6 MB | PBS_Generic-Postgen HBO Optimizations
--------------------+---------------------+--------------+--------------------+-----------+----------------------
 00:02:10(00:02:02) |  00:00:03(00:00:05) |   1.6(  2.1) |   16:41:21 (Jul11) |  676.0 MB | PBS_TechMap-Start
--------------------+---------------------+--------------+--------------------+-----------+----------------------
 00:02:10(00:02:03) |  00:00:00(00:00:01) |   0.0(  0.4) |   16:41:21 (Jul11) |  676.0 MB | PBS_TechMap-Premap HBO Optimizations
--------------------+---------------------+--------------+--------------------+-----------+----------------------
 00:04:10(00:04:01) |  00:01:59(00:01:58) |  51.0( 50.2) |   16:43:19 (Jul11) |  699.0 MB | PBS_Techmap-Global Mapping
--------------------+---------------------+--------------+--------------------+-----------+----------------------
 00:04:14(00:04:05) |  00:00:04(00:00:04) |   1.7(  1.7) |   16:43:23 (Jul11) |  699.0 MB | PBS_TechMap-Datapath Postmap Operations
--------------------+---------------------+--------------+--------------------+-----------+----------------------
 00:04:14(00:04:05) |  00:00:00(00:00:00) |  -0.0(  0.0) |   16:43:23 (Jul11) |  699.0 MB | PBS_TechMap-Postmap HBO Optimizations
--------------------+---------------------+--------------+--------------------+-----------+----------------------
 00:04:15(00:04:06) |  00:00:01(00:00:01) |   0.4(  0.4) |   16:43:24 (Jul11) |  679.7 MB | PBS_TechMap-Postmap Clock Gating
--------------------+---------------------+--------------+--------------------+-----------+----------------------
 00:04:16(00:04:07) |  00:00:00(00:00:01) |   0.4(  0.4) |   16:43:25 (Jul11) |  679.7 MB | PBS_TechMap-Postmap Cleanup
--------------------+---------------------+--------------+--------------------+-----------+----------------------
 00:04:16(00:04:07) |  00:00:00(00:00:00) |   0.0(  0.0) |   16:43:25 (Jul11) |  679.7 MB | PBS_Techmap-Post_MBCI
--------------------+---------------------+--------------+--------------------+-----------+----------------------
Number of threads: 8 * 1   (id: pbs_debug, time_info v1.57)
Info: (*N*) indicates data that was populated from previously saved time_info database
Info: CPU time includes time of parent + longest thread
##>=================== Cadence Confidential (Mapping-Logical) ===================
##>Main Thread Summary:
##>----------------------------------------------------------------------------------------
##>STEP                           Elapsed       WNS       TNS     Insts      Area    Memory
##>----------------------------------------------------------------------------------------
##>M:Initial                            1         -         -      7194    102208       676
##>M:Pre Cleanup                        0         -         -      7194    102208       676
##>M:Setup                              0         -         -         -         -         -
##>M:Launch ST                          0         -         -         -         -         -
##>M:Design Partition                   0         -         -         -         -         -
##>M:Create Partition Netlists          0         -         -         -         -         -
##>M:Init Power                         0         -         -         -         -         -
##>M:Budgeting                          0         -         -         -         -         -
##>M:Derenv-DB                          0         -         -         -         -         -
##>M:Debug Outputs                      0         -         -         -         -         -
##>M:ST loading                         0         -         -         -         -         -
##>M:Distributed                        0         -         -         -         -         -
##>M:Timer                              0         -         -         -         -         -
##>M:Assembly                           0         -         -         -         -         -
##>M:DFT                                0         -         -         -         -         -
##>M:DP Operations                      4         -         -      4048     55006       699
##>M:Const Prop                         0       615         0      4048     55006       699
##>M:Cleanup                            1       613         0      4048     54989       679
##>M:MBCI                               0         -         -      4048     54989       679
##>M:Const Gate Removal                 0         -         -         -         -         -
##>M:Misc                             119
##>----------------------------------------------------------------------------------------
##>Total Elapsed                      125
##>========================================================================================
Info    : Done mapping. [SYNTH-5]
        : Done mapping 'RISC_V3'.
        Computing net loads.
      flow.cputime  flow.realtime  timing.setup.tns  timing.setup.wns  snapshot
UM:*                                                                   syn_map
@file(run_synth.tcl) 185: puts "Runtime & Memory after 'syn_map'"
Runtime & Memory after 'syn_map'
@file(run_synth.tcl) 186: time_info MAPPED
stamp 'MAPPED' being created for table 'default'

  Total Time (Wall) |  Stage Time (Wall)  |   % (Wall)   |    Date - Time     |  Memory   | Stage
--------------------+---------------------+--------------+--------------------+-----------+----------------------
 00:00:09(00:00:00) |  00:00:00(00:00:00) |   0.0(  0.0) |   16:39:18 (Jul11) |  146.7 MB | init
--------------------+---------------------+--------------+--------------------+-----------+----------------------
 00:00:20(00:00:10) |  00:00:11(00:00:10) |   4.4(  4.0) |   16:39:29 (Jul11) |  289.3 MB | Elaboration
--------------------+---------------------+--------------+--------------------+-----------+----------------------
 00:02:08(00:01:57) |  00:01:48(00:01:47) |  43.8( 43.1) |   16:41:15 (Jul11) |  694.6 MB | GENERIC
--------------------+---------------------+--------------+--------------------+-----------+----------------------
 00:04:16(00:04:08) |  00:02:08(00:02:11) |  51.8( 52.8) |   16:43:26 (Jul11) |  679.7 MB | MAPPED
--------------------+---------------------+--------------+--------------------+-----------+----------------------
Number of threads: 8 * 1   (id: default, time_info v1.57)
Info: (*N*) indicates data that was populated from previously saved time_info database
Info: CPU time includes time of parent + longest thread
@file(run_synth.tcl) 187: write_snapshot -outdir $_REPORTS_PATH -tag map
%# Begin write_snapshot (07/11 16:43:26, mem=1668.46M)
%# Begin qos_stats (07/11 16:43:26, mem=1668.46M)
        Computing arrivals and requireds.
Info   : ACTP-0001 Activity propagation started for stim#0 netlist RISC_V3
Info   : ACTP-0009 [ACTPInfo] Activity Propagation Progress Report :   0%   1%   2%   3%   4%   5%   6%   7%   8%   9%  10%  11%  12%  13%  14%  15%  16%  17%  18%  19%  20%  21%  22%  23%  24%  25%  26%  27%  28%  29%  30%  31%  32%  33%  34%  35%  36%  37%  38%  39%  40%  41%  42%  43%  44%  45%  46%  47%  48%  49%  50%  51%  52%  53%  54%  55%  56%  57%  58%  59%  60%  61%  62%  63%  64%  65%  66%  67%  68%  69%  70%  71%  72%  73%  74%  75%  76%  77%  78%  79%  80%  81%  82%  83%  84%  85%  86%  87%  88%  89%  90%  91%  92%  93%  94%  95%  96%  97%  98%  99% 100%
Info   : ACTP-0001 Activity propagation ended for stim#0
Info   : PWRA-0001 compute_power effective options 
       : -mode : vectorless
       : -skip_propagation : 1
       : -frequency_scaling_factor : 1.0
       : -use_clock_freq : stim
       : -stim :/stim#0
       : -fromGenus : 1
Info   : ACTP-0001 Timing initialization started
Info   : ACTP-0001 Timing initialization ended
Info   : PWRA-0002 Skipping activity propagation due to -skip_ap option....
Warning: PWRA-0302 Frequency scaling is not applicable for vectorless flow.
       : Ignoring frequency scaling.
Warning: PWRA-0304 -stim option is not applicable with vectorless mode of power
       : analysis, ignored this option.
Info   : PWRA-0002 Started 'vectorless' power computation.
Info   : PWRA-0009 [PwrInfo] Power Computation Progress Report :  25%  50%  75% 100%
Info   : PWRA-0002 Finished power computation.
Info   : PWRA-0007 Completed successfully.
       : Info=6, Warn=2, Error=0, Fatal=0
%# End qos_stats (07/11 16:43:27, total cpu=14:00:01, real=14:00:01, peak res=699.00M, current mem=1704.29M)


Working Directory = /home/B2_Faysal/UDIF/aiub_vlsi_impl_demo/projects/my_risc/synth_sky_V1
QoS Summary for RISC_V3
================================================================================
Metric                          generic         map            
================================================================================
Slack (ps):                     2,736             613
  R2R (ps):                     2,736             613
  I2R (ps):                     9,348           8,888
  R2O (ps):                     7,230           5,976
  I2O (ps):                  no_value        no_value
  CG  (ps):                  no_value        no_value
TNS (ps):                           0               0
  R2R (ps):                         0               0
  I2R (ps):                         0               0
  R2O (ps):                         0               0
  I2O (ps):                  no_value        no_value
  CG  (ps):                  no_value        no_value
Failing Paths:                      0               0
Leakage Power (nW):             6,362           5,485
Cell Area:                    103,619          54,990
Total Cell Area:              103,619          54,990
Leaf Instances:                 7,194           4,048
Total Instances:                7,194           4,048
Utilization (%):                 0.00            0.00
Tot. Net Length (um):        no_value        no_value
Avg. Net Length (um):        no_value        no_value
Route Overflow H (%):        no_value        no_value
Route Overflow V (%):        no_value        no_value
MBCI(%) (bits/gate) :            0.00            0.00
Norm Cong Hotspot Area:
  Max Cong:                  no_value        no_value
  Tot Cong:                  no_value        no_value
================================================================================
CPU  Runtime (h:m:s):        00:02:07        00:02:41
Real Runtime (h:m:s):        00:01:58        00:02:10
CPU  Elapsed (h:m:s):        00:02:18        00:04:58
Real Elapsed (h:m:s):        00:02:02        00:04:12
Memory (MB):                  1698.11         1704.29
================================================================================
================================================================================
Flow Settings:
================================================================================
Total Runtime (h:m:s): 00:04:09
Total Memory (MB):     1704.29
Executable Version:    21.18-s082_1
================================================================================
Total Cell Area =  Cell Area + Physical Cell Area
Total Instances =  Leaf Instances + Physical Instances




Info    : Joules engine is used. [RPT-16]
        : Joules engine is being used for the command report_gates -power.
Library based partitioning cannot be done as either there is a single library or there are no cells to partition.
Info    : Leakage power optimization was enabled, but single Vth class seems to be used as leakage properties of the given libraries look too similar. [POPT-507]
        : Leakage power effort is set but library domain '_default_' seems to have too few Vth classes.
        : The tool tries to classify the given libraries into different Vth classes. If the leakage properties of the given libraries are too similar then the tool considers all libraries to be of the same Vth class.
Finished exporting design database to file 'reports_Jul11-16:39:26/map_RISC_V3.db' for 'RISC_V3' (command execution time mm:ss cpu = 00:01, real = 00:01).
Finished generating snapshot at stage map (command execution time mm:ss cpu = 00:01, real = 00:04).
%# End write_snapshot (07/11 16:43:30, total cpu=14:00:02, real=14:00:04, peak res=708.00M, current mem=1704.29M)
@file(run_synth.tcl) 188: report_summary -directory $_REPORTS_PATH


Working Directory = /home/B2_Faysal/UDIF/aiub_vlsi_impl_demo/projects/my_risc/synth_sky_V1
QoS Summary for RISC_V3
================================================================================
Metric                          generic         map            
================================================================================
Slack (ps):                     2,736             613
  R2R (ps):                     2,736             613
  I2R (ps):                     9,348           8,888
  R2O (ps):                     7,230           5,976
  I2O (ps):                  no_value        no_value
  CG  (ps):                  no_value        no_value
TNS (ps):                           0               0
  R2R (ps):                         0               0
  I2R (ps):                         0               0
  R2O (ps):                         0               0
  I2O (ps):                  no_value        no_value
  CG  (ps):                  no_value        no_value
Failing Paths:                      0               0
Leakage Power (nW):             6,362           5,485
Cell Area:                    103,619          54,990
Total Cell Area:              103,619          54,990
Leaf Instances:                 7,194           4,048
Total Instances:                7,194           4,048
Utilization (%):                 0.00            0.00
Tot. Net Length (um):        no_value        no_value
Avg. Net Length (um):        no_value        no_value
Route Overflow H (%):        no_value        no_value
Route Overflow V (%):        no_value        no_value
MBCI(%) (bits/gate) :            0.00            0.00
Norm Cong Hotspot Area:
  Max Cong:                  no_value        no_value
  Tot Cong:                  no_value        no_value
================================================================================
CPU  Runtime (h:m:s):        00:02:07        00:02:41
Real Runtime (h:m:s):        00:01:58        00:02:10
CPU  Elapsed (h:m:s):        00:02:18        00:04:58
Real Elapsed (h:m:s):        00:02:02        00:04:12
Memory (MB):                  1698.11         1704.29
================================================================================
================================================================================
Flow Settings:
================================================================================
Total Runtime (h:m:s): 00:04:12
Total Memory (MB):     1704.29
Executable Version:    21.18-s082_1
================================================================================
Total Cell Area =  Cell Area + Physical Cell Area
Total Instances =  Leaf Instances + Physical Instances




@file(run_synth.tcl) 189: report_dp > $_REPORTS_PATH/map/${DESIGN}_datapath.rpt
Beginning report datapath command
Warning : The filename, column and line number information will not be available in the report. [RPT_DP-100]
        : The attribute for getting HDL filename and line number is not set.
@file(run_synth.tcl) 192: foreach cg [vfind / -cost_group *] {
  report_timing -group [list $cg] > $_REPORTS_PATH/${DESIGN}_[vbasename $cg]_post_map.rpt
}
@file(run_synth.tcl) 197: write_do_lec -revised_design fv_map -logfile ${_LOG_PATH}/rtl2intermediate.lec.log > ${_OUTPUTS_PATH}/rtl2intermediate.lec.do
Info    : Wrote dofile. [CFM-1]
        : Dofile is 'outputs_Jul11-16:39:26/rtl2intermediate.lec.do'.
        : Alias mapping flow is enabled.
@file(run_synth.tcl) 209: set_db / .syn_opt_effort $MAP_OPT_EFF
  Setting attribute of root '/': 'syn_opt_effort' = high
@file(run_synth.tcl) 210: syn_opt
Library based partitioning cannot be done as either there is a single library or there are no cells to partition.
Info    : Leakage power optimization was enabled, but single Vth class seems to be used as leakage properties of the given libraries look too similar. [POPT-507]
        : Leakage power effort is set but library domain '_default_' seems to have too few Vth classes.
        : The tool tries to classify the given libraries into different Vth classes. If the leakage properties of the given libraries are too similar then the tool considers all libraries to be of the same Vth class.
Current PLE settings:

Aspect ratio        : 1.000
Shrink factor       : 1.000
Scale of res/length : 1.000
Scale of cap/length : 1.000
Net derating factor : 1.000
Thermal factor      : 1.000
Via Resistance      : 3.955 ohm (from lef_library)
Site size           : 4.600 um (from lef [tech+cell])

                                   Capacitance  
  Layer                             / Length         Data source:
Name        Direction Utilization  (pF/micron)       lef_library
------------------------------------------------
met1            H         0.00        0.000085  
met2            V         1.00        0.000078  
met3            H         1.00        0.000086  
met4            V         1.00        0.000076  
met5            H         1.00        0.000088  

                                    Resistance   
  Layer                              / Length         Data source:
Name        Direction Utilization  (ohm/micron)       lef_library
-------------------------------------------------
met1            H         0.00         0.892857  
met2            V         1.00         0.892857  
met3            H         1.00         0.156667  
met4            V         1.00         0.156667  
met5            H         1.00         0.018125  

                                        Area     
  Layer                               / Length        Data source:
Name        Direction Utilization     (micron)        lef_library
-------------------------------------------------
met1            H         0.00         0.140000  
met2            V         1.00         0.140000  
met3            H         1.00         0.300000  
met4            V         1.00         0.300000  
met5            H         1.00         1.600000  

Info    : Incrementally optimizing. [SYNTH-7]
        : Incrementally optimizing 'RISC_V3' using 'high' effort.
 
Incremental optimization status
===============================
                                   Group   
                                  Tot Wrst     Total - - DRC Totals - -
                           Total  Weighted      Neg      Max       Max     Leakage 
Operation                   Area   Slacks      Slack    Trans      Cap      Power  
 init_iopt                151308        0         0         0        0       5405 
-------------------------------------------------------------------------------
 const_prop               151308        0         0         0        0       5405 
 simp_cc_inputs           151225        0         0         0        0       5404 
-------------------------------------------------------------------------------
 hi_fo_buf                151225        0         0         0        0       5404 

           Trick     Calls     Accepts   Attempts    Time(secs) 
-----------------------------------------------------------
       hi_fo_buf         0  (        0 /        0 )  0.00

 
Incremental optimization status
===============================
                                   Group   
                                  Tot Wrst     Total - - DRC Totals - -
                           Total  Weighted      Neg      Max       Max     Leakage 
Operation                   Area   Slacks      Slack    Trans      Cap      Power  
 init_delay               151225        0         0         0        0       5404 

           Trick     Calls     Accepts   Attempts    Time(secs) 
-----------------------------------------------------------
        crit_msz         0  (        0 /        0 )  0.00
       crit_upsz         0  (        0 /        0 )  0.00
       crit_slew         0  (        0 /        0 )  0.00
        setup_dn         0  (        0 /        0 )  0.00
    plc_bal_star         0  (        0 /        0 )  0.00
     drc_buftimb         0  (        0 /        0 )  0.00
          plc_st         0  (        0 /        0 )  0.00
    plc_st_fence         0  (        0 /        0 )  0.00
        plc_star         0  (        0 /        0 )  0.00
      plc_laf_st         0  (        0 /        0 )  0.00
 plc_laf_st_fence         0  (        0 /        0 )  0.00
     drc_buftims         0  (        0 /        0 )  0.00
   plc_laf_lo_st         0  (        0 /        0 )  0.00
       plc_lo_st         0  (        0 /        0 )  0.00
            fopt         0  (        0 /        0 )  0.00
       crit_swap         0  (        0 /        0 )  0.00
       mux2_swap         0  (        0 /        0 )  0.00
       crit_dnsz         0  (        0 /        0 )  0.00
       load_swap         0  (        0 /        0 )  0.00
            fopt         0  (        0 /        0 )  0.00
        setup_dn         0  (        0 /        0 )  0.00
       load_isol         0  (        0 /        0 )  0.00
       load_isol         0  (        0 /        0 )  0.00
        move_for         0  (        0 /        0 )  0.00
        move_for         0  (        0 /        0 )  0.00
          rem_bi         0  (        0 /        0 )  0.00
         offload         0  (        0 /        0 )  0.00
          rem_bi         0  (        0 /        0 )  0.00
         offload         0  (        0 /        0 )  0.00
           phase         0  (        0 /        0 )  0.00
        in_phase         0  (        0 /        0 )  0.00
       merge_bit         0  (        0 /        0 )  0.00
     merge_idrvr         0  (        0 /        0 )  0.00
     merge_iload         0  (        0 /        0 )  0.00
    merge_idload         0  (        0 /        0 )  0.00
      merge_drvr         0  (        0 /        0 )  0.00
      merge_load         0  (        0 /        0 )  0.00
          decomp         0  (        0 /        0 )  0.00
        p_decomp         0  (        0 /        0 )  0.00
        levelize         0  (        0 /        0 )  0.00
        mb_split         0  (        0 /        0 )  0.00
             dup         0  (        0 /        0 )  0.00
      mux_retime         0  (        0 /        0 )  0.00
         buf2inv         0  (        0 /        0 )  0.00
             exp         0  (        0 /        0 )  0.00
       gate_deco         0  (        0 /        0 )  0.00
       gcomp_tim         0  (        0 /        0 )  0.00
  inv_pair_2_buf         0  (        0 /        0 )  0.00


           Trick     Calls     Accepts   Attempts    Time(secs) 
-----------------------------------------------------------
         crr_220         0  (        0 /        0 )  0.00
        crr_glob         0  (        0 /        0 )  0.00
         crr_200         0  (        0 /        0 )  0.00
        crr_glob         0  (        0 /        0 )  0.00
         crr_300         0  (        0 /        0 )  0.00
        crr_glob         0  (        0 /        0 )  0.00
         crr_400         0  (        0 /        0 )  0.00
        crr_glob         0  (        0 /        0 )  0.00
         crr_111         0  (        0 /        0 )  0.00
        crr_glob         0  (        0 /        0 )  0.00
         crr_210         0  (        0 /        0 )  0.00
        crr_glob         0  (        0 /        0 )  0.00
         crr_110         0  (        0 /        0 )  0.00
        crr_glob         0  (        0 /        0 )  0.00
         crr_101         0  (        0 /        0 )  0.00
        crr_glob         0  (        0 /        0 )  0.00
         crr_201         0  (        0 /        0 )  0.00
        crr_glob         0  (        0 /        0 )  0.00
         crr_211         0  (        0 /        0 )  0.00
        crr_glob         0  (        0 /        0 )  0.00
        crit_msz         0  (        0 /        0 )  0.00
       crit_upsz         0  (        0 /        0 )  0.00
       crit_slew         0  (        0 /        0 )  0.00
        setup_dn         0  (        0 /        0 )  0.00
    plc_bal_star         0  (        0 /        0 )  0.00
     drc_buftimb         0  (        0 /        0 )  0.00
          plc_st         0  (        0 /        0 )  0.00
    plc_st_fence         0  (        0 /        0 )  0.00
        plc_star         0  (        0 /        0 )  0.00
      plc_laf_st         0  (        0 /        0 )  0.00
 plc_laf_st_fence         0  (        0 /        0 )  0.00
     drc_buftims         0  (        0 /        0 )  0.00
       plc_lo_st         0  (        0 /        0 )  0.00
            fopt         0  (        0 /        0 )  0.00
       crit_swap         0  (        0 /        0 )  0.00
       mux2_swap         0  (        0 /        0 )  0.00
       crit_dnsz         0  (        0 /        0 )  0.00
       load_swap         0  (        0 /        0 )  0.00
            fopt         0  (        0 /        0 )  0.00
        setup_dn         0  (        0 /        0 )  0.00
       load_isol         0  (        0 /        0 )  0.00
       load_isol         0  (        0 /        0 )  0.00
        move_for         0  (        0 /        0 )  0.00
        move_for         0  (        0 /        0 )  0.00
          rem_bi         0  (        0 /        0 )  0.00
         offload         0  (        0 /        0 )  0.00
          rem_bi         0  (        0 /        0 )  0.00
         offload         0  (        0 /        0 )  0.00
       merge_bit         0  (        0 /        0 )  0.00
     merge_idrvr         0  (        0 /        0 )  0.00
     merge_iload         0  (        0 /        0 )  0.00
    merge_idload         0  (        0 /        0 )  0.00
      merge_drvr         0  (        0 /        0 )  0.00
      merge_load         0  (        0 /        0 )  0.00
           phase         0  (        0 /        0 )  0.00
          decomp         0  (        0 /        0 )  0.00
        p_decomp         0  (        0 /        0 )  0.00
        levelize         0  (        0 /        0 )  0.00
        mb_split         0  (        0 /        0 )  0.00
        in_phase         0  (        0 /        0 )  0.00
             dup         0  (        0 /        0 )  0.00
      mux_retime         0  (        0 /        0 )  0.00
         buf2inv         0  (        0 /        0 )  0.00
             exp         0  (        0 /        0 )  0.00
       gate_deco         0  (        0 /        0 )  0.00
       gcomp_tim         0  (        0 /        0 )  0.00
  inv_pair_2_buf         0  (        0 /        0 )  0.00
 init_drc                 151225        0         0         0        0       5404 

           Trick     Calls     Accepts   Attempts    Time(secs) 
-----------------------------------------------------------
          plc_st         0  (        0 /        0 )  0.00
        plc_star         0  (        0 /        0 )  0.00
        drc_bufs         0  (        0 /        0 )  0.00
        drc_fopt         0  (        0 /        0 )  0.00
        drc_bufb         0  (        0 /        0 )  0.00
      simple_buf         0  (        0 /        0 )  0.00
             dup         0  (        0 /        0 )  0.00
       crit_dnsz         0  (        0 /        0 )  0.00
       crit_upsz         0  (        0 /        0 )  0.00
       crit_slew         0  (        0 /        0 )  0.00


           Trick     Calls     Accepts   Attempts    Time(secs) 
-----------------------------------------------------------
          plc_st         0  (        0 /        0 )  0.00
        plc_star         0  (        0 /        0 )  0.00
      drc_buf_sp         0  (        0 /        0 )  0.00
        drc_bufs         0  (        0 /        0 )  0.00
        drc_fopt         0  (        0 /        0 )  0.00
        drc_bufb         0  (        0 /        0 )  0.00
      simple_buf         0  (        0 /        0 )  0.00
             dup         0  (        0 /        0 )  0.00
       crit_dnsz         0  (        0 /        0 )  0.00
       crit_upsz         0  (        0 /        0 )  0.00


           Trick     Calls     Accepts   Attempts    Time(secs) 
-----------------------------------------------------------
          plc_st         0  (        0 /        0 )  0.00
        plc_star         0  (        0 /        0 )  0.00
      drc_buf_sp         0  (        0 /        0 )  0.00
        drc_bufs         0  (        0 /        0 )  0.00
        drc_fopt         0  (        0 /        0 )  0.00
        drc_bufb         0  (        0 /        0 )  0.00
             dup         0  (        0 /        0 )  0.00
       crit_dnsz         0  (        0 /        0 )  0.00
       crit_upsz         0  (        0 /        0 )  0.00

 init_tns                 151225        0         0         0        0       5404 

           Trick     Calls     Accepts   Attempts    Time(secs) 
-----------------------------------------------------------
            fopt         0  (        0 /        0 )  0.00
    plc_bal_star         0  (        0 /        0 )  0.00
     drc_buftimb         0  (        0 /        0 )  0.00
     drc_buftims         0  (        0 /        0 )  0.00
        crit_msz         0  (        0 /        0 )  0.00
       crit_upsz         0  (        0 /        0 )  0.00
   plc_laf_lo_st         0  (        0 /        0 )  0.00
       plc_lo_st         0  (        0 /        0 )  0.00
       crit_swap         0  (        0 /        0 )  0.00
       mux2_swap         0  (        0 /        0 )  0.00
       crit_dnsz         0  (        0 /        0 )  0.00
       load_swap         0  (        0 /        0 )  0.00
            fopt         0  (        0 /        0 )  0.00
        setup_dn         0  (        0 /        0 )  0.00
       load_isol         0  (        0 /        0 )  0.00
       load_isol         0  (        0 /        0 )  0.00
        move_for         0  (        0 /        0 )  0.00
        move_for         0  (        0 /        0 )  0.00
          rem_bi         0  (        0 /        0 )  0.00
         offload         0  (        0 /        0 )  0.00
          rem_bi         0  (        0 /        0 )  0.00
         offload         0  (        0 /        0 )  0.00
       merge_bit         0  (        0 /        0 )  0.00
     merge_idrvr         0  (        0 /        0 )  0.00
     merge_iload         0  (        0 /        0 )  0.00
    merge_idload         0  (        0 /        0 )  0.00
      merge_drvr         0  (        0 /        0 )  0.00
      merge_load         0  (        0 /        0 )  0.00
           phase         0  (        0 /        0 )  0.00
          decomp         0  (        0 /        0 )  0.00
        p_decomp         0  (        0 /        0 )  0.00
        levelize         0  (        0 /        0 )  0.00
        mb_split         0  (        0 /        0 )  0.00
             dup         0  (        0 /        0 )  0.00
      mux_retime         0  (        0 /        0 )  0.00
       crr_local         0  (        0 /        0 )  0.00
         buf2inv         0  (        0 /        0 )  0.00

                                   Group   
                                  Tot Wrst     Total - - DRC Totals - -
                           Total  Weighted      Neg      Max       Max     Leakage 
Operation                   Area   Slacks      Slack    Trans      Cap      Power  
 init_power               151225        0         0         0        0       5404 
 p_rem_buf                150783        0         0         0        0       5383 
 p_rem_inv                150539        0         0         0        0       5380 
 p_merge_bi               149489        0         0         0        0       5367 
 io_phase                 149443        0         0         0        0       5366 
 gate_comp                149008        0         0         0        0       5352 
 glob_power               148789        0         0         0        0       5328 
 power_down               148709        0         0         0        0       5323 
 p_rem_inv                148690        0         0         0        0       5323 
 p_merge_bi               148672        0         0         0        0       5323 

           Trick     Calls     Accepts   Attempts    Time(secs) 
-----------------------------------------------------------
       p_rem_buf        32  (       19 /       19 )  0.49
       p_rem_inv        28  (        8 /        8 )  0.29
      p_merge_bi        58  (       56 /       56 )  0.69
        io_phase        23  (        1 /        1 )  0.20
       gate_comp       288  (       18 /       18 )  3.06
       gcomp_mog         4  (        0 /        0 )  0.30
      glob_power        81  (       42 /       81 )  1.53
      power_down        78  (       10 /       10 )  2.42
      size_n_buf         0  (        0 /        0 )  0.03
       p_rem_buf        13  (        0 /        0 )  0.04
       p_rem_inv        23  (        1 /        1 )  0.10
      p_merge_bi         1  (        1 /        1 )  0.05

 
Incremental optimization status
===============================
                                   Group   
                                  Tot Wrst     Total - - DRC Totals - -
                           Total  Weighted      Neg      Max       Max     Leakage 
Operation                   Area   Slacks      Slack    Trans      Cap      Power  
 init_delay               148672        0         0         0        0       5323 

           Trick     Calls     Accepts   Attempts    Time(secs) 
-----------------------------------------------------------
         crr_220         0  (        0 /        0 )  0.00
        crr_glob         0  (        0 /        0 )  0.00
         crr_200         0  (        0 /        0 )  0.00
        crr_glob         0  (        0 /        0 )  0.00
         crr_300         0  (        0 /        0 )  0.00
        crr_glob         0  (        0 /        0 )  0.00
         crr_400         0  (        0 /        0 )  0.00
        crr_glob         0  (        0 /        0 )  0.00
         crr_111         0  (        0 /        0 )  0.00
        crr_glob         0  (        0 /        0 )  0.00
         crr_210         0  (        0 /        0 )  0.00
        crr_glob         0  (        0 /        0 )  0.00
         crr_110         0  (        0 /        0 )  0.00
        crr_glob         0  (        0 /        0 )  0.00
         crr_101         0  (        0 /        0 )  0.00
        crr_glob         0  (        0 /        0 )  0.00
         crr_201         0  (        0 /        0 )  0.00
        crr_glob         0  (        0 /        0 )  0.00
         crr_211         0  (        0 /        0 )  0.00
        crr_glob         0  (        0 /        0 )  0.00
        crit_msz         0  (        0 /        0 )  0.00
       crit_upsz         0  (        0 /        0 )  0.00
       crit_slew         0  (        0 /        0 )  0.00
        setup_dn         0  (        0 /        0 )  0.00
    plc_bal_star         0  (        0 /        0 )  0.00
     drc_buftimb         0  (        0 /        0 )  0.00
          plc_st         0  (        0 /        0 )  0.00
    plc_st_fence         0  (        0 /        0 )  0.00
        plc_star         0  (        0 /        0 )  0.00
      plc_laf_st         0  (        0 /        0 )  0.00
 plc_laf_st_fence         0  (        0 /        0 )  0.00
     drc_buftims         0  (        0 /        0 )  0.00
       plc_lo_st         0  (        0 /        0 )  0.00
            fopt         0  (        0 /        0 )  0.00
       crit_swap         0  (        0 /        0 )  0.00
       mux2_swap         0  (        0 /        0 )  0.00
       crit_dnsz         0  (        0 /        0 )  0.00
       load_swap         0  (        0 /        0 )  0.00
            fopt         0  (        0 /        0 )  0.00
        setup_dn         0  (        0 /        0 )  0.00
       load_isol         0  (        0 /        0 )  0.00
       load_isol         0  (        0 /        0 )  0.00
        move_for         0  (        0 /        0 )  0.00
        move_for         0  (        0 /        0 )  0.00
          rem_bi         0  (        0 /        0 )  0.00
         offload         0  (        0 /        0 )  0.00
          rem_bi         0  (        0 /        0 )  0.00
         offload         0  (        0 /        0 )  0.00
       merge_bit         0  (        0 /        0 )  0.00
     merge_idrvr         0  (        0 /        0 )  0.00
     merge_iload         0  (        0 /        0 )  0.00
    merge_idload         0  (        0 /        0 )  0.00
      merge_drvr         0  (        0 /        0 )  0.00
      merge_load         0  (        0 /        0 )  0.00
           phase         0  (        0 /        0 )  0.00
          decomp         0  (        0 /        0 )  0.00
        p_decomp         0  (        0 /        0 )  0.00
        levelize         0  (        0 /        0 )  0.00
        mb_split         0  (        0 /        0 )  0.00
        in_phase         0  (        0 /        0 )  0.00
             dup         0  (        0 /        0 )  0.00
      mux_retime         0  (        0 /        0 )  0.00
         buf2inv         0  (        0 /        0 )  0.00
             exp         0  (        0 /        0 )  0.00
       gate_deco         0  (        0 /        0 )  0.00
       gcomp_tim         0  (        0 /        0 )  0.00
  inv_pair_2_buf         0  (        0 /        0 )  0.00
 init_drc                 148672        0         0         0        0       5323 

           Trick     Calls     Accepts   Attempts    Time(secs) 
-----------------------------------------------------------
          plc_st         0  (        0 /        0 )  0.00
        plc_star         0  (        0 /        0 )  0.00
        drc_bufs         0  (        0 /        0 )  0.00
        drc_fopt         0  (        0 /        0 )  0.00
        drc_bufb         0  (        0 /        0 )  0.00
      simple_buf         0  (        0 /        0 )  0.00
             dup         0  (        0 /        0 )  0.00
       crit_dnsz         0  (        0 /        0 )  0.00
       crit_upsz         0  (        0 /        0 )  0.00
       crit_slew         0  (        0 /        0 )  0.00


           Trick     Calls     Accepts   Attempts    Time(secs) 
-----------------------------------------------------------
          plc_st         0  (        0 /        0 )  0.00
        plc_star         0  (        0 /        0 )  0.00
        drc_bufs         0  (        0 /        0 )  0.00
        drc_fopt         0  (        0 /        0 )  0.00
        drc_bufb         0  (        0 /        0 )  0.00
      simple_buf         0  (        0 /        0 )  0.00
             dup         0  (        0 /        0 )  0.00
       crit_dnsz         0  (        0 /        0 )  0.00
       crit_upsz         0  (        0 /        0 )  0.00


           Trick     Calls     Accepts   Attempts    Time(secs) 
-----------------------------------------------------------
          plc_st         0  (        0 /        0 )  0.00
        plc_star         0  (        0 /        0 )  0.00
        drc_bufs         0  (        0 /        0 )  0.00
        drc_fopt         0  (        0 /        0 )  0.00
        drc_bufb         0  (        0 /        0 )  0.00
             dup         0  (        0 /        0 )  0.00
       crit_dnsz         0  (        0 /        0 )  0.00
       crit_upsz         0  (        0 /        0 )  0.00

 init_tns                 148672        0         0         0        0       5323 

           Trick     Calls     Accepts   Attempts    Time(secs) 
-----------------------------------------------------------
            fopt         0  (        0 /        0 )  0.00
    plc_bal_star         0  (        0 /        0 )  0.00
     drc_buftimb         0  (        0 /        0 )  0.00
     drc_buftims         0  (        0 /        0 )  0.00
        crit_msz         0  (        0 /        0 )  0.00
       crit_upsz         0  (        0 /        0 )  0.00
   plc_laf_lo_st         0  (        0 /        0 )  0.00
       plc_lo_st         0  (        0 /        0 )  0.00
       crit_swap         0  (        0 /        0 )  0.00
       mux2_swap         0  (        0 /        0 )  0.00
       crit_dnsz         0  (        0 /        0 )  0.00
       load_swap         0  (        0 /        0 )  0.00
            fopt         0  (        0 /        0 )  0.00
        setup_dn         0  (        0 /        0 )  0.00
       load_isol         0  (        0 /        0 )  0.00
       load_isol         0  (        0 /        0 )  0.00
        move_for         0  (        0 /        0 )  0.00
        move_for         0  (        0 /        0 )  0.00
          rem_bi         0  (        0 /        0 )  0.00
         offload         0  (        0 /        0 )  0.00
          rem_bi         0  (        0 /        0 )  0.00
         offload         0  (        0 /        0 )  0.00
       merge_bit         0  (        0 /        0 )  0.00
     merge_idrvr         0  (        0 /        0 )  0.00
     merge_iload         0  (        0 /        0 )  0.00
    merge_idload         0  (        0 /        0 )  0.00
      merge_drvr         0  (        0 /        0 )  0.00
      merge_load         0  (        0 /        0 )  0.00
           phase         0  (        0 /        0 )  0.00
          decomp         0  (        0 /        0 )  0.00
        p_decomp         0  (        0 /        0 )  0.00
        levelize         0  (        0 /        0 )  0.00
        mb_split         0  (        0 /        0 )  0.00
             dup         0  (        0 /        0 )  0.00
      mux_retime         0  (        0 /        0 )  0.00
       crr_local         0  (        0 /        0 )  0.00
         buf2inv         0  (        0 /        0 )  0.00

                                   Group   
                                  Tot Wrst     Total - - DRC Totals - -
                           Total  Weighted      Neg      Max       Max     Leakage 
Operation                   Area   Slacks      Slack    Trans      Cap      Power  
 init_power               148672        0         0         0        0       5323 
 glob_power               148649        0         0         0        0       5322 

           Trick     Calls     Accepts   Attempts    Time(secs) 
-----------------------------------------------------------
       p_rem_buf        13  (        0 /        0 )  0.04
       p_rem_inv        22  (        0 /        0 )  0.07
      p_merge_bi         0  (        0 /        0 )  0.01
        io_phase        22  (        0 /        0 )  0.12
       gate_comp       264  (        0 /        0 )  2.10
       gcomp_mog         4  (        0 /        0 )  0.36
      glob_power        58  (        2 /       58 )  1.93
      power_down        75  (        0 /        0 )  2.25
      size_n_buf         0  (        0 /        0 )  0.03

 
Incremental optimization status
===============================
                                   Group   
                                  Tot Wrst     Total - - DRC Totals - -
                           Total  Weighted      Neg      Max       Max     Leakage 
Operation                   Area   Slacks      Slack    Trans      Cap      Power  
 init_delay               148649        0         0         0        0       5322 

           Trick     Calls     Accepts   Attempts    Time(secs) 
-----------------------------------------------------------
        crit_msz         0  (        0 /        0 )  0.00
       crit_upsz         0  (        0 /        0 )  0.00
       crit_slew         0  (        0 /        0 )  0.00
        setup_dn         0  (        0 /        0 )  0.00
    plc_bal_star         0  (        0 /        0 )  0.00
     drc_buftimb         0  (        0 /        0 )  0.00
          plc_st         0  (        0 /        0 )  0.00
    plc_st_fence         0  (        0 /        0 )  0.00
        plc_star         0  (        0 /        0 )  0.00
      plc_laf_st         0  (        0 /        0 )  0.00
 plc_laf_st_fence         0  (        0 /        0 )  0.00
     drc_buftims         0  (        0 /        0 )  0.00
   plc_laf_lo_st         0  (        0 /        0 )  0.00
       plc_lo_st         0  (        0 /        0 )  0.00
            fopt         0  (        0 /        0 )  0.00
       crit_swap         0  (        0 /        0 )  0.00
       mux2_swap         0  (        0 /        0 )  0.00
       crit_dnsz         0  (        0 /        0 )  0.00
       load_swap         0  (        0 /        0 )  0.00
            fopt         0  (        0 /        0 )  0.00
        setup_dn         0  (        0 /        0 )  0.00
       load_isol         0  (        0 /        0 )  0.00
       load_isol         0  (        0 /        0 )  0.00
        move_for         0  (        0 /        0 )  0.00
        move_for         0  (        0 /        0 )  0.00
          rem_bi         0  (        0 /        0 )  0.00
         offload         0  (        0 /        0 )  0.00
          rem_bi         0  (        0 /        0 )  0.00
         offload         0  (        0 /        0 )  0.00
           phase         0  (        0 /        0 )  0.00
        in_phase         0  (        0 /        0 )  0.00
       merge_bit         0  (        0 /        0 )  0.00
     merge_idrvr         0  (        0 /        0 )  0.00
     merge_iload         0  (        0 /        0 )  0.00
    merge_idload         0  (        0 /        0 )  0.00
      merge_drvr         0  (        0 /        0 )  0.00
      merge_load         0  (        0 /        0 )  0.00
          decomp         0  (        0 /        0 )  0.00
        p_decomp         0  (        0 /        0 )  0.00
        levelize         0  (        0 /        0 )  0.00
        mb_split         0  (        0 /        0 )  0.00
             dup         0  (        0 /        0 )  0.00
      mux_retime         0  (        0 /        0 )  0.00
         buf2inv         0  (        0 /        0 )  0.00
             exp         0  (        0 /        0 )  0.00
       gate_deco         0  (        0 /        0 )  0.00
       gcomp_tim         0  (        0 /        0 )  0.00
  inv_pair_2_buf         0  (        0 /        0 )  0.00

 init_drc                 148649        0         0         0        0       5322 

           Trick     Calls     Accepts   Attempts    Time(secs) 
-----------------------------------------------------------
          plc_st         0  (        0 /        0 )  0.00
        plc_star         0  (        0 /        0 )  0.00
        drc_bufs         0  (        0 /        0 )  0.00
        drc_fopt         0  (        0 /        0 )  0.00
        drc_bufb         0  (        0 /        0 )  0.00
      simple_buf         0  (        0 /        0 )  0.00
             dup         0  (        0 /        0 )  0.00
       crit_dnsz         0  (        0 /        0 )  0.00
       crit_upsz         0  (        0 /        0 )  0.00
       crit_slew         0  (        0 /        0 )  0.00


           Trick     Calls     Accepts   Attempts    Time(secs) 
-----------------------------------------------------------
          plc_st         0  (        0 /        0 )  0.00
        plc_star         0  (        0 /        0 )  0.00
        drc_bufs         0  (        0 /        0 )  0.00
        drc_fopt         0  (        0 /        0 )  0.00
        drc_bufb         0  (        0 /        0 )  0.00
      simple_buf         0  (        0 /        0 )  0.00
             dup         0  (        0 /        0 )  0.00
       crit_dnsz         0  (        0 /        0 )  0.00
       crit_upsz         0  (        0 /        0 )  0.00


           Trick     Calls     Accepts   Attempts    Time(secs) 
-----------------------------------------------------------
          plc_st         0  (        0 /        0 )  0.00
        plc_star         0  (        0 /        0 )  0.00
        drc_bufs         0  (        0 /        0 )  0.00
        drc_fopt         0  (        0 /        0 )  0.00
        drc_bufb         0  (        0 /        0 )  0.00
             dup         0  (        0 /        0 )  0.00
       crit_dnsz         0  (        0 /        0 )  0.00
       crit_upsz         0  (        0 /        0 )  0.00

==================================
Stage : incr_opt 
==================================
  =================
   Message Summary
  =================
------------------------------------------------------------------------------------------------------------------------
|     Id     |  Sev   |Count |                                      Message Text                                       |
------------------------------------------------------------------------------------------------------------------------
| CFM-1      |Info    |    2 |Wrote dofile.                                                                            |
| CFM-5      |Info    |    1 |Wrote formal verification information.                                                   |
| GLO-51     |Info    |    3 |Hierarchical instance automatically ungrouped.                                           |
|            |        |      |Hierarchical instances can be automatically ungrouped to allow for better area or timing |
|            |        |      | optimization. To prevent this ungroup, set the root-level attribute 'auto_ungroup' to   |
|            |        |      | 'none'. You can also prevent individual ungroup with setting the attribute 'ungroup_ok' |
|            |        |      | of instances or modules to 'false'.                                                     |
| PA-7       |Info    |    4 |Resetting power analysis results.                                                        |
|            |        |      |All computed switching activities are removed.                                           |
| POPT-507   |Info    |    1 |Leakage power optimization was enabled, but single Vth class seems to be used as leakage |
|            |        |      | properties of the given libraries look too similar.                                     |
|            |        |      |The tool tries to classify the given libraries into different Vth classes. If the        |
|            |        |      | leakage properties of the given libraries are too similar then the tool considers all   |
|            |        |      | libraries to be of the same Vth class.                                                  |
| RPT_DP-100 |Warning |    1 |The filename, column and line number information will not be available in the report.    |
|            |        |      |You must set the 'hdl_track_filename_row_col' attribute to 'true' (before elaborate)     |
|            |        |      | to enable filename, column, and line number tracking in the datapath report.            |
| SYNTH-5    |Info    |    1 |Done mapping.                                                                            |
| SYNTH-7    |Info    |    1 |Incrementally optimizing.                                                                |
------------------------------------------------------------------------------------------------------------------------
Info    : Done incrementally optimizing. [SYNTH-8]
        : Done incrementally optimizing 'RISC_V3'.
        Computing net loads.
      flow.cputime  flow.realtime  timing.setup.tns  timing.setup.wns  snapshot
UM:*                                                                   syn_opt
@file(run_synth.tcl) 211: write_snapshot -outdir $_REPORTS_PATH -tag syn_opt
%# Begin write_snapshot (07/11 16:43:51, mem=1631.26M)
%# Begin qos_stats (07/11 16:43:51, mem=1667.10M)
        Computing arrivals and requireds.
Info   : ACTP-0001 Activity propagation started for stim#0 netlist RISC_V3
Info   : ACTP-0009 [ACTPInfo] Activity Propagation Progress Report :   0%   1%   2%   3%   4%   5%   6%   7%   8%   9%  10%  11%  12%  13%  14%  15%  16%  17%  18%  19%  20%  21%  22%  23%  24%  25%  26%  27%  28%  29%  30%  31%  32%  33%  34%  35%  36%  37%  38%  39%  40%  41%  42%  43%  44%  45%  46%  47%  48%  49%  50%  51%  52%  53%  54%  55%  56%  57%  58%  59%  60%  61%  62%  63%  64%  65%  66%  67%  68%  69%  70%  71%  72%  73%  74%  75%  76%  77%  78%  79%  80%  81%  82%  83%  84%  85%  86%  87%  88%  89%  90%  91%  92%  93%  94%  95%  96%  97%  98%  99% 100%
Info   : ACTP-0001 Activity propagation ended for stim#0
Info   : PWRA-0001 compute_power effective options 
       : -mode : vectorless
       : -skip_propagation : 1
       : -frequency_scaling_factor : 1.0
       : -use_clock_freq : stim
       : -stim :/stim#0
       : -fromGenus : 1
Info   : ACTP-0001 Timing initialization started
Info   : ACTP-0001 Timing initialization ended
Info   : PWRA-0002 Skipping activity propagation due to -skip_ap option....
Warning: PWRA-0302 Frequency scaling is not applicable for vectorless flow.
       : Ignoring frequency scaling.
Warning: PWRA-0304 -stim option is not applicable with vectorless mode of power
       : analysis, ignored this option.
Info   : PWRA-0002 Started 'vectorless' power computation.
Info   : PWRA-0009 [PwrInfo] Power Computation Progress Report :  25%  50% 100%
Info   : PWRA-0002 Finished power computation.
Info   : PWRA-0007 Completed successfully.
       : Info=6, Warn=2, Error=0, Fatal=0
%# End qos_stats (07/11 16:43:52, total cpu=14:00:01, real=14:00:01, peak res=708.00M, current mem=1694.93M)


Working Directory = /home/B2_Faysal/UDIF/aiub_vlsi_impl_demo/projects/my_risc/synth_sky_V1
QoS Summary for RISC_V3
================================================================================
Metric                          generic         map             syn_opt        
================================================================================
Slack (ps):                     2,736             613               4
  R2R (ps):                     2,736             613               4
  I2R (ps):                     9,348           8,888           8,604
  R2O (ps):                     7,230           5,976           5,721
  I2O (ps):                  no_value        no_value        no_value
  CG  (ps):                  no_value        no_value        no_value
TNS (ps):                           0               0               0
  R2R (ps):                         0               0               0
  I2R (ps):                         0               0               0
  R2O (ps):                         0               0               0
  I2O (ps):                  no_value        no_value        no_value
  CG  (ps):                  no_value        no_value        no_value
Failing Paths:                      0               0               0
Leakage Power (nW):             6,362           5,485           5,386
Cell Area:                    103,619          54,990          53,910
Total Cell Area:              103,619          54,990          53,910
Leaf Instances:                 7,194           4,048           3,927
Total Instances:                7,194           4,048           3,927
Utilization (%):                 0.00            0.00            0.00
Tot. Net Length (um):        no_value        no_value        no_value
Avg. Net Length (um):        no_value        no_value        no_value
Route Overflow H (%):        no_value        no_value        no_value
Route Overflow V (%):        no_value        no_value        no_value
MBCI(%) (bits/gate) :            0.00            0.00            0.00
Norm Cong Hotspot Area:
  Max Cong:                  no_value        no_value        no_value
  Tot Cong:                  no_value        no_value        no_value
================================================================================
CPU  Runtime (h:m:s):        00:02:07        00:02:41        00:00:25
Real Runtime (h:m:s):        00:01:58        00:02:10        00:00:25
CPU  Elapsed (h:m:s):        00:02:18        00:04:58        00:05:23
Real Elapsed (h:m:s):        00:02:02        00:04:12        00:04:37
Memory (MB):                  1698.11         1704.29         1694.93
================================================================================
================================================================================
Flow Settings:
================================================================================
Total Runtime (h:m:s): 00:04:34
Total Memory (MB):     1694.93
Executable Version:    21.18-s082_1
================================================================================
Total Cell Area =  Cell Area + Physical Cell Area
Total Instances =  Leaf Instances + Physical Instances




Info    : Joules engine is used. [RPT-16]
        : Joules engine is being used for the command report_gates -power.
Info    : Leakage power optimization was enabled, but single Vth class seems to be used as leakage properties of the given libraries look too similar. [POPT-507]
        : Leakage power effort is set but library domain '_default_' seems to have too few Vth classes.
Finished exporting design database to file 'reports_Jul11-16:39:26/syn_opt_RISC_V3.db' for 'RISC_V3' (command execution time mm:ss cpu = 00:01, real = 00:01).
Finished generating snapshot at stage syn_opt (command execution time mm:ss cpu = 00:01, real = 00:04).
%# End write_snapshot (07/11 16:43:55, total cpu=14:00:02, real=14:00:04, peak res=708.00M, current mem=1694.93M)
@file(run_synth.tcl) 212: report_summary -directory $_REPORTS_PATH


Working Directory = /home/B2_Faysal/UDIF/aiub_vlsi_impl_demo/projects/my_risc/synth_sky_V1
QoS Summary for RISC_V3
================================================================================
Metric                          generic         map             syn_opt        
================================================================================
Slack (ps):                     2,736             613               4
  R2R (ps):                     2,736             613               4
  I2R (ps):                     9,348           8,888           8,604
  R2O (ps):                     7,230           5,976           5,721
  I2O (ps):                  no_value        no_value        no_value
  CG  (ps):                  no_value        no_value        no_value
TNS (ps):                           0               0               0
  R2R (ps):                         0               0               0
  I2R (ps):                         0               0               0
  R2O (ps):                         0               0               0
  I2O (ps):                  no_value        no_value        no_value
  CG  (ps):                  no_value        no_value        no_value
Failing Paths:                      0               0               0
Leakage Power (nW):             6,362           5,485           5,386
Cell Area:                    103,619          54,990          53,910
Total Cell Area:              103,619          54,990          53,910
Leaf Instances:                 7,194           4,048           3,927
Total Instances:                7,194           4,048           3,927
Utilization (%):                 0.00            0.00            0.00
Tot. Net Length (um):        no_value        no_value        no_value
Avg. Net Length (um):        no_value        no_value        no_value
Route Overflow H (%):        no_value        no_value        no_value
Route Overflow V (%):        no_value        no_value        no_value
MBCI(%) (bits/gate) :            0.00            0.00            0.00
Norm Cong Hotspot Area:
  Max Cong:                  no_value        no_value        no_value
  Tot Cong:                  no_value        no_value        no_value
================================================================================
CPU  Runtime (h:m:s):        00:02:07        00:02:41        00:00:25
Real Runtime (h:m:s):        00:01:58        00:02:10        00:00:25
CPU  Elapsed (h:m:s):        00:02:18        00:04:58        00:05:23
Real Elapsed (h:m:s):        00:02:02        00:04:12        00:04:37
Memory (MB):                  1698.11         1704.29         1694.93
================================================================================
================================================================================
Flow Settings:
================================================================================
Total Runtime (h:m:s): 00:04:37
Total Memory (MB):     1694.93
Executable Version:    21.18-s082_1
================================================================================
Total Cell Area =  Cell Area + Physical Cell Area
Total Instances =  Leaf Instances + Physical Instances




@file(run_synth.tcl) 214: puts "Runtime & Memory after 'syn_opt'"
Runtime & Memory after 'syn_opt'
@file(run_synth.tcl) 215: time_info OPT
stamp 'OPT' being created for table 'default'

  Total Time (Wall) |  Stage Time (Wall)  |   % (Wall)   |    Date - Time     |  Memory   | Stage
--------------------+---------------------+--------------+--------------------+-----------+----------------------
 00:00:09(00:00:00) |  00:00:00(00:00:00) |   0.0(  0.0) |   16:39:18 (Jul11) |  146.7 MB | init
--------------------+---------------------+--------------+--------------------+-----------+----------------------
 00:00:20(00:00:10) |  00:00:11(00:00:10) |   4.0(  3.6) |   16:39:29 (Jul11) |  289.3 MB | Elaboration
--------------------+---------------------+--------------+--------------------+-----------+----------------------
 00:02:08(00:01:57) |  00:01:48(00:01:47) |  39.6( 38.6) |   16:41:15 (Jul11) |  694.6 MB | GENERIC
--------------------+---------------------+--------------+--------------------+-----------+----------------------
 00:04:16(00:04:08) |  00:02:08(00:02:11) |  46.8( 47.3) |   16:43:26 (Jul11) |  679.7 MB | MAPPED
--------------------+---------------------+--------------+--------------------+-----------+----------------------
 00:04:42(00:04:37) |  00:00:26(00:00:29) |   9.6( 10.5) |   16:43:55 (Jul11) |  674.9 MB | OPT
--------------------+---------------------+--------------+--------------------+-----------+----------------------
Number of threads: 8 * 1   (id: default, time_info v1.57)
Info: (*N*) indicates data that was populated from previously saved time_info database
Info: CPU time includes time of parent + longest thread
@file(run_synth.tcl) 217: foreach cg [vfind / -cost_group *] {
  report_timing -group [list $cg] > $_REPORTS_PATH/${DESIGN}_[vbasename $cg]_post_opt.rpt
}
@file(run_synth.tcl) 229: report_clock_gating > $_REPORTS_PATH/${DESIGN}_clockgating.rpt
Warning : Potential error generating clock gating report. [RPT_CG-12]
        : 'lp_insert_clock_gating' root attribute is set to 'false'.
        : The 'report clock_gating' command depends on the 'lp_insert_clock_gating' attribute.  Set it to 'true' before calling this command.


@file(run_synth.tcl) 231: report_power > $_REPORTS_PATH/final_power.rpt
Info    : Joules engine is used. [RPT-16]
        : Joules engine is being used for the command report_power.
Output file: reports_Jul11-16:39:26/final_power.rpt
@file(run_synth.tcl) 232: report_gates -power > $_REPORTS_PATH/${DESIGN}_gates_power.rpt
Info    : Joules engine is used. [RPT-16]
        : Joules engine is being used for the command report_gates -power.
Info    : Leakage power optimization was enabled, but single Vth class seems to be used as leakage properties of the given libraries look too similar. [POPT-507]
        : Leakage power effort is set but library domain '_default_' seems to have too few Vth classes.
@file(run_synth.tcl) 234: report_dp > $_REPORTS_PATH/${DESIGN}_datapath_incr.rpt
Beginning report datapath command
Warning : The filename, column and line number information will not be available in the report. [RPT_DP-100]
        : The attribute for getting HDL filename and line number is not set.
@file(run_synth.tcl) 235: report_messages > $_REPORTS_PATH/${DESIGN}_messages.rpt
@file(run_synth.tcl) 236: write_snapshot -outdir $_REPORTS_PATH -tag final
%# Begin write_snapshot (07/11 16:43:58, mem=1724.93M)
%# Begin qos_stats (07/11 16:43:58, mem=1724.93M)
        Computing arrivals and requireds.
%# End qos_stats (07/11 16:43:58, total cpu=14:00:00, real=14:00:00, peak res=708.00M, current mem=1724.93M)


Working Directory = /home/B2_Faysal/UDIF/aiub_vlsi_impl_demo/projects/my_risc/synth_sky_V1
QoS Summary for RISC_V3
==========================================================================================
Metric                          generic         map             syn_opt         final          
==========================================================================================
Slack (ps):                     2,736             613               4               4
  R2R (ps):                     2,736             613               4               4
  I2R (ps):                     9,348           8,888           8,604           8,604
  R2O (ps):                     7,230           5,976           5,721           5,721
  I2O (ps):                  no_value        no_value        no_value        no_value
  CG  (ps):                  no_value        no_value        no_value        no_value
TNS (ps):                           0               0               0               0
  R2R (ps):                         0               0               0               0
  I2R (ps):                         0               0               0               0
  R2O (ps):                         0               0               0               0
  I2O (ps):                  no_value        no_value        no_value        no_value
  CG  (ps):                  no_value        no_value        no_value        no_value
Failing Paths:                      0               0               0               0
Leakage Power (nW):             6,362           5,485           5,386           5,386
Cell Area:                    103,619          54,990          53,910          53,910
Total Cell Area:              103,619          54,990          53,910          53,910
Leaf Instances:                 7,194           4,048           3,927           3,927
Total Instances:                7,194           4,048           3,927           3,927
Utilization (%):                 0.00            0.00            0.00            0.00
Tot. Net Length (um):        no_value        no_value        no_value        no_value
Avg. Net Length (um):        no_value        no_value        no_value        no_value
Route Overflow H (%):        no_value        no_value        no_value        no_value
Route Overflow V (%):        no_value        no_value        no_value        no_value
MBCI(%) (bits/gate) :            0.00            0.00            0.00            0.00
Norm Cong Hotspot Area:
  Max Cong:                  no_value        no_value        no_value        no_value
  Tot Cong:                  no_value        no_value        no_value        no_value
==========================================================================================
CPU  Runtime (h:m:s):        00:02:07        00:02:41        00:00:25        00:00:04
Real Runtime (h:m:s):        00:01:58        00:02:10        00:00:25        00:00:07
CPU  Elapsed (h:m:s):        00:02:18        00:04:58        00:05:23        00:05:26
Real Elapsed (h:m:s):        00:02:02        00:04:12        00:04:37        00:04:43
Memory (MB):                  1698.11         1704.29         1694.93         1724.93
==========================================================================================
==========================================================================================
Flow Settings:
==========================================================================================
Total Runtime (h:m:s): 00:04:40
Total Memory (MB):     1724.93
Executable Version:    21.18-s082_1
==========================================================================================
Total Cell Area =  Cell Area + Physical Cell Area
Total Instances =  Leaf Instances + Physical Instances




Info    : Joules engine is used. [RPT-16]
        : Joules engine is being used for the command report_gates -power.
Info    : Leakage power optimization was enabled, but single Vth class seems to be used as leakage properties of the given libraries look too similar. [POPT-507]
        : Leakage power effort is set but library domain '_default_' seems to have too few Vth classes.
Finished exporting design database to file 'reports_Jul11-16:39:26/final_RISC_V3.db' for 'RISC_V3' (command execution time mm:ss cpu = 00:01, real = 00:01).
Finished generating snapshot at stage final (command execution time mm:ss cpu = 00:00, real = 00:03).
%# End write_snapshot (07/11 16:44:01, total cpu=14:00:00, real=14:00:03, peak res=708.00M, current mem=1724.93M)
@file(run_synth.tcl) 237: report_summary -directory $_REPORTS_PATH


Working Directory = /home/B2_Faysal/UDIF/aiub_vlsi_impl_demo/projects/my_risc/synth_sky_V1
QoS Summary for RISC_V3
==========================================================================================
Metric                          generic         map             syn_opt         final          
==========================================================================================
Slack (ps):                     2,736             613               4               4
  R2R (ps):                     2,736             613               4               4
  I2R (ps):                     9,348           8,888           8,604           8,604
  R2O (ps):                     7,230           5,976           5,721           5,721
  I2O (ps):                  no_value        no_value        no_value        no_value
  CG  (ps):                  no_value        no_value        no_value        no_value
TNS (ps):                           0               0               0               0
  R2R (ps):                         0               0               0               0
  I2R (ps):                         0               0               0               0
  R2O (ps):                         0               0               0               0
  I2O (ps):                  no_value        no_value        no_value        no_value
  CG  (ps):                  no_value        no_value        no_value        no_value
Failing Paths:                      0               0               0               0
Leakage Power (nW):             6,362           5,485           5,386           5,386
Cell Area:                    103,619          54,990          53,910          53,910
Total Cell Area:              103,619          54,990          53,910          53,910
Leaf Instances:                 7,194           4,048           3,927           3,927
Total Instances:                7,194           4,048           3,927           3,927
Utilization (%):                 0.00            0.00            0.00            0.00
Tot. Net Length (um):        no_value        no_value        no_value        no_value
Avg. Net Length (um):        no_value        no_value        no_value        no_value
Route Overflow H (%):        no_value        no_value        no_value        no_value
Route Overflow V (%):        no_value        no_value        no_value        no_value
MBCI(%) (bits/gate) :            0.00            0.00            0.00            0.00
Norm Cong Hotspot Area:
  Max Cong:                  no_value        no_value        no_value        no_value
  Tot Cong:                  no_value        no_value        no_value        no_value
==========================================================================================
CPU  Runtime (h:m:s):        00:02:07        00:02:41        00:00:25        00:00:04
Real Runtime (h:m:s):        00:01:58        00:02:10        00:00:25        00:00:07
CPU  Elapsed (h:m:s):        00:02:18        00:04:58        00:05:23        00:05:26
Real Elapsed (h:m:s):        00:02:02        00:04:12        00:04:37        00:04:43
Memory (MB):                  1698.11         1704.29         1694.93         1724.93
==========================================================================================
==========================================================================================
Flow Settings:
==========================================================================================
Total Runtime (h:m:s): 00:04:43
Total Memory (MB):     1724.93
Executable Version:    21.18-s082_1
==========================================================================================
Total Cell Area =  Cell Area + Physical Cell Area
Total Instances =  Leaf Instances + Physical Instances




@file(run_synth.tcl) 238: write_hdl  > ${_OUTPUTS_PATH}/${DESIGN}_gate.v
@file(run_synth.tcl) 239: write_script > ${_OUTPUTS_PATH}/${DESIGN}.script
Warning : This command will be obsolete in a next major release. [TUI-37]
        : Use 'write_db -common' for saving design databases to operate with other Cadence tools. Use 'write_design' in future releases for saving files for operations with non-Cadence tools.

@file(run_synth.tcl) 240: write_sdc > ${_OUTPUTS_PATH}/${DESIGN}.sdc
Finished SDC export (command execution time mm:ss (real) = 00:00).
@file(run_synth.tcl) 248: write_do_lec -golden_design fv_map -revised_design ${_OUTPUTS_PATH}/${DESIGN}_gate.v -logfile  ${_LOG_PATH}/intermediate2final.lec.log > ${_OUTPUTS_PATH}/intermediate2final.lec.do
Info    : Wrote formal verification information. [CFM-5]
        : Wrote 'fv/RISC_V3/RISC_V3_gatev.fv.json' for netlist 'outputs_Jul11-16:39:26/RISC_V3_gate.v'.
Info    : Wrote dofile. [CFM-1]
        : Dofile is 'outputs_Jul11-16:39:26/intermediate2final.lec.do'.
        : Alias mapping flow is enabled.
@file(run_synth.tcl) 250: write_do_lec -revised_design ${_OUTPUTS_PATH}/${DESIGN}_gate.v -logfile ${_LOG_PATH}/rtl2final.lec.log > ${_OUTPUTS_PATH}/rtl2final.lec.do
Info    : Wrote composite dofile. [CFM-2]
        : The composite dofile 'outputs_Jul11-16:39:26/rtl2final.lec.do' includes two compare operations: rtl-to-fv_map and fv_map-to-revised. The 'fv_map' netlist was automatically written in the verification directory during the syn_map command.
@file(run_synth.tcl) 252: puts "Final Runtime & Memory."
Final Runtime & Memory.
@file(run_synth.tcl) 253: time_info FINAL
stamp 'FINAL' being created for table 'default'

  Total Time (Wall) |  Stage Time (Wall)  |   % (Wall)   |    Date - Time     |  Memory   | Stage
--------------------+---------------------+--------------+--------------------+-----------+----------------------
 00:00:09(00:00:00) |  00:00:00(00:00:00) |   0.0(  0.0) |   16:39:18 (Jul11) |  146.7 MB | init
--------------------+---------------------+--------------+--------------------+-----------+----------------------
 00:00:20(00:00:10) |  00:00:11(00:00:10) |   3.9(  3.5) |   16:39:29 (Jul11) |  289.3 MB | Elaboration
--------------------+---------------------+--------------+--------------------+-----------+----------------------
 00:02:08(00:01:57) |  00:01:48(00:01:47) |  38.6( 37.2) |   16:41:15 (Jul11) |  694.6 MB | GENERIC
--------------------+---------------------+--------------+--------------------+-----------+----------------------
 00:04:16(00:04:08) |  00:02:08(00:02:11) |  45.7( 45.5) |   16:43:26 (Jul11) |  679.7 MB | MAPPED
--------------------+---------------------+--------------+--------------------+-----------+----------------------
 00:04:42(00:04:37) |  00:00:26(00:00:29) |   9.3( 10.1) |   16:43:55 (Jul11) |  674.9 MB | OPT
--------------------+---------------------+--------------+--------------------+-----------+----------------------
 00:04:49(00:04:48) |  00:00:06(00:00:11) |   2.5(  3.8) |   16:44:06 (Jul11) |  671.9 MB | FINAL
--------------------+---------------------+--------------+--------------------+-----------+----------------------
Number of threads: 8 * 1   (id: default, time_info v1.57)
Info: (*N*) indicates data that was populated from previously saved time_info database
Info: CPU time includes time of parent + longest thread
@file(run_synth.tcl) 254: puts "============================"
============================
@file(run_synth.tcl) 255: puts "Synthesis Finished ........."
Synthesis Finished .........
@file(run_synth.tcl) 256: puts "============================"
============================
@file(run_synth.tcl) 258: file copy [get_db / .stdout_log] ${_LOG_PATH}/.
@file(run_synth.tcl) 260: sh ln -s $_OUTPUTS_PATH outputs

@file(run_synth.tcl) 261: sh ln -s $_REPORTS_PATH reports

@file(run_synth.tcl) 262: sh ln -s $_LOG_PATH logs

@file(run_synth.tcl) 265: quit

Lic Summary:
[16:44:06.189161] Cdslmd servers: cadence
[16:44:06.189184] Feature usage summary:
[16:44:06.189185] Genus_Synthesis

Normal exit.