============================================================
  Generated by:           Genus(TM) Synthesis Solution 21.18-s082_1
  Generated on:           Jun 13 2026  07:48:17 am
  Module:                 TOP
  Operating conditions:   PVT_0P9V_125C 
  Interconnect mode:      global
  Area mode:              physical library
============================================================


Path 1: MET (2619 ps) Setup Check with Pin D2_REG1_reg[13]/clk->d
          Group: C2C
     Startpoint: (R) F1_P_STATE_reg[1]/clk
          Clock: (R) SYS_CLK
       Endpoint: (R) D2_REG1_reg[13]/d
          Clock: (R) SYS_CLK

                     Capture       Launch     
        Clock Edge:+    5000            0     
       Src Latency:+       0            0     
       Net Latency:+       0 (I)        0 (I) 
           Arrival:=    5000            0     
                                              
             Setup:-     233                  
     Required Time:=    4767                  
      Launch Clock:-       0                  
         Data Path:-    2148                  
             Slack:=    2619                  

#-------------------------------------------------------------------------------------------------------------------------
#             Timing Point               Flags    Arc    Edge       Cell         Fanout Load Trans Delay Arrival Instance 
#                                                                                       (fF)  (ps)  (ps)   (ps)  Location 
#-------------------------------------------------------------------------------------------------------------------------
  F1_P_STATE_reg[1]/clk                  -       -       R     (arrival)             35    -     0     0       0    (-,-) 
  F1_P_STATE_reg[1]/q                    (u)     clk->q  F     unmapped_d_flop        4  4.0     0   238     238    (-,-) 
  g196/z                                 (u)     in_1->z R     unmapped_nand2         1  1.0     0    54     291    (-,-) 
  g191/z                                 (u)     in_1->z R     unmapped_or2          17 17.0     0   122     413    (-,-) 
  g211/z                                 (u)     in_0->z F     unmapped_complex2      4  4.0     0    77     490    (-,-) 
  D2_WALLACE_CSA_DUMMY_OP_groupi/g1201/z (u)     in_0->z R     unmapped_nand2         4  4.0     0    77     567    (-,-) 
  D2_WALLACE_CSA_DUMMY_OP_groupi/g1087/z (u)     in_1->z F     unmapped_complex2      1  1.0     0    54     621    (-,-) 
  D2_WALLACE_CSA_DUMMY_OP_groupi/g1088/z (u)     in_1->z R     unmapped_nand2         2  2.0     0    62     683    (-,-) 
  D2_WALLACE_CSA_DUMMY_OP_groupi/g1043/z (u)     in_0->z R     unmapped_or2           1  1.0     0    54     737    (-,-) 
  D2_WALLACE_CSA_DUMMY_OP_groupi/g1044/z (u)     in_1->z F     unmapped_nand2         2  2.0     0    62     799    (-,-) 
  D2_WALLACE_CSA_DUMMY_OP_groupi/g1012/z (u)     in_0->z F     unmapped_complex2      2  2.0     0    62     862    (-,-) 
  D2_WALLACE_CSA_DUMMY_OP_groupi/g954/z  (u)     in_0->z R     unmapped_nand2         1  1.0     0    54     916    (-,-) 
  D2_WALLACE_CSA_DUMMY_OP_groupi/g949/z  (u)     in_1->z F     unmapped_nand2         3  3.0     0    70     986    (-,-) 
  D2_WALLACE_CSA_DUMMY_OP_groupi/g907/z  (u)     in_1->z R     unmapped_nand2         1  1.0     0    54    1040    (-,-) 
  D2_WALLACE_CSA_DUMMY_OP_groupi/g888/z  (u)     in_0->z F     unmapped_nand2         3  3.0     0    70    1110    (-,-) 
  D2_WALLACE_CSA_DUMMY_OP_groupi/g880/z  (u)     in_1->z R     unmapped_nand2         2  2.0     0    62    1173    (-,-) 
  D2_WALLACE_CSA_DUMMY_OP_groupi/g876/z  (u)     in_0->z R     unmapped_complex2      1  1.0     0    54    1226    (-,-) 
  D2_WALLACE_CSA_DUMMY_OP_groupi/g875/z  (u)     in_0->z F     unmapped_complex2      3  3.0     0    70    1297    (-,-) 
  D2_WALLACE_CSA_DUMMY_OP_groupi/g868/z  (u)     in_1->z R     unmapped_nand2         1  1.0     0    54    1351    (-,-) 
  D2_WALLACE_CSA_DUMMY_OP_groupi/g867/z  (u)     in_1->z F     unmapped_nand2         3  3.0     0    70    1421    (-,-) 
  D2_WALLACE_CSA_DUMMY_OP_groupi/g863/z  (u)     in_0->z R     unmapped_nand2         1  1.0     0    54    1475    (-,-) 
  D2_WALLACE_CSA_DUMMY_OP_groupi/g862/z  (u)     in_0->z F     unmapped_nand2         4  4.0     0    77    1552    (-,-) 
  D2_WALLACE_CSA_DUMMY_OP_groupi/g857/z  (u)     in_0->z R     unmapped_complex2      1  1.0     0    54    1605    (-,-) 
  D2_WALLACE_CSA_DUMMY_OP_groupi/g855/z  (u)     in_0->z F     unmapped_complex2      3  3.0     0    70    1676    (-,-) 
  D2_WALLACE_CSA_DUMMY_OP_groupi/g851/z  (u)     in_1->z R     unmapped_nand2         1  1.0     0    54    1730    (-,-) 
  D2_WALLACE_CSA_DUMMY_OP_groupi/g847/z  (u)     in_1->z F     unmapped_nand2         3  3.0     0    70    1800    (-,-) 
  D2_WALLACE_CSA_DUMMY_OP_groupi/g846/z  (u)     in_1->z R     unmapped_nand2         1  1.0     0    54    1854    (-,-) 
  D2_WALLACE_CSA_DUMMY_OP_groupi/g842/z  (u)     in_1->z F     unmapped_nand2         3  3.0     0    70    1924    (-,-) 
  D2_WALLACE_CSA_DUMMY_OP_groupi/g841/z  (u)     in_1->z R     unmapped_nand2         1  1.0     0    54    1978    (-,-) 
  D2_WALLACE_CSA_DUMMY_OP_groupi/g837/z  (u)     in_0->z F     unmapped_nand2         2  2.0     0    62    2040    (-,-) 
  D2_WALLACE_CSA_DUMMY_OP_groupi/g835/z  (u)     in_0->z F     unmapped_or2           1  1.0     0    54    2094    (-,-) 
  D2_WALLACE_CSA_DUMMY_OP_groupi/g836/z  (u)     in_1->z R     unmapped_nand2         1  1.0     0    54    2148    (-,-) 
  D2_REG1_reg[13]/d                      -       -       R     unmapped_d_flop        1    -     -     0    2148    (-,-) 
#-------------------------------------------------------------------------------------------------------------------------

(u) : Net has unmapped pin(s).



Path 2: MET (2735 ps) Setup Check with Pin D2_REG1_reg[12]/clk->d
          Group: C2C
     Startpoint: (R) F1_P_STATE_reg[1]/clk
          Clock: (R) SYS_CLK
       Endpoint: (R) D2_REG1_reg[12]/d
          Clock: (R) SYS_CLK

                     Capture       Launch     
        Clock Edge:+    5000            0     
       Src Latency:+       0            0     
       Net Latency:+       0 (I)        0 (I) 
           Arrival:=    5000            0     
                                              
             Setup:-     233                  
     Required Time:=    4767                  
      Launch Clock:-       0                  
         Data Path:-    2032                  
             Slack:=    2735                  

#-------------------------------------------------------------------------------------------------------------------------
#             Timing Point               Flags    Arc    Edge       Cell         Fanout Load Trans Delay Arrival Instance 
#                                                                                       (fF)  (ps)  (ps)   (ps)  Location 
#-------------------------------------------------------------------------------------------------------------------------
  F1_P_STATE_reg[1]/clk                  -       -       R     (arrival)             35    -     0     0       0    (-,-) 
  F1_P_STATE_reg[1]/q                    (u)     clk->q  F     unmapped_d_flop        4  4.0     0   238     238    (-,-) 
  g196/z                                 (u)     in_1->z R     unmapped_nand2         1  1.0     0    54     291    (-,-) 
  g191/z                                 (u)     in_1->z R     unmapped_or2          17 17.0     0   122     413    (-,-) 
  g211/z                                 (u)     in_0->z F     unmapped_complex2      4  4.0     0    77     490    (-,-) 
  D2_WALLACE_CSA_DUMMY_OP_groupi/g1201/z (u)     in_0->z R     unmapped_nand2         4  4.0     0    77     567    (-,-) 
  D2_WALLACE_CSA_DUMMY_OP_groupi/g1087/z (u)     in_1->z F     unmapped_complex2      1  1.0     0    54     621    (-,-) 
  D2_WALLACE_CSA_DUMMY_OP_groupi/g1088/z (u)     in_1->z R     unmapped_nand2         2  2.0     0    62     683    (-,-) 
  D2_WALLACE_CSA_DUMMY_OP_groupi/g1043/z (u)     in_0->z R     unmapped_or2           1  1.0     0    54     737    (-,-) 
  D2_WALLACE_CSA_DUMMY_OP_groupi/g1044/z (u)     in_1->z F     unmapped_nand2         2  2.0     0    62     799    (-,-) 
  D2_WALLACE_CSA_DUMMY_OP_groupi/g1012/z (u)     in_0->z F     unmapped_complex2      2  2.0     0    62     862    (-,-) 
  D2_WALLACE_CSA_DUMMY_OP_groupi/g954/z  (u)     in_0->z R     unmapped_nand2         1  1.0     0    54     916    (-,-) 
  D2_WALLACE_CSA_DUMMY_OP_groupi/g949/z  (u)     in_1->z F     unmapped_nand2         3  3.0     0    70     986    (-,-) 
  D2_WALLACE_CSA_DUMMY_OP_groupi/g907/z  (u)     in_1->z R     unmapped_nand2         1  1.0     0    54    1040    (-,-) 
  D2_WALLACE_CSA_DUMMY_OP_groupi/g888/z  (u)     in_0->z F     unmapped_nand2         3  3.0     0    70    1110    (-,-) 
  D2_WALLACE_CSA_DUMMY_OP_groupi/g880/z  (u)     in_1->z R     unmapped_nand2         2  2.0     0    62    1173    (-,-) 
  D2_WALLACE_CSA_DUMMY_OP_groupi/g876/z  (u)     in_0->z R     unmapped_complex2      1  1.0     0    54    1226    (-,-) 
  D2_WALLACE_CSA_DUMMY_OP_groupi/g875/z  (u)     in_0->z F     unmapped_complex2      3  3.0     0    70    1297    (-,-) 
  D2_WALLACE_CSA_DUMMY_OP_groupi/g868/z  (u)     in_1->z R     unmapped_nand2         1  1.0     0    54    1351    (-,-) 
  D2_WALLACE_CSA_DUMMY_OP_groupi/g867/z  (u)     in_1->z F     unmapped_nand2         3  3.0     0    70    1421    (-,-) 
  D2_WALLACE_CSA_DUMMY_OP_groupi/g863/z  (u)     in_0->z R     unmapped_nand2         1  1.0     0    54    1475    (-,-) 
  D2_WALLACE_CSA_DUMMY_OP_groupi/g862/z  (u)     in_0->z F     unmapped_nand2         4  4.0     0    77    1552    (-,-) 
  D2_WALLACE_CSA_DUMMY_OP_groupi/g857/z  (u)     in_0->z R     unmapped_complex2      1  1.0     0    54    1605    (-,-) 
  D2_WALLACE_CSA_DUMMY_OP_groupi/g855/z  (u)     in_0->z F     unmapped_complex2      3  3.0     0    70    1676    (-,-) 
  D2_WALLACE_CSA_DUMMY_OP_groupi/g851/z  (u)     in_1->z R     unmapped_nand2         1  1.0     0    54    1730    (-,-) 
  D2_WALLACE_CSA_DUMMY_OP_groupi/g847/z  (u)     in_1->z F     unmapped_nand2         3  3.0     0    70    1800    (-,-) 
  D2_WALLACE_CSA_DUMMY_OP_groupi/g846/z  (u)     in_1->z R     unmapped_nand2         1  1.0     0    54    1854    (-,-) 
  D2_WALLACE_CSA_DUMMY_OP_groupi/g842/z  (u)     in_1->z F     unmapped_nand2         3  3.0     0    70    1924    (-,-) 
  D2_WALLACE_CSA_DUMMY_OP_groupi/g839/z  (u)     in_0->z F     unmapped_or2           1  1.0     0    54    1978    (-,-) 
  D2_WALLACE_CSA_DUMMY_OP_groupi/g840/z  (u)     in_1->z R     unmapped_nand2         1  1.0     0    54    2032    (-,-) 
  D2_REG1_reg[12]/d                      -       -       R     unmapped_d_flop        1    -     -     0    2032    (-,-) 
#-------------------------------------------------------------------------------------------------------------------------

(u) : Net has unmapped pin(s).



Path 3: MET (2859 ps) Setup Check with Pin D2_REG1_reg[11]/clk->d
          Group: C2C
     Startpoint: (R) F1_P_STATE_reg[1]/clk
          Clock: (R) SYS_CLK
       Endpoint: (R) D2_REG1_reg[11]/d
          Clock: (R) SYS_CLK

                     Capture       Launch     
        Clock Edge:+    5000            0     
       Src Latency:+       0            0     
       Net Latency:+       0 (I)        0 (I) 
           Arrival:=    5000            0     
                                              
             Setup:-     233                  
     Required Time:=    4767                  
      Launch Clock:-       0                  
         Data Path:-    1908                  
             Slack:=    2859                  

#-------------------------------------------------------------------------------------------------------------------------
#             Timing Point               Flags    Arc    Edge       Cell         Fanout Load Trans Delay Arrival Instance 
#                                                                                       (fF)  (ps)  (ps)   (ps)  Location 
#-------------------------------------------------------------------------------------------------------------------------
  F1_P_STATE_reg[1]/clk                  -       -       R     (arrival)             35    -     0     0       0    (-,-) 
  F1_P_STATE_reg[1]/q                    (u)     clk->q  F     unmapped_d_flop        4  4.0     0   238     238    (-,-) 
  g196/z                                 (u)     in_1->z R     unmapped_nand2         1  1.0     0    54     291    (-,-) 
  g191/z                                 (u)     in_1->z R     unmapped_or2          17 17.0     0   122     413    (-,-) 
  g211/z                                 (u)     in_0->z F     unmapped_complex2      4  4.0     0    77     490    (-,-) 
  D2_WALLACE_CSA_DUMMY_OP_groupi/g1201/z (u)     in_0->z R     unmapped_nand2         4  4.0     0    77     567    (-,-) 
  D2_WALLACE_CSA_DUMMY_OP_groupi/g1087/z (u)     in_1->z F     unmapped_complex2      1  1.0     0    54     621    (-,-) 
  D2_WALLACE_CSA_DUMMY_OP_groupi/g1088/z (u)     in_1->z R     unmapped_nand2         2  2.0     0    62     683    (-,-) 
  D2_WALLACE_CSA_DUMMY_OP_groupi/g1043/z (u)     in_0->z R     unmapped_or2           1  1.0     0    54     737    (-,-) 
  D2_WALLACE_CSA_DUMMY_OP_groupi/g1044/z (u)     in_1->z F     unmapped_nand2         2  2.0     0    62     799    (-,-) 
  D2_WALLACE_CSA_DUMMY_OP_groupi/g1012/z (u)     in_0->z F     unmapped_complex2      2  2.0     0    62     862    (-,-) 
  D2_WALLACE_CSA_DUMMY_OP_groupi/g954/z  (u)     in_0->z R     unmapped_nand2         1  1.0     0    54     916    (-,-) 
  D2_WALLACE_CSA_DUMMY_OP_groupi/g949/z  (u)     in_1->z F     unmapped_nand2         3  3.0     0    70     986    (-,-) 
  D2_WALLACE_CSA_DUMMY_OP_groupi/g907/z  (u)     in_1->z R     unmapped_nand2         1  1.0     0    54    1040    (-,-) 
  D2_WALLACE_CSA_DUMMY_OP_groupi/g888/z  (u)     in_0->z F     unmapped_nand2         3  3.0     0    70    1110    (-,-) 
  D2_WALLACE_CSA_DUMMY_OP_groupi/g880/z  (u)     in_1->z R     unmapped_nand2         2  2.0     0    62    1173    (-,-) 
  D2_WALLACE_CSA_DUMMY_OP_groupi/g876/z  (u)     in_0->z R     unmapped_complex2      1  1.0     0    54    1226    (-,-) 
  D2_WALLACE_CSA_DUMMY_OP_groupi/g875/z  (u)     in_0->z F     unmapped_complex2      3  3.0     0    70    1297    (-,-) 
  D2_WALLACE_CSA_DUMMY_OP_groupi/g868/z  (u)     in_1->z R     unmapped_nand2         1  1.0     0    54    1351    (-,-) 
  D2_WALLACE_CSA_DUMMY_OP_groupi/g867/z  (u)     in_1->z F     unmapped_nand2         3  3.0     0    70    1421    (-,-) 
  D2_WALLACE_CSA_DUMMY_OP_groupi/g863/z  (u)     in_0->z R     unmapped_nand2         1  1.0     0    54    1475    (-,-) 
  D2_WALLACE_CSA_DUMMY_OP_groupi/g862/z  (u)     in_0->z F     unmapped_nand2         4  4.0     0    77    1552    (-,-) 
  D2_WALLACE_CSA_DUMMY_OP_groupi/g857/z  (u)     in_0->z R     unmapped_complex2      1  1.0     0    54    1605    (-,-) 
  D2_WALLACE_CSA_DUMMY_OP_groupi/g855/z  (u)     in_0->z F     unmapped_complex2      3  3.0     0    70    1676    (-,-) 
  D2_WALLACE_CSA_DUMMY_OP_groupi/g851/z  (u)     in_1->z R     unmapped_nand2         1  1.0     0    54    1730    (-,-) 
  D2_WALLACE_CSA_DUMMY_OP_groupi/g847/z  (u)     in_1->z F     unmapped_nand2         3  3.0     0    70    1800    (-,-) 
  D2_WALLACE_CSA_DUMMY_OP_groupi/g844/z  (u)     in_0->z F     unmapped_or2           1  1.0     0    54    1854    (-,-) 
  D2_WALLACE_CSA_DUMMY_OP_groupi/g845/z  (u)     in_1->z R     unmapped_nand2         1  1.0     0    54    1908    (-,-) 
  D2_REG1_reg[11]/d                      -       -       R     unmapped_d_flop        1    -     -     0    1908    (-,-) 
#-------------------------------------------------------------------------------------------------------------------------

(u) : Net has unmapped pin(s).



Path 4: MET (2983 ps) Setup Check with Pin D2_REG1_reg[10]/clk->d
          Group: C2C
     Startpoint: (R) F1_P_STATE_reg[1]/clk
          Clock: (R) SYS_CLK
       Endpoint: (R) D2_REG1_reg[10]/d
          Clock: (R) SYS_CLK

                     Capture       Launch     
        Clock Edge:+    5000            0     
       Src Latency:+       0            0     
       Net Latency:+       0 (I)        0 (I) 
           Arrival:=    5000            0     
                                              
             Setup:-     233                  
     Required Time:=    4767                  
      Launch Clock:-       0                  
         Data Path:-    1783                  
             Slack:=    2983                  

#-------------------------------------------------------------------------------------------------------------------------
#             Timing Point               Flags    Arc    Edge       Cell         Fanout Load Trans Delay Arrival Instance 
#                                                                                       (fF)  (ps)  (ps)   (ps)  Location 
#-------------------------------------------------------------------------------------------------------------------------
  F1_P_STATE_reg[1]/clk                  -       -       R     (arrival)             35    -     0     0       0    (-,-) 
  F1_P_STATE_reg[1]/q                    (u)     clk->q  F     unmapped_d_flop        4  4.0     0   238     238    (-,-) 
  g196/z                                 (u)     in_1->z R     unmapped_nand2         1  1.0     0    54     291    (-,-) 
  g191/z                                 (u)     in_1->z R     unmapped_or2          17 17.0     0   122     413    (-,-) 
  g211/z                                 (u)     in_0->z F     unmapped_complex2      4  4.0     0    77     490    (-,-) 
  D2_WALLACE_CSA_DUMMY_OP_groupi/g1201/z (u)     in_0->z R     unmapped_nand2         4  4.0     0    77     567    (-,-) 
  D2_WALLACE_CSA_DUMMY_OP_groupi/g1087/z (u)     in_1->z F     unmapped_complex2      1  1.0     0    54     621    (-,-) 
  D2_WALLACE_CSA_DUMMY_OP_groupi/g1088/z (u)     in_1->z R     unmapped_nand2         2  2.0     0    62     683    (-,-) 
  D2_WALLACE_CSA_DUMMY_OP_groupi/g1043/z (u)     in_0->z R     unmapped_or2           1  1.0     0    54     737    (-,-) 
  D2_WALLACE_CSA_DUMMY_OP_groupi/g1044/z (u)     in_1->z F     unmapped_nand2         2  2.0     0    62     799    (-,-) 
  D2_WALLACE_CSA_DUMMY_OP_groupi/g1012/z (u)     in_0->z F     unmapped_complex2      2  2.0     0    62     862    (-,-) 
  D2_WALLACE_CSA_DUMMY_OP_groupi/g954/z  (u)     in_0->z R     unmapped_nand2         1  1.0     0    54     916    (-,-) 
  D2_WALLACE_CSA_DUMMY_OP_groupi/g949/z  (u)     in_1->z F     unmapped_nand2         3  3.0     0    70     986    (-,-) 
  D2_WALLACE_CSA_DUMMY_OP_groupi/g907/z  (u)     in_1->z R     unmapped_nand2         1  1.0     0    54    1040    (-,-) 
  D2_WALLACE_CSA_DUMMY_OP_groupi/g888/z  (u)     in_0->z F     unmapped_nand2         3  3.0     0    70    1110    (-,-) 
  D2_WALLACE_CSA_DUMMY_OP_groupi/g880/z  (u)     in_1->z R     unmapped_nand2         2  2.0     0    62    1173    (-,-) 
  D2_WALLACE_CSA_DUMMY_OP_groupi/g876/z  (u)     in_0->z R     unmapped_complex2      1  1.0     0    54    1226    (-,-) 
  D2_WALLACE_CSA_DUMMY_OP_groupi/g875/z  (u)     in_0->z F     unmapped_complex2      3  3.0     0    70    1297    (-,-) 
  D2_WALLACE_CSA_DUMMY_OP_groupi/g868/z  (u)     in_1->z R     unmapped_nand2         1  1.0     0    54    1351    (-,-) 
  D2_WALLACE_CSA_DUMMY_OP_groupi/g867/z  (u)     in_1->z F     unmapped_nand2         3  3.0     0    70    1421    (-,-) 
  D2_WALLACE_CSA_DUMMY_OP_groupi/g863/z  (u)     in_0->z R     unmapped_nand2         1  1.0     0    54    1475    (-,-) 
  D2_WALLACE_CSA_DUMMY_OP_groupi/g862/z  (u)     in_0->z F     unmapped_nand2         4  4.0     0    77    1552    (-,-) 
  D2_WALLACE_CSA_DUMMY_OP_groupi/g857/z  (u)     in_0->z R     unmapped_complex2      1  1.0     0    54    1605    (-,-) 
  D2_WALLACE_CSA_DUMMY_OP_groupi/g855/z  (u)     in_0->z F     unmapped_complex2      3  3.0     0    70    1676    (-,-) 
  D2_WALLACE_CSA_DUMMY_OP_groupi/g849/z  (u)     in_0->z F     unmapped_or2           1  1.0     0    54    1730    (-,-) 
  D2_WALLACE_CSA_DUMMY_OP_groupi/g850/z  (u)     in_1->z R     unmapped_nand2         1  1.0     0    54    1783    (-,-) 
  D2_REG1_reg[10]/d                      -       -       R     unmapped_d_flop        1    -     -     0    1783    (-,-) 
#-------------------------------------------------------------------------------------------------------------------------

(u) : Net has unmapped pin(s).



Path 5: MET (2991 ps) Setup Check with Pin D2_REG1_reg[9]/clk->d
          Group: C2C
     Startpoint: (R) F1_P_STATE_reg[1]/clk
          Clock: (R) SYS_CLK
       Endpoint: (R) D2_REG1_reg[9]/d
          Clock: (R) SYS_CLK

                     Capture       Launch     
        Clock Edge:+    5000            0     
       Src Latency:+       0            0     
       Net Latency:+       0 (I)        0 (I) 
           Arrival:=    5000            0     
                                              
             Setup:-     233                  
     Required Time:=    4767                  
      Launch Clock:-       0                  
         Data Path:-    1775                  
             Slack:=    2991                  

#-------------------------------------------------------------------------------------------------------------------------
#             Timing Point               Flags    Arc    Edge       Cell         Fanout Load Trans Delay Arrival Instance 
#                                                                                       (fF)  (ps)  (ps)   (ps)  Location 
#-------------------------------------------------------------------------------------------------------------------------
  F1_P_STATE_reg[1]/clk                  -       -       R     (arrival)             35    -     0     0       0    (-,-) 
  F1_P_STATE_reg[1]/q                    (u)     clk->q  F     unmapped_d_flop        4  4.0     0   238     238    (-,-) 
  g196/z                                 (u)     in_1->z R     unmapped_nand2         1  1.0     0    54     291    (-,-) 
  g191/z                                 (u)     in_1->z R     unmapped_or2          17 17.0     0   122     413    (-,-) 
  g211/z                                 (u)     in_0->z F     unmapped_complex2      4  4.0     0    77     490    (-,-) 
  D2_WALLACE_CSA_DUMMY_OP_groupi/g1201/z (u)     in_0->z R     unmapped_nand2         4  4.0     0    77     567    (-,-) 
  D2_WALLACE_CSA_DUMMY_OP_groupi/g1087/z (u)     in_1->z F     unmapped_complex2      1  1.0     0    54     621    (-,-) 
  D2_WALLACE_CSA_DUMMY_OP_groupi/g1088/z (u)     in_1->z R     unmapped_nand2         2  2.0     0    62     683    (-,-) 
  D2_WALLACE_CSA_DUMMY_OP_groupi/g1043/z (u)     in_0->z R     unmapped_or2           1  1.0     0    54     737    (-,-) 
  D2_WALLACE_CSA_DUMMY_OP_groupi/g1044/z (u)     in_1->z F     unmapped_nand2         2  2.0     0    62     799    (-,-) 
  D2_WALLACE_CSA_DUMMY_OP_groupi/g1012/z (u)     in_0->z F     unmapped_complex2      2  2.0     0    62     862    (-,-) 
  D2_WALLACE_CSA_DUMMY_OP_groupi/g954/z  (u)     in_0->z R     unmapped_nand2         1  1.0     0    54     916    (-,-) 
  D2_WALLACE_CSA_DUMMY_OP_groupi/g949/z  (u)     in_1->z F     unmapped_nand2         3  3.0     0    70     986    (-,-) 
  D2_WALLACE_CSA_DUMMY_OP_groupi/g907/z  (u)     in_1->z R     unmapped_nand2         1  1.0     0    54    1040    (-,-) 
  D2_WALLACE_CSA_DUMMY_OP_groupi/g888/z  (u)     in_0->z F     unmapped_nand2         3  3.0     0    70    1110    (-,-) 
  D2_WALLACE_CSA_DUMMY_OP_groupi/g880/z  (u)     in_1->z R     unmapped_nand2         2  2.0     0    62    1173    (-,-) 
  D2_WALLACE_CSA_DUMMY_OP_groupi/g876/z  (u)     in_0->z R     unmapped_complex2      1  1.0     0    54    1226    (-,-) 
  D2_WALLACE_CSA_DUMMY_OP_groupi/g875/z  (u)     in_0->z F     unmapped_complex2      3  3.0     0    70    1297    (-,-) 
  D2_WALLACE_CSA_DUMMY_OP_groupi/g868/z  (u)     in_1->z R     unmapped_nand2         1  1.0     0    54    1351    (-,-) 
  D2_WALLACE_CSA_DUMMY_OP_groupi/g867/z  (u)     in_1->z F     unmapped_nand2         3  3.0     0    70    1421    (-,-) 
  D2_WALLACE_CSA_DUMMY_OP_groupi/g863/z  (u)     in_0->z R     unmapped_nand2         1  1.0     0    54    1475    (-,-) 
  D2_WALLACE_CSA_DUMMY_OP_groupi/g862/z  (u)     in_0->z F     unmapped_nand2         4  4.0     0    77    1552    (-,-) 
  D2_WALLACE_CSA_DUMMY_OP_groupi/g861/z  (u)     in_1->z R     unmapped_nand2         1  1.0     0    54    1605    (-,-) 
  D2_WALLACE_CSA_DUMMY_OP_groupi/g856/z  (u)     in_1->z F     unmapped_nand2         2  2.0     0    62    1668    (-,-) 
  D2_WALLACE_CSA_DUMMY_OP_groupi/g853/z  (u)     in_0->z F     unmapped_or2           1  1.0     0    54    1722    (-,-) 
  D2_WALLACE_CSA_DUMMY_OP_groupi/g854/z  (u)     in_1->z R     unmapped_nand2         1  1.0     0    54    1775    (-,-) 
  D2_REG1_reg[9]/d                       -       -       R     unmapped_d_flop        1    -     -     0    1775    (-,-) 
#-------------------------------------------------------------------------------------------------------------------------

(u) : Net has unmapped pin(s).



Path 6: MET (3108 ps) Setup Check with Pin D2_REG1_reg[8]/clk->d
          Group: C2C
     Startpoint: (R) F1_P_STATE_reg[1]/clk
          Clock: (R) SYS_CLK
       Endpoint: (R) D2_REG1_reg[8]/d
          Clock: (R) SYS_CLK

                     Capture       Launch     
        Clock Edge:+    5000            0     
       Src Latency:+       0            0     
       Net Latency:+       0 (I)        0 (I) 
           Arrival:=    5000            0     
                                              
             Setup:-     233                  
     Required Time:=    4767                  
      Launch Clock:-       0                  
         Data Path:-    1659                  
             Slack:=    3108                  

#-------------------------------------------------------------------------------------------------------------------------
#             Timing Point               Flags    Arc    Edge       Cell         Fanout Load Trans Delay Arrival Instance 
#                                                                                       (fF)  (ps)  (ps)   (ps)  Location 
#-------------------------------------------------------------------------------------------------------------------------
  F1_P_STATE_reg[1]/clk                  -       -       R     (arrival)             35    -     0     0       0    (-,-) 
  F1_P_STATE_reg[1]/q                    (u)     clk->q  F     unmapped_d_flop        4  4.0     0   238     238    (-,-) 
  g196/z                                 (u)     in_1->z R     unmapped_nand2         1  1.0     0    54     291    (-,-) 
  g191/z                                 (u)     in_1->z R     unmapped_or2          17 17.0     0   122     413    (-,-) 
  g211/z                                 (u)     in_0->z F     unmapped_complex2      4  4.0     0    77     490    (-,-) 
  D2_WALLACE_CSA_DUMMY_OP_groupi/g1201/z (u)     in_0->z R     unmapped_nand2         4  4.0     0    77     567    (-,-) 
  D2_WALLACE_CSA_DUMMY_OP_groupi/g1087/z (u)     in_1->z F     unmapped_complex2      1  1.0     0    54     621    (-,-) 
  D2_WALLACE_CSA_DUMMY_OP_groupi/g1088/z (u)     in_1->z R     unmapped_nand2         2  2.0     0    62     683    (-,-) 
  D2_WALLACE_CSA_DUMMY_OP_groupi/g1043/z (u)     in_0->z R     unmapped_or2           1  1.0     0    54     737    (-,-) 
  D2_WALLACE_CSA_DUMMY_OP_groupi/g1044/z (u)     in_1->z F     unmapped_nand2         2  2.0     0    62     799    (-,-) 
  D2_WALLACE_CSA_DUMMY_OP_groupi/g1012/z (u)     in_0->z F     unmapped_complex2      2  2.0     0    62     862    (-,-) 
  D2_WALLACE_CSA_DUMMY_OP_groupi/g954/z  (u)     in_0->z R     unmapped_nand2         1  1.0     0    54     916    (-,-) 
  D2_WALLACE_CSA_DUMMY_OP_groupi/g949/z  (u)     in_1->z F     unmapped_nand2         3  3.0     0    70     986    (-,-) 
  D2_WALLACE_CSA_DUMMY_OP_groupi/g907/z  (u)     in_1->z R     unmapped_nand2         1  1.0     0    54    1040    (-,-) 
  D2_WALLACE_CSA_DUMMY_OP_groupi/g888/z  (u)     in_0->z F     unmapped_nand2         3  3.0     0    70    1110    (-,-) 
  D2_WALLACE_CSA_DUMMY_OP_groupi/g880/z  (u)     in_1->z R     unmapped_nand2         2  2.0     0    62    1173    (-,-) 
  D2_WALLACE_CSA_DUMMY_OP_groupi/g876/z  (u)     in_0->z R     unmapped_complex2      1  1.0     0    54    1226    (-,-) 
  D2_WALLACE_CSA_DUMMY_OP_groupi/g875/z  (u)     in_0->z F     unmapped_complex2      3  3.0     0    70    1297    (-,-) 
  D2_WALLACE_CSA_DUMMY_OP_groupi/g868/z  (u)     in_1->z R     unmapped_nand2         1  1.0     0    54    1351    (-,-) 
  D2_WALLACE_CSA_DUMMY_OP_groupi/g867/z  (u)     in_1->z F     unmapped_nand2         3  3.0     0    70    1421    (-,-) 
  D2_WALLACE_CSA_DUMMY_OP_groupi/g863/z  (u)     in_0->z R     unmapped_nand2         1  1.0     0    54    1475    (-,-) 
  D2_WALLACE_CSA_DUMMY_OP_groupi/g862/z  (u)     in_0->z F     unmapped_nand2         4  4.0     0    77    1552    (-,-) 
  D2_WALLACE_CSA_DUMMY_OP_groupi/g859/z  (u)     in_0->z F     unmapped_or2           1  1.0     0    54    1605    (-,-) 
  D2_WALLACE_CSA_DUMMY_OP_groupi/g860/z  (u)     in_1->z R     unmapped_nand2         1  1.0     0    54    1659    (-,-) 
  D2_REG1_reg[8]/d                       -       -       R     unmapped_d_flop        1    -     -     0    1659    (-,-) 
#-------------------------------------------------------------------------------------------------------------------------

(u) : Net has unmapped pin(s).



Path 7: MET (3238 ps) Setup Check with Pin D2_REG1_reg[7]/clk->d
          Group: C2C
     Startpoint: (R) F1_P_STATE_reg[1]/clk
          Clock: (R) SYS_CLK
       Endpoint: (R) D2_REG1_reg[7]/d
          Clock: (R) SYS_CLK

                     Capture       Launch     
        Clock Edge:+    5000            0     
       Src Latency:+       0            0     
       Net Latency:+       0 (I)        0 (I) 
           Arrival:=    5000            0     
                                              
             Setup:-     233                  
     Required Time:=    4767                  
      Launch Clock:-       0                  
         Data Path:-    1529                  
             Slack:=    3238                  

#-------------------------------------------------------------------------------------------------------------------------
#             Timing Point               Flags    Arc    Edge       Cell         Fanout Load Trans Delay Arrival Instance 
#                                                                                       (fF)  (ps)  (ps)   (ps)  Location 
#-------------------------------------------------------------------------------------------------------------------------
  F1_P_STATE_reg[1]/clk                  -       -       R     (arrival)             35    -     0     0       0    (-,-) 
  F1_P_STATE_reg[1]/q                    (u)     clk->q  F     unmapped_d_flop        4  4.0     0   238     238    (-,-) 
  g196/z                                 (u)     in_1->z R     unmapped_nand2         1  1.0     0    54     291    (-,-) 
  g191/z                                 (u)     in_1->z R     unmapped_or2          17 17.0     0   122     413    (-,-) 
  g211/z                                 (u)     in_0->z F     unmapped_complex2      4  4.0     0    77     490    (-,-) 
  D2_WALLACE_CSA_DUMMY_OP_groupi/g1201/z (u)     in_0->z R     unmapped_nand2         4  4.0     0    77     567    (-,-) 
  D2_WALLACE_CSA_DUMMY_OP_groupi/g1087/z (u)     in_1->z F     unmapped_complex2      1  1.0     0    54     621    (-,-) 
  D2_WALLACE_CSA_DUMMY_OP_groupi/g1088/z (u)     in_1->z R     unmapped_nand2         2  2.0     0    62     683    (-,-) 
  D2_WALLACE_CSA_DUMMY_OP_groupi/g1043/z (u)     in_0->z R     unmapped_or2           1  1.0     0    54     737    (-,-) 
  D2_WALLACE_CSA_DUMMY_OP_groupi/g1044/z (u)     in_1->z F     unmapped_nand2         2  2.0     0    62     799    (-,-) 
  D2_WALLACE_CSA_DUMMY_OP_groupi/g1012/z (u)     in_0->z F     unmapped_complex2      2  2.0     0    62     862    (-,-) 
  D2_WALLACE_CSA_DUMMY_OP_groupi/g954/z  (u)     in_0->z R     unmapped_nand2         1  1.0     0    54     916    (-,-) 
  D2_WALLACE_CSA_DUMMY_OP_groupi/g949/z  (u)     in_1->z F     unmapped_nand2         3  3.0     0    70     986    (-,-) 
  D2_WALLACE_CSA_DUMMY_OP_groupi/g907/z  (u)     in_1->z R     unmapped_nand2         1  1.0     0    54    1040    (-,-) 
  D2_WALLACE_CSA_DUMMY_OP_groupi/g888/z  (u)     in_0->z F     unmapped_nand2         3  3.0     0    70    1110    (-,-) 
  D2_WALLACE_CSA_DUMMY_OP_groupi/g880/z  (u)     in_1->z R     unmapped_nand2         2  2.0     0    62    1173    (-,-) 
  D2_WALLACE_CSA_DUMMY_OP_groupi/g876/z  (u)     in_0->z R     unmapped_complex2      1  1.0     0    54    1226    (-,-) 
  D2_WALLACE_CSA_DUMMY_OP_groupi/g875/z  (u)     in_0->z F     unmapped_complex2      3  3.0     0    70    1297    (-,-) 
  D2_WALLACE_CSA_DUMMY_OP_groupi/g868/z  (u)     in_1->z R     unmapped_nand2         1  1.0     0    54    1351    (-,-) 
  D2_WALLACE_CSA_DUMMY_OP_groupi/g867/z  (u)     in_1->z F     unmapped_nand2         3  3.0     0    70    1421    (-,-) 
  D2_WALLACE_CSA_DUMMY_OP_groupi/g865/z  (u)     in_0->z F     unmapped_or2           1  1.0     0    54    1475    (-,-) 
  D2_WALLACE_CSA_DUMMY_OP_groupi/g866/z  (u)     in_1->z R     unmapped_nand2         1  1.0     0    54    1529    (-,-) 
  D2_REG1_reg[7]/d                       -       -       R     unmapped_d_flop        1    -     -     0    1529    (-,-) 
#-------------------------------------------------------------------------------------------------------------------------

(u) : Net has unmapped pin(s).



Path 8: MET (3362 ps) Setup Check with Pin D2_REG1_reg[6]/clk->d
          Group: C2C
     Startpoint: (R) F1_P_STATE_reg[1]/clk
          Clock: (R) SYS_CLK
       Endpoint: (R) D2_REG1_reg[6]/d
          Clock: (R) SYS_CLK

                     Capture       Launch     
        Clock Edge:+    5000            0     
       Src Latency:+       0            0     
       Net Latency:+       0 (I)        0 (I) 
           Arrival:=    5000            0     
                                              
             Setup:-     233                  
     Required Time:=    4767                  
      Launch Clock:-       0                  
         Data Path:-    1404                  
             Slack:=    3362                  

#-------------------------------------------------------------------------------------------------------------------------
#             Timing Point               Flags    Arc    Edge       Cell         Fanout Load Trans Delay Arrival Instance 
#                                                                                       (fF)  (ps)  (ps)   (ps)  Location 
#-------------------------------------------------------------------------------------------------------------------------
  F1_P_STATE_reg[1]/clk                  -       -       R     (arrival)             35    -     0     0       0    (-,-) 
  F1_P_STATE_reg[1]/q                    (u)     clk->q  F     unmapped_d_flop        4  4.0     0   238     238    (-,-) 
  g196/z                                 (u)     in_1->z R     unmapped_nand2         1  1.0     0    54     291    (-,-) 
  g191/z                                 (u)     in_1->z R     unmapped_or2          17 17.0     0   122     413    (-,-) 
  g211/z                                 (u)     in_0->z F     unmapped_complex2      4  4.0     0    77     490    (-,-) 
  D2_WALLACE_CSA_DUMMY_OP_groupi/g1201/z (u)     in_0->z R     unmapped_nand2         4  4.0     0    77     567    (-,-) 
  D2_WALLACE_CSA_DUMMY_OP_groupi/g1087/z (u)     in_1->z F     unmapped_complex2      1  1.0     0    54     621    (-,-) 
  D2_WALLACE_CSA_DUMMY_OP_groupi/g1088/z (u)     in_1->z R     unmapped_nand2         2  2.0     0    62     683    (-,-) 
  D2_WALLACE_CSA_DUMMY_OP_groupi/g1043/z (u)     in_0->z R     unmapped_or2           1  1.0     0    54     737    (-,-) 
  D2_WALLACE_CSA_DUMMY_OP_groupi/g1044/z (u)     in_1->z F     unmapped_nand2         2  2.0     0    62     799    (-,-) 
  D2_WALLACE_CSA_DUMMY_OP_groupi/g1012/z (u)     in_0->z F     unmapped_complex2      2  2.0     0    62     862    (-,-) 
  D2_WALLACE_CSA_DUMMY_OP_groupi/g954/z  (u)     in_0->z R     unmapped_nand2         1  1.0     0    54     916    (-,-) 
  D2_WALLACE_CSA_DUMMY_OP_groupi/g949/z  (u)     in_1->z F     unmapped_nand2         3  3.0     0    70     986    (-,-) 
  D2_WALLACE_CSA_DUMMY_OP_groupi/g907/z  (u)     in_1->z R     unmapped_nand2         1  1.0     0    54    1040    (-,-) 
  D2_WALLACE_CSA_DUMMY_OP_groupi/g888/z  (u)     in_0->z F     unmapped_nand2         3  3.0     0    70    1110    (-,-) 
  D2_WALLACE_CSA_DUMMY_OP_groupi/g880/z  (u)     in_1->z R     unmapped_nand2         2  2.0     0    62    1173    (-,-) 
  D2_WALLACE_CSA_DUMMY_OP_groupi/g876/z  (u)     in_0->z R     unmapped_complex2      1  1.0     0    54    1226    (-,-) 
  D2_WALLACE_CSA_DUMMY_OP_groupi/g875/z  (u)     in_0->z F     unmapped_complex2      3  3.0     0    70    1297    (-,-) 
  D2_WALLACE_CSA_DUMMY_OP_groupi/g870/z  (u)     in_0->z F     unmapped_or2           1  1.0     0    54    1351    (-,-) 
  D2_WALLACE_CSA_DUMMY_OP_groupi/g871/z  (u)     in_1->z R     unmapped_nand2         1  1.0     0    54    1404    (-,-) 
  D2_REG1_reg[6]/d                       -       -       R     unmapped_d_flop        1    -     -     0    1404    (-,-) 
#-------------------------------------------------------------------------------------------------------------------------

(u) : Net has unmapped pin(s).



Path 9: MET (3424 ps) Setup Check with Pin D2_REG1_reg[5]/clk->d
          Group: C2C
     Startpoint: (R) F1_P_STATE_reg[1]/clk
          Clock: (R) SYS_CLK
       Endpoint: (R) D2_REG1_reg[5]/d
          Clock: (R) SYS_CLK

                     Capture       Launch     
        Clock Edge:+    5000            0     
       Src Latency:+       0            0     
       Net Latency:+       0 (I)        0 (I) 
           Arrival:=    5000            0     
                                              
             Setup:-     233                  
     Required Time:=    4767                  
      Launch Clock:-       0                  
         Data Path:-    1343                  
             Slack:=    3424                  

#-------------------------------------------------------------------------------------------------------------------------
#             Timing Point               Flags    Arc    Edge       Cell         Fanout Load Trans Delay Arrival Instance 
#                                                                                       (fF)  (ps)  (ps)   (ps)  Location 
#-------------------------------------------------------------------------------------------------------------------------
  F1_P_STATE_reg[1]/clk                  -       -       R     (arrival)             35    -     0     0       0    (-,-) 
  F1_P_STATE_reg[1]/q                    (u)     clk->q  F     unmapped_d_flop        4  4.0     0   238     238    (-,-) 
  g196/z                                 (u)     in_1->z R     unmapped_nand2         1  1.0     0    54     291    (-,-) 
  g191/z                                 (u)     in_1->z R     unmapped_or2          17 17.0     0   122     413    (-,-) 
  g211/z                                 (u)     in_0->z F     unmapped_complex2      4  4.0     0    77     490    (-,-) 
  D2_WALLACE_CSA_DUMMY_OP_groupi/g1201/z (u)     in_0->z R     unmapped_nand2         4  4.0     0    77     567    (-,-) 
  D2_WALLACE_CSA_DUMMY_OP_groupi/g1087/z (u)     in_1->z F     unmapped_complex2      1  1.0     0    54     621    (-,-) 
  D2_WALLACE_CSA_DUMMY_OP_groupi/g1088/z (u)     in_1->z R     unmapped_nand2         2  2.0     0    62     683    (-,-) 
  D2_WALLACE_CSA_DUMMY_OP_groupi/g1043/z (u)     in_0->z R     unmapped_or2           1  1.0     0    54     737    (-,-) 
  D2_WALLACE_CSA_DUMMY_OP_groupi/g1044/z (u)     in_1->z F     unmapped_nand2         2  2.0     0    62     799    (-,-) 
  D2_WALLACE_CSA_DUMMY_OP_groupi/g1012/z (u)     in_0->z F     unmapped_complex2      2  2.0     0    62     862    (-,-) 
  D2_WALLACE_CSA_DUMMY_OP_groupi/g954/z  (u)     in_0->z R     unmapped_nand2         1  1.0     0    54     916    (-,-) 
  D2_WALLACE_CSA_DUMMY_OP_groupi/g949/z  (u)     in_1->z F     unmapped_nand2         3  3.0     0    70     986    (-,-) 
  D2_WALLACE_CSA_DUMMY_OP_groupi/g907/z  (u)     in_1->z R     unmapped_nand2         1  1.0     0    54    1040    (-,-) 
  D2_WALLACE_CSA_DUMMY_OP_groupi/g888/z  (u)     in_0->z F     unmapped_nand2         3  3.0     0    70    1110    (-,-) 
  D2_WALLACE_CSA_DUMMY_OP_groupi/g880/z  (u)     in_1->z R     unmapped_nand2         2  2.0     0    62    1173    (-,-) 
  D2_WALLACE_CSA_DUMMY_OP_groupi/g877/z  (u)     in_1->z F     unmapped_nand2         2  2.0     0    62    1235    (-,-) 
  D2_WALLACE_CSA_DUMMY_OP_groupi/g873/z  (u)     in_0->z F     unmapped_or2           1  1.0     0    54    1289    (-,-) 
  D2_WALLACE_CSA_DUMMY_OP_groupi/g874/z  (u)     in_1->z R     unmapped_nand2         1  1.0     0    54    1343    (-,-) 
  D2_REG1_reg[5]/d                       -       -       R     unmapped_d_flop        1    -     -     0    1343    (-,-) 
#-------------------------------------------------------------------------------------------------------------------------

(u) : Net has unmapped pin(s).



Path 10: MET (3549 ps) Setup Check with Pin D2_REG1_reg[4]/clk->d
          Group: C2C
     Startpoint: (R) F1_P_STATE_reg[1]/clk
          Clock: (R) SYS_CLK
       Endpoint: (R) D2_REG1_reg[4]/d
          Clock: (R) SYS_CLK

                     Capture       Launch     
        Clock Edge:+    5000            0     
       Src Latency:+       0            0     
       Net Latency:+       0 (I)        0 (I) 
           Arrival:=    5000            0     
                                              
             Setup:-     233                  
     Required Time:=    4767                  
      Launch Clock:-       0                  
         Data Path:-    1218                  
             Slack:=    3549                  

#-------------------------------------------------------------------------------------------------------------------------
#             Timing Point               Flags    Arc    Edge       Cell         Fanout Load Trans Delay Arrival Instance 
#                                                                                       (fF)  (ps)  (ps)   (ps)  Location 
#-------------------------------------------------------------------------------------------------------------------------
  F1_P_STATE_reg[1]/clk                  -       -       R     (arrival)             35    -     0     0       0    (-,-) 
  F1_P_STATE_reg[1]/q                    (u)     clk->q  F     unmapped_d_flop        4  4.0     0   238     238    (-,-) 
  g196/z                                 (u)     in_1->z R     unmapped_nand2         1  1.0     0    54     291    (-,-) 
  g191/z                                 (u)     in_1->z R     unmapped_or2          17 17.0     0   122     413    (-,-) 
  g211/z                                 (u)     in_0->z F     unmapped_complex2      4  4.0     0    77     490    (-,-) 
  D2_WALLACE_CSA_DUMMY_OP_groupi/g1201/z (u)     in_0->z R     unmapped_nand2         4  4.0     0    77     567    (-,-) 
  D2_WALLACE_CSA_DUMMY_OP_groupi/g1087/z (u)     in_1->z F     unmapped_complex2      1  1.0     0    54     621    (-,-) 
  D2_WALLACE_CSA_DUMMY_OP_groupi/g1088/z (u)     in_1->z R     unmapped_nand2         2  2.0     0    62     683    (-,-) 
  D2_WALLACE_CSA_DUMMY_OP_groupi/g1043/z (u)     in_0->z R     unmapped_or2           1  1.0     0    54     737    (-,-) 
  D2_WALLACE_CSA_DUMMY_OP_groupi/g1044/z (u)     in_1->z F     unmapped_nand2         2  2.0     0    62     799    (-,-) 
  D2_WALLACE_CSA_DUMMY_OP_groupi/g1012/z (u)     in_0->z F     unmapped_complex2      2  2.0     0    62     862    (-,-) 
  D2_WALLACE_CSA_DUMMY_OP_groupi/g954/z  (u)     in_0->z R     unmapped_nand2         1  1.0     0    54     916    (-,-) 
  D2_WALLACE_CSA_DUMMY_OP_groupi/g949/z  (u)     in_1->z F     unmapped_nand2         3  3.0     0    70     986    (-,-) 
  D2_WALLACE_CSA_DUMMY_OP_groupi/g907/z  (u)     in_1->z R     unmapped_nand2         1  1.0     0    54    1040    (-,-) 
  D2_WALLACE_CSA_DUMMY_OP_groupi/g888/z  (u)     in_0->z F     unmapped_nand2         3  3.0     0    70    1110    (-,-) 
  D2_WALLACE_CSA_DUMMY_OP_groupi/g882/z  (u)     in_0->z F     unmapped_or2           1  1.0     0    54    1164    (-,-) 
  D2_WALLACE_CSA_DUMMY_OP_groupi/g883/z  (u)     in_1->z R     unmapped_nand2         1  1.0     0    54    1218    (-,-) 
  D2_REG1_reg[4]/d                       -       -       R     unmapped_d_flop        1    -     -     0    1218    (-,-) 
#-------------------------------------------------------------------------------------------------------------------------

(u) : Net has unmapped pin(s).



Path 11: MET (3673 ps) Setup Check with Pin D2_REG1_reg[3]/clk->d
          Group: C2C
     Startpoint: (R) F1_P_STATE_reg[1]/clk
          Clock: (R) SYS_CLK
       Endpoint: (R) D2_REG1_reg[3]/d
          Clock: (R) SYS_CLK

                     Capture       Launch     
        Clock Edge:+    5000            0     
       Src Latency:+       0            0     
       Net Latency:+       0 (I)        0 (I) 
           Arrival:=    5000            0     
                                              
             Setup:-     233                  
     Required Time:=    4767                  
      Launch Clock:-       0                  
         Data Path:-    1094                  
             Slack:=    3673                  

#-------------------------------------------------------------------------------------------------------------------------
#             Timing Point               Flags    Arc    Edge       Cell         Fanout Load Trans Delay Arrival Instance 
#                                                                                       (fF)  (ps)  (ps)   (ps)  Location 
#-------------------------------------------------------------------------------------------------------------------------
  F1_P_STATE_reg[1]/clk                  -       -       R     (arrival)             35    -     0     0       0    (-,-) 
  F1_P_STATE_reg[1]/q                    (u)     clk->q  F     unmapped_d_flop        4  4.0     0   238     238    (-,-) 
  g196/z                                 (u)     in_1->z R     unmapped_nand2         1  1.0     0    54     291    (-,-) 
  g191/z                                 (u)     in_1->z R     unmapped_or2          17 17.0     0   122     413    (-,-) 
  g211/z                                 (u)     in_0->z F     unmapped_complex2      4  4.0     0    77     490    (-,-) 
  D2_WALLACE_CSA_DUMMY_OP_groupi/g1201/z (u)     in_0->z R     unmapped_nand2         4  4.0     0    77     567    (-,-) 
  D2_WALLACE_CSA_DUMMY_OP_groupi/g1087/z (u)     in_1->z F     unmapped_complex2      1  1.0     0    54     621    (-,-) 
  D2_WALLACE_CSA_DUMMY_OP_groupi/g1088/z (u)     in_1->z R     unmapped_nand2         2  2.0     0    62     683    (-,-) 
  D2_WALLACE_CSA_DUMMY_OP_groupi/g1043/z (u)     in_0->z R     unmapped_or2           1  1.0     0    54     737    (-,-) 
  D2_WALLACE_CSA_DUMMY_OP_groupi/g1044/z (u)     in_1->z F     unmapped_nand2         2  2.0     0    62     799    (-,-) 
  D2_WALLACE_CSA_DUMMY_OP_groupi/g1012/z (u)     in_0->z F     unmapped_complex2      2  2.0     0    62     862    (-,-) 
  D2_WALLACE_CSA_DUMMY_OP_groupi/g954/z  (u)     in_0->z R     unmapped_nand2         1  1.0     0    54     916    (-,-) 
  D2_WALLACE_CSA_DUMMY_OP_groupi/g949/z  (u)     in_1->z F     unmapped_nand2         3  3.0     0    70     986    (-,-) 
  D2_WALLACE_CSA_DUMMY_OP_groupi/g912/z  (u)     in_0->z F     unmapped_or2           1  1.0     0    54    1040    (-,-) 
  D2_WALLACE_CSA_DUMMY_OP_groupi/g913/z  (u)     in_1->z R     unmapped_nand2         1  1.0     0    54    1094    (-,-) 
  D2_REG1_reg[3]/d                       -       -       R     unmapped_d_flop        1    -     -     0    1094    (-,-) 
#-------------------------------------------------------------------------------------------------------------------------

(u) : Net has unmapped pin(s).



Path 12: MET (3735 ps) Setup Check with Pin D2_REG1_reg[2]/clk->d
          Group: C2C
     Startpoint: (R) F1_P_STATE_reg[1]/clk
          Clock: (R) SYS_CLK
       Endpoint: (R) D2_REG1_reg[2]/d
          Clock: (R) SYS_CLK

                     Capture       Launch     
        Clock Edge:+    5000            0     
       Src Latency:+       0            0     
       Net Latency:+       0 (I)        0 (I) 
           Arrival:=    5000            0     
                                              
             Setup:-     233                  
     Required Time:=    4767                  
      Launch Clock:-       0                  
         Data Path:-    1032                  
             Slack:=    3735                  

#-------------------------------------------------------------------------------------------------------------------------
#             Timing Point               Flags    Arc    Edge       Cell         Fanout Load Trans Delay Arrival Instance 
#                                                                                       (fF)  (ps)  (ps)   (ps)  Location 
#-------------------------------------------------------------------------------------------------------------------------
  F1_P_STATE_reg[1]/clk                  -       -       R     (arrival)             35    -     0     0       0    (-,-) 
  F1_P_STATE_reg[1]/q                    (u)     clk->q  F     unmapped_d_flop        4  4.0     0   238     238    (-,-) 
  g196/z                                 (u)     in_1->z R     unmapped_nand2         1  1.0     0    54     291    (-,-) 
  g191/z                                 (u)     in_1->z R     unmapped_or2          17 17.0     0   122     413    (-,-) 
  g211/z                                 (u)     in_0->z F     unmapped_complex2      4  4.0     0    77     490    (-,-) 
  D2_WALLACE_CSA_DUMMY_OP_groupi/g1201/z (u)     in_0->z R     unmapped_nand2         4  4.0     0    77     567    (-,-) 
  D2_WALLACE_CSA_DUMMY_OP_groupi/g1087/z (u)     in_1->z F     unmapped_complex2      1  1.0     0    54     621    (-,-) 
  D2_WALLACE_CSA_DUMMY_OP_groupi/g1088/z (u)     in_1->z R     unmapped_nand2         2  2.0     0    62     683    (-,-) 
  D2_WALLACE_CSA_DUMMY_OP_groupi/g1043/z (u)     in_0->z R     unmapped_or2           1  1.0     0    54     737    (-,-) 
  D2_WALLACE_CSA_DUMMY_OP_groupi/g1044/z (u)     in_1->z F     unmapped_nand2         2  2.0     0    62     799    (-,-) 
  D2_WALLACE_CSA_DUMMY_OP_groupi/g1011/z (u)     in_0->z R     unmapped_complex2      2  2.0     0    62     862    (-,-) 
  D2_WALLACE_CSA_DUMMY_OP_groupi/g953/z  (u)     in_1->z F     unmapped_nand2         2  2.0     0    62     924    (-,-) 
  D2_WALLACE_CSA_DUMMY_OP_groupi/g951/z  (u)     in_1->z F     unmapped_or2           1  1.0     0    54     978    (-,-) 
  D2_WALLACE_CSA_DUMMY_OP_groupi/g952/z  (u)     in_1->z R     unmapped_nand2         1  1.0     0    54    1032    (-,-) 
  D2_REG1_reg[2]/d                       -       -       R     unmapped_d_flop        1    -     -     0    1032    (-,-) 
#-------------------------------------------------------------------------------------------------------------------------

(u) : Net has unmapped pin(s).



Path 13: MET (3967 ps) Setup Check with Pin D2_REG1_reg[1]/clk->d
          Group: C2C
     Startpoint: (R) F1_P_STATE_reg[1]/clk
          Clock: (R) SYS_CLK
       Endpoint: (R) D2_REG1_reg[1]/d
          Clock: (R) SYS_CLK

                     Capture       Launch     
        Clock Edge:+    5000            0     
       Src Latency:+       0            0     
       Net Latency:+       0 (I)        0 (I) 
           Arrival:=    5000            0     
                                              
             Setup:-     233                  
     Required Time:=    4767                  
      Launch Clock:-       0                  
         Data Path:-     799                  
             Slack:=    3967                  

#-------------------------------------------------------------------------------------------------------------------------
#             Timing Point               Flags    Arc    Edge       Cell         Fanout Load Trans Delay Arrival Instance 
#                                                                                       (fF)  (ps)  (ps)   (ps)  Location 
#-------------------------------------------------------------------------------------------------------------------------
  F1_P_STATE_reg[1]/clk                  -       -       R     (arrival)             35    -     0     0       0    (-,-) 
  F1_P_STATE_reg[1]/q                    (u)     clk->q  F     unmapped_d_flop        4  4.0     0   238     238    (-,-) 
  g196/z                                 (u)     in_1->z R     unmapped_nand2         1  1.0     0    54     291    (-,-) 
  g191/z                                 (u)     in_1->z R     unmapped_or2          17 17.0     0   122     413    (-,-) 
  g210/z                                 (u)     in_0->z F     unmapped_complex2      4  4.0     0    77     490    (-,-) 
  D2_WALLACE_CSA_DUMMY_OP_groupi/g1202/z (u)     in_0->z R     unmapped_nand2         4  4.0     0    77     567    (-,-) 
  D2_WALLACE_CSA_DUMMY_OP_groupi/g1103/z (u)     in_1->z F     unmapped_complex2      2  2.0     0    62     630    (-,-) 
  D2_WALLACE_CSA_DUMMY_OP_groupi/g1032/z (u)     in_1->z R     unmapped_nand2         2  2.0     0    62     692    (-,-) 
  D2_WALLACE_CSA_DUMMY_OP_groupi/g1029/z (u)     in_0->z F     unmapped_complex2      1  1.0     0    54     746    (-,-) 
  D2_WALLACE_CSA_DUMMY_OP_groupi/g1030/z (u)     in_1->z R     unmapped_nand2         1  1.0     0    54     799    (-,-) 
  D2_REG1_reg[1]/d                       -       -       R     unmapped_d_flop        1    -     -     0     799    (-,-) 
#-------------------------------------------------------------------------------------------------------------------------

(u) : Net has unmapped pin(s).



Path 14: MET (4099 ps) Setup Check with Pin D2_REG1_reg[0]/clk->d
          Group: C2C
     Startpoint: (R) F1_P_STATE_reg[1]/clk
          Clock: (R) SYS_CLK
       Endpoint: (R) D2_REG1_reg[0]/d
          Clock: (R) SYS_CLK

                     Capture       Launch     
        Clock Edge:+    5000            0     
       Src Latency:+       0            0     
       Net Latency:+       0 (I)        0 (I) 
           Arrival:=    5000            0     
                                              
             Setup:-     233                  
     Required Time:=    4767                  
      Launch Clock:-       0                  
         Data Path:-     668                  
             Slack:=    4099                  

#-----------------------------------------------------------------------------------------------------------------------
#             Timing Point               Flags    Arc    Edge      Cell        Fanout Load Trans Delay Arrival Instance 
#                                                                                     (fF)  (ps)  (ps)   (ps)  Location 
#-----------------------------------------------------------------------------------------------------------------------
  F1_P_STATE_reg[1]/clk                  -       -       R     (arrival)           35    -     0     0       0    (-,-) 
  F1_P_STATE_reg[1]/q                    (u)     clk->q  F     unmapped_d_flop      4  4.0     0   238     238    (-,-) 
  g196/z                                 (u)     in_1->z R     unmapped_nand2       1  1.0     0    54     291    (-,-) 
  g191/z                                 (u)     in_1->z R     unmapped_or2        17 17.0     0   122     413    (-,-) 
  g174/z                                 (u)     in_0->z R     unmapped_or2         4  4.0     0    77     490    (-,-) 
  D2_WALLACE_CSA_DUMMY_OP_groupi/g1154/z (u)     in_0->z F     unmapped_nand2       3  3.0     0    70     561    (-,-) 
  D2_WALLACE_CSA_DUMMY_OP_groupi/g1093/z (u)     in_1->z F     unmapped_or2         1  1.0     0    54     614    (-,-) 
  D2_WALLACE_CSA_DUMMY_OP_groupi/g1094/z (u)     in_1->z R     unmapped_nand2       1  1.0     0    54     668    (-,-) 
  D2_REG1_reg[0]/d                       -       -       R     unmapped_d_flop      1    -     -     0     668    (-,-) 
#-----------------------------------------------------------------------------------------------------------------------

(u) : Net has unmapped pin(s).



Path 15: MET (4206 ps) Setup Check with Pin D2_REG1_reg[13]/clk->sena
          Group: C2C
     Startpoint: (R) F1_P_STATE_reg[1]/clk
          Clock: (R) SYS_CLK
       Endpoint: (R) D2_REG1_reg[13]/sena
          Clock: (R) SYS_CLK

                     Capture       Launch     
        Clock Edge:+    5000            0     
       Src Latency:+       0            0     
       Net Latency:+       0 (I)        0 (I) 
           Arrival:=    5000            0     
                                              
             Setup:-     233                  
     Required Time:=    4767                  
      Launch Clock:-       0                  
         Data Path:-     560                  
             Slack:=    4206                  

#------------------------------------------------------------------------------------------------------
#     Timing Point      Flags    Arc    Edge      Cell        Fanout Load Trans Delay Arrival Instance 
#                                                                    (fF)  (ps)  (ps)   (ps)  Location 
#------------------------------------------------------------------------------------------------------
  F1_P_STATE_reg[1]/clk -       -       R     (arrival)           35    -     0     0       0    (-,-) 
  F1_P_STATE_reg[1]/q   (u)     clk->q  R     unmapped_d_flop      4  4.0     0   238     238    (-,-) 
  g196/z                (u)     in_1->z F     unmapped_nand2       1  1.0     0    54     291    (-,-) 
  g191/z                (u)     in_1->z F     unmapped_or2        17 17.0     0   122     413    (-,-) 
  g173/z                (u)     in_0->z R     unmapped_nand2      14 28.0     0   147     560    (-,-) 
  D2_REG1_reg[13]/sena  -       -       R     unmapped_d_flop     14    -     -     0     560    (-,-) 
#------------------------------------------------------------------------------------------------------

(u) : Net has unmapped pin(s).



Path 16: MET (4206 ps) Setup Check with Pin D2_REG1_reg[12]/clk->sena
          Group: C2C
     Startpoint: (R) F1_P_STATE_reg[1]/clk
          Clock: (R) SYS_CLK
       Endpoint: (R) D2_REG1_reg[12]/sena
          Clock: (R) SYS_CLK

                     Capture       Launch     
        Clock Edge:+    5000            0     
       Src Latency:+       0            0     
       Net Latency:+       0 (I)        0 (I) 
           Arrival:=    5000            0     
                                              
             Setup:-     233                  
     Required Time:=    4767                  
      Launch Clock:-       0                  
         Data Path:-     560                  
             Slack:=    4206                  

#------------------------------------------------------------------------------------------------------
#     Timing Point      Flags    Arc    Edge      Cell        Fanout Load Trans Delay Arrival Instance 
#                                                                    (fF)  (ps)  (ps)   (ps)  Location 
#------------------------------------------------------------------------------------------------------
  F1_P_STATE_reg[1]/clk -       -       R     (arrival)           35    -     0     0       0    (-,-) 
  F1_P_STATE_reg[1]/q   (u)     clk->q  R     unmapped_d_flop      4  4.0     0   238     238    (-,-) 
  g196/z                (u)     in_1->z F     unmapped_nand2       1  1.0     0    54     291    (-,-) 
  g191/z                (u)     in_1->z F     unmapped_or2        17 17.0     0   122     413    (-,-) 
  g173/z                (u)     in_0->z R     unmapped_nand2      14 28.0     0   147     560    (-,-) 
  D2_REG1_reg[12]/sena  -       -       R     unmapped_d_flop     14    -     -     0     560    (-,-) 
#------------------------------------------------------------------------------------------------------

(u) : Net has unmapped pin(s).



Path 17: MET (4206 ps) Setup Check with Pin D2_REG1_reg[11]/clk->sena
          Group: C2C
     Startpoint: (R) F1_P_STATE_reg[1]/clk
          Clock: (R) SYS_CLK
       Endpoint: (R) D2_REG1_reg[11]/sena
          Clock: (R) SYS_CLK

                     Capture       Launch     
        Clock Edge:+    5000            0     
       Src Latency:+       0            0     
       Net Latency:+       0 (I)        0 (I) 
           Arrival:=    5000            0     
                                              
             Setup:-     233                  
     Required Time:=    4767                  
      Launch Clock:-       0                  
         Data Path:-     560                  
             Slack:=    4206                  

#------------------------------------------------------------------------------------------------------
#     Timing Point      Flags    Arc    Edge      Cell        Fanout Load Trans Delay Arrival Instance 
#                                                                    (fF)  (ps)  (ps)   (ps)  Location 
#------------------------------------------------------------------------------------------------------
  F1_P_STATE_reg[1]/clk -       -       R     (arrival)           35    -     0     0       0    (-,-) 
  F1_P_STATE_reg[1]/q   (u)     clk->q  R     unmapped_d_flop      4  4.0     0   238     238    (-,-) 
  g196/z                (u)     in_1->z F     unmapped_nand2       1  1.0     0    54     291    (-,-) 
  g191/z                (u)     in_1->z F     unmapped_or2        17 17.0     0   122     413    (-,-) 
  g173/z                (u)     in_0->z R     unmapped_nand2      14 28.0     0   147     560    (-,-) 
  D2_REG1_reg[11]/sena  -       -       R     unmapped_d_flop     14    -     -     0     560    (-,-) 
#------------------------------------------------------------------------------------------------------

(u) : Net has unmapped pin(s).



Path 18: MET (4206 ps) Setup Check with Pin D2_REG1_reg[10]/clk->sena
          Group: C2C
     Startpoint: (R) F1_P_STATE_reg[1]/clk
          Clock: (R) SYS_CLK
       Endpoint: (R) D2_REG1_reg[10]/sena
          Clock: (R) SYS_CLK

                     Capture       Launch     
        Clock Edge:+    5000            0     
       Src Latency:+       0            0     
       Net Latency:+       0 (I)        0 (I) 
           Arrival:=    5000            0     
                                              
             Setup:-     233                  
     Required Time:=    4767                  
      Launch Clock:-       0                  
         Data Path:-     560                  
             Slack:=    4206                  

#------------------------------------------------------------------------------------------------------
#     Timing Point      Flags    Arc    Edge      Cell        Fanout Load Trans Delay Arrival Instance 
#                                                                    (fF)  (ps)  (ps)   (ps)  Location 
#------------------------------------------------------------------------------------------------------
  F1_P_STATE_reg[1]/clk -       -       R     (arrival)           35    -     0     0       0    (-,-) 
  F1_P_STATE_reg[1]/q   (u)     clk->q  R     unmapped_d_flop      4  4.0     0   238     238    (-,-) 
  g196/z                (u)     in_1->z F     unmapped_nand2       1  1.0     0    54     291    (-,-) 
  g191/z                (u)     in_1->z F     unmapped_or2        17 17.0     0   122     413    (-,-) 
  g173/z                (u)     in_0->z R     unmapped_nand2      14 28.0     0   147     560    (-,-) 
  D2_REG1_reg[10]/sena  -       -       R     unmapped_d_flop     14    -     -     0     560    (-,-) 
#------------------------------------------------------------------------------------------------------

(u) : Net has unmapped pin(s).



Path 19: MET (4206 ps) Setup Check with Pin D2_REG1_reg[9]/clk->sena
          Group: C2C
     Startpoint: (R) F1_P_STATE_reg[1]/clk
          Clock: (R) SYS_CLK
       Endpoint: (R) D2_REG1_reg[9]/sena
          Clock: (R) SYS_CLK

                     Capture       Launch     
        Clock Edge:+    5000            0     
       Src Latency:+       0            0     
       Net Latency:+       0 (I)        0 (I) 
           Arrival:=    5000            0     
                                              
             Setup:-     233                  
     Required Time:=    4767                  
      Launch Clock:-       0                  
         Data Path:-     560                  
             Slack:=    4206                  

#------------------------------------------------------------------------------------------------------
#     Timing Point      Flags    Arc    Edge      Cell        Fanout Load Trans Delay Arrival Instance 
#                                                                    (fF)  (ps)  (ps)   (ps)  Location 
#------------------------------------------------------------------------------------------------------
  F1_P_STATE_reg[1]/clk -       -       R     (arrival)           35    -     0     0       0    (-,-) 
  F1_P_STATE_reg[1]/q   (u)     clk->q  R     unmapped_d_flop      4  4.0     0   238     238    (-,-) 
  g196/z                (u)     in_1->z F     unmapped_nand2       1  1.0     0    54     291    (-,-) 
  g191/z                (u)     in_1->z F     unmapped_or2        17 17.0     0   122     413    (-,-) 
  g173/z                (u)     in_0->z R     unmapped_nand2      14 28.0     0   147     560    (-,-) 
  D2_REG1_reg[9]/sena   -       -       R     unmapped_d_flop     14    -     -     0     560    (-,-) 
#------------------------------------------------------------------------------------------------------

(u) : Net has unmapped pin(s).



Path 20: MET (4206 ps) Setup Check with Pin D2_REG1_reg[8]/clk->sena
          Group: C2C
     Startpoint: (R) F1_P_STATE_reg[1]/clk
          Clock: (R) SYS_CLK
       Endpoint: (R) D2_REG1_reg[8]/sena
          Clock: (R) SYS_CLK

                     Capture       Launch     
        Clock Edge:+    5000            0     
       Src Latency:+       0            0     
       Net Latency:+       0 (I)        0 (I) 
           Arrival:=    5000            0     
                                              
             Setup:-     233                  
     Required Time:=    4767                  
      Launch Clock:-       0                  
         Data Path:-     560                  
             Slack:=    4206                  

#------------------------------------------------------------------------------------------------------
#     Timing Point      Flags    Arc    Edge      Cell        Fanout Load Trans Delay Arrival Instance 
#                                                                    (fF)  (ps)  (ps)   (ps)  Location 
#------------------------------------------------------------------------------------------------------
  F1_P_STATE_reg[1]/clk -       -       R     (arrival)           35    -     0     0       0    (-,-) 
  F1_P_STATE_reg[1]/q   (u)     clk->q  R     unmapped_d_flop      4  4.0     0   238     238    (-,-) 
  g196/z                (u)     in_1->z F     unmapped_nand2       1  1.0     0    54     291    (-,-) 
  g191/z                (u)     in_1->z F     unmapped_or2        17 17.0     0   122     413    (-,-) 
  g173/z                (u)     in_0->z R     unmapped_nand2      14 28.0     0   147     560    (-,-) 
  D2_REG1_reg[8]/sena   -       -       R     unmapped_d_flop     14    -     -     0     560    (-,-) 
#------------------------------------------------------------------------------------------------------

(u) : Net has unmapped pin(s).



Path 21: MET (4206 ps) Setup Check with Pin D2_REG1_reg[7]/clk->sena
          Group: C2C
     Startpoint: (R) F1_P_STATE_reg[1]/clk
          Clock: (R) SYS_CLK
       Endpoint: (R) D2_REG1_reg[7]/sena
          Clock: (R) SYS_CLK

                     Capture       Launch     
        Clock Edge:+    5000            0     
       Src Latency:+       0            0     
       Net Latency:+       0 (I)        0 (I) 
           Arrival:=    5000            0     
                                              
             Setup:-     233                  
     Required Time:=    4767                  
      Launch Clock:-       0                  
         Data Path:-     560                  
             Slack:=    4206                  

#------------------------------------------------------------------------------------------------------
#     Timing Point      Flags    Arc    Edge      Cell        Fanout Load Trans Delay Arrival Instance 
#                                                                    (fF)  (ps)  (ps)   (ps)  Location 
#------------------------------------------------------------------------------------------------------
  F1_P_STATE_reg[1]/clk -       -       R     (arrival)           35    -     0     0       0    (-,-) 
  F1_P_STATE_reg[1]/q   (u)     clk->q  R     unmapped_d_flop      4  4.0     0   238     238    (-,-) 
  g196/z                (u)     in_1->z F     unmapped_nand2       1  1.0     0    54     291    (-,-) 
  g191/z                (u)     in_1->z F     unmapped_or2        17 17.0     0   122     413    (-,-) 
  g173/z                (u)     in_0->z R     unmapped_nand2      14 28.0     0   147     560    (-,-) 
  D2_REG1_reg[7]/sena   -       -       R     unmapped_d_flop     14    -     -     0     560    (-,-) 
#------------------------------------------------------------------------------------------------------

(u) : Net has unmapped pin(s).



Path 22: MET (4206 ps) Setup Check with Pin D2_REG1_reg[6]/clk->sena
          Group: C2C
     Startpoint: (R) F1_P_STATE_reg[1]/clk
          Clock: (R) SYS_CLK
       Endpoint: (R) D2_REG1_reg[6]/sena
          Clock: (R) SYS_CLK

                     Capture       Launch     
        Clock Edge:+    5000            0     
       Src Latency:+       0            0     
       Net Latency:+       0 (I)        0 (I) 
           Arrival:=    5000            0     
                                              
             Setup:-     233                  
     Required Time:=    4767                  
      Launch Clock:-       0                  
         Data Path:-     560                  
             Slack:=    4206                  

#------------------------------------------------------------------------------------------------------
#     Timing Point      Flags    Arc    Edge      Cell        Fanout Load Trans Delay Arrival Instance 
#                                                                    (fF)  (ps)  (ps)   (ps)  Location 
#------------------------------------------------------------------------------------------------------
  F1_P_STATE_reg[1]/clk -       -       R     (arrival)           35    -     0     0       0    (-,-) 
  F1_P_STATE_reg[1]/q   (u)     clk->q  R     unmapped_d_flop      4  4.0     0   238     238    (-,-) 
  g196/z                (u)     in_1->z F     unmapped_nand2       1  1.0     0    54     291    (-,-) 
  g191/z                (u)     in_1->z F     unmapped_or2        17 17.0     0   122     413    (-,-) 
  g173/z                (u)     in_0->z R     unmapped_nand2      14 28.0     0   147     560    (-,-) 
  D2_REG1_reg[6]/sena   -       -       R     unmapped_d_flop     14    -     -     0     560    (-,-) 
#------------------------------------------------------------------------------------------------------

(u) : Net has unmapped pin(s).



Path 23: MET (4206 ps) Setup Check with Pin D2_REG1_reg[5]/clk->sena
          Group: C2C
     Startpoint: (R) F1_P_STATE_reg[1]/clk
          Clock: (R) SYS_CLK
       Endpoint: (R) D2_REG1_reg[5]/sena
          Clock: (R) SYS_CLK

                     Capture       Launch     
        Clock Edge:+    5000            0     
       Src Latency:+       0            0     
       Net Latency:+       0 (I)        0 (I) 
           Arrival:=    5000            0     
                                              
             Setup:-     233                  
     Required Time:=    4767                  
      Launch Clock:-       0                  
         Data Path:-     560                  
             Slack:=    4206                  

#------------------------------------------------------------------------------------------------------
#     Timing Point      Flags    Arc    Edge      Cell        Fanout Load Trans Delay Arrival Instance 
#                                                                    (fF)  (ps)  (ps)   (ps)  Location 
#------------------------------------------------------------------------------------------------------
  F1_P_STATE_reg[1]/clk -       -       R     (arrival)           35    -     0     0       0    (-,-) 
  F1_P_STATE_reg[1]/q   (u)     clk->q  R     unmapped_d_flop      4  4.0     0   238     238    (-,-) 
  g196/z                (u)     in_1->z F     unmapped_nand2       1  1.0     0    54     291    (-,-) 
  g191/z                (u)     in_1->z F     unmapped_or2        17 17.0     0   122     413    (-,-) 
  g173/z                (u)     in_0->z R     unmapped_nand2      14 28.0     0   147     560    (-,-) 
  D2_REG1_reg[5]/sena   -       -       R     unmapped_d_flop     14    -     -     0     560    (-,-) 
#------------------------------------------------------------------------------------------------------

(u) : Net has unmapped pin(s).



Path 24: MET (4206 ps) Setup Check with Pin D2_REG1_reg[4]/clk->sena
          Group: C2C
     Startpoint: (R) F1_P_STATE_reg[1]/clk
          Clock: (R) SYS_CLK
       Endpoint: (R) D2_REG1_reg[4]/sena
          Clock: (R) SYS_CLK

                     Capture       Launch     
        Clock Edge:+    5000            0     
       Src Latency:+       0            0     
       Net Latency:+       0 (I)        0 (I) 
           Arrival:=    5000            0     
                                              
             Setup:-     233                  
     Required Time:=    4767                  
      Launch Clock:-       0                  
         Data Path:-     560                  
             Slack:=    4206                  

#------------------------------------------------------------------------------------------------------
#     Timing Point      Flags    Arc    Edge      Cell        Fanout Load Trans Delay Arrival Instance 
#                                                                    (fF)  (ps)  (ps)   (ps)  Location 
#------------------------------------------------------------------------------------------------------
  F1_P_STATE_reg[1]/clk -       -       R     (arrival)           35    -     0     0       0    (-,-) 
  F1_P_STATE_reg[1]/q   (u)     clk->q  R     unmapped_d_flop      4  4.0     0   238     238    (-,-) 
  g196/z                (u)     in_1->z F     unmapped_nand2       1  1.0     0    54     291    (-,-) 
  g191/z                (u)     in_1->z F     unmapped_or2        17 17.0     0   122     413    (-,-) 
  g173/z                (u)     in_0->z R     unmapped_nand2      14 28.0     0   147     560    (-,-) 
  D2_REG1_reg[4]/sena   -       -       R     unmapped_d_flop     14    -     -     0     560    (-,-) 
#------------------------------------------------------------------------------------------------------

(u) : Net has unmapped pin(s).



Path 25: MET (4206 ps) Setup Check with Pin D2_REG1_reg[3]/clk->sena
          Group: C2C
     Startpoint: (R) F1_P_STATE_reg[1]/clk
          Clock: (R) SYS_CLK
       Endpoint: (R) D2_REG1_reg[3]/sena
          Clock: (R) SYS_CLK

                     Capture       Launch     
        Clock Edge:+    5000            0     
       Src Latency:+       0            0     
       Net Latency:+       0 (I)        0 (I) 
           Arrival:=    5000            0     
                                              
             Setup:-     233                  
     Required Time:=    4767                  
      Launch Clock:-       0                  
         Data Path:-     560                  
             Slack:=    4206                  

#------------------------------------------------------------------------------------------------------
#     Timing Point      Flags    Arc    Edge      Cell        Fanout Load Trans Delay Arrival Instance 
#                                                                    (fF)  (ps)  (ps)   (ps)  Location 
#------------------------------------------------------------------------------------------------------
  F1_P_STATE_reg[1]/clk -       -       R     (arrival)           35    -     0     0       0    (-,-) 
  F1_P_STATE_reg[1]/q   (u)     clk->q  R     unmapped_d_flop      4  4.0     0   238     238    (-,-) 
  g196/z                (u)     in_1->z F     unmapped_nand2       1  1.0     0    54     291    (-,-) 
  g191/z                (u)     in_1->z F     unmapped_or2        17 17.0     0   122     413    (-,-) 
  g173/z                (u)     in_0->z R     unmapped_nand2      14 28.0     0   147     560    (-,-) 
  D2_REG1_reg[3]/sena   -       -       R     unmapped_d_flop     14    -     -     0     560    (-,-) 
#------------------------------------------------------------------------------------------------------

(u) : Net has unmapped pin(s).



Path 26: MET (4206 ps) Setup Check with Pin D2_REG1_reg[2]/clk->sena
          Group: C2C
     Startpoint: (R) F1_P_STATE_reg[1]/clk
          Clock: (R) SYS_CLK
       Endpoint: (R) D2_REG1_reg[2]/sena
          Clock: (R) SYS_CLK

                     Capture       Launch     
        Clock Edge:+    5000            0     
       Src Latency:+       0            0     
       Net Latency:+       0 (I)        0 (I) 
           Arrival:=    5000            0     
                                              
             Setup:-     233                  
     Required Time:=    4767                  
      Launch Clock:-       0                  
         Data Path:-     560                  
             Slack:=    4206                  

#------------------------------------------------------------------------------------------------------
#     Timing Point      Flags    Arc    Edge      Cell        Fanout Load Trans Delay Arrival Instance 
#                                                                    (fF)  (ps)  (ps)   (ps)  Location 
#------------------------------------------------------------------------------------------------------
  F1_P_STATE_reg[1]/clk -       -       R     (arrival)           35    -     0     0       0    (-,-) 
  F1_P_STATE_reg[1]/q   (u)     clk->q  R     unmapped_d_flop      4  4.0     0   238     238    (-,-) 
  g196/z                (u)     in_1->z F     unmapped_nand2       1  1.0     0    54     291    (-,-) 
  g191/z                (u)     in_1->z F     unmapped_or2        17 17.0     0   122     413    (-,-) 
  g173/z                (u)     in_0->z R     unmapped_nand2      14 28.0     0   147     560    (-,-) 
  D2_REG1_reg[2]/sena   -       -       R     unmapped_d_flop     14    -     -     0     560    (-,-) 
#------------------------------------------------------------------------------------------------------

(u) : Net has unmapped pin(s).



Path 27: MET (4206 ps) Setup Check with Pin D2_REG1_reg[1]/clk->sena
          Group: C2C
     Startpoint: (R) F1_P_STATE_reg[1]/clk
          Clock: (R) SYS_CLK
       Endpoint: (R) D2_REG1_reg[1]/sena
          Clock: (R) SYS_CLK

                     Capture       Launch     
        Clock Edge:+    5000            0     
       Src Latency:+       0            0     
       Net Latency:+       0 (I)        0 (I) 
           Arrival:=    5000            0     
                                              
             Setup:-     233                  
     Required Time:=    4767                  
      Launch Clock:-       0                  
         Data Path:-     560                  
             Slack:=    4206                  

#------------------------------------------------------------------------------------------------------
#     Timing Point      Flags    Arc    Edge      Cell        Fanout Load Trans Delay Arrival Instance 
#                                                                    (fF)  (ps)  (ps)   (ps)  Location 
#------------------------------------------------------------------------------------------------------
  F1_P_STATE_reg[1]/clk -       -       R     (arrival)           35    -     0     0       0    (-,-) 
  F1_P_STATE_reg[1]/q   (u)     clk->q  R     unmapped_d_flop      4  4.0     0   238     238    (-,-) 
  g196/z                (u)     in_1->z F     unmapped_nand2       1  1.0     0    54     291    (-,-) 
  g191/z                (u)     in_1->z F     unmapped_or2        17 17.0     0   122     413    (-,-) 
  g173/z                (u)     in_0->z R     unmapped_nand2      14 28.0     0   147     560    (-,-) 
  D2_REG1_reg[1]/sena   -       -       R     unmapped_d_flop     14    -     -     0     560    (-,-) 
#------------------------------------------------------------------------------------------------------

(u) : Net has unmapped pin(s).



Path 28: MET (4206 ps) Setup Check with Pin D2_REG1_reg[0]/clk->sena
          Group: C2C
     Startpoint: (R) F1_P_STATE_reg[1]/clk
          Clock: (R) SYS_CLK
       Endpoint: (R) D2_REG1_reg[0]/sena
          Clock: (R) SYS_CLK

                     Capture       Launch     
        Clock Edge:+    5000            0     
       Src Latency:+       0            0     
       Net Latency:+       0 (I)        0 (I) 
           Arrival:=    5000            0     
                                              
             Setup:-     233                  
     Required Time:=    4767                  
      Launch Clock:-       0                  
         Data Path:-     560                  
             Slack:=    4206                  

#------------------------------------------------------------------------------------------------------
#     Timing Point      Flags    Arc    Edge      Cell        Fanout Load Trans Delay Arrival Instance 
#                                                                    (fF)  (ps)  (ps)   (ps)  Location 
#------------------------------------------------------------------------------------------------------
  F1_P_STATE_reg[1]/clk -       -       R     (arrival)           35    -     0     0       0    (-,-) 
  F1_P_STATE_reg[1]/q   (u)     clk->q  R     unmapped_d_flop      4  4.0     0   238     238    (-,-) 
  g196/z                (u)     in_1->z F     unmapped_nand2       1  1.0     0    54     291    (-,-) 
  g191/z                (u)     in_1->z F     unmapped_or2        17 17.0     0   122     413    (-,-) 
  g173/z                (u)     in_0->z R     unmapped_nand2      14 28.0     0   147     560    (-,-) 
  D2_REG1_reg[0]/sena   -       -       R     unmapped_d_flop     14    -     -     0     560    (-,-) 
#------------------------------------------------------------------------------------------------------

(u) : Net has unmapped pin(s).



Path 29: MET (4258 ps) Setup Check with Pin D2_Y_REG_reg[13]/clk->sena
          Group: C2C
     Startpoint: (R) F1_P_STATE_reg[1]/clk
          Clock: (R) SYS_CLK
       Endpoint: (R) D2_Y_REG_reg[13]/sena
          Clock: (R) SYS_CLK

                     Capture       Launch     
        Clock Edge:+    5000            0     
       Src Latency:+       0            0     
       Net Latency:+       0 (I)        0 (I) 
           Arrival:=    5000            0     
                                              
             Setup:-     233                  
     Required Time:=    4767                  
      Launch Clock:-       0                  
         Data Path:-     509                  
             Slack:=    4258                  

#--------------------------------------------------------------------------------------------------------
#     Timing Point      Flags    Arc    Edge       Cell         Fanout Load Trans Delay Arrival Instance 
#                                                                      (fF)  (ps)  (ps)   (ps)  Location 
#--------------------------------------------------------------------------------------------------------
  F1_P_STATE_reg[1]/clk -       -       R     (arrival)             35    -     0     0       0    (-,-) 
  F1_P_STATE_reg[1]/q   (u)     clk->q  F     unmapped_d_flop        4  4.0     0   238     238    (-,-) 
  g106/z                (u)     in_1->z F     unmapped_or2           5  5.0     0    80     318    (-,-) 
  g189/z                (u)     in_0->z F     unmapped_complex2      2  2.0     0    62     380    (-,-) 
  g190/z                (u)     in_0->z R     unmapped_not          14 28.0     0   128     509    (-,-) 
  D2_Y_REG_reg[13]/sena -       -       R     unmapped_d_flop       14    -     -     0     509    (-,-) 
#--------------------------------------------------------------------------------------------------------

(u) : Net has unmapped pin(s).



Path 30: MET (4258 ps) Setup Check with Pin D2_Y_REG_reg[12]/clk->sena
          Group: C2C
     Startpoint: (R) F1_P_STATE_reg[1]/clk
          Clock: (R) SYS_CLK
       Endpoint: (R) D2_Y_REG_reg[12]/sena
          Clock: (R) SYS_CLK

                     Capture       Launch     
        Clock Edge:+    5000            0     
       Src Latency:+       0            0     
       Net Latency:+       0 (I)        0 (I) 
           Arrival:=    5000            0     
                                              
             Setup:-     233                  
     Required Time:=    4767                  
      Launch Clock:-       0                  
         Data Path:-     509                  
             Slack:=    4258                  

#--------------------------------------------------------------------------------------------------------
#     Timing Point      Flags    Arc    Edge       Cell         Fanout Load Trans Delay Arrival Instance 
#                                                                      (fF)  (ps)  (ps)   (ps)  Location 
#--------------------------------------------------------------------------------------------------------
  F1_P_STATE_reg[1]/clk -       -       R     (arrival)             35    -     0     0       0    (-,-) 
  F1_P_STATE_reg[1]/q   (u)     clk->q  F     unmapped_d_flop        4  4.0     0   238     238    (-,-) 
  g106/z                (u)     in_1->z F     unmapped_or2           5  5.0     0    80     318    (-,-) 
  g189/z                (u)     in_0->z F     unmapped_complex2      2  2.0     0    62     380    (-,-) 
  g190/z                (u)     in_0->z R     unmapped_not          14 28.0     0   128     509    (-,-) 
  D2_Y_REG_reg[12]/sena -       -       R     unmapped_d_flop       14    -     -     0     509    (-,-) 
#--------------------------------------------------------------------------------------------------------

(u) : Net has unmapped pin(s).



Path 31: MET (4258 ps) Setup Check with Pin D2_Y_REG_reg[11]/clk->sena
          Group: C2C
     Startpoint: (R) F1_P_STATE_reg[1]/clk
          Clock: (R) SYS_CLK
       Endpoint: (R) D2_Y_REG_reg[11]/sena
          Clock: (R) SYS_CLK

                     Capture       Launch     
        Clock Edge:+    5000            0     
       Src Latency:+       0            0     
       Net Latency:+       0 (I)        0 (I) 
           Arrival:=    5000            0     
                                              
             Setup:-     233                  
     Required Time:=    4767                  
      Launch Clock:-       0                  
         Data Path:-     509                  
             Slack:=    4258                  

#--------------------------------------------------------------------------------------------------------
#     Timing Point      Flags    Arc    Edge       Cell         Fanout Load Trans Delay Arrival Instance 
#                                                                      (fF)  (ps)  (ps)   (ps)  Location 
#--------------------------------------------------------------------------------------------------------
  F1_P_STATE_reg[1]/clk -       -       R     (arrival)             35    -     0     0       0    (-,-) 
  F1_P_STATE_reg[1]/q   (u)     clk->q  F     unmapped_d_flop        4  4.0     0   238     238    (-,-) 
  g106/z                (u)     in_1->z F     unmapped_or2           5  5.0     0    80     318    (-,-) 
  g189/z                (u)     in_0->z F     unmapped_complex2      2  2.0     0    62     380    (-,-) 
  g190/z                (u)     in_0->z R     unmapped_not          14 28.0     0   128     509    (-,-) 
  D2_Y_REG_reg[11]/sena -       -       R     unmapped_d_flop       14    -     -     0     509    (-,-) 
#--------------------------------------------------------------------------------------------------------

(u) : Net has unmapped pin(s).



Path 32: MET (4258 ps) Setup Check with Pin D2_Y_REG_reg[10]/clk->sena
          Group: C2C
     Startpoint: (R) F1_P_STATE_reg[1]/clk
          Clock: (R) SYS_CLK
       Endpoint: (R) D2_Y_REG_reg[10]/sena
          Clock: (R) SYS_CLK

                     Capture       Launch     
        Clock Edge:+    5000            0     
       Src Latency:+       0            0     
       Net Latency:+       0 (I)        0 (I) 
           Arrival:=    5000            0     
                                              
             Setup:-     233                  
     Required Time:=    4767                  
      Launch Clock:-       0                  
         Data Path:-     509                  
             Slack:=    4258                  

#--------------------------------------------------------------------------------------------------------
#     Timing Point      Flags    Arc    Edge       Cell         Fanout Load Trans Delay Arrival Instance 
#                                                                      (fF)  (ps)  (ps)   (ps)  Location 
#--------------------------------------------------------------------------------------------------------
  F1_P_STATE_reg[1]/clk -       -       R     (arrival)             35    -     0     0       0    (-,-) 
  F1_P_STATE_reg[1]/q   (u)     clk->q  F     unmapped_d_flop        4  4.0     0   238     238    (-,-) 
  g106/z                (u)     in_1->z F     unmapped_or2           5  5.0     0    80     318    (-,-) 
  g189/z                (u)     in_0->z F     unmapped_complex2      2  2.0     0    62     380    (-,-) 
  g190/z                (u)     in_0->z R     unmapped_not          14 28.0     0   128     509    (-,-) 
  D2_Y_REG_reg[10]/sena -       -       R     unmapped_d_flop       14    -     -     0     509    (-,-) 
#--------------------------------------------------------------------------------------------------------

(u) : Net has unmapped pin(s).



Path 33: MET (4258 ps) Setup Check with Pin D2_Y_REG_reg[9]/clk->sena
          Group: C2C
     Startpoint: (R) F1_P_STATE_reg[1]/clk
          Clock: (R) SYS_CLK
       Endpoint: (R) D2_Y_REG_reg[9]/sena
          Clock: (R) SYS_CLK

                     Capture       Launch     
        Clock Edge:+    5000            0     
       Src Latency:+       0            0     
       Net Latency:+       0 (I)        0 (I) 
           Arrival:=    5000            0     
                                              
             Setup:-     233                  
     Required Time:=    4767                  
      Launch Clock:-       0                  
         Data Path:-     509                  
             Slack:=    4258                  

#--------------------------------------------------------------------------------------------------------
#     Timing Point      Flags    Arc    Edge       Cell         Fanout Load Trans Delay Arrival Instance 
#                                                                      (fF)  (ps)  (ps)   (ps)  Location 
#--------------------------------------------------------------------------------------------------------
  F1_P_STATE_reg[1]/clk -       -       R     (arrival)             35    -     0     0       0    (-,-) 
  F1_P_STATE_reg[1]/q   (u)     clk->q  F     unmapped_d_flop        4  4.0     0   238     238    (-,-) 
  g106/z                (u)     in_1->z F     unmapped_or2           5  5.0     0    80     318    (-,-) 
  g189/z                (u)     in_0->z F     unmapped_complex2      2  2.0     0    62     380    (-,-) 
  g190/z                (u)     in_0->z R     unmapped_not          14 28.0     0   128     509    (-,-) 
  D2_Y_REG_reg[9]/sena  -       -       R     unmapped_d_flop       14    -     -     0     509    (-,-) 
#--------------------------------------------------------------------------------------------------------

(u) : Net has unmapped pin(s).



Path 34: MET (4258 ps) Setup Check with Pin D2_Y_REG_reg[8]/clk->sena
          Group: C2C
     Startpoint: (R) F1_P_STATE_reg[1]/clk
          Clock: (R) SYS_CLK
       Endpoint: (R) D2_Y_REG_reg[8]/sena
          Clock: (R) SYS_CLK

                     Capture       Launch     
        Clock Edge:+    5000            0     
       Src Latency:+       0            0     
       Net Latency:+       0 (I)        0 (I) 
           Arrival:=    5000            0     
                                              
             Setup:-     233                  
     Required Time:=    4767                  
      Launch Clock:-       0                  
         Data Path:-     509                  
             Slack:=    4258                  

#--------------------------------------------------------------------------------------------------------
#     Timing Point      Flags    Arc    Edge       Cell         Fanout Load Trans Delay Arrival Instance 
#                                                                      (fF)  (ps)  (ps)   (ps)  Location 
#--------------------------------------------------------------------------------------------------------
  F1_P_STATE_reg[1]/clk -       -       R     (arrival)             35    -     0     0       0    (-,-) 
  F1_P_STATE_reg[1]/q   (u)     clk->q  F     unmapped_d_flop        4  4.0     0   238     238    (-,-) 
  g106/z                (u)     in_1->z F     unmapped_or2           5  5.0     0    80     318    (-,-) 
  g189/z                (u)     in_0->z F     unmapped_complex2      2  2.0     0    62     380    (-,-) 
  g190/z                (u)     in_0->z R     unmapped_not          14 28.0     0   128     509    (-,-) 
  D2_Y_REG_reg[8]/sena  -       -       R     unmapped_d_flop       14    -     -     0     509    (-,-) 
#--------------------------------------------------------------------------------------------------------

(u) : Net has unmapped pin(s).



Path 35: MET (4258 ps) Setup Check with Pin D2_Y_REG_reg[7]/clk->sena
          Group: C2C
     Startpoint: (R) F1_P_STATE_reg[1]/clk
          Clock: (R) SYS_CLK
       Endpoint: (R) D2_Y_REG_reg[7]/sena
          Clock: (R) SYS_CLK

                     Capture       Launch     
        Clock Edge:+    5000            0     
       Src Latency:+       0            0     
       Net Latency:+       0 (I)        0 (I) 
           Arrival:=    5000            0     
                                              
             Setup:-     233                  
     Required Time:=    4767                  
      Launch Clock:-       0                  
         Data Path:-     509                  
             Slack:=    4258                  

#--------------------------------------------------------------------------------------------------------
#     Timing Point      Flags    Arc    Edge       Cell         Fanout Load Trans Delay Arrival Instance 
#                                                                      (fF)  (ps)  (ps)   (ps)  Location 
#--------------------------------------------------------------------------------------------------------
  F1_P_STATE_reg[1]/clk -       -       R     (arrival)             35    -     0     0       0    (-,-) 
  F1_P_STATE_reg[1]/q   (u)     clk->q  F     unmapped_d_flop        4  4.0     0   238     238    (-,-) 
  g106/z                (u)     in_1->z F     unmapped_or2           5  5.0     0    80     318    (-,-) 
  g189/z                (u)     in_0->z F     unmapped_complex2      2  2.0     0    62     380    (-,-) 
  g190/z                (u)     in_0->z R     unmapped_not          14 28.0     0   128     509    (-,-) 
  D2_Y_REG_reg[7]/sena  -       -       R     unmapped_d_flop       14    -     -     0     509    (-,-) 
#--------------------------------------------------------------------------------------------------------

(u) : Net has unmapped pin(s).



Path 36: MET (4258 ps) Setup Check with Pin D2_Y_REG_reg[6]/clk->sena
          Group: C2C
     Startpoint: (R) F1_P_STATE_reg[1]/clk
          Clock: (R) SYS_CLK
       Endpoint: (R) D2_Y_REG_reg[6]/sena
          Clock: (R) SYS_CLK

                     Capture       Launch     
        Clock Edge:+    5000            0     
       Src Latency:+       0            0     
       Net Latency:+       0 (I)        0 (I) 
           Arrival:=    5000            0     
                                              
             Setup:-     233                  
     Required Time:=    4767                  
      Launch Clock:-       0                  
         Data Path:-     509                  
             Slack:=    4258                  

#--------------------------------------------------------------------------------------------------------
#     Timing Point      Flags    Arc    Edge       Cell         Fanout Load Trans Delay Arrival Instance 
#                                                                      (fF)  (ps)  (ps)   (ps)  Location 
#--------------------------------------------------------------------------------------------------------
  F1_P_STATE_reg[1]/clk -       -       R     (arrival)             35    -     0     0       0    (-,-) 
  F1_P_STATE_reg[1]/q   (u)     clk->q  F     unmapped_d_flop        4  4.0     0   238     238    (-,-) 
  g106/z                (u)     in_1->z F     unmapped_or2           5  5.0     0    80     318    (-,-) 
  g189/z                (u)     in_0->z F     unmapped_complex2      2  2.0     0    62     380    (-,-) 
  g190/z                (u)     in_0->z R     unmapped_not          14 28.0     0   128     509    (-,-) 
  D2_Y_REG_reg[6]/sena  -       -       R     unmapped_d_flop       14    -     -     0     509    (-,-) 
#--------------------------------------------------------------------------------------------------------

(u) : Net has unmapped pin(s).



Path 37: MET (4258 ps) Setup Check with Pin D2_Y_REG_reg[5]/clk->sena
          Group: C2C
     Startpoint: (R) F1_P_STATE_reg[1]/clk
          Clock: (R) SYS_CLK
       Endpoint: (R) D2_Y_REG_reg[5]/sena
          Clock: (R) SYS_CLK

                     Capture       Launch     
        Clock Edge:+    5000            0     
       Src Latency:+       0            0     
       Net Latency:+       0 (I)        0 (I) 
           Arrival:=    5000            0     
                                              
             Setup:-     233                  
     Required Time:=    4767                  
      Launch Clock:-       0                  
         Data Path:-     509                  
             Slack:=    4258                  

#--------------------------------------------------------------------------------------------------------
#     Timing Point      Flags    Arc    Edge       Cell         Fanout Load Trans Delay Arrival Instance 
#                                                                      (fF)  (ps)  (ps)   (ps)  Location 
#--------------------------------------------------------------------------------------------------------
  F1_P_STATE_reg[1]/clk -       -       R     (arrival)             35    -     0     0       0    (-,-) 
  F1_P_STATE_reg[1]/q   (u)     clk->q  F     unmapped_d_flop        4  4.0     0   238     238    (-,-) 
  g106/z                (u)     in_1->z F     unmapped_or2           5  5.0     0    80     318    (-,-) 
  g189/z                (u)     in_0->z F     unmapped_complex2      2  2.0     0    62     380    (-,-) 
  g190/z                (u)     in_0->z R     unmapped_not          14 28.0     0   128     509    (-,-) 
  D2_Y_REG_reg[5]/sena  -       -       R     unmapped_d_flop       14    -     -     0     509    (-,-) 
#--------------------------------------------------------------------------------------------------------

(u) : Net has unmapped pin(s).



Path 38: MET (4258 ps) Setup Check with Pin D2_Y_REG_reg[4]/clk->sena
          Group: C2C
     Startpoint: (R) F1_P_STATE_reg[1]/clk
          Clock: (R) SYS_CLK
       Endpoint: (R) D2_Y_REG_reg[4]/sena
          Clock: (R) SYS_CLK

                     Capture       Launch     
        Clock Edge:+    5000            0     
       Src Latency:+       0            0     
       Net Latency:+       0 (I)        0 (I) 
           Arrival:=    5000            0     
                                              
             Setup:-     233                  
     Required Time:=    4767                  
      Launch Clock:-       0                  
         Data Path:-     509                  
             Slack:=    4258                  

#--------------------------------------------------------------------------------------------------------
#     Timing Point      Flags    Arc    Edge       Cell         Fanout Load Trans Delay Arrival Instance 
#                                                                      (fF)  (ps)  (ps)   (ps)  Location 
#--------------------------------------------------------------------------------------------------------
  F1_P_STATE_reg[1]/clk -       -       R     (arrival)             35    -     0     0       0    (-,-) 
  F1_P_STATE_reg[1]/q   (u)     clk->q  F     unmapped_d_flop        4  4.0     0   238     238    (-,-) 
  g106/z                (u)     in_1->z F     unmapped_or2           5  5.0     0    80     318    (-,-) 
  g189/z                (u)     in_0->z F     unmapped_complex2      2  2.0     0    62     380    (-,-) 
  g190/z                (u)     in_0->z R     unmapped_not          14 28.0     0   128     509    (-,-) 
  D2_Y_REG_reg[4]/sena  -       -       R     unmapped_d_flop       14    -     -     0     509    (-,-) 
#--------------------------------------------------------------------------------------------------------

(u) : Net has unmapped pin(s).



Path 39: MET (4258 ps) Setup Check with Pin D2_Y_REG_reg[3]/clk->sena
          Group: C2C
     Startpoint: (R) F1_P_STATE_reg[1]/clk
          Clock: (R) SYS_CLK
       Endpoint: (R) D2_Y_REG_reg[3]/sena
          Clock: (R) SYS_CLK

                     Capture       Launch     
        Clock Edge:+    5000            0     
       Src Latency:+       0            0     
       Net Latency:+       0 (I)        0 (I) 
           Arrival:=    5000            0     
                                              
             Setup:-     233                  
     Required Time:=    4767                  
      Launch Clock:-       0                  
         Data Path:-     509                  
             Slack:=    4258                  

#--------------------------------------------------------------------------------------------------------
#     Timing Point      Flags    Arc    Edge       Cell         Fanout Load Trans Delay Arrival Instance 
#                                                                      (fF)  (ps)  (ps)   (ps)  Location 
#--------------------------------------------------------------------------------------------------------
  F1_P_STATE_reg[1]/clk -       -       R     (arrival)             35    -     0     0       0    (-,-) 
  F1_P_STATE_reg[1]/q   (u)     clk->q  F     unmapped_d_flop        4  4.0     0   238     238    (-,-) 
  g106/z                (u)     in_1->z F     unmapped_or2           5  5.0     0    80     318    (-,-) 
  g189/z                (u)     in_0->z F     unmapped_complex2      2  2.0     0    62     380    (-,-) 
  g190/z                (u)     in_0->z R     unmapped_not          14 28.0     0   128     509    (-,-) 
  D2_Y_REG_reg[3]/sena  -       -       R     unmapped_d_flop       14    -     -     0     509    (-,-) 
#--------------------------------------------------------------------------------------------------------

(u) : Net has unmapped pin(s).



Path 40: MET (4258 ps) Setup Check with Pin D2_Y_REG_reg[2]/clk->sena
          Group: C2C
     Startpoint: (R) F1_P_STATE_reg[1]/clk
          Clock: (R) SYS_CLK
       Endpoint: (R) D2_Y_REG_reg[2]/sena
          Clock: (R) SYS_CLK

                     Capture       Launch     
        Clock Edge:+    5000            0     
       Src Latency:+       0            0     
       Net Latency:+       0 (I)        0 (I) 
           Arrival:=    5000            0     
                                              
             Setup:-     233                  
     Required Time:=    4767                  
      Launch Clock:-       0                  
         Data Path:-     509                  
             Slack:=    4258                  

#--------------------------------------------------------------------------------------------------------
#     Timing Point      Flags    Arc    Edge       Cell         Fanout Load Trans Delay Arrival Instance 
#                                                                      (fF)  (ps)  (ps)   (ps)  Location 
#--------------------------------------------------------------------------------------------------------
  F1_P_STATE_reg[1]/clk -       -       R     (arrival)             35    -     0     0       0    (-,-) 
  F1_P_STATE_reg[1]/q   (u)     clk->q  F     unmapped_d_flop        4  4.0     0   238     238    (-,-) 
  g106/z                (u)     in_1->z F     unmapped_or2           5  5.0     0    80     318    (-,-) 
  g189/z                (u)     in_0->z F     unmapped_complex2      2  2.0     0    62     380    (-,-) 
  g190/z                (u)     in_0->z R     unmapped_not          14 28.0     0   128     509    (-,-) 
  D2_Y_REG_reg[2]/sena  -       -       R     unmapped_d_flop       14    -     -     0     509    (-,-) 
#--------------------------------------------------------------------------------------------------------

(u) : Net has unmapped pin(s).



Path 41: MET (4258 ps) Setup Check with Pin D2_Y_REG_reg[1]/clk->sena
          Group: C2C
     Startpoint: (R) F1_P_STATE_reg[1]/clk
          Clock: (R) SYS_CLK
       Endpoint: (R) D2_Y_REG_reg[1]/sena
          Clock: (R) SYS_CLK

                     Capture       Launch     
        Clock Edge:+    5000            0     
       Src Latency:+       0            0     
       Net Latency:+       0 (I)        0 (I) 
           Arrival:=    5000            0     
                                              
             Setup:-     233                  
     Required Time:=    4767                  
      Launch Clock:-       0                  
         Data Path:-     509                  
             Slack:=    4258                  

#--------------------------------------------------------------------------------------------------------
#     Timing Point      Flags    Arc    Edge       Cell         Fanout Load Trans Delay Arrival Instance 
#                                                                      (fF)  (ps)  (ps)   (ps)  Location 
#--------------------------------------------------------------------------------------------------------
  F1_P_STATE_reg[1]/clk -       -       R     (arrival)             35    -     0     0       0    (-,-) 
  F1_P_STATE_reg[1]/q   (u)     clk->q  F     unmapped_d_flop        4  4.0     0   238     238    (-,-) 
  g106/z                (u)     in_1->z F     unmapped_or2           5  5.0     0    80     318    (-,-) 
  g189/z                (u)     in_0->z F     unmapped_complex2      2  2.0     0    62     380    (-,-) 
  g190/z                (u)     in_0->z R     unmapped_not          14 28.0     0   128     509    (-,-) 
  D2_Y_REG_reg[1]/sena  -       -       R     unmapped_d_flop       14    -     -     0     509    (-,-) 
#--------------------------------------------------------------------------------------------------------

(u) : Net has unmapped pin(s).



Path 42: MET (4258 ps) Setup Check with Pin D2_Y_REG_reg[0]/clk->sena
          Group: C2C
     Startpoint: (R) F1_P_STATE_reg[1]/clk
          Clock: (R) SYS_CLK
       Endpoint: (R) D2_Y_REG_reg[0]/sena
          Clock: (R) SYS_CLK

                     Capture       Launch     
        Clock Edge:+    5000            0     
       Src Latency:+       0            0     
       Net Latency:+       0 (I)        0 (I) 
           Arrival:=    5000            0     
                                              
             Setup:-     233                  
     Required Time:=    4767                  
      Launch Clock:-       0                  
         Data Path:-     509                  
             Slack:=    4258                  

#--------------------------------------------------------------------------------------------------------
#     Timing Point      Flags    Arc    Edge       Cell         Fanout Load Trans Delay Arrival Instance 
#                                                                      (fF)  (ps)  (ps)   (ps)  Location 
#--------------------------------------------------------------------------------------------------------
  F1_P_STATE_reg[1]/clk -       -       R     (arrival)             35    -     0     0       0    (-,-) 
  F1_P_STATE_reg[1]/q   (u)     clk->q  F     unmapped_d_flop        4  4.0     0   238     238    (-,-) 
  g106/z                (u)     in_1->z F     unmapped_or2           5  5.0     0    80     318    (-,-) 
  g189/z                (u)     in_0->z F     unmapped_complex2      2  2.0     0    62     380    (-,-) 
  g190/z                (u)     in_0->z R     unmapped_not          14 28.0     0   128     509    (-,-) 
  D2_Y_REG_reg[0]/sena  -       -       R     unmapped_d_flop       14    -     -     0     509    (-,-) 
#--------------------------------------------------------------------------------------------------------

(u) : Net has unmapped pin(s).



Path 43: MET (4340 ps) Setup Check with Pin D2_Y_REG_reg[13]/clk->srl
          Group: C2C
     Startpoint: (R) F1_P_STATE_reg[1]/clk
          Clock: (R) SYS_CLK
       Endpoint: (R) D2_Y_REG_reg[13]/srl
          Clock: (R) SYS_CLK

                     Capture       Launch     
        Clock Edge:+    5000            0     
       Src Latency:+       0            0     
       Net Latency:+       0 (I)        0 (I) 
           Arrival:=    5000            0     
                                              
             Setup:-     149                  
     Required Time:=    4851                  
      Launch Clock:-       0                  
         Data Path:-     511                  
             Slack:=    4340                  

#------------------------------------------------------------------------------------------------------
#     Timing Point      Flags    Arc    Edge      Cell        Fanout Load Trans Delay Arrival Instance 
#                                                                    (fF)  (ps)  (ps)   (ps)  Location 
#------------------------------------------------------------------------------------------------------
  F1_P_STATE_reg[1]/clk -       -       R     (arrival)           35    -     0     0       0    (-,-) 
  F1_P_STATE_reg[1]/q   (u)     clk->q  F     unmapped_d_flop      4  4.0     0   238     238    (-,-) 
  g106/z                (u)     in_1->z F     unmapped_or2         5  5.0     0    80     318    (-,-) 
  g187/z                (u)     in_0->z F     unmapped_or2         1  1.0     0    54     372    (-,-) 
  g188/z                (u)     in_1->z R     unmapped_nand2      32  8.0     0   140     511    (-,-) 
  D2_Y_REG_reg[13]/srl  -       -       R     unmapped_d_flop     32    -     -     0     511    (-,-) 
#------------------------------------------------------------------------------------------------------

(u) : Net has unmapped pin(s).



Path 44: MET (4340 ps) Setup Check with Pin D2_Y_REG_reg[12]/clk->srl
          Group: C2C
     Startpoint: (R) F1_P_STATE_reg[1]/clk
          Clock: (R) SYS_CLK
       Endpoint: (R) D2_Y_REG_reg[12]/srl
          Clock: (R) SYS_CLK

                     Capture       Launch     
        Clock Edge:+    5000            0     
       Src Latency:+       0            0     
       Net Latency:+       0 (I)        0 (I) 
           Arrival:=    5000            0     
                                              
             Setup:-     149                  
     Required Time:=    4851                  
      Launch Clock:-       0                  
         Data Path:-     511                  
             Slack:=    4340                  

#------------------------------------------------------------------------------------------------------
#     Timing Point      Flags    Arc    Edge      Cell        Fanout Load Trans Delay Arrival Instance 
#                                                                    (fF)  (ps)  (ps)   (ps)  Location 
#------------------------------------------------------------------------------------------------------
  F1_P_STATE_reg[1]/clk -       -       R     (arrival)           35    -     0     0       0    (-,-) 
  F1_P_STATE_reg[1]/q   (u)     clk->q  F     unmapped_d_flop      4  4.0     0   238     238    (-,-) 
  g106/z                (u)     in_1->z F     unmapped_or2         5  5.0     0    80     318    (-,-) 
  g187/z                (u)     in_0->z F     unmapped_or2         1  1.0     0    54     372    (-,-) 
  g188/z                (u)     in_1->z R     unmapped_nand2      32  8.0     0   140     511    (-,-) 
  D2_Y_REG_reg[12]/srl  -       -       R     unmapped_d_flop     32    -     -     0     511    (-,-) 
#------------------------------------------------------------------------------------------------------

(u) : Net has unmapped pin(s).



Path 45: MET (4340 ps) Setup Check with Pin D2_Y_REG_reg[11]/clk->srl
          Group: C2C
     Startpoint: (R) F1_P_STATE_reg[1]/clk
          Clock: (R) SYS_CLK
       Endpoint: (R) D2_Y_REG_reg[11]/srl
          Clock: (R) SYS_CLK

                     Capture       Launch     
        Clock Edge:+    5000            0     
       Src Latency:+       0            0     
       Net Latency:+       0 (I)        0 (I) 
           Arrival:=    5000            0     
                                              
             Setup:-     149                  
     Required Time:=    4851                  
      Launch Clock:-       0                  
         Data Path:-     511                  
             Slack:=    4340                  

#------------------------------------------------------------------------------------------------------
#     Timing Point      Flags    Arc    Edge      Cell        Fanout Load Trans Delay Arrival Instance 
#                                                                    (fF)  (ps)  (ps)   (ps)  Location 
#------------------------------------------------------------------------------------------------------
  F1_P_STATE_reg[1]/clk -       -       R     (arrival)           35    -     0     0       0    (-,-) 
  F1_P_STATE_reg[1]/q   (u)     clk->q  F     unmapped_d_flop      4  4.0     0   238     238    (-,-) 
  g106/z                (u)     in_1->z F     unmapped_or2         5  5.0     0    80     318    (-,-) 
  g187/z                (u)     in_0->z F     unmapped_or2         1  1.0     0    54     372    (-,-) 
  g188/z                (u)     in_1->z R     unmapped_nand2      32  8.0     0   140     511    (-,-) 
  D2_Y_REG_reg[11]/srl  -       -       R     unmapped_d_flop     32    -     -     0     511    (-,-) 
#------------------------------------------------------------------------------------------------------

(u) : Net has unmapped pin(s).



Path 46: MET (4340 ps) Setup Check with Pin D2_Y_REG_reg[10]/clk->srl
          Group: C2C
     Startpoint: (R) F1_P_STATE_reg[1]/clk
          Clock: (R) SYS_CLK
       Endpoint: (R) D2_Y_REG_reg[10]/srl
          Clock: (R) SYS_CLK

                     Capture       Launch     
        Clock Edge:+    5000            0     
       Src Latency:+       0            0     
       Net Latency:+       0 (I)        0 (I) 
           Arrival:=    5000            0     
                                              
             Setup:-     149                  
     Required Time:=    4851                  
      Launch Clock:-       0                  
         Data Path:-     511                  
             Slack:=    4340                  

#------------------------------------------------------------------------------------------------------
#     Timing Point      Flags    Arc    Edge      Cell        Fanout Load Trans Delay Arrival Instance 
#                                                                    (fF)  (ps)  (ps)   (ps)  Location 
#------------------------------------------------------------------------------------------------------
  F1_P_STATE_reg[1]/clk -       -       R     (arrival)           35    -     0     0       0    (-,-) 
  F1_P_STATE_reg[1]/q   (u)     clk->q  F     unmapped_d_flop      4  4.0     0   238     238    (-,-) 
  g106/z                (u)     in_1->z F     unmapped_or2         5  5.0     0    80     318    (-,-) 
  g187/z                (u)     in_0->z F     unmapped_or2         1  1.0     0    54     372    (-,-) 
  g188/z                (u)     in_1->z R     unmapped_nand2      32  8.0     0   140     511    (-,-) 
  D2_Y_REG_reg[10]/srl  -       -       R     unmapped_d_flop     32    -     -     0     511    (-,-) 
#------------------------------------------------------------------------------------------------------

(u) : Net has unmapped pin(s).



Path 47: MET (4340 ps) Setup Check with Pin D2_Y_REG_reg[9]/clk->srl
          Group: C2C
     Startpoint: (R) F1_P_STATE_reg[1]/clk
          Clock: (R) SYS_CLK
       Endpoint: (R) D2_Y_REG_reg[9]/srl
          Clock: (R) SYS_CLK

                     Capture       Launch     
        Clock Edge:+    5000            0     
       Src Latency:+       0            0     
       Net Latency:+       0 (I)        0 (I) 
           Arrival:=    5000            0     
                                              
             Setup:-     149                  
     Required Time:=    4851                  
      Launch Clock:-       0                  
         Data Path:-     511                  
             Slack:=    4340                  

#------------------------------------------------------------------------------------------------------
#     Timing Point      Flags    Arc    Edge      Cell        Fanout Load Trans Delay Arrival Instance 
#                                                                    (fF)  (ps)  (ps)   (ps)  Location 
#------------------------------------------------------------------------------------------------------
  F1_P_STATE_reg[1]/clk -       -       R     (arrival)           35    -     0     0       0    (-,-) 
  F1_P_STATE_reg[1]/q   (u)     clk->q  F     unmapped_d_flop      4  4.0     0   238     238    (-,-) 
  g106/z                (u)     in_1->z F     unmapped_or2         5  5.0     0    80     318    (-,-) 
  g187/z                (u)     in_0->z F     unmapped_or2         1  1.0     0    54     372    (-,-) 
  g188/z                (u)     in_1->z R     unmapped_nand2      32  8.0     0   140     511    (-,-) 
  D2_Y_REG_reg[9]/srl   -       -       R     unmapped_d_flop     32    -     -     0     511    (-,-) 
#------------------------------------------------------------------------------------------------------

(u) : Net has unmapped pin(s).



Path 48: MET (4340 ps) Setup Check with Pin D2_Y_REG_reg[8]/clk->srl
          Group: C2C
     Startpoint: (R) F1_P_STATE_reg[1]/clk
          Clock: (R) SYS_CLK
       Endpoint: (R) D2_Y_REG_reg[8]/srl
          Clock: (R) SYS_CLK

                     Capture       Launch     
        Clock Edge:+    5000            0     
       Src Latency:+       0            0     
       Net Latency:+       0 (I)        0 (I) 
           Arrival:=    5000            0     
                                              
             Setup:-     149                  
     Required Time:=    4851                  
      Launch Clock:-       0                  
         Data Path:-     511                  
             Slack:=    4340                  

#------------------------------------------------------------------------------------------------------
#     Timing Point      Flags    Arc    Edge      Cell        Fanout Load Trans Delay Arrival Instance 
#                                                                    (fF)  (ps)  (ps)   (ps)  Location 
#------------------------------------------------------------------------------------------------------
  F1_P_STATE_reg[1]/clk -       -       R     (arrival)           35    -     0     0       0    (-,-) 
  F1_P_STATE_reg[1]/q   (u)     clk->q  F     unmapped_d_flop      4  4.0     0   238     238    (-,-) 
  g106/z                (u)     in_1->z F     unmapped_or2         5  5.0     0    80     318    (-,-) 
  g187/z                (u)     in_0->z F     unmapped_or2         1  1.0     0    54     372    (-,-) 
  g188/z                (u)     in_1->z R     unmapped_nand2      32  8.0     0   140     511    (-,-) 
  D2_Y_REG_reg[8]/srl   -       -       R     unmapped_d_flop     32    -     -     0     511    (-,-) 
#------------------------------------------------------------------------------------------------------

(u) : Net has unmapped pin(s).



Path 49: MET (4340 ps) Setup Check with Pin D2_Y_REG_reg[7]/clk->srl
          Group: C2C
     Startpoint: (R) F1_P_STATE_reg[1]/clk
          Clock: (R) SYS_CLK
       Endpoint: (R) D2_Y_REG_reg[7]/srl
          Clock: (R) SYS_CLK

                     Capture       Launch     
        Clock Edge:+    5000            0     
       Src Latency:+       0            0     
       Net Latency:+       0 (I)        0 (I) 
           Arrival:=    5000            0     
                                              
             Setup:-     149                  
     Required Time:=    4851                  
      Launch Clock:-       0                  
         Data Path:-     511                  
             Slack:=    4340                  

#------------------------------------------------------------------------------------------------------
#     Timing Point      Flags    Arc    Edge      Cell        Fanout Load Trans Delay Arrival Instance 
#                                                                    (fF)  (ps)  (ps)   (ps)  Location 
#------------------------------------------------------------------------------------------------------
  F1_P_STATE_reg[1]/clk -       -       R     (arrival)           35    -     0     0       0    (-,-) 
  F1_P_STATE_reg[1]/q   (u)     clk->q  F     unmapped_d_flop      4  4.0     0   238     238    (-,-) 
  g106/z                (u)     in_1->z F     unmapped_or2         5  5.0     0    80     318    (-,-) 
  g187/z                (u)     in_0->z F     unmapped_or2         1  1.0     0    54     372    (-,-) 
  g188/z                (u)     in_1->z R     unmapped_nand2      32  8.0     0   140     511    (-,-) 
  D2_Y_REG_reg[7]/srl   -       -       R     unmapped_d_flop     32    -     -     0     511    (-,-) 
#------------------------------------------------------------------------------------------------------

(u) : Net has unmapped pin(s).



Path 50: MET (4340 ps) Setup Check with Pin D2_Y_REG_reg[6]/clk->srl
          Group: C2C
     Startpoint: (R) F1_P_STATE_reg[1]/clk
          Clock: (R) SYS_CLK
       Endpoint: (R) D2_Y_REG_reg[6]/srl
          Clock: (R) SYS_CLK

                     Capture       Launch     
        Clock Edge:+    5000            0     
       Src Latency:+       0            0     
       Net Latency:+       0 (I)        0 (I) 
           Arrival:=    5000            0     
                                              
             Setup:-     149                  
     Required Time:=    4851                  
      Launch Clock:-       0                  
         Data Path:-     511                  
             Slack:=    4340                  

#------------------------------------------------------------------------------------------------------
#     Timing Point      Flags    Arc    Edge      Cell        Fanout Load Trans Delay Arrival Instance 
#                                                                    (fF)  (ps)  (ps)   (ps)  Location 
#------------------------------------------------------------------------------------------------------
  F1_P_STATE_reg[1]/clk -       -       R     (arrival)           35    -     0     0       0    (-,-) 
  F1_P_STATE_reg[1]/q   (u)     clk->q  F     unmapped_d_flop      4  4.0     0   238     238    (-,-) 
  g106/z                (u)     in_1->z F     unmapped_or2         5  5.0     0    80     318    (-,-) 
  g187/z                (u)     in_0->z F     unmapped_or2         1  1.0     0    54     372    (-,-) 
  g188/z                (u)     in_1->z R     unmapped_nand2      32  8.0     0   140     511    (-,-) 
  D2_Y_REG_reg[6]/srl   -       -       R     unmapped_d_flop     32    -     -     0     511    (-,-) 
#------------------------------------------------------------------------------------------------------

(u) : Net has unmapped pin(s).

