============================================================
  Generated by:           Genus(TM) Synthesis Solution 21.18-s082_1
  Generated on:           Jun 13 2026  07:48:45 am
  Module:                 TOP
  Operating conditions:   PVT_0P9V_125C 
  Interconnect mode:      global
  Area mode:              physical library
============================================================


Path 1: MET (313 ps) Setup Check with Pin D2_REG1_reg[13]/CK->D
          Group: C2C
     Startpoint: (R) D2_REG1_reg[5]/CK
          Clock: (R) SYS_CLK
       Endpoint: (R) D2_REG1_reg[13]/D
          Clock: (R) SYS_CLK

                     Capture       Launch     
        Clock Edge:+    5000            0     
       Src Latency:+       0            0     
       Net Latency:+       0 (I)        0 (I) 
           Arrival:=    5000            0     
                                              
             Setup:-     322                  
     Required Time:=    4678                  
      Launch Clock:-       0                  
         Data Path:-    4365                  
             Slack:=     313                  

#--------------------------------------------------------------------------------------------------------------------------
#                 Timing Point                  Flags    Arc   Edge     Cell      Fanout Load Trans Delay Arrival Instance 
#                                                                                        (fF)  (ps)  (ps)   (ps)  Location 
#--------------------------------------------------------------------------------------------------------------------------
  D2_REG1_reg[5]/CK                             -       -      R     (arrival)        35    -     0     0       0    (-,-) 
  D2_REG1_reg[5]/Q                              -       CK->Q  F     DFFQX1HVT         1  4.2   208   384     384    (-,-) 
  drc_bufs462/Y                                 -       A->Y   R     INVX1             1  4.7   138   180     564    (-,-) 
  drc_bufs461/Y                                 -       A->Y   F     INVX2             3  8.2   133   141     705    (-,-) 
  drc_bufs/Y                                    -       A->Y   F     BUFX2HVT          1  4.5   128   203     908    (-,-) 
  g308__3680/Y                                  -       A->Y   F     CLKAND2X3LVT      4 10.3    67   130    1038    (-,-) 
  D2_WALLACE_CSA_DUMMY_OP_groupi_g1078__8428/Y  -       A->Y   F     AND2X1HVT         1  4.5   223   204    1242    (-,-) 
  D2_WALLACE_CSA_DUMMY_OP_groupi_g1029__8246/S  -       B->S   R     ADDFX1HVT         1  4.5   172   576    1818    (-,-) 
  D2_WALLACE_CSA_DUMMY_OP_groupi_g1014__7410/S  -       CI->S  F     ADDFXL            1  4.7   239   412    2230    (-,-) 
  D2_WALLACE_CSA_DUMMY_OP_groupi_g1001__8246/CO -       A->CO  F     ADDFX1LVT         1  4.8    95   226    2456    (-,-) 
  D2_WALLACE_CSA_DUMMY_OP_groupi_g1000__5122/CO -       CI->CO F     ADDFHX1LVT        1  4.5    89   159    2616    (-,-) 
  D2_WALLACE_CSA_DUMMY_OP_groupi_g999__1705/CO  -       CI->CO F     ADDFXLLVT         1  4.5   145   189    2805    (-,-) 
  D2_WALLACE_CSA_DUMMY_OP_groupi_g998__2802/CO  -       CI->CO F     ADDFXLLVT         1  4.4   142   208    3013    (-,-) 
  D2_WALLACE_CSA_DUMMY_OP_groupi_g997__1617/CO  -       CI->CO F     ADDFX1            1  4.4   137   270    3283    (-,-) 
  D2_WALLACE_CSA_DUMMY_OP_groupi_g996__3680/CO  -       CI->CO F     ADDFX1            1  4.3   134   267    3550    (-,-) 
  D2_WALLACE_CSA_DUMMY_OP_groupi_g995__6783/Y   -       B->Y   R     XNOR2X1           1  4.1   102   246    3796    (-,-) 
  g388__7482/Y                                  -       B->Y   F     MXI2X2HVT         1  4.2   121   380    4176    (-,-) 
  g341__5115/Y                                  -       B->Y   R     NOR2X1            1  4.1   215   189    4365    (-,-) 
  D2_REG1_reg[13]/D                             -       -      R     DFFQX1HVT         1    -     -     0    4365    (-,-) 
#--------------------------------------------------------------------------------------------------------------------------



Path 2: MET (446 ps) Setup Check with Pin D2_REG1_reg[12]/CK->D
          Group: C2C
     Startpoint: (R) D2_REG1_reg[5]/CK
          Clock: (R) SYS_CLK
       Endpoint: (R) D2_REG1_reg[12]/D
          Clock: (R) SYS_CLK

                     Capture       Launch     
        Clock Edge:+    5000            0     
       Src Latency:+       0            0     
       Net Latency:+       0 (I)        0 (I) 
           Arrival:=    5000            0     
                                              
             Setup:-     322                  
     Required Time:=    4678                  
      Launch Clock:-       0                  
         Data Path:-    4232                  
             Slack:=     446                  

#--------------------------------------------------------------------------------------------------------------------------
#                 Timing Point                  Flags    Arc   Edge     Cell      Fanout Load Trans Delay Arrival Instance 
#                                                                                        (fF)  (ps)  (ps)   (ps)  Location 
#--------------------------------------------------------------------------------------------------------------------------
  D2_REG1_reg[5]/CK                             -       -      R     (arrival)        35    -     0     0       0    (-,-) 
  D2_REG1_reg[5]/Q                              -       CK->Q  F     DFFQX1HVT         1  4.2   208   384     384    (-,-) 
  drc_bufs462/Y                                 -       A->Y   R     INVX1             1  4.7   138   180     564    (-,-) 
  drc_bufs461/Y                                 -       A->Y   F     INVX2             3  8.2   133   141     705    (-,-) 
  drc_bufs/Y                                    -       A->Y   F     BUFX2HVT          1  4.5   128   203     908    (-,-) 
  g308__3680/Y                                  -       A->Y   F     CLKAND2X3LVT      4 10.3    67   130    1038    (-,-) 
  D2_WALLACE_CSA_DUMMY_OP_groupi_g1078__8428/Y  -       A->Y   F     AND2X1HVT         1  4.5   223   204    1242    (-,-) 
  D2_WALLACE_CSA_DUMMY_OP_groupi_g1029__8246/S  -       B->S   R     ADDFX1HVT         1  4.5   172   576    1818    (-,-) 
  D2_WALLACE_CSA_DUMMY_OP_groupi_g1014__7410/S  -       CI->S  F     ADDFXL            1  4.7   239   412    2230    (-,-) 
  D2_WALLACE_CSA_DUMMY_OP_groupi_g1001__8246/CO -       A->CO  F     ADDFX1LVT         1  4.8    95   226    2456    (-,-) 
  D2_WALLACE_CSA_DUMMY_OP_groupi_g1000__5122/CO -       CI->CO F     ADDFHX1LVT        1  4.5    89   159    2616    (-,-) 
  D2_WALLACE_CSA_DUMMY_OP_groupi_g999__1705/CO  -       CI->CO F     ADDFXLLVT         1  4.5   145   189    2805    (-,-) 
  D2_WALLACE_CSA_DUMMY_OP_groupi_g998__2802/CO  -       CI->CO F     ADDFXLLVT         1  4.4   142   208    3013    (-,-) 
  D2_WALLACE_CSA_DUMMY_OP_groupi_g997__1617/CO  -       CI->CO F     ADDFX1            1  4.4   137   270    3283    (-,-) 
  D2_WALLACE_CSA_DUMMY_OP_groupi_g996__3680/S   -       CI->S  R     ADDFX1            1  4.1   114   373    3656    (-,-) 
  g374__4319/Y                                  -       B->Y   F     MXI2X2HVT         1  4.2   121   387    4043    (-,-) 
  g354__5107/Y                                  -       B->Y   R     NOR2X1            1  4.1   215   189    4232    (-,-) 
  D2_REG1_reg[12]/D                             -       -      R     DFFQX1HVT         1    -     -     0    4232    (-,-) 
#--------------------------------------------------------------------------------------------------------------------------



Path 3: MET (714 ps) Setup Check with Pin D2_REG1_reg[11]/CK->D
          Group: C2C
     Startpoint: (R) D2_REG1_reg[5]/CK
          Clock: (R) SYS_CLK
       Endpoint: (R) D2_REG1_reg[11]/D
          Clock: (R) SYS_CLK

                     Capture       Launch     
        Clock Edge:+    5000            0     
       Src Latency:+       0            0     
       Net Latency:+       0 (I)        0 (I) 
           Arrival:=    5000            0     
                                              
             Setup:-     322                  
     Required Time:=    4678                  
      Launch Clock:-       0                  
         Data Path:-    3964                  
             Slack:=     714                  

#--------------------------------------------------------------------------------------------------------------------------
#                 Timing Point                  Flags    Arc   Edge     Cell      Fanout Load Trans Delay Arrival Instance 
#                                                                                        (fF)  (ps)  (ps)   (ps)  Location 
#--------------------------------------------------------------------------------------------------------------------------
  D2_REG1_reg[5]/CK                             -       -      R     (arrival)        35    -     0     0       0    (-,-) 
  D2_REG1_reg[5]/Q                              -       CK->Q  F     DFFQX1HVT         1  4.2   208   384     384    (-,-) 
  drc_bufs462/Y                                 -       A->Y   R     INVX1             1  4.7   138   180     564    (-,-) 
  drc_bufs461/Y                                 -       A->Y   F     INVX2             3  8.2   133   141     705    (-,-) 
  drc_bufs/Y                                    -       A->Y   F     BUFX2HVT          1  4.5   128   203     908    (-,-) 
  g308__3680/Y                                  -       A->Y   F     CLKAND2X3LVT      4 10.3    67   130    1038    (-,-) 
  D2_WALLACE_CSA_DUMMY_OP_groupi_g1078__8428/Y  -       A->Y   F     AND2X1HVT         1  4.5   223   204    1242    (-,-) 
  D2_WALLACE_CSA_DUMMY_OP_groupi_g1029__8246/S  -       B->S   R     ADDFX1HVT         1  4.5   172   576    1818    (-,-) 
  D2_WALLACE_CSA_DUMMY_OP_groupi_g1014__7410/S  -       CI->S  F     ADDFXL            1  4.7   239   412    2230    (-,-) 
  D2_WALLACE_CSA_DUMMY_OP_groupi_g1001__8246/CO -       A->CO  F     ADDFX1LVT         1  4.8    95   226    2456    (-,-) 
  D2_WALLACE_CSA_DUMMY_OP_groupi_g1000__5122/CO -       CI->CO F     ADDFHX1LVT        1  4.5    89   159    2616    (-,-) 
  D2_WALLACE_CSA_DUMMY_OP_groupi_g999__1705/CO  -       CI->CO F     ADDFXLLVT         1  4.5   145   189    2805    (-,-) 
  D2_WALLACE_CSA_DUMMY_OP_groupi_g998__2802/CO  -       CI->CO F     ADDFXLLVT         1  4.4   142   208    3013    (-,-) 
  D2_WALLACE_CSA_DUMMY_OP_groupi_g997__1617/S   -       CI->S  R     ADDFX1            1  4.1   114   375    3388    (-,-) 
  g375__8428/Y                                  -       B->Y   F     MXI2X2HVT         1  4.2   121   387    3775    (-,-) 
  g342__7482/Y                                  -       B->Y   R     NOR2X1            1  4.1   215   189    3964    (-,-) 
  D2_REG1_reg[11]/D                             -       -      R     DFFQX1HVT         1    -     -     0    3964    (-,-) 
#--------------------------------------------------------------------------------------------------------------------------



Path 4: MET (1044 ps) Setup Check with Pin D2_REG1_reg[10]/CK->D
          Group: C2C
     Startpoint: (R) D2_REG1_reg[5]/CK
          Clock: (R) SYS_CLK
       Endpoint: (R) D2_REG1_reg[10]/D
          Clock: (R) SYS_CLK

                     Capture       Launch     
        Clock Edge:+    5000            0     
       Src Latency:+       0            0     
       Net Latency:+       0 (I)        0 (I) 
           Arrival:=    5000            0     
                                              
             Setup:-     322                  
     Required Time:=    4678                  
      Launch Clock:-       0                  
         Data Path:-    3634                  
             Slack:=    1044                  

#--------------------------------------------------------------------------------------------------------------------------
#                 Timing Point                  Flags    Arc   Edge     Cell      Fanout Load Trans Delay Arrival Instance 
#                                                                                        (fF)  (ps)  (ps)   (ps)  Location 
#--------------------------------------------------------------------------------------------------------------------------
  D2_REG1_reg[5]/CK                             -       -      R     (arrival)        35    -     0     0       0    (-,-) 
  D2_REG1_reg[5]/Q                              -       CK->Q  F     DFFQX1HVT         1  4.2   208   384     384    (-,-) 
  drc_bufs462/Y                                 -       A->Y   R     INVX1             1  4.7   138   180     564    (-,-) 
  drc_bufs461/Y                                 -       A->Y   F     INVX2             3  8.2   133   141     705    (-,-) 
  drc_bufs/Y                                    -       A->Y   F     BUFX2HVT          1  4.5   128   203     908    (-,-) 
  g308__3680/Y                                  -       A->Y   F     CLKAND2X3LVT      4 10.3    67   130    1038    (-,-) 
  D2_WALLACE_CSA_DUMMY_OP_groupi_g1078__8428/Y  -       A->Y   F     AND2X1HVT         1  4.5   223   204    1242    (-,-) 
  D2_WALLACE_CSA_DUMMY_OP_groupi_g1029__8246/S  -       B->S   R     ADDFX1HVT         1  4.5   172   576    1818    (-,-) 
  D2_WALLACE_CSA_DUMMY_OP_groupi_g1014__7410/S  -       CI->S  F     ADDFXL            1  4.7   239   412    2230    (-,-) 
  D2_WALLACE_CSA_DUMMY_OP_groupi_g1001__8246/CO -       A->CO  F     ADDFX1LVT         1  4.8    95   226    2456    (-,-) 
  D2_WALLACE_CSA_DUMMY_OP_groupi_g1000__5122/CO -       CI->CO F     ADDFHX1LVT        1  4.5    89   159    2616    (-,-) 
  D2_WALLACE_CSA_DUMMY_OP_groupi_g999__1705/CO  -       CI->CO F     ADDFXLLVT         1  4.5   145   189    2805    (-,-) 
  D2_WALLACE_CSA_DUMMY_OP_groupi_g998__2802/S   -       CI->S  R     ADDFXLLVT         1  4.1   116   251    3056    (-,-) 
  g376__5526/Y                                  -       B->Y   F     MXI2X2HVT         1  4.2   121   389    3444    (-,-) 
  g343__4733/Y                                  -       B->Y   R     NOR2X1            1  4.1   215   189    3634    (-,-) 
  D2_REG1_reg[10]/D                             -       -      R     DFFQX1HVT         1    -     -     0    3634    (-,-) 
#--------------------------------------------------------------------------------------------------------------------------



Path 5: MET (1252 ps) Setup Check with Pin D2_REG1_reg[9]/CK->D
          Group: C2C
     Startpoint: (R) D2_REG1_reg[5]/CK
          Clock: (R) SYS_CLK
       Endpoint: (R) D2_REG1_reg[9]/D
          Clock: (R) SYS_CLK

                     Capture       Launch     
        Clock Edge:+    5000            0     
       Src Latency:+       0            0     
       Net Latency:+       0 (I)        0 (I) 
           Arrival:=    5000            0     
                                              
             Setup:-     322                  
     Required Time:=    4678                  
      Launch Clock:-       0                  
         Data Path:-    3425                  
             Slack:=    1252                  

#--------------------------------------------------------------------------------------------------------------------------
#                 Timing Point                  Flags    Arc   Edge     Cell      Fanout Load Trans Delay Arrival Instance 
#                                                                                        (fF)  (ps)  (ps)   (ps)  Location 
#--------------------------------------------------------------------------------------------------------------------------
  D2_REG1_reg[5]/CK                             -       -      R     (arrival)        35    -     0     0       0    (-,-) 
  D2_REG1_reg[5]/Q                              -       CK->Q  F     DFFQX1HVT         1  4.2   208   384     384    (-,-) 
  drc_bufs462/Y                                 -       A->Y   R     INVX1             1  4.7   138   180     564    (-,-) 
  drc_bufs461/Y                                 -       A->Y   F     INVX2             3  8.2   133   141     705    (-,-) 
  drc_bufs/Y                                    -       A->Y   F     BUFX2HVT          1  4.5   128   203     908    (-,-) 
  g308__3680/Y                                  -       A->Y   F     CLKAND2X3LVT      4 10.3    67   130    1038    (-,-) 
  D2_WALLACE_CSA_DUMMY_OP_groupi_g1078__8428/Y  -       A->Y   F     AND2X1HVT         1  4.5   223   204    1242    (-,-) 
  D2_WALLACE_CSA_DUMMY_OP_groupi_g1029__8246/S  -       B->S   R     ADDFX1HVT         1  4.5   172   576    1818    (-,-) 
  D2_WALLACE_CSA_DUMMY_OP_groupi_g1014__7410/S  -       CI->S  F     ADDFXL            1  4.7   239   412    2230    (-,-) 
  D2_WALLACE_CSA_DUMMY_OP_groupi_g1001__8246/CO -       A->CO  F     ADDFX1LVT         1  4.8    95   226    2456    (-,-) 
  D2_WALLACE_CSA_DUMMY_OP_groupi_g1000__5122/CO -       CI->CO F     ADDFHX1LVT        1  4.5    89   159    2616    (-,-) 
  D2_WALLACE_CSA_DUMMY_OP_groupi_g999__1705/S   -       CI->S  R     ADDFXLLVT         1  4.1   116   232    2847    (-,-) 
  g377__6783/Y                                  -       B->Y   F     MXI2X2HVT         1  4.2   121   389    3236    (-,-) 
  g344__6161/Y                                  -       B->Y   R     NOR2X1            1  4.1   215   189    3425    (-,-) 
  D2_REG1_reg[9]/D                              -       -      R     DFFQX1HVT         1    -     -     0    3425    (-,-) 
#--------------------------------------------------------------------------------------------------------------------------



Path 6: MET (1458 ps) Setup Check with Pin D2_REG1_reg[8]/CK->D
          Group: C2C
     Startpoint: (R) D2_REG1_reg[5]/CK
          Clock: (R) SYS_CLK
       Endpoint: (R) D2_REG1_reg[8]/D
          Clock: (R) SYS_CLK

                     Capture       Launch     
        Clock Edge:+    5000            0     
       Src Latency:+       0            0     
       Net Latency:+       0 (I)        0 (I) 
           Arrival:=    5000            0     
                                              
             Setup:-     322                  
     Required Time:=    4678                  
      Launch Clock:-       0                  
         Data Path:-    3220                  
             Slack:=    1458                  

#-------------------------------------------------------------------------------------------------------------------------
#                 Timing Point                  Flags   Arc   Edge     Cell      Fanout Load Trans Delay Arrival Instance 
#                                                                                       (fF)  (ps)  (ps)   (ps)  Location 
#-------------------------------------------------------------------------------------------------------------------------
  D2_REG1_reg[5]/CK                             -       -     R     (arrival)        35    -     0     0       0    (-,-) 
  D2_REG1_reg[5]/Q                              -       CK->Q F     DFFQX1HVT         1  4.2   208   384     384    (-,-) 
  drc_bufs462/Y                                 -       A->Y  R     INVX1             1  4.7   138   180     564    (-,-) 
  drc_bufs461/Y                                 -       A->Y  F     INVX2             3  8.2   133   141     705    (-,-) 
  drc_bufs/Y                                    -       A->Y  F     BUFX2HVT          1  4.5   128   203     908    (-,-) 
  g308__3680/Y                                  -       A->Y  F     CLKAND2X3LVT      4 10.3    67   130    1038    (-,-) 
  D2_WALLACE_CSA_DUMMY_OP_groupi_g1078__8428/Y  -       A->Y  F     AND2X1HVT         1  4.5   223   204    1242    (-,-) 
  D2_WALLACE_CSA_DUMMY_OP_groupi_g1029__8246/S  -       B->S  R     ADDFX1HVT         1  4.5   172   576    1818    (-,-) 
  D2_WALLACE_CSA_DUMMY_OP_groupi_g1014__7410/S  -       CI->S F     ADDFXL            1  4.7   239   412    2230    (-,-) 
  D2_WALLACE_CSA_DUMMY_OP_groupi_g1001__8246/CO -       A->CO F     ADDFX1LVT         1  4.8    95   226    2456    (-,-) 
  D2_WALLACE_CSA_DUMMY_OP_groupi_g1000__5122/S  -       CI->S R     ADDFHX1LVT        1  4.1    74   212    2669    (-,-) 
  g378__3680/Y                                  -       B->Y  F     MXI2X2HVT         1  4.2   121   362    3031    (-,-) 
  g345__9315/Y                                  -       B->Y  R     NOR2X1            1  4.1   215   189    3220    (-,-) 
  D2_REG1_reg[8]/D                              -       -     R     DFFQX1HVT         1    -     -     0    3220    (-,-) 
#-------------------------------------------------------------------------------------------------------------------------



Path 7: MET (1609 ps) Setup Check with Pin D2_REG1_reg[7]/CK->D
          Group: C2C
     Startpoint: (R) D2_REG1_reg[5]/CK
          Clock: (R) SYS_CLK
       Endpoint: (R) D2_REG1_reg[7]/D
          Clock: (R) SYS_CLK

                     Capture       Launch     
        Clock Edge:+    5000            0     
       Src Latency:+       0            0     
       Net Latency:+       0 (I)        0 (I) 
           Arrival:=    5000            0     
                                              
             Setup:-     322                  
     Required Time:=    4678                  
      Launch Clock:-       0                  
         Data Path:-    3068                  
             Slack:=    1609                  

#------------------------------------------------------------------------------------------------------------------------
#                Timing Point                  Flags   Arc   Edge     Cell      Fanout Load Trans Delay Arrival Instance 
#                                                                                      (fF)  (ps)  (ps)   (ps)  Location 
#------------------------------------------------------------------------------------------------------------------------
  D2_REG1_reg[5]/CK                            -       -     R     (arrival)        35    -     0     0       0    (-,-) 
  D2_REG1_reg[5]/Q                             -       CK->Q F     DFFQX1HVT         1  4.2   208   384     384    (-,-) 
  drc_bufs462/Y                                -       A->Y  R     INVX1             1  4.7   138   180     564    (-,-) 
  drc_bufs461/Y                                -       A->Y  F     INVX2             3  8.2   133   141     705    (-,-) 
  drc_bufs/Y                                   -       A->Y  F     BUFX2HVT          1  4.5   128   203     908    (-,-) 
  g308__3680/Y                                 -       A->Y  F     CLKAND2X3LVT      4 10.3    67   130    1038    (-,-) 
  D2_WALLACE_CSA_DUMMY_OP_groupi_g1078__8428/Y -       A->Y  F     AND2X1HVT         1  4.5   223   204    1242    (-,-) 
  D2_WALLACE_CSA_DUMMY_OP_groupi_g1029__8246/S -       B->S  R     ADDFX1HVT         1  4.5   172   576    1818    (-,-) 
  D2_WALLACE_CSA_DUMMY_OP_groupi_g1014__7410/S -       CI->S F     ADDFXL            1  4.7   239   412    2230    (-,-) 
  D2_WALLACE_CSA_DUMMY_OP_groupi_g1001__8246/S -       A->S  R     ADDFX1LVT         1  4.1    78   285    2515    (-,-) 
  g379__1617/Y                                 -       B->Y  F     MXI2X2HVT         1  4.2   121   364    2879    (-,-) 
  g346__9945/Y                                 -       B->Y  R     NOR2X1            1  4.1   215   189    3068    (-,-) 
  D2_REG1_reg[7]/D                             -       -     R     DFFQX1HVT         1    -     -     0    3068    (-,-) 
#------------------------------------------------------------------------------------------------------------------------



Path 8: MET (1777 ps) Setup Check with Pin D2_REG1_reg[6]/CK->D
          Group: C2C
     Startpoint: (R) D2_REG1_reg[4]/CK
          Clock: (R) SYS_CLK
       Endpoint: (R) D2_REG1_reg[6]/D
          Clock: (R) SYS_CLK

                     Capture       Launch     
        Clock Edge:+    5000            0     
       Src Latency:+       0            0     
       Net Latency:+       0 (I)        0 (I) 
           Arrival:=    5000            0     
                                              
             Setup:-     322                  
     Required Time:=    4678                  
      Launch Clock:-       0                  
         Data Path:-    2901                  
             Slack:=    1777                  

#-----------------------------------------------------------------------------------------------------------------------
#                 Timing Point                  Flags    Arc   Edge   Cell     Fanout Load Trans Delay Arrival Instance 
#                                                                                     (fF)  (ps)  (ps)   (ps)  Location 
#-----------------------------------------------------------------------------------------------------------------------
  D2_REG1_reg[4]/CK                             -       -      R     (arrival)     35    -     0     0       0    (-,-) 
  D2_REG1_reg[4]/Q                              -       CK->Q  F     DFFQX1HVT      1  4.3   213   386     386    (-,-) 
  drc_bufs502/Y                                 -       A->Y   R     INVX1LVT       1  4.7   101   142     528    (-,-) 
  drc_bufs501/Y                                 -       A->Y   F     INVX2          3  8.2   127   120     648    (-,-) 
  g309__1617/Y                                  -       B->Y   F     AND2X1LVT      4 10.3   172   170     819    (-,-) 
  D2_WALLACE_CSA_DUMMY_OP_groupi_g1082__1617/Y  -       A->Y   F     AND2X1HVT      1  4.6   227   262    1081    (-,-) 
  D2_WALLACE_CSA_DUMMY_OP_groupi_g1019__6260/S  -       B->S   R     ADDFX1         1  4.5   122   427    1508    (-,-) 
  D2_WALLACE_CSA_DUMMY_OP_groupi_g1017__2398/S  -       CI->S  F     ADDFXLLVT      1  4.7   152   254    1762    (-,-) 
  D2_WALLACE_CSA_DUMMY_OP_groupi_g1004__1881/CO -       B->CO  F     ADDFX1LVT      1  4.5    89   189    1951    (-,-) 
  D2_WALLACE_CSA_DUMMY_OP_groupi_g1003__6131/CO -       CI->CO F     ADDFX1LVT      1  4.5    89   165    2116    (-,-) 
  D2_WALLACE_CSA_DUMMY_OP_groupi_g1002__7098/S  -       CI->S  R     ADDFX1LVT      1  4.1    78   231    2347    (-,-) 
  g380__2802/Y                                  -       B->Y   F     MXI2X2HVT      1  4.2   121   364    2711    (-,-) 
  g347__2883/Y                                  -       B->Y   R     NOR2X1         1  4.1   215   189    2901    (-,-) 
  D2_REG1_reg[6]/D                              -       -      R     DFFQX1HVT      1    -     -     0    2901    (-,-) 
#-----------------------------------------------------------------------------------------------------------------------



Path 9: MET (1942 ps) Setup Check with Pin D2_REG1_reg[5]/CK->D
          Group: C2C
     Startpoint: (R) D2_REG1_reg[4]/CK
          Clock: (R) SYS_CLK
       Endpoint: (R) D2_REG1_reg[5]/D
          Clock: (R) SYS_CLK

                     Capture       Launch     
        Clock Edge:+    5000            0     
       Src Latency:+       0            0     
       Net Latency:+       0 (I)        0 (I) 
           Arrival:=    5000            0     
                                              
             Setup:-     322                  
     Required Time:=    4678                  
      Launch Clock:-       0                  
         Data Path:-    2736                  
             Slack:=    1942                  

#----------------------------------------------------------------------------------------------------------------------
#                 Timing Point                  Flags   Arc   Edge   Cell     Fanout Load Trans Delay Arrival Instance 
#                                                                                    (fF)  (ps)  (ps)   (ps)  Location 
#----------------------------------------------------------------------------------------------------------------------
  D2_REG1_reg[4]/CK                             -       -     R     (arrival)     35    -     0     0       0    (-,-) 
  D2_REG1_reg[4]/Q                              -       CK->Q F     DFFQX1HVT      1  4.3   213   386     386    (-,-) 
  drc_bufs502/Y                                 -       A->Y  R     INVX1LVT       1  4.7   101   142     528    (-,-) 
  drc_bufs501/Y                                 -       A->Y  F     INVX2          3  8.2   127   120     648    (-,-) 
  g309__1617/Y                                  -       B->Y  F     AND2X1LVT      4 10.3   172   170     819    (-,-) 
  D2_WALLACE_CSA_DUMMY_OP_groupi_g1082__1617/Y  -       A->Y  F     AND2X1HVT      1  4.6   227   262    1081    (-,-) 
  D2_WALLACE_CSA_DUMMY_OP_groupi_g1019__6260/S  -       B->S  R     ADDFX1         1  4.5   122   427    1508    (-,-) 
  D2_WALLACE_CSA_DUMMY_OP_groupi_g1017__2398/S  -       CI->S F     ADDFXLLVT      1  4.7   152   254    1762    (-,-) 
  D2_WALLACE_CSA_DUMMY_OP_groupi_g1004__1881/CO -       B->CO F     ADDFX1LVT      1  4.5    89   189    1951    (-,-) 
  D2_WALLACE_CSA_DUMMY_OP_groupi_g1003__6131/S  -       CI->S R     ADDFX1LVT      1  4.1    78   231    2183    (-,-) 
  g381__1705/Y                                  -       B->Y  F     MXI2X2HVT      1  4.2   121   364    2547    (-,-) 
  g348__2346/Y                                  -       B->Y  R     NOR2X1         1  4.1   215   189    2736    (-,-) 
  D2_REG1_reg[5]/D                              -       -     R     DFFQX1HVT      1    -     -     0    2736    (-,-) 
#----------------------------------------------------------------------------------------------------------------------



Path 10: MET (2104 ps) Setup Check with Pin D2_REG1_reg[4]/CK->D
          Group: C2C
     Startpoint: (R) D2_REG1_reg[4]/CK
          Clock: (R) SYS_CLK
       Endpoint: (R) D2_REG1_reg[4]/D
          Clock: (R) SYS_CLK

                     Capture       Launch     
        Clock Edge:+    5000            0     
       Src Latency:+       0            0     
       Net Latency:+       0 (I)        0 (I) 
           Arrival:=    5000            0     
                                              
             Setup:-     322                  
     Required Time:=    4678                  
      Launch Clock:-       0                  
         Data Path:-    2573                  
             Slack:=    2104                  

#---------------------------------------------------------------------------------------------------------------------
#                Timing Point                  Flags   Arc   Edge   Cell     Fanout Load Trans Delay Arrival Instance 
#                                                                                   (fF)  (ps)  (ps)   (ps)  Location 
#---------------------------------------------------------------------------------------------------------------------
  D2_REG1_reg[4]/CK                            -       -     R     (arrival)     35    -     0     0       0    (-,-) 
  D2_REG1_reg[4]/Q                             -       CK->Q F     DFFQX1HVT      1  4.3   213   386     386    (-,-) 
  drc_bufs502/Y                                -       A->Y  R     INVX1LVT       1  4.7   101   142     528    (-,-) 
  drc_bufs501/Y                                -       A->Y  F     INVX2          3  8.2   127   120     648    (-,-) 
  g309__1617/Y                                 -       B->Y  F     AND2X1LVT      4 10.3   172   170     819    (-,-) 
  D2_WALLACE_CSA_DUMMY_OP_groupi_g1082__1617/Y -       A->Y  F     AND2X1HVT      1  4.6   227   262    1081    (-,-) 
  D2_WALLACE_CSA_DUMMY_OP_groupi_g1019__6260/S -       B->S  R     ADDFX1         1  4.5   122   427    1508    (-,-) 
  D2_WALLACE_CSA_DUMMY_OP_groupi_g1017__2398/S -       CI->S F     ADDFXLLVT      1  4.7   152   254    1762    (-,-) 
  D2_WALLACE_CSA_DUMMY_OP_groupi_g1004__1881/S -       B->S  R     ADDFX1LVT      1  4.1    78   258    2020    (-,-) 
  g382__5122/Y                                 -       B->Y  F     MXI2X2HVT      1  4.2   121   364    2384    (-,-) 
  g349__1666/Y                                 -       B->Y  R     NOR2X1         1  4.1   215   189    2573    (-,-) 
  D2_REG1_reg[4]/D                             -       -     R     DFFQX1HVT      1    -     -     0    2573    (-,-) 
#---------------------------------------------------------------------------------------------------------------------



Path 11: MET (2331 ps) Setup Check with Pin D2_REG1_reg[3]/CK->D
          Group: C2C
     Startpoint: (R) D2_REG1_reg[3]/CK
          Clock: (R) SYS_CLK
       Endpoint: (R) D2_REG1_reg[3]/D
          Clock: (R) SYS_CLK

                     Capture       Launch     
        Clock Edge:+    5000            0     
       Src Latency:+       0            0     
       Net Latency:+       0 (I)        0 (I) 
           Arrival:=    5000            0     
                                              
             Setup:-     322                  
     Required Time:=    4678                  
      Launch Clock:-       0                  
         Data Path:-    2346                  
             Slack:=    2331                  

#---------------------------------------------------------------------------------------------------------------------
#                Timing Point                  Flags   Arc   Edge   Cell     Fanout Load Trans Delay Arrival Instance 
#                                                                                   (fF)  (ps)  (ps)   (ps)  Location 
#---------------------------------------------------------------------------------------------------------------------
  D2_REG1_reg[3]/CK                            -       -     R     (arrival)     35    -     0     0       0    (-,-) 
  D2_REG1_reg[3]/Q                             -       CK->Q F     DFFQX1HVT      1  4.3   213   386     386    (-,-) 
  drc_bufs506/Y                                -       A->Y  R     INVX1LVT       1  4.8   102   142     529    (-,-) 
  drc_bufs505/Y                                -       A->Y  F     INVX2LVT       3  8.2    86    88     616    (-,-) 
  g312__5122/Y                                 -       B->Y  F     AND2X1LVT      4 10.3   172   156     772    (-,-) 
  D2_WALLACE_CSA_DUMMY_OP_groupi_g1063__7482/Y -       A->Y  F     AND2X1HVT      1  4.4   218   257    1029    (-,-) 
  D2_WALLACE_CSA_DUMMY_OP_groupi_g1033__5115/S -       B->S  R     ADDHX1         1  4.5   112   255    1284    (-,-) 
  D2_WALLACE_CSA_DUMMY_OP_groupi_g1022__5526/S -       CI->S F     ADDFXLLVT      1  4.7   152   251    1535    (-,-) 
  D2_WALLACE_CSA_DUMMY_OP_groupi_g1005__5115/S -       B->S  R     ADDFX1LVT      1  4.1    78   258    1793    (-,-) 
  g383__8246/Y                                 -       B->Y  F     MXI2X2HVT      1  4.2   121   364    2157    (-,-) 
  g350__7410/Y                                 -       B->Y  R     NOR2X1         1  4.1   215   189    2346    (-,-) 
  D2_REG1_reg[3]/D                             -       -     R     DFFQX1HVT      1    -     -     0    2346    (-,-) 
#---------------------------------------------------------------------------------------------------------------------



Path 12: MET (2503 ps) Setup Check with Pin D2_REG1_reg[2]/CK->D
          Group: C2C
     Startpoint: (R) D2_REG1_reg[0]/CK
          Clock: (R) SYS_CLK
       Endpoint: (R) D2_REG1_reg[2]/D
          Clock: (R) SYS_CLK

                     Capture       Launch     
        Clock Edge:+    5000            0     
       Src Latency:+       0            0     
       Net Latency:+       0 (I)        0 (I) 
           Arrival:=    5000            0     
                                              
             Setup:-     322                  
     Required Time:=    4678                  
      Launch Clock:-       0                  
         Data Path:-    2174                  
             Slack:=    2503                  

#-----------------------------------------------------------------------------------------------------------------------
#                 Timing Point                  Flags    Arc   Edge   Cell     Fanout Load Trans Delay Arrival Instance 
#                                                                                     (fF)  (ps)  (ps)   (ps)  Location 
#-----------------------------------------------------------------------------------------------------------------------
  D2_REG1_reg[0]/CK                             -       -      R     (arrival)     35    -     0     0       0    (-,-) 
  D2_REG1_reg[0]/Q                              -       CK->Q  F     DFFQX1HVT      1  4.3   213   386     386    (-,-) 
  drc_bufs498/Y                                 -       A->Y   R     INVX1LVT       1  4.8   102   142     529    (-,-) 
  drc_bufs497/Y                                 -       A->Y   F     INVX2LVT       3  8.2    86    88     616    (-,-) 
  g311__1705/Y                                  -       A->Y   F     OR2X2LVT       4 10.3   100   162     778    (-,-) 
  D2_WALLACE_CSA_DUMMY_OP_groupi_g1039__2883/Y  -       A->Y   F     AND2X1HVT      1  4.4   218   219     997    (-,-) 
  D2_WALLACE_CSA_DUMMY_OP_groupi_g1032__1881/CO -       B->CO  F     ADDHX1         1  4.5   125   208    1205    (-,-) 
  D2_WALLACE_CSA_DUMMY_OP_groupi_g1023__6783/CO -       CI->CO F     ADDFX1LVT      1  4.7    93   180    1385    (-,-) 
  D2_WALLACE_CSA_DUMMY_OP_groupi_g1007__4733/S  -       B->S   R     ADDFX1LVT      1  4.1    78   236    1621    (-,-) 
  g384__7098/Y                                  -       B->Y   F     MXI2X2HVT      1  4.2   121   364    1985    (-,-) 
  g351__6417/Y                                  -       B->Y   R     NOR2X1         1  4.1   215   189    2174    (-,-) 
  D2_REG1_reg[2]/D                              -       -      R     DFFQX1HVT      1    -     -     0    2174    (-,-) 
#-----------------------------------------------------------------------------------------------------------------------



Path 13: MET (2675 ps) Setup Check with Pin D2_REG1_reg[1]/CK->D
          Group: C2C
     Startpoint: (R) D2_REG1_reg[0]/CK
          Clock: (R) SYS_CLK
       Endpoint: (R) D2_REG1_reg[1]/D
          Clock: (R) SYS_CLK

                     Capture       Launch     
        Clock Edge:+    5000            0     
       Src Latency:+       0            0     
       Net Latency:+       0 (I)        0 (I) 
           Arrival:=    5000            0     
                                              
             Setup:-     322                  
     Required Time:=    4678                  
      Launch Clock:-       0                  
         Data Path:-    2002                  
             Slack:=    2675                  

#----------------------------------------------------------------------------------------------------------------------
#                 Timing Point                  Flags   Arc   Edge   Cell     Fanout Load Trans Delay Arrival Instance 
#                                                                                    (fF)  (ps)  (ps)   (ps)  Location 
#----------------------------------------------------------------------------------------------------------------------
  D2_REG1_reg[0]/CK                             -       -     R     (arrival)     35    -     0     0       0    (-,-) 
  D2_REG1_reg[0]/Q                              -       CK->Q F     DFFQX1HVT      1  4.3   213   386     386    (-,-) 
  drc_bufs498/Y                                 -       A->Y  R     INVX1LVT       1  4.8   102   142     529    (-,-) 
  drc_bufs497/Y                                 -       A->Y  F     INVX2LVT       3  8.2    86    88     616    (-,-) 
  g311__1705/Y                                  -       A->Y  F     OR2X2LVT       4 10.3   100   162     778    (-,-) 
  D2_WALLACE_CSA_DUMMY_OP_groupi_g1039__2883/Y  -       A->Y  F     AND2X1HVT      1  4.4   218   219     997    (-,-) 
  D2_WALLACE_CSA_DUMMY_OP_groupi_g1032__1881/CO -       B->CO F     ADDHX1         1  4.5   125   208    1205    (-,-) 
  D2_WALLACE_CSA_DUMMY_OP_groupi_g1023__6783/S  -       CI->S R     ADDFX1LVT      1  4.1    78   244    1449    (-,-) 
  g385__6131/Y                                  -       B->Y  F     MXI2X2HVT      1  4.2   121   364    1813    (-,-) 
  g352__5477/Y                                  -       B->Y  R     NOR2X1         1  4.1   215   189    2002    (-,-) 
  D2_REG1_reg[1]/D                              -       -     R     DFFQX1HVT      1    -     -     0    2002    (-,-) 
#----------------------------------------------------------------------------------------------------------------------



Path 14: MET (2860 ps) Setup Check with Pin D2_REG1_reg[0]/CK->D
          Group: C2C
     Startpoint: (R) D2_REG1_reg[0]/CK
          Clock: (R) SYS_CLK
       Endpoint: (R) D2_REG1_reg[0]/D
          Clock: (R) SYS_CLK

                     Capture       Launch     
        Clock Edge:+    5000            0     
       Src Latency:+       0            0     
       Net Latency:+       0 (I)        0 (I) 
           Arrival:=    5000            0     
                                              
             Setup:-     322                  
     Required Time:=    4678                  
      Launch Clock:-       0                  
         Data Path:-    1818                  
             Slack:=    2860                  

#---------------------------------------------------------------------------------------------------------------------
#                Timing Point                  Flags   Arc   Edge   Cell     Fanout Load Trans Delay Arrival Instance 
#                                                                                   (fF)  (ps)  (ps)   (ps)  Location 
#---------------------------------------------------------------------------------------------------------------------
  D2_REG1_reg[0]/CK                            -       -     R     (arrival)     35    -     0     0       0    (-,-) 
  D2_REG1_reg[0]/Q                             -       CK->Q F     DFFQX1HVT      1  4.3   213   386     386    (-,-) 
  drc_bufs498/Y                                -       A->Y  R     INVX1LVT       1  4.8   102   142     529    (-,-) 
  drc_bufs497/Y                                -       A->Y  F     INVX2LVT       3  8.2    86    88     616    (-,-) 
  g311__1705/Y                                 -       A->Y  F     OR2X2LVT       4 10.3   100   162     778    (-,-) 
  D2_WALLACE_CSA_DUMMY_OP_groupi_g1039__2883/Y -       A->Y  F     AND2X1HVT      1  4.4   218   219     997    (-,-) 
  D2_WALLACE_CSA_DUMMY_OP_groupi_g1032__1881/S -       B->S  R     ADDHX1         1  4.1   103   251    1248    (-,-) 
  g386__1881/Y                                 -       B->Y  F     MXI2X2HVT      1  4.2   121   380    1628    (-,-) 
  g353__2398/Y                                 -       B->Y  R     NOR2X1         1  4.1   215   189    1818    (-,-) 
  D2_REG1_reg[0]/D                             -       -     R     DFFQX1HVT      1    -     -     0    1818    (-,-) 
#---------------------------------------------------------------------------------------------------------------------



Path 15: MET (2997 ps) Setup Check with Pin D2_Y_REG_reg[12]/CK->D
          Group: C2C
     Startpoint: (R) F1_P_STATE_reg[0]/CK
          Clock: (R) SYS_CLK
       Endpoint: (R) D2_Y_REG_reg[12]/D
          Clock: (R) SYS_CLK

                     Capture       Launch     
        Clock Edge:+    5000            0     
       Src Latency:+       0            0     
       Net Latency:+       0 (I)        0 (I) 
           Arrival:=    5000            0     
                                              
             Setup:-     329                  
     Required Time:=    4671                  
      Launch Clock:-       0                  
         Data Path:-    1674                  
             Slack:=    2997                  

#---------------------------------------------------------------------------------------------
#    Timing Point      Flags   Arc   Edge   Cell     Fanout Load Trans Delay Arrival Instance 
#                                                           (fF)  (ps)  (ps)   (ps)  Location 
#---------------------------------------------------------------------------------------------
  F1_P_STATE_reg[0]/CK -       -     R     (arrival)     35    -     0     0       0    (-,-) 
  F1_P_STATE_reg[0]/Q  -       CK->Q F     DFFRHQX4       3 10.0    81   261     261    (-,-) 
  g436__5526/Y         -       A->Y  R     NOR2X2HVT      2  6.3   234   198     459    (-,-) 
  g435/Y               -       A->Y  F     INVX1          2  6.2   203   234     693    (-,-) 
  g430__5107/Y         -       B->Y  F     OR2X4         15 35.1   260   344    1037    (-,-) 
  g417__7482/Y         -       S0->Y F     MXI2X2HVT      1  4.3   123   440    1476    (-,-) 
  g399__2398/Y         -       A->Y  R     NOR2X1         1  4.1   225   198    1674    (-,-) 
  D2_Y_REG_reg[12]/D   -       -     R     DFFQX1HVT      1    -     -     0    1674    (-,-) 
#---------------------------------------------------------------------------------------------



Path 16: MET (2997 ps) Setup Check with Pin D2_Y_REG_reg[11]/CK->D
          Group: C2C
     Startpoint: (R) F1_P_STATE_reg[0]/CK
          Clock: (R) SYS_CLK
       Endpoint: (R) D2_Y_REG_reg[11]/D
          Clock: (R) SYS_CLK

                     Capture       Launch     
        Clock Edge:+    5000            0     
       Src Latency:+       0            0     
       Net Latency:+       0 (I)        0 (I) 
           Arrival:=    5000            0     
                                              
             Setup:-     329                  
     Required Time:=    4671                  
      Launch Clock:-       0                  
         Data Path:-    1674                  
             Slack:=    2997                  

#---------------------------------------------------------------------------------------------
#    Timing Point      Flags   Arc   Edge   Cell     Fanout Load Trans Delay Arrival Instance 
#                                                           (fF)  (ps)  (ps)   (ps)  Location 
#---------------------------------------------------------------------------------------------
  F1_P_STATE_reg[0]/CK -       -     R     (arrival)     35    -     0     0       0    (-,-) 
  F1_P_STATE_reg[0]/Q  -       CK->Q F     DFFRHQX4       3 10.0    81   261     261    (-,-) 
  g436__5526/Y         -       A->Y  R     NOR2X2HVT      2  6.3   234   198     459    (-,-) 
  g435/Y               -       A->Y  F     INVX1          2  6.2   203   234     693    (-,-) 
  g430__5107/Y         -       B->Y  F     OR2X4         15 35.1   260   344    1037    (-,-) 
  g409__2802/Y         -       S0->Y F     MXI2X2HVT      1  4.3   123   440    1476    (-,-) 
  g398__5477/Y         -       A->Y  R     NOR2X1         1  4.1   225   198    1674    (-,-) 
  D2_Y_REG_reg[11]/D   -       -     R     DFFQX1HVT      1    -     -     0    1674    (-,-) 
#---------------------------------------------------------------------------------------------



Path 17: MET (2997 ps) Setup Check with Pin D2_Y_REG_reg[10]/CK->D
          Group: C2C
     Startpoint: (R) F1_P_STATE_reg[0]/CK
          Clock: (R) SYS_CLK
       Endpoint: (R) D2_Y_REG_reg[10]/D
          Clock: (R) SYS_CLK

                     Capture       Launch     
        Clock Edge:+    5000            0     
       Src Latency:+       0            0     
       Net Latency:+       0 (I)        0 (I) 
           Arrival:=    5000            0     
                                              
             Setup:-     329                  
     Required Time:=    4671                  
      Launch Clock:-       0                  
         Data Path:-    1674                  
             Slack:=    2997                  

#---------------------------------------------------------------------------------------------
#    Timing Point      Flags   Arc   Edge   Cell     Fanout Load Trans Delay Arrival Instance 
#                                                           (fF)  (ps)  (ps)   (ps)  Location 
#---------------------------------------------------------------------------------------------
  F1_P_STATE_reg[0]/CK -       -     R     (arrival)     35    -     0     0       0    (-,-) 
  F1_P_STATE_reg[0]/Q  -       CK->Q F     DFFRHQX4       3 10.0    81   261     261    (-,-) 
  g436__5526/Y         -       A->Y  R     NOR2X2HVT      2  6.3   234   198     459    (-,-) 
  g435/Y               -       A->Y  F     INVX1          2  6.2   203   234     693    (-,-) 
  g430__5107/Y         -       B->Y  F     OR2X4         15 35.1   260   344    1037    (-,-) 
  g416__5115/Y         -       S0->Y F     MXI2X2HVT      1  4.3   123   440    1476    (-,-) 
  g397__6417/Y         -       A->Y  R     NOR2X1         1  4.1   225   198    1674    (-,-) 
  D2_Y_REG_reg[10]/D   -       -     R     DFFQX1HVT      1    -     -     0    1674    (-,-) 
#---------------------------------------------------------------------------------------------



Path 18: MET (2997 ps) Setup Check with Pin D2_Y_REG_reg[9]/CK->D
          Group: C2C
     Startpoint: (R) F1_P_STATE_reg[0]/CK
          Clock: (R) SYS_CLK
       Endpoint: (R) D2_Y_REG_reg[9]/D
          Clock: (R) SYS_CLK

                     Capture       Launch     
        Clock Edge:+    5000            0     
       Src Latency:+       0            0     
       Net Latency:+       0 (I)        0 (I) 
           Arrival:=    5000            0     
                                              
             Setup:-     329                  
     Required Time:=    4671                  
      Launch Clock:-       0                  
         Data Path:-    1674                  
             Slack:=    2997                  

#---------------------------------------------------------------------------------------------
#    Timing Point      Flags   Arc   Edge   Cell     Fanout Load Trans Delay Arrival Instance 
#                                                           (fF)  (ps)  (ps)   (ps)  Location 
#---------------------------------------------------------------------------------------------
  F1_P_STATE_reg[0]/CK -       -     R     (arrival)     35    -     0     0       0    (-,-) 
  F1_P_STATE_reg[0]/Q  -       CK->Q F     DFFRHQX4       3 10.0    81   261     261    (-,-) 
  g436__5526/Y         -       A->Y  R     NOR2X2HVT      2  6.3   234   198     459    (-,-) 
  g435/Y               -       A->Y  F     INVX1          2  6.2   203   234     693    (-,-) 
  g430__5107/Y         -       B->Y  F     OR2X4         15 35.1   260   344    1037    (-,-) 
  g411__5122/Y         -       S0->Y F     MXI2X2HVT      1  4.3   123   440    1476    (-,-) 
  g396__7410/Y         -       A->Y  R     NOR2X1         1  4.1   225   198    1674    (-,-) 
  D2_Y_REG_reg[9]/D    -       -     R     DFFQX1HVT      1    -     -     0    1674    (-,-) 
#---------------------------------------------------------------------------------------------



Path 19: MET (2997 ps) Setup Check with Pin D2_Y_REG_reg[8]/CK->D
          Group: C2C
     Startpoint: (R) F1_P_STATE_reg[0]/CK
          Clock: (R) SYS_CLK
       Endpoint: (R) D2_Y_REG_reg[8]/D
          Clock: (R) SYS_CLK

                     Capture       Launch     
        Clock Edge:+    5000            0     
       Src Latency:+       0            0     
       Net Latency:+       0 (I)        0 (I) 
           Arrival:=    5000            0     
                                              
             Setup:-     329                  
     Required Time:=    4671                  
      Launch Clock:-       0                  
         Data Path:-    1674                  
             Slack:=    2997                  

#---------------------------------------------------------------------------------------------
#    Timing Point      Flags   Arc   Edge   Cell     Fanout Load Trans Delay Arrival Instance 
#                                                           (fF)  (ps)  (ps)   (ps)  Location 
#---------------------------------------------------------------------------------------------
  F1_P_STATE_reg[0]/CK -       -     R     (arrival)     35    -     0     0       0    (-,-) 
  F1_P_STATE_reg[0]/Q  -       CK->Q F     DFFRHQX4       3 10.0    81   261     261    (-,-) 
  g436__5526/Y         -       A->Y  R     NOR2X2HVT      2  6.3   234   198     459    (-,-) 
  g435/Y               -       A->Y  F     INVX1          2  6.2   203   234     693    (-,-) 
  g430__5107/Y         -       B->Y  F     OR2X4         15 35.1   260   344    1037    (-,-) 
  g415__1881/Y         -       S0->Y F     MXI2X2HVT      1  4.3   123   440    1476    (-,-) 
  g395__1666/Y         -       A->Y  R     NOR2X1         1  4.1   225   198    1674    (-,-) 
  D2_Y_REG_reg[8]/D    -       -     R     DFFQX1HVT      1    -     -     0    1674    (-,-) 
#---------------------------------------------------------------------------------------------



Path 20: MET (2997 ps) Setup Check with Pin D2_Y_REG_reg[7]/CK->D
          Group: C2C
     Startpoint: (R) F1_P_STATE_reg[0]/CK
          Clock: (R) SYS_CLK
       Endpoint: (R) D2_Y_REG_reg[7]/D
          Clock: (R) SYS_CLK

                     Capture       Launch     
        Clock Edge:+    5000            0     
       Src Latency:+       0            0     
       Net Latency:+       0 (I)        0 (I) 
           Arrival:=    5000            0     
                                              
             Setup:-     329                  
     Required Time:=    4671                  
      Launch Clock:-       0                  
         Data Path:-    1674                  
             Slack:=    2997                  

#---------------------------------------------------------------------------------------------
#    Timing Point      Flags   Arc   Edge   Cell     Fanout Load Trans Delay Arrival Instance 
#                                                           (fF)  (ps)  (ps)   (ps)  Location 
#---------------------------------------------------------------------------------------------
  F1_P_STATE_reg[0]/CK -       -     R     (arrival)     35    -     0     0       0    (-,-) 
  F1_P_STATE_reg[0]/Q  -       CK->Q F     DFFRHQX4       3 10.0    81   261     261    (-,-) 
  g436__5526/Y         -       A->Y  R     NOR2X2HVT      2  6.3   234   198     459    (-,-) 
  g435/Y               -       A->Y  F     INVX1          2  6.2   203   234     693    (-,-) 
  g430__5107/Y         -       B->Y  F     OR2X4         15 35.1   260   344    1037    (-,-) 
  g414__6131/Y         -       S0->Y F     MXI2X2HVT      1  4.3   123   440    1476    (-,-) 
  g394__2346/Y         -       A->Y  R     NOR2X1         1  4.1   225   198    1674    (-,-) 
  D2_Y_REG_reg[7]/D    -       -     R     DFFQX1HVT      1    -     -     0    1674    (-,-) 
#---------------------------------------------------------------------------------------------



Path 21: MET (2997 ps) Setup Check with Pin D2_Y_REG_reg[6]/CK->D
          Group: C2C
     Startpoint: (R) F1_P_STATE_reg[0]/CK
          Clock: (R) SYS_CLK
       Endpoint: (R) D2_Y_REG_reg[6]/D
          Clock: (R) SYS_CLK

                     Capture       Launch     
        Clock Edge:+    5000            0     
       Src Latency:+       0            0     
       Net Latency:+       0 (I)        0 (I) 
           Arrival:=    5000            0     
                                              
             Setup:-     329                  
     Required Time:=    4671                  
      Launch Clock:-       0                  
         Data Path:-    1674                  
             Slack:=    2997                  

#---------------------------------------------------------------------------------------------
#    Timing Point      Flags   Arc   Edge   Cell     Fanout Load Trans Delay Arrival Instance 
#                                                           (fF)  (ps)  (ps)   (ps)  Location 
#---------------------------------------------------------------------------------------------
  F1_P_STATE_reg[0]/CK -       -     R     (arrival)     35    -     0     0       0    (-,-) 
  F1_P_STATE_reg[0]/Q  -       CK->Q F     DFFRHQX4       3 10.0    81   261     261    (-,-) 
  g436__5526/Y         -       A->Y  R     NOR2X2HVT      2  6.3   234   198     459    (-,-) 
  g435/Y               -       A->Y  F     INVX1          2  6.2   203   234     693    (-,-) 
  g430__5107/Y         -       B->Y  F     OR2X4         15 35.1   260   344    1037    (-,-) 
  g418__4733/Y         -       S0->Y F     MXI2X2HVT      1  4.3   123   440    1476    (-,-) 
  g393__2883/Y         -       A->Y  R     NOR2X1         1  4.1   225   198    1674    (-,-) 
  D2_Y_REG_reg[6]/D    -       -     R     DFFQX1HVT      1    -     -     0    1674    (-,-) 
#---------------------------------------------------------------------------------------------



Path 22: MET (2997 ps) Setup Check with Pin D2_Y_REG_reg[5]/CK->D
          Group: C2C
     Startpoint: (R) F1_P_STATE_reg[0]/CK
          Clock: (R) SYS_CLK
       Endpoint: (R) D2_Y_REG_reg[5]/D
          Clock: (R) SYS_CLK

                     Capture       Launch     
        Clock Edge:+    5000            0     
       Src Latency:+       0            0     
       Net Latency:+       0 (I)        0 (I) 
           Arrival:=    5000            0     
                                              
             Setup:-     329                  
     Required Time:=    4671                  
      Launch Clock:-       0                  
         Data Path:-    1674                  
             Slack:=    2997                  

#---------------------------------------------------------------------------------------------
#    Timing Point      Flags   Arc   Edge   Cell     Fanout Load Trans Delay Arrival Instance 
#                                                           (fF)  (ps)  (ps)   (ps)  Location 
#---------------------------------------------------------------------------------------------
  F1_P_STATE_reg[0]/CK -       -     R     (arrival)     35    -     0     0       0    (-,-) 
  F1_P_STATE_reg[0]/Q  -       CK->Q F     DFFRHQX4       3 10.0    81   261     261    (-,-) 
  g436__5526/Y         -       A->Y  R     NOR2X2HVT      2  6.3   234   198     459    (-,-) 
  g435/Y               -       A->Y  F     INVX1          2  6.2   203   234     693    (-,-) 
  g430__5107/Y         -       B->Y  F     OR2X4         15 35.1   260   344    1037    (-,-) 
  g413__7098/Y         -       S0->Y F     MXI2X2HVT      1  4.3   123   440    1476    (-,-) 
  g392__9945/Y         -       A->Y  R     NOR2X1         1  4.1   225   198    1674    (-,-) 
  D2_Y_REG_reg[5]/D    -       -     R     DFFQX1HVT      1    -     -     0    1674    (-,-) 
#---------------------------------------------------------------------------------------------



Path 23: MET (2997 ps) Setup Check with Pin D2_Y_REG_reg[4]/CK->D
          Group: C2C
     Startpoint: (R) F1_P_STATE_reg[0]/CK
          Clock: (R) SYS_CLK
       Endpoint: (R) D2_Y_REG_reg[4]/D
          Clock: (R) SYS_CLK

                     Capture       Launch     
        Clock Edge:+    5000            0     
       Src Latency:+       0            0     
       Net Latency:+       0 (I)        0 (I) 
           Arrival:=    5000            0     
                                              
             Setup:-     329                  
     Required Time:=    4671                  
      Launch Clock:-       0                  
         Data Path:-    1674                  
             Slack:=    2997                  

#---------------------------------------------------------------------------------------------
#    Timing Point      Flags   Arc   Edge   Cell     Fanout Load Trans Delay Arrival Instance 
#                                                           (fF)  (ps)  (ps)   (ps)  Location 
#---------------------------------------------------------------------------------------------
  F1_P_STATE_reg[0]/CK -       -     R     (arrival)     35    -     0     0       0    (-,-) 
  F1_P_STATE_reg[0]/Q  -       CK->Q F     DFFRHQX4       3 10.0    81   261     261    (-,-) 
  g436__5526/Y         -       A->Y  R     NOR2X2HVT      2  6.3   234   198     459    (-,-) 
  g435/Y               -       A->Y  F     INVX1          2  6.2   203   234     693    (-,-) 
  g430__5107/Y         -       B->Y  F     OR2X4         15 35.1   260   344    1037    (-,-) 
  g412__8246/Y         -       S0->Y F     MXI2X2HVT      1  4.3   123   440    1476    (-,-) 
  g391__9315/Y         -       A->Y  R     NOR2X1         1  4.1   225   198    1674    (-,-) 
  D2_Y_REG_reg[4]/D    -       -     R     DFFQX1HVT      1    -     -     0    1674    (-,-) 
#---------------------------------------------------------------------------------------------



Path 24: MET (2997 ps) Setup Check with Pin D2_Y_REG_reg[3]/CK->D
          Group: C2C
     Startpoint: (R) F1_P_STATE_reg[0]/CK
          Clock: (R) SYS_CLK
       Endpoint: (R) D2_Y_REG_reg[3]/D
          Clock: (R) SYS_CLK

                     Capture       Launch     
        Clock Edge:+    5000            0     
       Src Latency:+       0            0     
       Net Latency:+       0 (I)        0 (I) 
           Arrival:=    5000            0     
                                              
             Setup:-     329                  
     Required Time:=    4671                  
      Launch Clock:-       0                  
         Data Path:-    1674                  
             Slack:=    2997                  

#---------------------------------------------------------------------------------------------
#    Timing Point      Flags   Arc   Edge   Cell     Fanout Load Trans Delay Arrival Instance 
#                                                           (fF)  (ps)  (ps)   (ps)  Location 
#---------------------------------------------------------------------------------------------
  F1_P_STATE_reg[0]/CK -       -     R     (arrival)     35    -     0     0       0    (-,-) 
  F1_P_STATE_reg[0]/Q  -       CK->Q F     DFFRHQX4       3 10.0    81   261     261    (-,-) 
  g436__5526/Y         -       A->Y  R     NOR2X2HVT      2  6.3   234   198     459    (-,-) 
  g435/Y               -       A->Y  F     INVX1          2  6.2   203   234     693    (-,-) 
  g430__5107/Y         -       B->Y  F     OR2X4         15 35.1   260   344    1037    (-,-) 
  g410__1705/Y         -       S0->Y F     MXI2X2HVT      1  4.3   123   440    1476    (-,-) 
  g390__6161/Y         -       A->Y  R     NOR2X1         1  4.1   225   198    1674    (-,-) 
  D2_Y_REG_reg[3]/D    -       -     R     DFFQX1HVT      1    -     -     0    1674    (-,-) 
#---------------------------------------------------------------------------------------------



Path 25: MET (2997 ps) Setup Check with Pin D2_Y_REG_reg[2]/CK->D
          Group: C2C
     Startpoint: (R) F1_P_STATE_reg[0]/CK
          Clock: (R) SYS_CLK
       Endpoint: (R) D2_Y_REG_reg[2]/D
          Clock: (R) SYS_CLK

                     Capture       Launch     
        Clock Edge:+    5000            0     
       Src Latency:+       0            0     
       Net Latency:+       0 (I)        0 (I) 
           Arrival:=    5000            0     
                                              
             Setup:-     329                  
     Required Time:=    4671                  
      Launch Clock:-       0                  
         Data Path:-    1674                  
             Slack:=    2997                  

#---------------------------------------------------------------------------------------------
#    Timing Point      Flags   Arc   Edge   Cell     Fanout Load Trans Delay Arrival Instance 
#                                                           (fF)  (ps)  (ps)   (ps)  Location 
#---------------------------------------------------------------------------------------------
  F1_P_STATE_reg[0]/CK -       -     R     (arrival)     35    -     0     0       0    (-,-) 
  F1_P_STATE_reg[0]/Q  -       CK->Q F     DFFRHQX4       3 10.0    81   261     261    (-,-) 
  g436__5526/Y         -       A->Y  R     NOR2X2HVT      2  6.3   234   198     459    (-,-) 
  g435/Y               -       A->Y  F     INVX1          2  6.2   203   234     693    (-,-) 
  g430__5107/Y         -       B->Y  F     OR2X4         15 35.1   260   344    1037    (-,-) 
  g408__1617/Y         -       S0->Y F     MXI2X2HVT      1  4.3   123   440    1476    (-,-) 
  g389__4733/Y         -       A->Y  R     NOR2X1         1  4.1   225   198    1674    (-,-) 
  D2_Y_REG_reg[2]/D    -       -     R     DFFQX1HVT      1    -     -     0    1674    (-,-) 
#---------------------------------------------------------------------------------------------



Path 26: MET (2997 ps) Setup Check with Pin D2_Y_REG_reg[1]/CK->D
          Group: C2C
     Startpoint: (R) F1_P_STATE_reg[0]/CK
          Clock: (R) SYS_CLK
       Endpoint: (R) D2_Y_REG_reg[1]/D
          Clock: (R) SYS_CLK

                     Capture       Launch     
        Clock Edge:+    5000            0     
       Src Latency:+       0            0     
       Net Latency:+       0 (I)        0 (I) 
           Arrival:=    5000            0     
                                              
             Setup:-     329                  
     Required Time:=    4671                  
      Launch Clock:-       0                  
         Data Path:-    1674                  
             Slack:=    2997                  

#---------------------------------------------------------------------------------------------
#    Timing Point      Flags   Arc   Edge   Cell     Fanout Load Trans Delay Arrival Instance 
#                                                           (fF)  (ps)  (ps)   (ps)  Location 
#---------------------------------------------------------------------------------------------
  F1_P_STATE_reg[0]/CK -       -     R     (arrival)     35    -     0     0       0    (-,-) 
  F1_P_STATE_reg[0]/Q  -       CK->Q F     DFFRHQX4       3 10.0    81   261     261    (-,-) 
  g436__5526/Y         -       A->Y  R     NOR2X2HVT      2  6.3   234   198     459    (-,-) 
  g435/Y               -       A->Y  F     INVX1          2  6.2   203   234     693    (-,-) 
  g430__5107/Y         -       B->Y  F     OR2X4         15 35.1   260   344    1037    (-,-) 
  g407__3680/Y         -       S0->Y F     MXI2X2HVT      1  4.3   123   440    1476    (-,-) 
  g373__6260/Y         -       A->Y  R     NOR2X1         1  4.1   225   198    1674    (-,-) 
  D2_Y_REG_reg[1]/D    -       -     R     DFFQX1HVT      1    -     -     0    1674    (-,-) 
#---------------------------------------------------------------------------------------------



Path 27: MET (2997 ps) Setup Check with Pin D2_Y_REG_reg[0]/CK->D
          Group: C2C
     Startpoint: (R) F1_P_STATE_reg[0]/CK
          Clock: (R) SYS_CLK
       Endpoint: (R) D2_Y_REG_reg[0]/D
          Clock: (R) SYS_CLK

                     Capture       Launch     
        Clock Edge:+    5000            0     
       Src Latency:+       0            0     
       Net Latency:+       0 (I)        0 (I) 
           Arrival:=    5000            0     
                                              
             Setup:-     329                  
     Required Time:=    4671                  
      Launch Clock:-       0                  
         Data Path:-    1674                  
             Slack:=    2997                  

#---------------------------------------------------------------------------------------------
#    Timing Point      Flags   Arc   Edge   Cell     Fanout Load Trans Delay Arrival Instance 
#                                                           (fF)  (ps)  (ps)   (ps)  Location 
#---------------------------------------------------------------------------------------------
  F1_P_STATE_reg[0]/CK -       -     R     (arrival)     35    -     0     0       0    (-,-) 
  F1_P_STATE_reg[0]/Q  -       CK->Q F     DFFRHQX4       3 10.0    81   261     261    (-,-) 
  g436__5526/Y         -       A->Y  R     NOR2X2HVT      2  6.3   234   198     459    (-,-) 
  g435/Y               -       A->Y  F     INVX1          2  6.2   203   234     693    (-,-) 
  g430__5107/Y         -       B->Y  F     OR2X4         15 35.1   260   344    1037    (-,-) 
  g406__6783/Y         -       S0->Y F     MXI2X2HVT      1  4.3   123   440    1476    (-,-) 
  g387__5115/Y         -       A->Y  R     NOR2X1         1  4.1   225   198    1674    (-,-) 
  D2_Y_REG_reg[0]/D    -       -     R     DFFQX1HVT      1    -     -     0    1674    (-,-) 
#---------------------------------------------------------------------------------------------



Path 28: MET (2997 ps) Setup Check with Pin D2_Y_REG_reg[13]/CK->D
          Group: C2C
     Startpoint: (R) F1_P_STATE_reg[0]/CK
          Clock: (R) SYS_CLK
       Endpoint: (R) D2_Y_REG_reg[13]/D
          Clock: (R) SYS_CLK

                     Capture       Launch     
        Clock Edge:+    5000            0     
       Src Latency:+       0            0     
       Net Latency:+       0 (I)        0 (I) 
           Arrival:=    5000            0     
                                              
             Setup:-     329                  
     Required Time:=    4671                  
      Launch Clock:-       0                  
         Data Path:-    1674                  
             Slack:=    2997                  

#---------------------------------------------------------------------------------------------
#    Timing Point      Flags   Arc   Edge   Cell     Fanout Load Trans Delay Arrival Instance 
#                                                           (fF)  (ps)  (ps)   (ps)  Location 
#---------------------------------------------------------------------------------------------
  F1_P_STATE_reg[0]/CK -       -     R     (arrival)     35    -     0     0       0    (-,-) 
  F1_P_STATE_reg[0]/Q  -       CK->Q F     DFFRHQX4       3 10.0    81   261     261    (-,-) 
  g436__5526/Y         -       A->Y  R     NOR2X2HVT      2  6.3   234   198     459    (-,-) 
  g435/Y               -       A->Y  F     INVX1          2  6.2   203   234     693    (-,-) 
  g430__5107/Y         -       B->Y  F     OR2X4         15 35.1   260   344    1037    (-,-) 
  g419__6161/Y         -       S0->Y F     MXI2X2HVT      1  4.3   123   440    1476    (-,-) 
  g400__5107/Y         -       A->Y  R     NOR2X1         1  4.1   225   198    1674    (-,-) 
  D2_Y_REG_reg[13]/D   -       -     R     DFFQX1HVT      1    -     -     0    1674    (-,-) 
#---------------------------------------------------------------------------------------------



Path 29: MET (3243 ps) Setup Check with Pin D2_X_REG_reg[2]/CK->D
          Group: C2C
     Startpoint: (R) F1_P_STATE_reg[0]/CK
          Clock: (R) SYS_CLK
       Endpoint: (R) D2_X_REG_reg[2]/D
          Clock: (R) SYS_CLK

                     Capture       Launch     
        Clock Edge:+    5000            0     
       Src Latency:+       0            0     
       Net Latency:+       0 (I)        0 (I) 
           Arrival:=    5000            0     
                                              
             Setup:-     229                  
     Required Time:=    4771                  
      Launch Clock:-       0                  
         Data Path:-    1528                  
             Slack:=    3243                  

#---------------------------------------------------------------------------------------------
#    Timing Point      Flags   Arc   Edge   Cell     Fanout Load Trans Delay Arrival Instance 
#                                                           (fF)  (ps)  (ps)   (ps)  Location 
#---------------------------------------------------------------------------------------------
  F1_P_STATE_reg[0]/CK -       -     R     (arrival)     35    -     0     0       0    (-,-) 
  F1_P_STATE_reg[0]/Q  -       CK->Q F     DFFRHQX4       3 10.0    81   261     261    (-,-) 
  g436__5526/Y         -       A->Y  R     NOR2X2HVT      2  6.3   234   198     459    (-,-) 
  g435/Y               -       A->Y  F     INVX1          2  6.2   203   234     693    (-,-) 
  g430__5107/Y         -       B->Y  F     OR2X4         15 35.1   260   344    1037    (-,-) 
  g428__5477/Y         -       B->Y  F     AND2X6LVT     32 73.1   220   248    1285    (-,-) 
  g403__8428/Y         -       B->Y  R     NOR2X1         1  4.1   225   243    1528    (-,-) 
  D2_X_REG_reg[2]/D    -       -     R     DFFQX4         1    -     -     0    1528    (-,-) 
#---------------------------------------------------------------------------------------------



Path 30: MET (3243 ps) Setup Check with Pin D2_X_REG_reg[3]/CK->D
          Group: C2C
     Startpoint: (R) F1_P_STATE_reg[0]/CK
          Clock: (R) SYS_CLK
       Endpoint: (R) D2_X_REG_reg[3]/D
          Clock: (R) SYS_CLK

                     Capture       Launch     
        Clock Edge:+    5000            0     
       Src Latency:+       0            0     
       Net Latency:+       0 (I)        0 (I) 
           Arrival:=    5000            0     
                                              
             Setup:-     229                  
     Required Time:=    4771                  
      Launch Clock:-       0                  
         Data Path:-    1528                  
             Slack:=    3243                  

#---------------------------------------------------------------------------------------------
#    Timing Point      Flags   Arc   Edge   Cell     Fanout Load Trans Delay Arrival Instance 
#                                                           (fF)  (ps)  (ps)   (ps)  Location 
#---------------------------------------------------------------------------------------------
  F1_P_STATE_reg[0]/CK -       -     R     (arrival)     35    -     0     0       0    (-,-) 
  F1_P_STATE_reg[0]/Q  -       CK->Q F     DFFRHQX4       3 10.0    81   261     261    (-,-) 
  g436__5526/Y         -       A->Y  R     NOR2X2HVT      2  6.3   234   198     459    (-,-) 
  g435/Y               -       A->Y  F     INVX1          2  6.2   203   234     693    (-,-) 
  g430__5107/Y         -       B->Y  F     OR2X4         15 35.1   260   344    1037    (-,-) 
  g428__5477/Y         -       B->Y  F     AND2X6LVT     32 73.1   220   248    1285    (-,-) 
  g404__5526/Y         -       B->Y  R     NOR2X1         1  4.1   225   243    1528    (-,-) 
  D2_X_REG_reg[3]/D    -       -     R     DFFQX4         1    -     -     0    1528    (-,-) 
#---------------------------------------------------------------------------------------------



Path 31: MET (3243 ps) Setup Check with Pin D2_X_REG_reg[1]/CK->D
          Group: C2C
     Startpoint: (R) F1_P_STATE_reg[0]/CK
          Clock: (R) SYS_CLK
       Endpoint: (R) D2_X_REG_reg[1]/D
          Clock: (R) SYS_CLK

                     Capture       Launch     
        Clock Edge:+    5000            0     
       Src Latency:+       0            0     
       Net Latency:+       0 (I)        0 (I) 
           Arrival:=    5000            0     
                                              
             Setup:-     229                  
     Required Time:=    4771                  
      Launch Clock:-       0                  
         Data Path:-    1528                  
             Slack:=    3243                  

#---------------------------------------------------------------------------------------------
#    Timing Point      Flags   Arc   Edge   Cell     Fanout Load Trans Delay Arrival Instance 
#                                                           (fF)  (ps)  (ps)   (ps)  Location 
#---------------------------------------------------------------------------------------------
  F1_P_STATE_reg[0]/CK -       -     R     (arrival)     35    -     0     0       0    (-,-) 
  F1_P_STATE_reg[0]/Q  -       CK->Q F     DFFRHQX4       3 10.0    81   261     261    (-,-) 
  g436__5526/Y         -       A->Y  R     NOR2X2HVT      2  6.3   234   198     459    (-,-) 
  g435/Y               -       A->Y  F     INVX1          2  6.2   203   234     693    (-,-) 
  g430__5107/Y         -       B->Y  F     OR2X4         15 35.1   260   344    1037    (-,-) 
  g428__5477/Y         -       B->Y  F     AND2X6LVT     32 73.1   220   248    1285    (-,-) 
  g402__4319/Y         -       B->Y  R     NOR2X1         1  4.1   225   243    1528    (-,-) 
  D2_X_REG_reg[1]/D    -       -     R     DFFQX4         1    -     -     0    1528    (-,-) 
#---------------------------------------------------------------------------------------------



Path 32: MET (3316 ps) Setup Check with Pin D2_X_REG_reg[0]/CK->D
          Group: C2C
     Startpoint: (R) F1_P_STATE_reg[0]/CK
          Clock: (R) SYS_CLK
       Endpoint: (R) D2_X_REG_reg[0]/D
          Clock: (R) SYS_CLK

                     Capture       Launch     
        Clock Edge:+    5000            0     
       Src Latency:+       0            0     
       Net Latency:+       0 (I)        0 (I) 
           Arrival:=    5000            0     
                                              
             Setup:-     156                  
     Required Time:=    4844                  
      Launch Clock:-       0                  
         Data Path:-    1528                  
             Slack:=    3316                  

#---------------------------------------------------------------------------------------------
#    Timing Point      Flags   Arc   Edge   Cell     Fanout Load Trans Delay Arrival Instance 
#                                                           (fF)  (ps)  (ps)   (ps)  Location 
#---------------------------------------------------------------------------------------------
  F1_P_STATE_reg[0]/CK -       -     R     (arrival)     35    -     0     0       0    (-,-) 
  F1_P_STATE_reg[0]/Q  -       CK->Q F     DFFRHQX4       3 10.0    81   261     261    (-,-) 
  g436__5526/Y         -       A->Y  R     NOR2X2HVT      2  6.3   234   198     459    (-,-) 
  g435/Y               -       A->Y  F     INVX1          2  6.2   203   234     693    (-,-) 
  g430__5107/Y         -       B->Y  F     OR2X4         15 35.1   260   344    1037    (-,-) 
  g428__5477/Y         -       B->Y  F     AND2X6LVT     32 73.1   220   248    1285    (-,-) 
  g401__6260/Y         -       B->Y  R     NOR2X1         1  4.1   225   243    1528    (-,-) 
  D2_X_REG_reg[0]/D    -       -     R     DFFQX4LVT      1    -     -     0    1528    (-,-) 
#---------------------------------------------------------------------------------------------



Path 33: MET (3587 ps) Setup Check with Pin F1_P_STATE_reg[1]/CK->D
          Group: C2C
     Startpoint: (R) F1_P_STATE_reg[0]/CK
          Clock: (R) SYS_CLK
       Endpoint: (R) F1_P_STATE_reg[1]/D
          Clock: (R) SYS_CLK

                     Capture       Launch     
        Clock Edge:+    5000            0     
       Src Latency:+       0            0     
       Net Latency:+       0 (I)        0 (I) 
           Arrival:=    5000            0     
                                              
             Setup:-     184                  
     Required Time:=    4816                  
      Launch Clock:-       0                  
         Data Path:-    1230                  
             Slack:=    3587                  

#---------------------------------------------------------------------------------------------
#    Timing Point      Flags   Arc   Edge   Cell     Fanout Load Trans Delay Arrival Instance 
#                                                           (fF)  (ps)  (ps)   (ps)  Location 
#---------------------------------------------------------------------------------------------
  F1_P_STATE_reg[0]/CK -       -     R     (arrival)     35    -     0     0       0    (-,-) 
  F1_P_STATE_reg[0]/Q  -       CK->Q R     DFFRHQX4       3 10.3    81   288     288    (-,-) 
  g436__5526/Y         -       A->Y  F     NOR2X2HVT      2  6.2   186   160     448    (-,-) 
  g435/Y               -       A->Y  R     INVX1          2  6.3   167   186     634    (-,-) 
  g433__4319/Y         -       A->Y  R     AND2X1         2  6.3   146   254     888    (-,-) 
  g427__6417/Y         -       B->Y  R     AND2X1HVT      1  4.2   142   341    1230    (-,-) 
  F1_P_STATE_reg[1]/D  -       -     R     DFFRHQX4       1    -     -     0    1230    (-,-) 
#---------------------------------------------------------------------------------------------



Path 34: MET (3848 ps) Setup Check with Pin F1_P_STATE_reg[0]/CK->D
          Group: C2C
     Startpoint: (R) F1_P_STATE_reg[1]/CK
          Clock: (R) SYS_CLK
       Endpoint: (R) F1_P_STATE_reg[0]/D
          Clock: (R) SYS_CLK

                     Capture       Launch     
        Clock Edge:+    5000            0     
       Src Latency:+       0            0     
       Net Latency:+       0 (I)        0 (I) 
           Arrival:=    5000            0     
                                              
             Setup:-     184                  
     Required Time:=    4816                  
      Launch Clock:-       0                  
         Data Path:-     968                  
             Slack:=    3848                  

#---------------------------------------------------------------------------------------------
#    Timing Point      Flags   Arc   Edge   Cell     Fanout Load Trans Delay Arrival Instance 
#                                                           (fF)  (ps)  (ps)   (ps)  Location 
#---------------------------------------------------------------------------------------------
  F1_P_STATE_reg[1]/CK -       -     R     (arrival)     35    -     0     0       0    (-,-) 
  F1_P_STATE_reg[1]/Q  -       CK->Q R     DFFRHQX4       3 10.8    83   289     289    (-,-) 
  g445/Y               -       A->Y  F     INVX2HVT       2  6.1   171   147     436    (-,-) 
  g429__2398/Y         -       C->Y  F     OR3X1          2  9.0   246   329     765    (-,-) 
  g424__1666/Y         -       B0->Y R     OAI2BB1X1      1  4.2   142   203     968    (-,-) 
  F1_P_STATE_reg[0]/D  -       -     R     DFFRHQX4       1    -     -     0     968    (-,-) 
#---------------------------------------------------------------------------------------------



Path 35: MET (4088 ps) Late External Delay Assertion at pin Y_REG[0]
          Group: C2O
     Startpoint: (R) D2_Y_REG_reg[0]/CK
          Clock: (R) SYS_CLK
       Endpoint: (F) Y_REG[0]
          Clock: (R) SYS_CLK

                     Capture       Launch     
        Clock Edge:+    5000            0     
       Src Latency:+       0            0     
       Net Latency:+       0 (I)        0 (I) 
           Arrival:=    5000            0     
                                              
      Output Delay:-     100                  
     Required Time:=    4900                  
      Launch Clock:-       0                  
         Data Path:-     812                  
             Slack:=    4088                  

Exceptions/Constraints:
  output_delay             100             top.sdc_line_7_18_1 

#-------------------------------------------------------------------------------------------
#   Timing Point     Flags   Arc   Edge   Cell     Fanout Load Trans Delay Arrival Instance 
#                                                         (fF)  (ps)  (ps)   (ps)  Location 
#-------------------------------------------------------------------------------------------
  D2_Y_REG_reg[0]/CK -       -     R     (arrival)     35    -     0     0       0    (-,-) 
  D2_Y_REG_reg[0]/Q  -       CK->Q F     DFFQX1HVT      1  4.2   208   384     384    (-,-) 
  drc_bufs566/Y      -       A->Y  R     INVX1HVT       1  4.6   176   221     604    (-,-) 
  drc_bufs565/Y      -       A->Y  F     INVX2HVT       2  5.9   186   207     812    (-,-) 
  Y_REG[0]           -       -     F     (port)         -    -     -     0     812    (-,-) 
#-------------------------------------------------------------------------------------------



Path 36: MET (4088 ps) Late External Delay Assertion at pin Y_REG[1]
          Group: C2O
     Startpoint: (R) D2_Y_REG_reg[1]/CK
          Clock: (R) SYS_CLK
       Endpoint: (F) Y_REG[1]
          Clock: (R) SYS_CLK

                     Capture       Launch     
        Clock Edge:+    5000            0     
       Src Latency:+       0            0     
       Net Latency:+       0 (I)        0 (I) 
           Arrival:=    5000            0     
                                              
      Output Delay:-     100                  
     Required Time:=    4900                  
      Launch Clock:-       0                  
         Data Path:-     812                  
             Slack:=    4088                  

Exceptions/Constraints:
  output_delay             100             top.sdc_line_7_17_1 

#-------------------------------------------------------------------------------------------
#   Timing Point     Flags   Arc   Edge   Cell     Fanout Load Trans Delay Arrival Instance 
#                                                         (fF)  (ps)  (ps)   (ps)  Location 
#-------------------------------------------------------------------------------------------
  D2_Y_REG_reg[1]/CK -       -     R     (arrival)     35    -     0     0       0    (-,-) 
  D2_Y_REG_reg[1]/Q  -       CK->Q F     DFFQX1HVT      1  4.2   208   384     384    (-,-) 
  drc_bufs558/Y      -       A->Y  R     INVX1HVT       1  4.6   176   221     604    (-,-) 
  drc_bufs557/Y      -       A->Y  F     INVX2HVT       2  5.9   186   207     812    (-,-) 
  Y_REG[1]           -       -     F     (port)         -    -     -     0     812    (-,-) 
#-------------------------------------------------------------------------------------------



Path 37: MET (4088 ps) Late External Delay Assertion at pin Y_REG[2]
          Group: C2O
     Startpoint: (R) D2_Y_REG_reg[2]/CK
          Clock: (R) SYS_CLK
       Endpoint: (F) Y_REG[2]
          Clock: (R) SYS_CLK

                     Capture       Launch     
        Clock Edge:+    5000            0     
       Src Latency:+       0            0     
       Net Latency:+       0 (I)        0 (I) 
           Arrival:=    5000            0     
                                              
      Output Delay:-     100                  
     Required Time:=    4900                  
      Launch Clock:-       0                  
         Data Path:-     812                  
             Slack:=    4088                  

Exceptions/Constraints:
  output_delay             100             top.sdc_line_7_16_1 

#-------------------------------------------------------------------------------------------
#   Timing Point     Flags   Arc   Edge   Cell     Fanout Load Trans Delay Arrival Instance 
#                                                         (fF)  (ps)  (ps)   (ps)  Location 
#-------------------------------------------------------------------------------------------
  D2_Y_REG_reg[2]/CK -       -     R     (arrival)     35    -     0     0       0    (-,-) 
  D2_Y_REG_reg[2]/Q  -       CK->Q F     DFFQX1HVT      1  4.2   208   384     384    (-,-) 
  drc_bufs550/Y      -       A->Y  R     INVX1HVT       1  4.6   176   221     604    (-,-) 
  drc_bufs549/Y      -       A->Y  F     INVX2HVT       2  5.9   186   207     812    (-,-) 
  Y_REG[2]           -       -     F     (port)         -    -     -     0     812    (-,-) 
#-------------------------------------------------------------------------------------------



Path 38: MET (4088 ps) Late External Delay Assertion at pin Y_REG[3]
          Group: C2O
     Startpoint: (R) D2_Y_REG_reg[3]/CK
          Clock: (R) SYS_CLK
       Endpoint: (F) Y_REG[3]
          Clock: (R) SYS_CLK

                     Capture       Launch     
        Clock Edge:+    5000            0     
       Src Latency:+       0            0     
       Net Latency:+       0 (I)        0 (I) 
           Arrival:=    5000            0     
                                              
      Output Delay:-     100                  
     Required Time:=    4900                  
      Launch Clock:-       0                  
         Data Path:-     812                  
             Slack:=    4088                  

Exceptions/Constraints:
  output_delay             100             top.sdc_line_7_15_1 

#-------------------------------------------------------------------------------------------
#   Timing Point     Flags   Arc   Edge   Cell     Fanout Load Trans Delay Arrival Instance 
#                                                         (fF)  (ps)  (ps)   (ps)  Location 
#-------------------------------------------------------------------------------------------
  D2_Y_REG_reg[3]/CK -       -     R     (arrival)     35    -     0     0       0    (-,-) 
  D2_Y_REG_reg[3]/Q  -       CK->Q F     DFFQX1HVT      1  4.2   208   384     384    (-,-) 
  drc_bufs542/Y      -       A->Y  R     INVX1HVT       1  4.6   176   221     604    (-,-) 
  drc_bufs541/Y      -       A->Y  F     INVX2HVT       2  5.9   186   207     812    (-,-) 
  Y_REG[3]           -       -     F     (port)         -    -     -     0     812    (-,-) 
#-------------------------------------------------------------------------------------------



Path 39: MET (4088 ps) Late External Delay Assertion at pin Y_REG[4]
          Group: C2O
     Startpoint: (R) D2_Y_REG_reg[4]/CK
          Clock: (R) SYS_CLK
       Endpoint: (F) Y_REG[4]
          Clock: (R) SYS_CLK

                     Capture       Launch     
        Clock Edge:+    5000            0     
       Src Latency:+       0            0     
       Net Latency:+       0 (I)        0 (I) 
           Arrival:=    5000            0     
                                              
      Output Delay:-     100                  
     Required Time:=    4900                  
      Launch Clock:-       0                  
         Data Path:-     812                  
             Slack:=    4088                  

Exceptions/Constraints:
  output_delay             100             top.sdc_line_7_14_1 

#-------------------------------------------------------------------------------------------
#   Timing Point     Flags   Arc   Edge   Cell     Fanout Load Trans Delay Arrival Instance 
#                                                         (fF)  (ps)  (ps)   (ps)  Location 
#-------------------------------------------------------------------------------------------
  D2_Y_REG_reg[4]/CK -       -     R     (arrival)     35    -     0     0       0    (-,-) 
  D2_Y_REG_reg[4]/Q  -       CK->Q F     DFFQX1HVT      1  4.2   208   384     384    (-,-) 
  drc_bufs534/Y      -       A->Y  R     INVX1HVT       1  4.6   176   221     604    (-,-) 
  drc_bufs533/Y      -       A->Y  F     INVX2HVT       2  5.9   186   207     812    (-,-) 
  Y_REG[4]           -       -     F     (port)         -    -     -     0     812    (-,-) 
#-------------------------------------------------------------------------------------------



Path 40: MET (4088 ps) Late External Delay Assertion at pin Y_REG[5]
          Group: C2O
     Startpoint: (R) D2_Y_REG_reg[5]/CK
          Clock: (R) SYS_CLK
       Endpoint: (F) Y_REG[5]
          Clock: (R) SYS_CLK

                     Capture       Launch     
        Clock Edge:+    5000            0     
       Src Latency:+       0            0     
       Net Latency:+       0 (I)        0 (I) 
           Arrival:=    5000            0     
                                              
      Output Delay:-     100                  
     Required Time:=    4900                  
      Launch Clock:-       0                  
         Data Path:-     812                  
             Slack:=    4088                  

Exceptions/Constraints:
  output_delay             100             top.sdc_line_7_13_1 

#-------------------------------------------------------------------------------------------
#   Timing Point     Flags   Arc   Edge   Cell     Fanout Load Trans Delay Arrival Instance 
#                                                         (fF)  (ps)  (ps)   (ps)  Location 
#-------------------------------------------------------------------------------------------
  D2_Y_REG_reg[5]/CK -       -     R     (arrival)     35    -     0     0       0    (-,-) 
  D2_Y_REG_reg[5]/Q  -       CK->Q F     DFFQX1HVT      1  4.2   208   384     384    (-,-) 
  drc_bufs530/Y      -       A->Y  R     INVX1HVT       1  4.6   176   221     604    (-,-) 
  drc_bufs529/Y      -       A->Y  F     INVX2HVT       2  5.9   186   207     812    (-,-) 
  Y_REG[5]           -       -     F     (port)         -    -     -     0     812    (-,-) 
#-------------------------------------------------------------------------------------------



Path 41: MET (4088 ps) Late External Delay Assertion at pin Y_REG[6]
          Group: C2O
     Startpoint: (R) D2_Y_REG_reg[6]/CK
          Clock: (R) SYS_CLK
       Endpoint: (F) Y_REG[6]
          Clock: (R) SYS_CLK

                     Capture       Launch     
        Clock Edge:+    5000            0     
       Src Latency:+       0            0     
       Net Latency:+       0 (I)        0 (I) 
           Arrival:=    5000            0     
                                              
      Output Delay:-     100                  
     Required Time:=    4900                  
      Launch Clock:-       0                  
         Data Path:-     812                  
             Slack:=    4088                  

Exceptions/Constraints:
  output_delay             100             top.sdc_line_7_12_1 

#-------------------------------------------------------------------------------------------
#   Timing Point     Flags   Arc   Edge   Cell     Fanout Load Trans Delay Arrival Instance 
#                                                         (fF)  (ps)  (ps)   (ps)  Location 
#-------------------------------------------------------------------------------------------
  D2_Y_REG_reg[6]/CK -       -     R     (arrival)     35    -     0     0       0    (-,-) 
  D2_Y_REG_reg[6]/Q  -       CK->Q F     DFFQX1HVT      1  4.2   208   384     384    (-,-) 
  drc_bufs522/Y      -       A->Y  R     INVX1HVT       1  4.6   176   221     604    (-,-) 
  drc_bufs521/Y      -       A->Y  F     INVX2HVT       2  5.9   186   207     812    (-,-) 
  Y_REG[6]           -       -     F     (port)         -    -     -     0     812    (-,-) 
#-------------------------------------------------------------------------------------------



Path 42: MET (4088 ps) Late External Delay Assertion at pin Y_REG[7]
          Group: C2O
     Startpoint: (R) D2_Y_REG_reg[7]/CK
          Clock: (R) SYS_CLK
       Endpoint: (F) Y_REG[7]
          Clock: (R) SYS_CLK

                     Capture       Launch     
        Clock Edge:+    5000            0     
       Src Latency:+       0            0     
       Net Latency:+       0 (I)        0 (I) 
           Arrival:=    5000            0     
                                              
      Output Delay:-     100                  
     Required Time:=    4900                  
      Launch Clock:-       0                  
         Data Path:-     812                  
             Slack:=    4088                  

Exceptions/Constraints:
  output_delay             100             top.sdc_line_7_11_1 

#-------------------------------------------------------------------------------------------
#   Timing Point     Flags   Arc   Edge   Cell     Fanout Load Trans Delay Arrival Instance 
#                                                         (fF)  (ps)  (ps)   (ps)  Location 
#-------------------------------------------------------------------------------------------
  D2_Y_REG_reg[7]/CK -       -     R     (arrival)     35    -     0     0       0    (-,-) 
  D2_Y_REG_reg[7]/Q  -       CK->Q F     DFFQX1HVT      1  4.2   208   384     384    (-,-) 
  drc_bufs570/Y      -       A->Y  R     INVX1HVT       1  4.6   176   221     604    (-,-) 
  drc_bufs569/Y      -       A->Y  F     INVX2HVT       2  5.9   186   207     812    (-,-) 
  Y_REG[7]           -       -     F     (port)         -    -     -     0     812    (-,-) 
#-------------------------------------------------------------------------------------------



Path 43: MET (4088 ps) Late External Delay Assertion at pin Y_REG[8]
          Group: C2O
     Startpoint: (R) D2_Y_REG_reg[8]/CK
          Clock: (R) SYS_CLK
       Endpoint: (F) Y_REG[8]
          Clock: (R) SYS_CLK

                     Capture       Launch     
        Clock Edge:+    5000            0     
       Src Latency:+       0            0     
       Net Latency:+       0 (I)        0 (I) 
           Arrival:=    5000            0     
                                              
      Output Delay:-     100                  
     Required Time:=    4900                  
      Launch Clock:-       0                  
         Data Path:-     812                  
             Slack:=    4088                  

Exceptions/Constraints:
  output_delay             100             top.sdc_line_7_10_1 

#-------------------------------------------------------------------------------------------
#   Timing Point     Flags   Arc   Edge   Cell     Fanout Load Trans Delay Arrival Instance 
#                                                         (fF)  (ps)  (ps)   (ps)  Location 
#-------------------------------------------------------------------------------------------
  D2_Y_REG_reg[8]/CK -       -     R     (arrival)     35    -     0     0       0    (-,-) 
  D2_Y_REG_reg[8]/Q  -       CK->Q F     DFFQX1HVT      1  4.2   208   384     384    (-,-) 
  drc_bufs554/Y      -       A->Y  R     INVX1HVT       1  4.6   176   221     604    (-,-) 
  drc_bufs553/Y      -       A->Y  F     INVX2HVT       2  5.9   186   207     812    (-,-) 
  Y_REG[8]           -       -     F     (port)         -    -     -     0     812    (-,-) 
#-------------------------------------------------------------------------------------------



Path 44: MET (4088 ps) Late External Delay Assertion at pin Y_REG[9]
          Group: C2O
     Startpoint: (R) D2_Y_REG_reg[9]/CK
          Clock: (R) SYS_CLK
       Endpoint: (F) Y_REG[9]
          Clock: (R) SYS_CLK

                     Capture       Launch     
        Clock Edge:+    5000            0     
       Src Latency:+       0            0     
       Net Latency:+       0 (I)        0 (I) 
           Arrival:=    5000            0     
                                              
      Output Delay:-     100                  
     Required Time:=    4900                  
      Launch Clock:-       0                  
         Data Path:-     812                  
             Slack:=    4088                  

Exceptions/Constraints:
  output_delay             100             top.sdc_line_7_9_1 

#-------------------------------------------------------------------------------------------
#   Timing Point     Flags   Arc   Edge   Cell     Fanout Load Trans Delay Arrival Instance 
#                                                         (fF)  (ps)  (ps)   (ps)  Location 
#-------------------------------------------------------------------------------------------
  D2_Y_REG_reg[9]/CK -       -     R     (arrival)     35    -     0     0       0    (-,-) 
  D2_Y_REG_reg[9]/Q  -       CK->Q F     DFFQX1HVT      1  4.2   208   384     384    (-,-) 
  drc_bufs538/Y      -       A->Y  R     INVX1HVT       1  4.6   176   221     604    (-,-) 
  drc_bufs537/Y      -       A->Y  F     INVX2HVT       2  5.9   186   207     812    (-,-) 
  Y_REG[9]           -       -     F     (port)         -    -     -     0     812    (-,-) 
#-------------------------------------------------------------------------------------------



Path 45: MET (4088 ps) Late External Delay Assertion at pin Y_REG[10]
          Group: C2O
     Startpoint: (R) D2_Y_REG_reg[10]/CK
          Clock: (R) SYS_CLK
       Endpoint: (F) Y_REG[10]
          Clock: (R) SYS_CLK

                     Capture       Launch     
        Clock Edge:+    5000            0     
       Src Latency:+       0            0     
       Net Latency:+       0 (I)        0 (I) 
           Arrival:=    5000            0     
                                              
      Output Delay:-     100                  
     Required Time:=    4900                  
      Launch Clock:-       0                  
         Data Path:-     812                  
             Slack:=    4088                  

Exceptions/Constraints:
  output_delay             100             top.sdc_line_7_8_1 

#--------------------------------------------------------------------------------------------
#    Timing Point     Flags   Arc   Edge   Cell     Fanout Load Trans Delay Arrival Instance 
#                                                          (fF)  (ps)  (ps)   (ps)  Location 
#--------------------------------------------------------------------------------------------
  D2_Y_REG_reg[10]/CK -       -     R     (arrival)     35    -     0     0       0    (-,-) 
  D2_Y_REG_reg[10]/Q  -       CK->Q F     DFFQX1HVT      1  4.2   208   384     384    (-,-) 
  drc_bufs526/Y       -       A->Y  R     INVX1HVT       1  4.6   176   221     604    (-,-) 
  drc_bufs525/Y       -       A->Y  F     INVX2HVT       2  5.9   186   207     812    (-,-) 
  Y_REG[10]           -       -     F     (port)         -    -     -     0     812    (-,-) 
#--------------------------------------------------------------------------------------------



Path 46: MET (4088 ps) Late External Delay Assertion at pin Y_REG[11]
          Group: C2O
     Startpoint: (R) D2_Y_REG_reg[11]/CK
          Clock: (R) SYS_CLK
       Endpoint: (F) Y_REG[11]
          Clock: (R) SYS_CLK

                     Capture       Launch     
        Clock Edge:+    5000            0     
       Src Latency:+       0            0     
       Net Latency:+       0 (I)        0 (I) 
           Arrival:=    5000            0     
                                              
      Output Delay:-     100                  
     Required Time:=    4900                  
      Launch Clock:-       0                  
         Data Path:-     812                  
             Slack:=    4088                  

Exceptions/Constraints:
  output_delay             100             top.sdc_line_7_7_1 

#--------------------------------------------------------------------------------------------
#    Timing Point     Flags   Arc   Edge   Cell     Fanout Load Trans Delay Arrival Instance 
#                                                          (fF)  (ps)  (ps)   (ps)  Location 
#--------------------------------------------------------------------------------------------
  D2_Y_REG_reg[11]/CK -       -     R     (arrival)     35    -     0     0       0    (-,-) 
  D2_Y_REG_reg[11]/Q  -       CK->Q F     DFFQX1HVT      1  4.2   208   384     384    (-,-) 
  drc_bufs562/Y       -       A->Y  R     INVX1HVT       1  4.6   176   221     604    (-,-) 
  drc_bufs561/Y       -       A->Y  F     INVX2HVT       2  5.9   186   207     812    (-,-) 
  Y_REG[11]           -       -     F     (port)         -    -     -     0     812    (-,-) 
#--------------------------------------------------------------------------------------------



Path 47: MET (4088 ps) Late External Delay Assertion at pin Y_REG[12]
          Group: C2O
     Startpoint: (R) D2_Y_REG_reg[12]/CK
          Clock: (R) SYS_CLK
       Endpoint: (F) Y_REG[12]
          Clock: (R) SYS_CLK

                     Capture       Launch     
        Clock Edge:+    5000            0     
       Src Latency:+       0            0     
       Net Latency:+       0 (I)        0 (I) 
           Arrival:=    5000            0     
                                              
      Output Delay:-     100                  
     Required Time:=    4900                  
      Launch Clock:-       0                  
         Data Path:-     812                  
             Slack:=    4088                  

Exceptions/Constraints:
  output_delay             100             top.sdc_line_7_6_1 

#--------------------------------------------------------------------------------------------
#    Timing Point     Flags   Arc   Edge   Cell     Fanout Load Trans Delay Arrival Instance 
#                                                          (fF)  (ps)  (ps)   (ps)  Location 
#--------------------------------------------------------------------------------------------
  D2_Y_REG_reg[12]/CK -       -     R     (arrival)     35    -     0     0       0    (-,-) 
  D2_Y_REG_reg[12]/Q  -       CK->Q F     DFFQX1HVT      1  4.2   208   384     384    (-,-) 
  drc_bufs518/Y       -       A->Y  R     INVX1HVT       1  4.6   176   221     604    (-,-) 
  drc_bufs517/Y       -       A->Y  F     INVX2HVT       2  5.9   186   207     812    (-,-) 
  Y_REG[12]           -       -     F     (port)         -    -     -     0     812    (-,-) 
#--------------------------------------------------------------------------------------------



Path 48: MET (4088 ps) Late External Delay Assertion at pin Y_REG[13]
          Group: C2O
     Startpoint: (R) D2_Y_REG_reg[13]/CK
          Clock: (R) SYS_CLK
       Endpoint: (F) Y_REG[13]
          Clock: (R) SYS_CLK

                     Capture       Launch     
        Clock Edge:+    5000            0     
       Src Latency:+       0            0     
       Net Latency:+       0 (I)        0 (I) 
           Arrival:=    5000            0     
                                              
      Output Delay:-     100                  
     Required Time:=    4900                  
      Launch Clock:-       0                  
         Data Path:-     812                  
             Slack:=    4088                  

Exceptions/Constraints:
  output_delay             100             top.sdc_line_7 

#--------------------------------------------------------------------------------------------
#    Timing Point     Flags   Arc   Edge   Cell     Fanout Load Trans Delay Arrival Instance 
#                                                          (fF)  (ps)  (ps)   (ps)  Location 
#--------------------------------------------------------------------------------------------
  D2_Y_REG_reg[13]/CK -       -     R     (arrival)     35    -     0     0       0    (-,-) 
  D2_Y_REG_reg[13]/Q  -       CK->Q F     DFFQX1HVT      1  4.2   208   384     384    (-,-) 
  drc_bufs546/Y       -       A->Y  R     INVX1HVT       1  4.6   176   221     604    (-,-) 
  drc_bufs545/Y       -       A->Y  F     INVX2HVT       2  5.9   186   207     812    (-,-) 
  Y_REG[13]           -       -     F     (port)         -    -     -     0     812    (-,-) 
#--------------------------------------------------------------------------------------------



Path 49: MET (4162 ps) Setup Check with Pin F1_P_STATE_reg[2]/CK->D
          Group: C2C
     Startpoint: (R) F1_P_STATE_reg[1]/CK
          Clock: (R) SYS_CLK
       Endpoint: (R) F1_P_STATE_reg[2]/D
          Clock: (R) SYS_CLK

                     Capture       Launch     
        Clock Edge:+    5000            0     
       Src Latency:+       0            0     
       Net Latency:+       0 (I)        0 (I) 
           Arrival:=    5000            0     
                                              
             Setup:-     166                  
     Required Time:=    4834                  
      Launch Clock:-       0                  
         Data Path:-     672                  
             Slack:=    4162                  

#-----------------------------------------------------------------------------------------------
#    Timing Point      Flags   Arc   Edge    Cell      Fanout Load Trans Delay Arrival Instance 
#                                                             (fF)  (ps)  (ps)   (ps)  Location 
#-----------------------------------------------------------------------------------------------
  F1_P_STATE_reg[1]/CK -       -     R     (arrival)       35    -     0     0       0    (-,-) 
  F1_P_STATE_reg[1]/Q  -       CK->Q R     DFFRHQX4         3 10.8    83   289     289    (-,-) 
  g316__6131/Y         -       A->Y  F     NAND2X4LVT       1  7.0    89    88     377    (-,-) 
  g315__7098/Y         -       B->Y  R     NOR2X8LVT       14 34.0   148   111     488    (-,-) 
  g314/Y               -       A->Y  F     CLKINVX6LVT      5 15.4    78    83     572    (-,-) 
  g443/Y               -       A->Y  R     INVX1            1  4.2   106   101     672    (-,-) 
  F1_P_STATE_reg[2]/D  -       -     R     DFFRHQX4         1    -     -     0     672    (-,-) 
#-----------------------------------------------------------------------------------------------

Some unconstrained paths have not been displayed.
Use -unconstrained or set the root attribute 'timing_report_unconstrained' to 'true' to see only these unconstrained paths.

