============================================================
  Generated by:           Genus(TM) Synthesis Solution 21.18-s082_1
  Generated on:           Jun 13 2026  07:48:52 am
  Module:                 TOP
  Operating conditions:   PVT_0P9V_125C 
  Interconnect mode:      global
  Area mode:              physical library
============================================================


Path 1: MET (2 ps) Setup Check with Pin D2_REG1_reg[13]/CK->D
          Group: C2C
     Startpoint: (R) F1_P_STATE_reg[1]/CK
          Clock: (R) SYS_CLK
       Endpoint: (R) D2_REG1_reg[13]/D
          Clock: (R) SYS_CLK

                     Capture       Launch     
        Clock Edge:+    5000            0     
       Src Latency:+       0            0     
       Net Latency:+       0 (I)        0 (I) 
           Arrival:=    5000            0     
                                              
             Setup:-     322                  
     Required Time:=    4678                  
      Launch Clock:-       0                  
         Data Path:-    4676                  
             Slack:=       2                  

#------------------------------------------------------------------------------------------------------------------------
#                 Timing Point                  Flags    Arc   Edge    Cell     Fanout Load Trans Delay Arrival Instance 
#                                                                                      (fF)  (ps)  (ps)   (ps)  Location 
#------------------------------------------------------------------------------------------------------------------------
  F1_P_STATE_reg[1]/CK                          -       -      R     (arrival)      35    -     0     0       0    (-,-) 
  F1_P_STATE_reg[1]/Q                           -       CK->Q  R     DFFRHQX4        3 10.3    81   288     288    (-,-) 
  g316__6131/Y                                  -       A->Y   F     NAND2X4         1  6.8   135   130     417    (-,-) 
  g315__7098/Y                                  -       B->Y   R     NOR2X8         16 36.9   235   192     609    (-,-) 
  g309__1617/Y                                  -       A->Y   R     AND2X2          4 10.3   137   334     943    (-,-) 
  D2_WALLACE_CSA_DUMMY_OP_groupi_g1082__1617/Y  -       A->Y   R     AND2X1HVT       1  4.7   157   320    1263    (-,-) 
  D2_WALLACE_CSA_DUMMY_OP_groupi_g1019__6260/S  -       B->S   F     ADDFXL          1  4.4   225   425    1687    (-,-) 
  D2_WALLACE_CSA_DUMMY_OP_groupi_g1017__2398/S  -       CI->S  R     ADDFX1          1  4.8   128   422    2109    (-,-) 
  D2_WALLACE_CSA_DUMMY_OP_groupi_g1004__1881/CO -       B->CO  R     ADDFX1LVT       1  4.5    82   197    2306    (-,-) 
  D2_WALLACE_CSA_DUMMY_OP_groupi_g1003__6131/CO -       CI->CO R     ADDFX1LVT       1  4.5    81   169    2475    (-,-) 
  D2_WALLACE_CSA_DUMMY_OP_groupi_g1002__7098/CO -       CI->CO R     ADDFX1LVT       1  4.5    81   169    2644    (-,-) 
  D2_WALLACE_CSA_DUMMY_OP_groupi_g1001__8246/CO -       CI->CO R     ADDFX1LVT       1  4.8    86   171    2815    (-,-) 
  D2_WALLACE_CSA_DUMMY_OP_groupi_g1000__5122/CO -       CI->CO R     ADDFHX1LVT      1  4.5    79   158    2974    (-,-) 
  D2_WALLACE_CSA_DUMMY_OP_groupi_g999__1705/CO  -       CI->CO R     ADDFXLLVT       1  4.5   124   183    3156    (-,-) 
  D2_WALLACE_CSA_DUMMY_OP_groupi_g998__2802/CO  -       CI->CO R     ADDFXLLVT       1  4.5   124   201    3358    (-,-) 
  D2_WALLACE_CSA_DUMMY_OP_groupi_g997__1617/CO  -       CI->CO R     ADDFX1          1  4.5   119   274    3632    (-,-) 
  D2_WALLACE_CSA_DUMMY_OP_groupi_g996__3680/CO  -       CI->CO R     ADDFX1          1  4.3   115   269    3901    (-,-) 
  D2_WALLACE_CSA_DUMMY_OP_groupi_g995__6783/Y   -       B->Y   R     XNOR2X1         1  4.1   102   206    4107    (-,-) 
  g388__7482/Y                                  -       B->Y   F     MXI2X2HVT       1  4.2   121   380    4487    (-,-) 
  g341__5115/Y                                  -       B->Y   R     NOR2X1          1  4.1   215   189    4676    (-,-) 
  D2_REG1_reg[13]/D                             -       -      R     DFFQX1HVT       1    -     -     0    4676    (-,-) 
#------------------------------------------------------------------------------------------------------------------------



Path 2: MET (133 ps) Setup Check with Pin D2_REG1_reg[12]/CK->D
          Group: C2C
     Startpoint: (R) F1_P_STATE_reg[1]/CK
          Clock: (R) SYS_CLK
       Endpoint: (R) D2_REG1_reg[12]/D
          Clock: (R) SYS_CLK

                     Capture       Launch     
        Clock Edge:+    5000            0     
       Src Latency:+       0            0     
       Net Latency:+       0 (I)        0 (I) 
           Arrival:=    5000            0     
                                              
             Setup:-     322                  
     Required Time:=    4678                  
      Launch Clock:-       0                  
         Data Path:-    4545                  
             Slack:=     133                  

#------------------------------------------------------------------------------------------------------------------------
#                 Timing Point                  Flags    Arc   Edge    Cell     Fanout Load Trans Delay Arrival Instance 
#                                                                                      (fF)  (ps)  (ps)   (ps)  Location 
#------------------------------------------------------------------------------------------------------------------------
  F1_P_STATE_reg[1]/CK                          -       -      R     (arrival)      35    -     0     0       0    (-,-) 
  F1_P_STATE_reg[1]/Q                           -       CK->Q  R     DFFRHQX4        3 10.3    81   288     288    (-,-) 
  g316__6131/Y                                  -       A->Y   F     NAND2X4         1  6.8   135   130     417    (-,-) 
  g315__7098/Y                                  -       B->Y   R     NOR2X8         16 36.9   235   192     609    (-,-) 
  g309__1617/Y                                  -       A->Y   R     AND2X2          4 10.3   137   334     943    (-,-) 
  D2_WALLACE_CSA_DUMMY_OP_groupi_g1082__1617/Y  -       A->Y   R     AND2X1HVT       1  4.7   157   320    1263    (-,-) 
  D2_WALLACE_CSA_DUMMY_OP_groupi_g1019__6260/S  -       B->S   F     ADDFXL          1  4.4   225   425    1687    (-,-) 
  D2_WALLACE_CSA_DUMMY_OP_groupi_g1017__2398/S  -       CI->S  R     ADDFX1          1  4.8   128   422    2109    (-,-) 
  D2_WALLACE_CSA_DUMMY_OP_groupi_g1004__1881/CO -       B->CO  R     ADDFX1LVT       1  4.5    82   197    2306    (-,-) 
  D2_WALLACE_CSA_DUMMY_OP_groupi_g1003__6131/CO -       CI->CO R     ADDFX1LVT       1  4.5    81   169    2475    (-,-) 
  D2_WALLACE_CSA_DUMMY_OP_groupi_g1002__7098/CO -       CI->CO R     ADDFX1LVT       1  4.5    81   169    2644    (-,-) 
  D2_WALLACE_CSA_DUMMY_OP_groupi_g1001__8246/CO -       CI->CO R     ADDFX1LVT       1  4.8    86   171    2815    (-,-) 
  D2_WALLACE_CSA_DUMMY_OP_groupi_g1000__5122/CO -       CI->CO R     ADDFHX1LVT      1  4.5    79   158    2974    (-,-) 
  D2_WALLACE_CSA_DUMMY_OP_groupi_g999__1705/CO  -       CI->CO R     ADDFXLLVT       1  4.5   124   183    3156    (-,-) 
  D2_WALLACE_CSA_DUMMY_OP_groupi_g998__2802/CO  -       CI->CO R     ADDFXLLVT       1  4.5   124   201    3358    (-,-) 
  D2_WALLACE_CSA_DUMMY_OP_groupi_g997__1617/CO  -       CI->CO R     ADDFX1          1  4.5   119   274    3632    (-,-) 
  D2_WALLACE_CSA_DUMMY_OP_groupi_g996__3680/S   -       CI->S  R     ADDFX1          1  4.1   114   337    3969    (-,-) 
  g374__4319/Y                                  -       B->Y   F     MXI2X2HVT       1  4.2   121   387    4356    (-,-) 
  g354__5107/Y                                  -       B->Y   R     NOR2X1          1  4.1   215   189    4545    (-,-) 
  D2_REG1_reg[12]/D                             -       -      R     DFFQX1HVT       1    -     -     0    4545    (-,-) 
#------------------------------------------------------------------------------------------------------------------------



Path 3: MET (404 ps) Setup Check with Pin D2_REG1_reg[11]/CK->D
          Group: C2C
     Startpoint: (R) F1_P_STATE_reg[1]/CK
          Clock: (R) SYS_CLK
       Endpoint: (R) D2_REG1_reg[11]/D
          Clock: (R) SYS_CLK

                     Capture       Launch     
        Clock Edge:+    5000            0     
       Src Latency:+       0            0     
       Net Latency:+       0 (I)        0 (I) 
           Arrival:=    5000            0     
                                              
             Setup:-     322                  
     Required Time:=    4678                  
      Launch Clock:-       0                  
         Data Path:-    4273                  
             Slack:=     404                  

#------------------------------------------------------------------------------------------------------------------------
#                 Timing Point                  Flags    Arc   Edge    Cell     Fanout Load Trans Delay Arrival Instance 
#                                                                                      (fF)  (ps)  (ps)   (ps)  Location 
#------------------------------------------------------------------------------------------------------------------------
  F1_P_STATE_reg[1]/CK                          -       -      R     (arrival)      35    -     0     0       0    (-,-) 
  F1_P_STATE_reg[1]/Q                           -       CK->Q  R     DFFRHQX4        3 10.3    81   288     288    (-,-) 
  g316__6131/Y                                  -       A->Y   F     NAND2X4         1  6.8   135   130     417    (-,-) 
  g315__7098/Y                                  -       B->Y   R     NOR2X8         16 36.9   235   192     609    (-,-) 
  g309__1617/Y                                  -       A->Y   R     AND2X2          4 10.3   137   334     943    (-,-) 
  D2_WALLACE_CSA_DUMMY_OP_groupi_g1082__1617/Y  -       A->Y   R     AND2X1HVT       1  4.7   157   320    1263    (-,-) 
  D2_WALLACE_CSA_DUMMY_OP_groupi_g1019__6260/S  -       B->S   F     ADDFXL          1  4.4   225   425    1687    (-,-) 
  D2_WALLACE_CSA_DUMMY_OP_groupi_g1017__2398/S  -       CI->S  R     ADDFX1          1  4.8   128   422    2109    (-,-) 
  D2_WALLACE_CSA_DUMMY_OP_groupi_g1004__1881/CO -       B->CO  R     ADDFX1LVT       1  4.5    82   197    2306    (-,-) 
  D2_WALLACE_CSA_DUMMY_OP_groupi_g1003__6131/CO -       CI->CO R     ADDFX1LVT       1  4.5    81   169    2475    (-,-) 
  D2_WALLACE_CSA_DUMMY_OP_groupi_g1002__7098/CO -       CI->CO R     ADDFX1LVT       1  4.5    81   169    2644    (-,-) 
  D2_WALLACE_CSA_DUMMY_OP_groupi_g1001__8246/CO -       CI->CO R     ADDFX1LVT       1  4.8    86   171    2815    (-,-) 
  D2_WALLACE_CSA_DUMMY_OP_groupi_g1000__5122/CO -       CI->CO R     ADDFHX1LVT      1  4.5    79   158    2974    (-,-) 
  D2_WALLACE_CSA_DUMMY_OP_groupi_g999__1705/CO  -       CI->CO R     ADDFXLLVT       1  4.5   124   183    3156    (-,-) 
  D2_WALLACE_CSA_DUMMY_OP_groupi_g998__2802/CO  -       CI->CO R     ADDFXLLVT       1  4.5   124   201    3358    (-,-) 
  D2_WALLACE_CSA_DUMMY_OP_groupi_g997__1617/S   -       CI->S  R     ADDFX1          1  4.1   114   339    3697    (-,-) 
  g375__8428/Y                                  -       B->Y   F     MXI2X2HVT       1  4.2   121   387    4084    (-,-) 
  g342__7482/Y                                  -       B->Y   R     NOR2X1          1  4.1   215   189    4273    (-,-) 
  D2_REG1_reg[11]/D                             -       -      R     DFFQX1HVT       1    -     -     0    4273    (-,-) 
#------------------------------------------------------------------------------------------------------------------------



Path 4: MET (713 ps) Setup Check with Pin D2_REG1_reg[10]/CK->D
          Group: C2C
     Startpoint: (R) F1_P_STATE_reg[1]/CK
          Clock: (R) SYS_CLK
       Endpoint: (R) D2_REG1_reg[10]/D
          Clock: (R) SYS_CLK

                     Capture       Launch     
        Clock Edge:+    5000            0     
       Src Latency:+       0            0     
       Net Latency:+       0 (I)        0 (I) 
           Arrival:=    5000            0     
                                              
             Setup:-     322                  
     Required Time:=    4678                  
      Launch Clock:-       0                  
         Data Path:-    3964                  
             Slack:=     713                  

#------------------------------------------------------------------------------------------------------------------------
#                 Timing Point                  Flags    Arc   Edge    Cell     Fanout Load Trans Delay Arrival Instance 
#                                                                                      (fF)  (ps)  (ps)   (ps)  Location 
#------------------------------------------------------------------------------------------------------------------------
  F1_P_STATE_reg[1]/CK                          -       -      R     (arrival)      35    -     0     0       0    (-,-) 
  F1_P_STATE_reg[1]/Q                           -       CK->Q  R     DFFRHQX4        3 10.3    81   288     288    (-,-) 
  g316__6131/Y                                  -       A->Y   F     NAND2X4         1  6.8   135   130     417    (-,-) 
  g315__7098/Y                                  -       B->Y   R     NOR2X8         16 36.9   235   192     609    (-,-) 
  g309__1617/Y                                  -       A->Y   R     AND2X2          4 10.3   137   334     943    (-,-) 
  D2_WALLACE_CSA_DUMMY_OP_groupi_g1082__1617/Y  -       A->Y   R     AND2X1HVT       1  4.7   157   320    1263    (-,-) 
  D2_WALLACE_CSA_DUMMY_OP_groupi_g1019__6260/S  -       B->S   F     ADDFXL          1  4.4   225   425    1687    (-,-) 
  D2_WALLACE_CSA_DUMMY_OP_groupi_g1017__2398/S  -       CI->S  R     ADDFX1          1  4.8   128   422    2109    (-,-) 
  D2_WALLACE_CSA_DUMMY_OP_groupi_g1004__1881/CO -       B->CO  R     ADDFX1LVT       1  4.5    82   197    2306    (-,-) 
  D2_WALLACE_CSA_DUMMY_OP_groupi_g1003__6131/CO -       CI->CO R     ADDFX1LVT       1  4.5    81   169    2475    (-,-) 
  D2_WALLACE_CSA_DUMMY_OP_groupi_g1002__7098/CO -       CI->CO R     ADDFX1LVT       1  4.5    81   169    2644    (-,-) 
  D2_WALLACE_CSA_DUMMY_OP_groupi_g1001__8246/CO -       CI->CO R     ADDFX1LVT       1  4.8    86   171    2815    (-,-) 
  D2_WALLACE_CSA_DUMMY_OP_groupi_g1000__5122/CO -       CI->CO R     ADDFHX1LVT      1  4.5    79   158    2974    (-,-) 
  D2_WALLACE_CSA_DUMMY_OP_groupi_g999__1705/CO  -       CI->CO R     ADDFXLLVT       1  4.5   124   183    3156    (-,-) 
  D2_WALLACE_CSA_DUMMY_OP_groupi_g998__2802/S   -       CI->S  R     ADDFXLLVT       1  4.1   116   230    3386    (-,-) 
  g376__5526/Y                                  -       B->Y   F     MXI2X2HVT       1  4.2   121   389    3775    (-,-) 
  g343__4733/Y                                  -       B->Y   R     NOR2X1          1  4.1   215   189    3964    (-,-) 
  D2_REG1_reg[10]/D                             -       -      R     DFFQX1HVT       1    -     -     0    3964    (-,-) 
#------------------------------------------------------------------------------------------------------------------------



Path 5: MET (913 ps) Setup Check with Pin D2_REG1_reg[9]/CK->D
          Group: C2C
     Startpoint: (R) F1_P_STATE_reg[1]/CK
          Clock: (R) SYS_CLK
       Endpoint: (R) D2_REG1_reg[9]/D
          Clock: (R) SYS_CLK

                     Capture       Launch     
        Clock Edge:+    5000            0     
       Src Latency:+       0            0     
       Net Latency:+       0 (I)        0 (I) 
           Arrival:=    5000            0     
                                              
             Setup:-     322                  
     Required Time:=    4678                  
      Launch Clock:-       0                  
         Data Path:-    3764                  
             Slack:=     913                  

#------------------------------------------------------------------------------------------------------------------------
#                 Timing Point                  Flags    Arc   Edge    Cell     Fanout Load Trans Delay Arrival Instance 
#                                                                                      (fF)  (ps)  (ps)   (ps)  Location 
#------------------------------------------------------------------------------------------------------------------------
  F1_P_STATE_reg[1]/CK                          -       -      R     (arrival)      35    -     0     0       0    (-,-) 
  F1_P_STATE_reg[1]/Q                           -       CK->Q  R     DFFRHQX4        3 10.3    81   288     288    (-,-) 
  g316__6131/Y                                  -       A->Y   F     NAND2X4         1  6.8   135   130     417    (-,-) 
  g315__7098/Y                                  -       B->Y   R     NOR2X8         16 36.9   235   192     609    (-,-) 
  g309__1617/Y                                  -       A->Y   R     AND2X2          4 10.3   137   334     943    (-,-) 
  D2_WALLACE_CSA_DUMMY_OP_groupi_g1082__1617/Y  -       A->Y   R     AND2X1HVT       1  4.7   157   320    1263    (-,-) 
  D2_WALLACE_CSA_DUMMY_OP_groupi_g1019__6260/S  -       B->S   F     ADDFXL          1  4.4   225   425    1687    (-,-) 
  D2_WALLACE_CSA_DUMMY_OP_groupi_g1017__2398/S  -       CI->S  R     ADDFX1          1  4.8   128   422    2109    (-,-) 
  D2_WALLACE_CSA_DUMMY_OP_groupi_g1004__1881/CO -       B->CO  R     ADDFX1LVT       1  4.5    82   197    2306    (-,-) 
  D2_WALLACE_CSA_DUMMY_OP_groupi_g1003__6131/CO -       CI->CO R     ADDFX1LVT       1  4.5    81   169    2475    (-,-) 
  D2_WALLACE_CSA_DUMMY_OP_groupi_g1002__7098/CO -       CI->CO R     ADDFX1LVT       1  4.5    81   169    2644    (-,-) 
  D2_WALLACE_CSA_DUMMY_OP_groupi_g1001__8246/CO -       CI->CO R     ADDFX1LVT       1  4.8    86   171    2815    (-,-) 
  D2_WALLACE_CSA_DUMMY_OP_groupi_g1000__5122/CO -       CI->CO R     ADDFHX1LVT      1  4.5    79   158    2974    (-,-) 
  D2_WALLACE_CSA_DUMMY_OP_groupi_g999__1705/S   -       CI->S  R     ADDFXLLVT       1  4.1   116   213    3187    (-,-) 
  g377__6783/Y                                  -       B->Y   F     MXI2X2HVT       1  4.2   121   389    3575    (-,-) 
  g344__6161/Y                                  -       B->Y   R     NOR2X1          1  4.1   215   189    3764    (-,-) 
  D2_REG1_reg[9]/D                              -       -      R     DFFQX1HVT       1    -     -     0    3764    (-,-) 
#------------------------------------------------------------------------------------------------------------------------



Path 6: MET (1121 ps) Setup Check with Pin D2_REG1_reg[8]/CK->D
          Group: C2C
     Startpoint: (R) F1_P_STATE_reg[1]/CK
          Clock: (R) SYS_CLK
       Endpoint: (R) D2_REG1_reg[8]/D
          Clock: (R) SYS_CLK

                     Capture       Launch     
        Clock Edge:+    5000            0     
       Src Latency:+       0            0     
       Net Latency:+       0 (I)        0 (I) 
           Arrival:=    5000            0     
                                              
             Setup:-     322                  
     Required Time:=    4678                  
      Launch Clock:-       0                  
         Data Path:-    3557                  
             Slack:=    1121                  

#------------------------------------------------------------------------------------------------------------------------
#                 Timing Point                  Flags    Arc   Edge    Cell     Fanout Load Trans Delay Arrival Instance 
#                                                                                      (fF)  (ps)  (ps)   (ps)  Location 
#------------------------------------------------------------------------------------------------------------------------
  F1_P_STATE_reg[1]/CK                          -       -      R     (arrival)      35    -     0     0       0    (-,-) 
  F1_P_STATE_reg[1]/Q                           -       CK->Q  R     DFFRHQX4        3 10.3    81   288     288    (-,-) 
  g316__6131/Y                                  -       A->Y   F     NAND2X4         1  6.8   135   130     417    (-,-) 
  g315__7098/Y                                  -       B->Y   R     NOR2X8         16 36.9   235   192     609    (-,-) 
  g309__1617/Y                                  -       A->Y   R     AND2X2          4 10.3   137   334     943    (-,-) 
  D2_WALLACE_CSA_DUMMY_OP_groupi_g1082__1617/Y  -       A->Y   R     AND2X1HVT       1  4.7   157   320    1263    (-,-) 
  D2_WALLACE_CSA_DUMMY_OP_groupi_g1019__6260/S  -       B->S   F     ADDFXL          1  4.4   225   425    1687    (-,-) 
  D2_WALLACE_CSA_DUMMY_OP_groupi_g1017__2398/S  -       CI->S  R     ADDFX1          1  4.8   128   422    2109    (-,-) 
  D2_WALLACE_CSA_DUMMY_OP_groupi_g1004__1881/CO -       B->CO  R     ADDFX1LVT       1  4.5    82   197    2306    (-,-) 
  D2_WALLACE_CSA_DUMMY_OP_groupi_g1003__6131/CO -       CI->CO R     ADDFX1LVT       1  4.5    81   169    2475    (-,-) 
  D2_WALLACE_CSA_DUMMY_OP_groupi_g1002__7098/CO -       CI->CO R     ADDFX1LVT       1  4.5    81   169    2644    (-,-) 
  D2_WALLACE_CSA_DUMMY_OP_groupi_g1001__8246/CO -       CI->CO R     ADDFX1LVT       1  4.8    86   171    2815    (-,-) 
  D2_WALLACE_CSA_DUMMY_OP_groupi_g1000__5122/S  -       CI->S  R     ADDFHX1LVT      1  4.1    74   190    3006    (-,-) 
  g378__3680/Y                                  -       B->Y   F     MXI2X2HVT       1  4.2   121   362    3368    (-,-) 
  g345__9315/Y                                  -       B->Y   R     NOR2X1          1  4.1   215   189    3557    (-,-) 
  D2_REG1_reg[8]/D                              -       -      R     DFFQX1HVT       1    -     -     0    3557    (-,-) 
#------------------------------------------------------------------------------------------------------------------------



Path 7: MET (1272 ps) Setup Check with Pin D2_REG1_reg[7]/CK->D
          Group: C2C
     Startpoint: (R) F1_P_STATE_reg[1]/CK
          Clock: (R) SYS_CLK
       Endpoint: (R) D2_REG1_reg[7]/D
          Clock: (R) SYS_CLK

                     Capture       Launch     
        Clock Edge:+    5000            0     
       Src Latency:+       0            0     
       Net Latency:+       0 (I)        0 (I) 
           Arrival:=    5000            0     
                                              
             Setup:-     322                  
     Required Time:=    4678                  
      Launch Clock:-       0                  
         Data Path:-    3405                  
             Slack:=    1272                  

#-----------------------------------------------------------------------------------------------------------------------
#                 Timing Point                  Flags    Arc   Edge   Cell     Fanout Load Trans Delay Arrival Instance 
#                                                                                     (fF)  (ps)  (ps)   (ps)  Location 
#-----------------------------------------------------------------------------------------------------------------------
  F1_P_STATE_reg[1]/CK                          -       -      R     (arrival)     35    -     0     0       0    (-,-) 
  F1_P_STATE_reg[1]/Q                           -       CK->Q  R     DFFRHQX4       3 10.3    81   288     288    (-,-) 
  g316__6131/Y                                  -       A->Y   F     NAND2X4        1  6.8   135   130     417    (-,-) 
  g315__7098/Y                                  -       B->Y   R     NOR2X8        16 36.9   235   192     609    (-,-) 
  g309__1617/Y                                  -       A->Y   R     AND2X2         4 10.3   137   334     943    (-,-) 
  D2_WALLACE_CSA_DUMMY_OP_groupi_g1082__1617/Y  -       A->Y   R     AND2X1HVT      1  4.7   157   320    1263    (-,-) 
  D2_WALLACE_CSA_DUMMY_OP_groupi_g1019__6260/S  -       B->S   F     ADDFXL         1  4.4   225   425    1687    (-,-) 
  D2_WALLACE_CSA_DUMMY_OP_groupi_g1017__2398/S  -       CI->S  R     ADDFX1         1  4.8   128   422    2109    (-,-) 
  D2_WALLACE_CSA_DUMMY_OP_groupi_g1004__1881/CO -       B->CO  R     ADDFX1LVT      1  4.5    82   197    2306    (-,-) 
  D2_WALLACE_CSA_DUMMY_OP_groupi_g1003__6131/CO -       CI->CO R     ADDFX1LVT      1  4.5    81   169    2475    (-,-) 
  D2_WALLACE_CSA_DUMMY_OP_groupi_g1002__7098/CO -       CI->CO R     ADDFX1LVT      1  4.5    81   169    2644    (-,-) 
  D2_WALLACE_CSA_DUMMY_OP_groupi_g1001__8246/S  -       CI->S  R     ADDFX1LVT      1  4.1    78   208    2852    (-,-) 
  g379__1617/Y                                  -       B->Y   F     MXI2X2HVT      1  4.2   121   364    3216    (-,-) 
  g346__9945/Y                                  -       B->Y   R     NOR2X1         1  4.1   215   189    3405    (-,-) 
  D2_REG1_reg[7]/D                              -       -      R     DFFQX1HVT      1    -     -     0    3405    (-,-) 
#-----------------------------------------------------------------------------------------------------------------------



Path 8: MET (1441 ps) Setup Check with Pin D2_REG1_reg[6]/CK->D
          Group: C2C
     Startpoint: (R) F1_P_STATE_reg[1]/CK
          Clock: (R) SYS_CLK
       Endpoint: (R) D2_REG1_reg[6]/D
          Clock: (R) SYS_CLK

                     Capture       Launch     
        Clock Edge:+    5000            0     
       Src Latency:+       0            0     
       Net Latency:+       0 (I)        0 (I) 
           Arrival:=    5000            0     
                                              
             Setup:-     322                  
     Required Time:=    4678                  
      Launch Clock:-       0                  
         Data Path:-    3236                  
             Slack:=    1441                  

#-----------------------------------------------------------------------------------------------------------------------
#                 Timing Point                  Flags    Arc   Edge   Cell     Fanout Load Trans Delay Arrival Instance 
#                                                                                     (fF)  (ps)  (ps)   (ps)  Location 
#-----------------------------------------------------------------------------------------------------------------------
  F1_P_STATE_reg[1]/CK                          -       -      R     (arrival)     35    -     0     0       0    (-,-) 
  F1_P_STATE_reg[1]/Q                           -       CK->Q  R     DFFRHQX4       3 10.3    81   288     288    (-,-) 
  g316__6131/Y                                  -       A->Y   F     NAND2X4        1  6.8   135   130     417    (-,-) 
  g315__7098/Y                                  -       B->Y   R     NOR2X8        16 36.9   235   192     609    (-,-) 
  g309__1617/Y                                  -       A->Y   R     AND2X2         4 10.3   137   334     943    (-,-) 
  D2_WALLACE_CSA_DUMMY_OP_groupi_g1082__1617/Y  -       A->Y   R     AND2X1HVT      1  4.7   157   320    1263    (-,-) 
  D2_WALLACE_CSA_DUMMY_OP_groupi_g1019__6260/S  -       B->S   F     ADDFXL         1  4.4   225   425    1687    (-,-) 
  D2_WALLACE_CSA_DUMMY_OP_groupi_g1017__2398/S  -       CI->S  R     ADDFX1         1  4.8   128   422    2109    (-,-) 
  D2_WALLACE_CSA_DUMMY_OP_groupi_g1004__1881/CO -       B->CO  R     ADDFX1LVT      1  4.5    82   197    2306    (-,-) 
  D2_WALLACE_CSA_DUMMY_OP_groupi_g1003__6131/CO -       CI->CO R     ADDFX1LVT      1  4.5    81   169    2475    (-,-) 
  D2_WALLACE_CSA_DUMMY_OP_groupi_g1002__7098/S  -       CI->S  R     ADDFX1LVT      1  4.1    78   208    2683    (-,-) 
  g380__2802/Y                                  -       B->Y   F     MXI2X2HVT      1  4.2   121   364    3047    (-,-) 
  g347__2883/Y                                  -       B->Y   R     NOR2X1         1  4.1   215   189    3236    (-,-) 
  D2_REG1_reg[6]/D                              -       -      R     DFFQX1HVT      1    -     -     0    3236    (-,-) 
#-----------------------------------------------------------------------------------------------------------------------



Path 9: MET (1610 ps) Setup Check with Pin D2_REG1_reg[5]/CK->D
          Group: C2C
     Startpoint: (R) F1_P_STATE_reg[1]/CK
          Clock: (R) SYS_CLK
       Endpoint: (R) D2_REG1_reg[5]/D
          Clock: (R) SYS_CLK

                     Capture       Launch     
        Clock Edge:+    5000            0     
       Src Latency:+       0            0     
       Net Latency:+       0 (I)        0 (I) 
           Arrival:=    5000            0     
                                              
             Setup:-     322                  
     Required Time:=    4678                  
      Launch Clock:-       0                  
         Data Path:-    3067                  
             Slack:=    1610                  

#----------------------------------------------------------------------------------------------------------------------
#                 Timing Point                  Flags   Arc   Edge   Cell     Fanout Load Trans Delay Arrival Instance 
#                                                                                    (fF)  (ps)  (ps)   (ps)  Location 
#----------------------------------------------------------------------------------------------------------------------
  F1_P_STATE_reg[1]/CK                          -       -     R     (arrival)     35    -     0     0       0    (-,-) 
  F1_P_STATE_reg[1]/Q                           -       CK->Q R     DFFRHQX4       3 10.3    81   288     288    (-,-) 
  g316__6131/Y                                  -       A->Y  F     NAND2X4        1  6.8   135   130     417    (-,-) 
  g315__7098/Y                                  -       B->Y  R     NOR2X8        16 36.9   235   192     609    (-,-) 
  g309__1617/Y                                  -       A->Y  R     AND2X2         4 10.3   137   334     943    (-,-) 
  D2_WALLACE_CSA_DUMMY_OP_groupi_g1082__1617/Y  -       A->Y  R     AND2X1HVT      1  4.7   157   320    1263    (-,-) 
  D2_WALLACE_CSA_DUMMY_OP_groupi_g1019__6260/S  -       B->S  F     ADDFXL         1  4.4   225   425    1687    (-,-) 
  D2_WALLACE_CSA_DUMMY_OP_groupi_g1017__2398/S  -       CI->S R     ADDFX1         1  4.8   128   422    2109    (-,-) 
  D2_WALLACE_CSA_DUMMY_OP_groupi_g1004__1881/CO -       B->CO R     ADDFX1LVT      1  4.5    82   197    2306    (-,-) 
  D2_WALLACE_CSA_DUMMY_OP_groupi_g1003__6131/S  -       CI->S R     ADDFX1LVT      1  4.1    78   208    2514    (-,-) 
  g381__1705/Y                                  -       B->Y  F     MXI2X2HVT      1  4.2   121   364    2878    (-,-) 
  g348__2346/Y                                  -       B->Y  R     NOR2X1         1  4.1   215   189    3067    (-,-) 
  D2_REG1_reg[5]/D                              -       -     R     DFFQX1HVT      1    -     -     0    3067    (-,-) 
#----------------------------------------------------------------------------------------------------------------------



Path 10: MET (1783 ps) Setup Check with Pin D2_REG1_reg[4]/CK->D
          Group: C2C
     Startpoint: (R) F1_P_STATE_reg[1]/CK
          Clock: (R) SYS_CLK
       Endpoint: (R) D2_REG1_reg[4]/D
          Clock: (R) SYS_CLK

                     Capture       Launch     
        Clock Edge:+    5000            0     
       Src Latency:+       0            0     
       Net Latency:+       0 (I)        0 (I) 
           Arrival:=    5000            0     
                                              
             Setup:-     322                  
     Required Time:=    4678                  
      Launch Clock:-       0                  
         Data Path:-    2894                  
             Slack:=    1783                  

#---------------------------------------------------------------------------------------------------------------------
#                Timing Point                  Flags   Arc   Edge   Cell     Fanout Load Trans Delay Arrival Instance 
#                                                                                   (fF)  (ps)  (ps)   (ps)  Location 
#---------------------------------------------------------------------------------------------------------------------
  F1_P_STATE_reg[1]/CK                         -       -     R     (arrival)     35    -     0     0       0    (-,-) 
  F1_P_STATE_reg[1]/Q                          -       CK->Q R     DFFRHQX4       3 10.3    81   288     288    (-,-) 
  g316__6131/Y                                 -       A->Y  F     NAND2X4        1  6.8   135   130     417    (-,-) 
  g315__7098/Y                                 -       B->Y  R     NOR2X8        16 36.9   235   192     609    (-,-) 
  g309__1617/Y                                 -       A->Y  R     AND2X2         4 10.3   137   334     943    (-,-) 
  D2_WALLACE_CSA_DUMMY_OP_groupi_g1082__1617/Y -       A->Y  R     AND2X1HVT      1  4.7   157   320    1263    (-,-) 
  D2_WALLACE_CSA_DUMMY_OP_groupi_g1019__6260/S -       B->S  F     ADDFXL         1  4.4   225   425    1687    (-,-) 
  D2_WALLACE_CSA_DUMMY_OP_groupi_g1017__2398/S -       CI->S R     ADDFX1         1  4.8   128   422    2109    (-,-) 
  D2_WALLACE_CSA_DUMMY_OP_groupi_g1004__1881/S -       B->S  R     ADDFX1LVT      1  4.1    78   232    2341    (-,-) 
  g382__5122/Y                                 -       B->Y  F     MXI2X2HVT      1  4.2   121   364    2705    (-,-) 
  g349__1666/Y                                 -       B->Y  R     NOR2X1         1  4.1   215   189    2894    (-,-) 
  D2_REG1_reg[4]/D                             -       -     R     DFFQX1HVT      1    -     -     0    2894    (-,-) 
#---------------------------------------------------------------------------------------------------------------------



Path 11: MET (1972 ps) Setup Check with Pin D2_REG1_reg[3]/CK->D
          Group: C2C
     Startpoint: (R) D2_REG1_reg[2]/CK
          Clock: (R) SYS_CLK
       Endpoint: (R) D2_REG1_reg[3]/D
          Clock: (R) SYS_CLK

                     Capture       Launch     
        Clock Edge:+    5000            0     
       Src Latency:+       0            0     
       Net Latency:+       0 (I)        0 (I) 
           Arrival:=    5000            0     
                                              
             Setup:-     322                  
     Required Time:=    4678                  
      Launch Clock:-       0                  
         Data Path:-    2705                  
             Slack:=    1972                  

#------------------------------------------------------------------------------------------------------------------------
#                Timing Point                  Flags   Arc   Edge     Cell      Fanout Load Trans Delay Arrival Instance 
#                                                                                      (fF)  (ps)  (ps)   (ps)  Location 
#------------------------------------------------------------------------------------------------------------------------
  D2_REG1_reg[2]/CK                            -       -     R     (arrival)        35    -     0     0       0    (-,-) 
  D2_REG1_reg[2]/Q                             -       CK->Q F     DFFQX1HVT         1  4.2   208   384     384    (-,-) 
  drc_bufs510/Y                                -       A->Y  R     INVX1HVT          1  4.7   179   222     606    (-,-) 
  drc_bufs509/Y                                -       A->Y  F     INVX2             3  8.3   141   163     769    (-,-) 
  g320__1881/Y                                 -       A->Y  F     CLKAND2X2LVT      4 10.3    94   155     925    (-,-) 
  D2_WALLACE_CSA_DUMMY_OP_groupi_g1065__6161/Y -       A->Y  F     AND2X1HVT         1  4.3   214   213    1138    (-,-) 
  D2_WALLACE_CSA_DUMMY_OP_groupi_g1033__5115/S -       A->S  R     ADDHXL            1  4.5   177   340    1478    (-,-) 
  D2_WALLACE_CSA_DUMMY_OP_groupi_g1022__5526/S -       CI->S F     ADDFX1            1  4.7   144   394    1872    (-,-) 
  D2_WALLACE_CSA_DUMMY_OP_groupi_g1005__5115/S -       B->S  R     ADDFXLLVT         1  4.1   116   255    2127    (-,-) 
  g383__8246/Y                                 -       B->Y  F     MXI2X2HVT         1  4.2   121   389    2516    (-,-) 
  g350__7410/Y                                 -       B->Y  R     NOR2X1            1  4.1   215   189    2705    (-,-) 
  D2_REG1_reg[3]/D                             -       -     R     DFFQX1HVT         1    -     -     0    2705    (-,-) 
#------------------------------------------------------------------------------------------------------------------------



Path 12: MET (2203 ps) Setup Check with Pin D2_REG1_reg[2]/CK->D
          Group: C2C
     Startpoint: (R) D2_REG1_reg[1]/CK
          Clock: (R) SYS_CLK
       Endpoint: (R) D2_REG1_reg[2]/D
          Clock: (R) SYS_CLK

                     Capture       Launch     
        Clock Edge:+    5000            0     
       Src Latency:+       0            0     
       Net Latency:+       0 (I)        0 (I) 
           Arrival:=    5000            0     
                                              
             Setup:-     322                  
     Required Time:=    4678                  
      Launch Clock:-       0                  
         Data Path:-    2475                  
             Slack:=    2203                  

#---------------------------------------------------------------------------------------------------------------------
#                Timing Point                  Flags   Arc   Edge   Cell     Fanout Load Trans Delay Arrival Instance 
#                                                                                   (fF)  (ps)  (ps)   (ps)  Location 
#---------------------------------------------------------------------------------------------------------------------
  D2_REG1_reg[1]/CK                            -       -     R     (arrival)     35    -     0     0       0    (-,-) 
  D2_REG1_reg[1]/Q                             -       CK->Q R     DFFQX1HVT      1  4.1   132   306     306    (-,-) 
  drc_bufs514/Y                                -       A->Y  F     INVXL          1  4.6   242   213     520    (-,-) 
  drc_bufs513/Y                                -       A->Y  R     INVX2          3  8.2   127   180     699    (-,-) 
  g310__2802/Y                                 -       B->Y  R     AND2X1LVT      4 10.9   165   204     904    (-,-) 
  D2_WALLACE_CSA_DUMMY_OP_groupi_g1075__5107/Y -       A->Y  R     AND2X1HVT      1  4.7   157   335    1239    (-,-) 
  D2_WALLACE_CSA_DUMMY_OP_groupi_g1025__1617/S -       B->S  F     ADDFX1         1  4.5   139   409    1648    (-,-) 
  D2_WALLACE_CSA_DUMMY_OP_groupi_g1007__4733/S -       CI->S R     ADDFXLLVT      1  4.1   116   249    1897    (-,-) 
  g384__7098/Y                                 -       B->Y  F     MXI2X2HVT      1  4.2   121   389    2286    (-,-) 
  g351__6417/Y                                 -       B->Y  R     NOR2X1         1  4.1   215   189    2475    (-,-) 
  D2_REG1_reg[2]/D                             -       -     R     DFFQX1HVT      1    -     -     0    2475    (-,-) 
#---------------------------------------------------------------------------------------------------------------------



Path 13: MET (2406 ps) Setup Check with Pin D2_REG1_reg[1]/CK->D
          Group: C2C
     Startpoint: (R) D2_REG1_reg[0]/CK
          Clock: (R) SYS_CLK
       Endpoint: (R) D2_REG1_reg[1]/D
          Clock: (R) SYS_CLK

                     Capture       Launch     
        Clock Edge:+    5000            0     
       Src Latency:+       0            0     
       Net Latency:+       0 (I)        0 (I) 
           Arrival:=    5000            0     
                                              
             Setup:-     322                  
     Required Time:=    4678                  
      Launch Clock:-       0                  
         Data Path:-    2271                  
             Slack:=    2406                  

#----------------------------------------------------------------------------------------------------------------------
#                 Timing Point                  Flags   Arc   Edge   Cell     Fanout Load Trans Delay Arrival Instance 
#                                                                                    (fF)  (ps)  (ps)   (ps)  Location 
#----------------------------------------------------------------------------------------------------------------------
  D2_REG1_reg[0]/CK                             -       -     R     (arrival)     35    -     0     0       0    (-,-) 
  D2_REG1_reg[0]/Q                              -       CK->Q F     DFFQX1HVT      1  4.1   204   381     381    (-,-) 
  drc_bufs498/Y                                 -       A->Y  R     INVXL          1  4.7   208   227     608    (-,-) 
  drc_bufs497/Y                                 -       A->Y  F     INVX2          3  8.2   145   178     787    (-,-) 
  g311__1705/Y                                  -       A->Y  F     OR2X2LVT       4 10.3   100   184     971    (-,-) 
  D2_WALLACE_CSA_DUMMY_OP_groupi_g1039__2883/Y  -       A->Y  F     AND2X1HVT      1  4.4   218   219    1190    (-,-) 
  D2_WALLACE_CSA_DUMMY_OP_groupi_g1032__1881/CO -       B->CO F     ADDHXL         1  4.5   221   248    1438    (-,-) 
  D2_WALLACE_CSA_DUMMY_OP_groupi_g1023__6783/S  -       CI->S R     ADDFX1LVT      1  4.1    78   280    1718    (-,-) 
  g385__6131/Y                                  -       B->Y  F     MXI2X2HVT      1  4.2   121   364    2082    (-,-) 
  g352__5477/Y                                  -       B->Y  R     NOR2X1         1  4.1   215   189    2271    (-,-) 
  D2_REG1_reg[1]/D                              -       -     R     DFFQX1HVT      1    -     -     0    2271    (-,-) 
#----------------------------------------------------------------------------------------------------------------------



Path 14: MET (2612 ps) Setup Check with Pin D2_REG1_reg[0]/CK->D
          Group: C2C
     Startpoint: (R) D2_REG1_reg[0]/CK
          Clock: (R) SYS_CLK
       Endpoint: (R) D2_REG1_reg[0]/D
          Clock: (R) SYS_CLK

                     Capture       Launch     
        Clock Edge:+    5000            0     
       Src Latency:+       0            0     
       Net Latency:+       0 (I)        0 (I) 
           Arrival:=    5000            0     
                                              
             Setup:-     322                  
     Required Time:=    4678                  
      Launch Clock:-       0                  
         Data Path:-    2066                  
             Slack:=    2612                  

#---------------------------------------------------------------------------------------------------------------------
#                Timing Point                  Flags   Arc   Edge   Cell     Fanout Load Trans Delay Arrival Instance 
#                                                                                   (fF)  (ps)  (ps)   (ps)  Location 
#---------------------------------------------------------------------------------------------------------------------
  D2_REG1_reg[0]/CK                            -       -     R     (arrival)     35    -     0     0       0    (-,-) 
  D2_REG1_reg[0]/Q                             -       CK->Q F     DFFQX1HVT      1  4.1   204   381     381    (-,-) 
  drc_bufs498/Y                                -       A->Y  R     INVXL          1  4.7   208   227     608    (-,-) 
  drc_bufs497/Y                                -       A->Y  F     INVX2          3  8.2   145   178     787    (-,-) 
  g311__1705/Y                                 -       A->Y  F     OR2X2LVT       4 10.3   100   184     971    (-,-) 
  D2_WALLACE_CSA_DUMMY_OP_groupi_g1039__2883/Y -       A->Y  F     AND2X1HVT      1  4.4   218   219    1190    (-,-) 
  D2_WALLACE_CSA_DUMMY_OP_groupi_g1032__1881/S -       B->S  R     ADDHXL         1  4.1   163   268    1459    (-,-) 
  g386__1881/Y                                 -       B->Y  F     MXI2X2HVT      1  4.2   121   418    1877    (-,-) 
  g353__2398/Y                                 -       B->Y  R     NOR2X1         1  4.1   215   189    2066    (-,-) 
  D2_REG1_reg[0]/D                             -       -     R     DFFQX1HVT      1    -     -     0    2066    (-,-) 
#---------------------------------------------------------------------------------------------------------------------



Path 15: MET (2914 ps) Setup Check with Pin D2_Y_REG_reg[12]/CK->D
          Group: C2C
     Startpoint: (R) F1_P_STATE_reg[0]/CK
          Clock: (R) SYS_CLK
       Endpoint: (R) D2_Y_REG_reg[12]/D
          Clock: (R) SYS_CLK

                     Capture       Launch     
        Clock Edge:+    5000            0     
       Src Latency:+       0            0     
       Net Latency:+       0 (I)        0 (I) 
           Arrival:=    5000            0     
                                              
             Setup:-     329                  
     Required Time:=    4671                  
      Launch Clock:-       0                  
         Data Path:-    1757                  
             Slack:=    2914                  

#---------------------------------------------------------------------------------------------
#    Timing Point      Flags   Arc   Edge   Cell     Fanout Load Trans Delay Arrival Instance 
#                                                           (fF)  (ps)  (ps)   (ps)  Location 
#---------------------------------------------------------------------------------------------
  F1_P_STATE_reg[0]/CK -       -     R     (arrival)     35    -     0     0       0    (-,-) 
  F1_P_STATE_reg[0]/Q  -       CK->Q R     DFFRHQX4       3 10.1    80   287     287    (-,-) 
  g436__5526/Y         -       A->Y  F     NOR2X2HVT      2  6.2   186   159     446    (-,-) 
  g435/Y               -       A->Y  R     INVX1          2  6.3   167   186     633    (-,-) 
  g433__4319/Y         -       A->Y  R     AND2X2HVT      2  6.1   139   412    1045    (-,-) 
  g431/Y               -       A->Y  F     INVXL          1  4.7   248   220    1265    (-,-) 
  g428__5477/Y         -       A->Y  F     AND2X6LVT     32 73.1   220   249    1514    (-,-) 
  g399__2398/Y         -       B->Y  R     NOR2X1         1  4.1   225   243    1757    (-,-) 
  D2_Y_REG_reg[12]/D   -       -     R     DFFQX1HVT      1    -     -     0    1757    (-,-) 
#---------------------------------------------------------------------------------------------



Path 16: MET (2914 ps) Setup Check with Pin D2_Y_REG_reg[11]/CK->D
          Group: C2C
     Startpoint: (R) F1_P_STATE_reg[0]/CK
          Clock: (R) SYS_CLK
       Endpoint: (R) D2_Y_REG_reg[11]/D
          Clock: (R) SYS_CLK

                     Capture       Launch     
        Clock Edge:+    5000            0     
       Src Latency:+       0            0     
       Net Latency:+       0 (I)        0 (I) 
           Arrival:=    5000            0     
                                              
             Setup:-     329                  
     Required Time:=    4671                  
      Launch Clock:-       0                  
         Data Path:-    1757                  
             Slack:=    2914                  

#---------------------------------------------------------------------------------------------
#    Timing Point      Flags   Arc   Edge   Cell     Fanout Load Trans Delay Arrival Instance 
#                                                           (fF)  (ps)  (ps)   (ps)  Location 
#---------------------------------------------------------------------------------------------
  F1_P_STATE_reg[0]/CK -       -     R     (arrival)     35    -     0     0       0    (-,-) 
  F1_P_STATE_reg[0]/Q  -       CK->Q R     DFFRHQX4       3 10.1    80   287     287    (-,-) 
  g436__5526/Y         -       A->Y  F     NOR2X2HVT      2  6.2   186   159     446    (-,-) 
  g435/Y               -       A->Y  R     INVX1          2  6.3   167   186     633    (-,-) 
  g433__4319/Y         -       A->Y  R     AND2X2HVT      2  6.1   139   412    1045    (-,-) 
  g431/Y               -       A->Y  F     INVXL          1  4.7   248   220    1265    (-,-) 
  g428__5477/Y         -       A->Y  F     AND2X6LVT     32 73.1   220   249    1514    (-,-) 
  g398__5477/Y         -       B->Y  R     NOR2X1         1  4.1   225   243    1757    (-,-) 
  D2_Y_REG_reg[11]/D   -       -     R     DFFQX1HVT      1    -     -     0    1757    (-,-) 
#---------------------------------------------------------------------------------------------



Path 17: MET (2914 ps) Setup Check with Pin D2_Y_REG_reg[10]/CK->D
          Group: C2C
     Startpoint: (R) F1_P_STATE_reg[0]/CK
          Clock: (R) SYS_CLK
       Endpoint: (R) D2_Y_REG_reg[10]/D
          Clock: (R) SYS_CLK

                     Capture       Launch     
        Clock Edge:+    5000            0     
       Src Latency:+       0            0     
       Net Latency:+       0 (I)        0 (I) 
           Arrival:=    5000            0     
                                              
             Setup:-     329                  
     Required Time:=    4671                  
      Launch Clock:-       0                  
         Data Path:-    1757                  
             Slack:=    2914                  

#---------------------------------------------------------------------------------------------
#    Timing Point      Flags   Arc   Edge   Cell     Fanout Load Trans Delay Arrival Instance 
#                                                           (fF)  (ps)  (ps)   (ps)  Location 
#---------------------------------------------------------------------------------------------
  F1_P_STATE_reg[0]/CK -       -     R     (arrival)     35    -     0     0       0    (-,-) 
  F1_P_STATE_reg[0]/Q  -       CK->Q R     DFFRHQX4       3 10.1    80   287     287    (-,-) 
  g436__5526/Y         -       A->Y  F     NOR2X2HVT      2  6.2   186   159     446    (-,-) 
  g435/Y               -       A->Y  R     INVX1          2  6.3   167   186     633    (-,-) 
  g433__4319/Y         -       A->Y  R     AND2X2HVT      2  6.1   139   412    1045    (-,-) 
  g431/Y               -       A->Y  F     INVXL          1  4.7   248   220    1265    (-,-) 
  g428__5477/Y         -       A->Y  F     AND2X6LVT     32 73.1   220   249    1514    (-,-) 
  g397__6417/Y         -       B->Y  R     NOR2X1         1  4.1   225   243    1757    (-,-) 
  D2_Y_REG_reg[10]/D   -       -     R     DFFQX1HVT      1    -     -     0    1757    (-,-) 
#---------------------------------------------------------------------------------------------



Path 18: MET (2914 ps) Setup Check with Pin D2_Y_REG_reg[9]/CK->D
          Group: C2C
     Startpoint: (R) F1_P_STATE_reg[0]/CK
          Clock: (R) SYS_CLK
       Endpoint: (R) D2_Y_REG_reg[9]/D
          Clock: (R) SYS_CLK

                     Capture       Launch     
        Clock Edge:+    5000            0     
       Src Latency:+       0            0     
       Net Latency:+       0 (I)        0 (I) 
           Arrival:=    5000            0     
                                              
             Setup:-     329                  
     Required Time:=    4671                  
      Launch Clock:-       0                  
         Data Path:-    1757                  
             Slack:=    2914                  

#---------------------------------------------------------------------------------------------
#    Timing Point      Flags   Arc   Edge   Cell     Fanout Load Trans Delay Arrival Instance 
#                                                           (fF)  (ps)  (ps)   (ps)  Location 
#---------------------------------------------------------------------------------------------
  F1_P_STATE_reg[0]/CK -       -     R     (arrival)     35    -     0     0       0    (-,-) 
  F1_P_STATE_reg[0]/Q  -       CK->Q R     DFFRHQX4       3 10.1    80   287     287    (-,-) 
  g436__5526/Y         -       A->Y  F     NOR2X2HVT      2  6.2   186   159     446    (-,-) 
  g435/Y               -       A->Y  R     INVX1          2  6.3   167   186     633    (-,-) 
  g433__4319/Y         -       A->Y  R     AND2X2HVT      2  6.1   139   412    1045    (-,-) 
  g431/Y               -       A->Y  F     INVXL          1  4.7   248   220    1265    (-,-) 
  g428__5477/Y         -       A->Y  F     AND2X6LVT     32 73.1   220   249    1514    (-,-) 
  g396__7410/Y         -       B->Y  R     NOR2X1         1  4.1   225   243    1757    (-,-) 
  D2_Y_REG_reg[9]/D    -       -     R     DFFQX1HVT      1    -     -     0    1757    (-,-) 
#---------------------------------------------------------------------------------------------



Path 19: MET (2914 ps) Setup Check with Pin D2_Y_REG_reg[8]/CK->D
          Group: C2C
     Startpoint: (R) F1_P_STATE_reg[0]/CK
          Clock: (R) SYS_CLK
       Endpoint: (R) D2_Y_REG_reg[8]/D
          Clock: (R) SYS_CLK

                     Capture       Launch     
        Clock Edge:+    5000            0     
       Src Latency:+       0            0     
       Net Latency:+       0 (I)        0 (I) 
           Arrival:=    5000            0     
                                              
             Setup:-     329                  
     Required Time:=    4671                  
      Launch Clock:-       0                  
         Data Path:-    1757                  
             Slack:=    2914                  

#---------------------------------------------------------------------------------------------
#    Timing Point      Flags   Arc   Edge   Cell     Fanout Load Trans Delay Arrival Instance 
#                                                           (fF)  (ps)  (ps)   (ps)  Location 
#---------------------------------------------------------------------------------------------
  F1_P_STATE_reg[0]/CK -       -     R     (arrival)     35    -     0     0       0    (-,-) 
  F1_P_STATE_reg[0]/Q  -       CK->Q R     DFFRHQX4       3 10.1    80   287     287    (-,-) 
  g436__5526/Y         -       A->Y  F     NOR2X2HVT      2  6.2   186   159     446    (-,-) 
  g435/Y               -       A->Y  R     INVX1          2  6.3   167   186     633    (-,-) 
  g433__4319/Y         -       A->Y  R     AND2X2HVT      2  6.1   139   412    1045    (-,-) 
  g431/Y               -       A->Y  F     INVXL          1  4.7   248   220    1265    (-,-) 
  g428__5477/Y         -       A->Y  F     AND2X6LVT     32 73.1   220   249    1514    (-,-) 
  g395__1666/Y         -       B->Y  R     NOR2X1         1  4.1   225   243    1757    (-,-) 
  D2_Y_REG_reg[8]/D    -       -     R     DFFQX1HVT      1    -     -     0    1757    (-,-) 
#---------------------------------------------------------------------------------------------



Path 20: MET (2914 ps) Setup Check with Pin D2_Y_REG_reg[7]/CK->D
          Group: C2C
     Startpoint: (R) F1_P_STATE_reg[0]/CK
          Clock: (R) SYS_CLK
       Endpoint: (R) D2_Y_REG_reg[7]/D
          Clock: (R) SYS_CLK

                     Capture       Launch     
        Clock Edge:+    5000            0     
       Src Latency:+       0            0     
       Net Latency:+       0 (I)        0 (I) 
           Arrival:=    5000            0     
                                              
             Setup:-     329                  
     Required Time:=    4671                  
      Launch Clock:-       0                  
         Data Path:-    1757                  
             Slack:=    2914                  

#---------------------------------------------------------------------------------------------
#    Timing Point      Flags   Arc   Edge   Cell     Fanout Load Trans Delay Arrival Instance 
#                                                           (fF)  (ps)  (ps)   (ps)  Location 
#---------------------------------------------------------------------------------------------
  F1_P_STATE_reg[0]/CK -       -     R     (arrival)     35    -     0     0       0    (-,-) 
  F1_P_STATE_reg[0]/Q  -       CK->Q R     DFFRHQX4       3 10.1    80   287     287    (-,-) 
  g436__5526/Y         -       A->Y  F     NOR2X2HVT      2  6.2   186   159     446    (-,-) 
  g435/Y               -       A->Y  R     INVX1          2  6.3   167   186     633    (-,-) 
  g433__4319/Y         -       A->Y  R     AND2X2HVT      2  6.1   139   412    1045    (-,-) 
  g431/Y               -       A->Y  F     INVXL          1  4.7   248   220    1265    (-,-) 
  g428__5477/Y         -       A->Y  F     AND2X6LVT     32 73.1   220   249    1514    (-,-) 
  g394__2346/Y         -       B->Y  R     NOR2X1         1  4.1   225   243    1757    (-,-) 
  D2_Y_REG_reg[7]/D    -       -     R     DFFQX1HVT      1    -     -     0    1757    (-,-) 
#---------------------------------------------------------------------------------------------



Path 21: MET (2914 ps) Setup Check with Pin D2_Y_REG_reg[6]/CK->D
          Group: C2C
     Startpoint: (R) F1_P_STATE_reg[0]/CK
          Clock: (R) SYS_CLK
       Endpoint: (R) D2_Y_REG_reg[6]/D
          Clock: (R) SYS_CLK

                     Capture       Launch     
        Clock Edge:+    5000            0     
       Src Latency:+       0            0     
       Net Latency:+       0 (I)        0 (I) 
           Arrival:=    5000            0     
                                              
             Setup:-     329                  
     Required Time:=    4671                  
      Launch Clock:-       0                  
         Data Path:-    1757                  
             Slack:=    2914                  

#---------------------------------------------------------------------------------------------
#    Timing Point      Flags   Arc   Edge   Cell     Fanout Load Trans Delay Arrival Instance 
#                                                           (fF)  (ps)  (ps)   (ps)  Location 
#---------------------------------------------------------------------------------------------
  F1_P_STATE_reg[0]/CK -       -     R     (arrival)     35    -     0     0       0    (-,-) 
  F1_P_STATE_reg[0]/Q  -       CK->Q R     DFFRHQX4       3 10.1    80   287     287    (-,-) 
  g436__5526/Y         -       A->Y  F     NOR2X2HVT      2  6.2   186   159     446    (-,-) 
  g435/Y               -       A->Y  R     INVX1          2  6.3   167   186     633    (-,-) 
  g433__4319/Y         -       A->Y  R     AND2X2HVT      2  6.1   139   412    1045    (-,-) 
  g431/Y               -       A->Y  F     INVXL          1  4.7   248   220    1265    (-,-) 
  g428__5477/Y         -       A->Y  F     AND2X6LVT     32 73.1   220   249    1514    (-,-) 
  g393__2883/Y         -       B->Y  R     NOR2X1         1  4.1   225   243    1757    (-,-) 
  D2_Y_REG_reg[6]/D    -       -     R     DFFQX1HVT      1    -     -     0    1757    (-,-) 
#---------------------------------------------------------------------------------------------



Path 22: MET (2914 ps) Setup Check with Pin D2_Y_REG_reg[5]/CK->D
          Group: C2C
     Startpoint: (R) F1_P_STATE_reg[0]/CK
          Clock: (R) SYS_CLK
       Endpoint: (R) D2_Y_REG_reg[5]/D
          Clock: (R) SYS_CLK

                     Capture       Launch     
        Clock Edge:+    5000            0     
       Src Latency:+       0            0     
       Net Latency:+       0 (I)        0 (I) 
           Arrival:=    5000            0     
                                              
             Setup:-     329                  
     Required Time:=    4671                  
      Launch Clock:-       0                  
         Data Path:-    1757                  
             Slack:=    2914                  

#---------------------------------------------------------------------------------------------
#    Timing Point      Flags   Arc   Edge   Cell     Fanout Load Trans Delay Arrival Instance 
#                                                           (fF)  (ps)  (ps)   (ps)  Location 
#---------------------------------------------------------------------------------------------
  F1_P_STATE_reg[0]/CK -       -     R     (arrival)     35    -     0     0       0    (-,-) 
  F1_P_STATE_reg[0]/Q  -       CK->Q R     DFFRHQX4       3 10.1    80   287     287    (-,-) 
  g436__5526/Y         -       A->Y  F     NOR2X2HVT      2  6.2   186   159     446    (-,-) 
  g435/Y               -       A->Y  R     INVX1          2  6.3   167   186     633    (-,-) 
  g433__4319/Y         -       A->Y  R     AND2X2HVT      2  6.1   139   412    1045    (-,-) 
  g431/Y               -       A->Y  F     INVXL          1  4.7   248   220    1265    (-,-) 
  g428__5477/Y         -       A->Y  F     AND2X6LVT     32 73.1   220   249    1514    (-,-) 
  g392__9945/Y         -       B->Y  R     NOR2X1         1  4.1   225   243    1757    (-,-) 
  D2_Y_REG_reg[5]/D    -       -     R     DFFQX1HVT      1    -     -     0    1757    (-,-) 
#---------------------------------------------------------------------------------------------



Path 23: MET (2914 ps) Setup Check with Pin D2_Y_REG_reg[4]/CK->D
          Group: C2C
     Startpoint: (R) F1_P_STATE_reg[0]/CK
          Clock: (R) SYS_CLK
       Endpoint: (R) D2_Y_REG_reg[4]/D
          Clock: (R) SYS_CLK

                     Capture       Launch     
        Clock Edge:+    5000            0     
       Src Latency:+       0            0     
       Net Latency:+       0 (I)        0 (I) 
           Arrival:=    5000            0     
                                              
             Setup:-     329                  
     Required Time:=    4671                  
      Launch Clock:-       0                  
         Data Path:-    1757                  
             Slack:=    2914                  

#---------------------------------------------------------------------------------------------
#    Timing Point      Flags   Arc   Edge   Cell     Fanout Load Trans Delay Arrival Instance 
#                                                           (fF)  (ps)  (ps)   (ps)  Location 
#---------------------------------------------------------------------------------------------
  F1_P_STATE_reg[0]/CK -       -     R     (arrival)     35    -     0     0       0    (-,-) 
  F1_P_STATE_reg[0]/Q  -       CK->Q R     DFFRHQX4       3 10.1    80   287     287    (-,-) 
  g436__5526/Y         -       A->Y  F     NOR2X2HVT      2  6.2   186   159     446    (-,-) 
  g435/Y               -       A->Y  R     INVX1          2  6.3   167   186     633    (-,-) 
  g433__4319/Y         -       A->Y  R     AND2X2HVT      2  6.1   139   412    1045    (-,-) 
  g431/Y               -       A->Y  F     INVXL          1  4.7   248   220    1265    (-,-) 
  g428__5477/Y         -       A->Y  F     AND2X6LVT     32 73.1   220   249    1514    (-,-) 
  g391__9315/Y         -       B->Y  R     NOR2X1         1  4.1   225   243    1757    (-,-) 
  D2_Y_REG_reg[4]/D    -       -     R     DFFQX1HVT      1    -     -     0    1757    (-,-) 
#---------------------------------------------------------------------------------------------



Path 24: MET (2914 ps) Setup Check with Pin D2_Y_REG_reg[3]/CK->D
          Group: C2C
     Startpoint: (R) F1_P_STATE_reg[0]/CK
          Clock: (R) SYS_CLK
       Endpoint: (R) D2_Y_REG_reg[3]/D
          Clock: (R) SYS_CLK

                     Capture       Launch     
        Clock Edge:+    5000            0     
       Src Latency:+       0            0     
       Net Latency:+       0 (I)        0 (I) 
           Arrival:=    5000            0     
                                              
             Setup:-     329                  
     Required Time:=    4671                  
      Launch Clock:-       0                  
         Data Path:-    1757                  
             Slack:=    2914                  

#---------------------------------------------------------------------------------------------
#    Timing Point      Flags   Arc   Edge   Cell     Fanout Load Trans Delay Arrival Instance 
#                                                           (fF)  (ps)  (ps)   (ps)  Location 
#---------------------------------------------------------------------------------------------
  F1_P_STATE_reg[0]/CK -       -     R     (arrival)     35    -     0     0       0    (-,-) 
  F1_P_STATE_reg[0]/Q  -       CK->Q R     DFFRHQX4       3 10.1    80   287     287    (-,-) 
  g436__5526/Y         -       A->Y  F     NOR2X2HVT      2  6.2   186   159     446    (-,-) 
  g435/Y               -       A->Y  R     INVX1          2  6.3   167   186     633    (-,-) 
  g433__4319/Y         -       A->Y  R     AND2X2HVT      2  6.1   139   412    1045    (-,-) 
  g431/Y               -       A->Y  F     INVXL          1  4.7   248   220    1265    (-,-) 
  g428__5477/Y         -       A->Y  F     AND2X6LVT     32 73.1   220   249    1514    (-,-) 
  g390__6161/Y         -       B->Y  R     NOR2X1         1  4.1   225   243    1757    (-,-) 
  D2_Y_REG_reg[3]/D    -       -     R     DFFQX1HVT      1    -     -     0    1757    (-,-) 
#---------------------------------------------------------------------------------------------



Path 25: MET (2914 ps) Setup Check with Pin D2_Y_REG_reg[2]/CK->D
          Group: C2C
     Startpoint: (R) F1_P_STATE_reg[0]/CK
          Clock: (R) SYS_CLK
       Endpoint: (R) D2_Y_REG_reg[2]/D
          Clock: (R) SYS_CLK

                     Capture       Launch     
        Clock Edge:+    5000            0     
       Src Latency:+       0            0     
       Net Latency:+       0 (I)        0 (I) 
           Arrival:=    5000            0     
                                              
             Setup:-     329                  
     Required Time:=    4671                  
      Launch Clock:-       0                  
         Data Path:-    1757                  
             Slack:=    2914                  

#---------------------------------------------------------------------------------------------
#    Timing Point      Flags   Arc   Edge   Cell     Fanout Load Trans Delay Arrival Instance 
#                                                           (fF)  (ps)  (ps)   (ps)  Location 
#---------------------------------------------------------------------------------------------
  F1_P_STATE_reg[0]/CK -       -     R     (arrival)     35    -     0     0       0    (-,-) 
  F1_P_STATE_reg[0]/Q  -       CK->Q R     DFFRHQX4       3 10.1    80   287     287    (-,-) 
  g436__5526/Y         -       A->Y  F     NOR2X2HVT      2  6.2   186   159     446    (-,-) 
  g435/Y               -       A->Y  R     INVX1          2  6.3   167   186     633    (-,-) 
  g433__4319/Y         -       A->Y  R     AND2X2HVT      2  6.1   139   412    1045    (-,-) 
  g431/Y               -       A->Y  F     INVXL          1  4.7   248   220    1265    (-,-) 
  g428__5477/Y         -       A->Y  F     AND2X6LVT     32 73.1   220   249    1514    (-,-) 
  g389__4733/Y         -       B->Y  R     NOR2X1         1  4.1   225   243    1757    (-,-) 
  D2_Y_REG_reg[2]/D    -       -     R     DFFQX1HVT      1    -     -     0    1757    (-,-) 
#---------------------------------------------------------------------------------------------



Path 26: MET (2914 ps) Setup Check with Pin D2_Y_REG_reg[1]/CK->D
          Group: C2C
     Startpoint: (R) F1_P_STATE_reg[0]/CK
          Clock: (R) SYS_CLK
       Endpoint: (R) D2_Y_REG_reg[1]/D
          Clock: (R) SYS_CLK

                     Capture       Launch     
        Clock Edge:+    5000            0     
       Src Latency:+       0            0     
       Net Latency:+       0 (I)        0 (I) 
           Arrival:=    5000            0     
                                              
             Setup:-     329                  
     Required Time:=    4671                  
      Launch Clock:-       0                  
         Data Path:-    1757                  
             Slack:=    2914                  

#---------------------------------------------------------------------------------------------
#    Timing Point      Flags   Arc   Edge   Cell     Fanout Load Trans Delay Arrival Instance 
#                                                           (fF)  (ps)  (ps)   (ps)  Location 
#---------------------------------------------------------------------------------------------
  F1_P_STATE_reg[0]/CK -       -     R     (arrival)     35    -     0     0       0    (-,-) 
  F1_P_STATE_reg[0]/Q  -       CK->Q R     DFFRHQX4       3 10.1    80   287     287    (-,-) 
  g436__5526/Y         -       A->Y  F     NOR2X2HVT      2  6.2   186   159     446    (-,-) 
  g435/Y               -       A->Y  R     INVX1          2  6.3   167   186     633    (-,-) 
  g433__4319/Y         -       A->Y  R     AND2X2HVT      2  6.1   139   412    1045    (-,-) 
  g431/Y               -       A->Y  F     INVXL          1  4.7   248   220    1265    (-,-) 
  g428__5477/Y         -       A->Y  F     AND2X6LVT     32 73.1   220   249    1514    (-,-) 
  g373__6260/Y         -       B->Y  R     NOR2X1         1  4.1   225   243    1757    (-,-) 
  D2_Y_REG_reg[1]/D    -       -     R     DFFQX1HVT      1    -     -     0    1757    (-,-) 
#---------------------------------------------------------------------------------------------



Path 27: MET (2914 ps) Setup Check with Pin D2_Y_REG_reg[0]/CK->D
          Group: C2C
     Startpoint: (R) F1_P_STATE_reg[0]/CK
          Clock: (R) SYS_CLK
       Endpoint: (R) D2_Y_REG_reg[0]/D
          Clock: (R) SYS_CLK

                     Capture       Launch     
        Clock Edge:+    5000            0     
       Src Latency:+       0            0     
       Net Latency:+       0 (I)        0 (I) 
           Arrival:=    5000            0     
                                              
             Setup:-     329                  
     Required Time:=    4671                  
      Launch Clock:-       0                  
         Data Path:-    1757                  
             Slack:=    2914                  

#---------------------------------------------------------------------------------------------
#    Timing Point      Flags   Arc   Edge   Cell     Fanout Load Trans Delay Arrival Instance 
#                                                           (fF)  (ps)  (ps)   (ps)  Location 
#---------------------------------------------------------------------------------------------
  F1_P_STATE_reg[0]/CK -       -     R     (arrival)     35    -     0     0       0    (-,-) 
  F1_P_STATE_reg[0]/Q  -       CK->Q R     DFFRHQX4       3 10.1    80   287     287    (-,-) 
  g436__5526/Y         -       A->Y  F     NOR2X2HVT      2  6.2   186   159     446    (-,-) 
  g435/Y               -       A->Y  R     INVX1          2  6.3   167   186     633    (-,-) 
  g433__4319/Y         -       A->Y  R     AND2X2HVT      2  6.1   139   412    1045    (-,-) 
  g431/Y               -       A->Y  F     INVXL          1  4.7   248   220    1265    (-,-) 
  g428__5477/Y         -       A->Y  F     AND2X6LVT     32 73.1   220   249    1514    (-,-) 
  g387__5115/Y         -       B->Y  R     NOR2X1         1  4.1   225   243    1757    (-,-) 
  D2_Y_REG_reg[0]/D    -       -     R     DFFQX1HVT      1    -     -     0    1757    (-,-) 
#---------------------------------------------------------------------------------------------



Path 28: MET (2914 ps) Setup Check with Pin D2_Y_REG_reg[13]/CK->D
          Group: C2C
     Startpoint: (R) F1_P_STATE_reg[0]/CK
          Clock: (R) SYS_CLK
       Endpoint: (R) D2_Y_REG_reg[13]/D
          Clock: (R) SYS_CLK

                     Capture       Launch     
        Clock Edge:+    5000            0     
       Src Latency:+       0            0     
       Net Latency:+       0 (I)        0 (I) 
           Arrival:=    5000            0     
                                              
             Setup:-     329                  
     Required Time:=    4671                  
      Launch Clock:-       0                  
         Data Path:-    1757                  
             Slack:=    2914                  

#---------------------------------------------------------------------------------------------
#    Timing Point      Flags   Arc   Edge   Cell     Fanout Load Trans Delay Arrival Instance 
#                                                           (fF)  (ps)  (ps)   (ps)  Location 
#---------------------------------------------------------------------------------------------
  F1_P_STATE_reg[0]/CK -       -     R     (arrival)     35    -     0     0       0    (-,-) 
  F1_P_STATE_reg[0]/Q  -       CK->Q R     DFFRHQX4       3 10.1    80   287     287    (-,-) 
  g436__5526/Y         -       A->Y  F     NOR2X2HVT      2  6.2   186   159     446    (-,-) 
  g435/Y               -       A->Y  R     INVX1          2  6.3   167   186     633    (-,-) 
  g433__4319/Y         -       A->Y  R     AND2X2HVT      2  6.1   139   412    1045    (-,-) 
  g431/Y               -       A->Y  F     INVXL          1  4.7   248   220    1265    (-,-) 
  g428__5477/Y         -       A->Y  F     AND2X6LVT     32 73.1   220   249    1514    (-,-) 
  g400__5107/Y         -       B->Y  R     NOR2X1         1  4.1   225   243    1757    (-,-) 
  D2_Y_REG_reg[13]/D   -       -     R     DFFQX1HVT      1    -     -     0    1757    (-,-) 
#---------------------------------------------------------------------------------------------



Path 29: MET (3014 ps) Setup Check with Pin D2_X_REG_reg[2]/CK->D
          Group: C2C
     Startpoint: (R) F1_P_STATE_reg[0]/CK
          Clock: (R) SYS_CLK
       Endpoint: (R) D2_X_REG_reg[2]/D
          Clock: (R) SYS_CLK

                     Capture       Launch     
        Clock Edge:+    5000            0     
       Src Latency:+       0            0     
       Net Latency:+       0 (I)        0 (I) 
           Arrival:=    5000            0     
                                              
             Setup:-     229                  
     Required Time:=    4771                  
      Launch Clock:-       0                  
         Data Path:-    1757                  
             Slack:=    3014                  

#---------------------------------------------------------------------------------------------
#    Timing Point      Flags   Arc   Edge   Cell     Fanout Load Trans Delay Arrival Instance 
#                                                           (fF)  (ps)  (ps)   (ps)  Location 
#---------------------------------------------------------------------------------------------
  F1_P_STATE_reg[0]/CK -       -     R     (arrival)     35    -     0     0       0    (-,-) 
  F1_P_STATE_reg[0]/Q  -       CK->Q R     DFFRHQX4       3 10.1    80   287     287    (-,-) 
  g436__5526/Y         -       A->Y  F     NOR2X2HVT      2  6.2   186   159     446    (-,-) 
  g435/Y               -       A->Y  R     INVX1          2  6.3   167   186     633    (-,-) 
  g433__4319/Y         -       A->Y  R     AND2X2HVT      2  6.1   139   412    1045    (-,-) 
  g431/Y               -       A->Y  F     INVXL          1  4.7   248   220    1265    (-,-) 
  g428__5477/Y         -       A->Y  F     AND2X6LVT     32 73.1   220   249    1514    (-,-) 
  g403__8428/Y         -       B->Y  R     NOR2X1         1  4.1   225   243    1757    (-,-) 
  D2_X_REG_reg[2]/D    -       -     R     DFFQX4         1    -     -     0    1757    (-,-) 
#---------------------------------------------------------------------------------------------



Path 30: MET (3014 ps) Setup Check with Pin D2_X_REG_reg[3]/CK->D
          Group: C2C
     Startpoint: (R) F1_P_STATE_reg[0]/CK
          Clock: (R) SYS_CLK
       Endpoint: (R) D2_X_REG_reg[3]/D
          Clock: (R) SYS_CLK

                     Capture       Launch     
        Clock Edge:+    5000            0     
       Src Latency:+       0            0     
       Net Latency:+       0 (I)        0 (I) 
           Arrival:=    5000            0     
                                              
             Setup:-     229                  
     Required Time:=    4771                  
      Launch Clock:-       0                  
         Data Path:-    1757                  
             Slack:=    3014                  

#---------------------------------------------------------------------------------------------
#    Timing Point      Flags   Arc   Edge   Cell     Fanout Load Trans Delay Arrival Instance 
#                                                           (fF)  (ps)  (ps)   (ps)  Location 
#---------------------------------------------------------------------------------------------
  F1_P_STATE_reg[0]/CK -       -     R     (arrival)     35    -     0     0       0    (-,-) 
  F1_P_STATE_reg[0]/Q  -       CK->Q R     DFFRHQX4       3 10.1    80   287     287    (-,-) 
  g436__5526/Y         -       A->Y  F     NOR2X2HVT      2  6.2   186   159     446    (-,-) 
  g435/Y               -       A->Y  R     INVX1          2  6.3   167   186     633    (-,-) 
  g433__4319/Y         -       A->Y  R     AND2X2HVT      2  6.1   139   412    1045    (-,-) 
  g431/Y               -       A->Y  F     INVXL          1  4.7   248   220    1265    (-,-) 
  g428__5477/Y         -       A->Y  F     AND2X6LVT     32 73.1   220   249    1514    (-,-) 
  g404__5526/Y         -       B->Y  R     NOR2X1         1  4.1   225   243    1757    (-,-) 
  D2_X_REG_reg[3]/D    -       -     R     DFFQX4         1    -     -     0    1757    (-,-) 
#---------------------------------------------------------------------------------------------



Path 31: MET (3014 ps) Setup Check with Pin D2_X_REG_reg[1]/CK->D
          Group: C2C
     Startpoint: (R) F1_P_STATE_reg[0]/CK
          Clock: (R) SYS_CLK
       Endpoint: (R) D2_X_REG_reg[1]/D
          Clock: (R) SYS_CLK

                     Capture       Launch     
        Clock Edge:+    5000            0     
       Src Latency:+       0            0     
       Net Latency:+       0 (I)        0 (I) 
           Arrival:=    5000            0     
                                              
             Setup:-     229                  
     Required Time:=    4771                  
      Launch Clock:-       0                  
         Data Path:-    1757                  
             Slack:=    3014                  

#---------------------------------------------------------------------------------------------
#    Timing Point      Flags   Arc   Edge   Cell     Fanout Load Trans Delay Arrival Instance 
#                                                           (fF)  (ps)  (ps)   (ps)  Location 
#---------------------------------------------------------------------------------------------
  F1_P_STATE_reg[0]/CK -       -     R     (arrival)     35    -     0     0       0    (-,-) 
  F1_P_STATE_reg[0]/Q  -       CK->Q R     DFFRHQX4       3 10.1    80   287     287    (-,-) 
  g436__5526/Y         -       A->Y  F     NOR2X2HVT      2  6.2   186   159     446    (-,-) 
  g435/Y               -       A->Y  R     INVX1          2  6.3   167   186     633    (-,-) 
  g433__4319/Y         -       A->Y  R     AND2X2HVT      2  6.1   139   412    1045    (-,-) 
  g431/Y               -       A->Y  F     INVXL          1  4.7   248   220    1265    (-,-) 
  g428__5477/Y         -       A->Y  F     AND2X6LVT     32 73.1   220   249    1514    (-,-) 
  g402__4319/Y         -       B->Y  R     NOR2X1         1  4.1   225   243    1757    (-,-) 
  D2_X_REG_reg[1]/D    -       -     R     DFFQX4         1    -     -     0    1757    (-,-) 
#---------------------------------------------------------------------------------------------



Path 32: MET (3087 ps) Setup Check with Pin D2_X_REG_reg[0]/CK->D
          Group: C2C
     Startpoint: (R) F1_P_STATE_reg[0]/CK
          Clock: (R) SYS_CLK
       Endpoint: (R) D2_X_REG_reg[0]/D
          Clock: (R) SYS_CLK

                     Capture       Launch     
        Clock Edge:+    5000            0     
       Src Latency:+       0            0     
       Net Latency:+       0 (I)        0 (I) 
           Arrival:=    5000            0     
                                              
             Setup:-     156                  
     Required Time:=    4844                  
      Launch Clock:-       0                  
         Data Path:-    1757                  
             Slack:=    3087                  

#---------------------------------------------------------------------------------------------
#    Timing Point      Flags   Arc   Edge   Cell     Fanout Load Trans Delay Arrival Instance 
#                                                           (fF)  (ps)  (ps)   (ps)  Location 
#---------------------------------------------------------------------------------------------
  F1_P_STATE_reg[0]/CK -       -     R     (arrival)     35    -     0     0       0    (-,-) 
  F1_P_STATE_reg[0]/Q  -       CK->Q R     DFFRHQX4       3 10.1    80   287     287    (-,-) 
  g436__5526/Y         -       A->Y  F     NOR2X2HVT      2  6.2   186   159     446    (-,-) 
  g435/Y               -       A->Y  R     INVX1          2  6.3   167   186     633    (-,-) 
  g433__4319/Y         -       A->Y  R     AND2X2HVT      2  6.1   139   412    1045    (-,-) 
  g431/Y               -       A->Y  F     INVXL          1  4.7   248   220    1265    (-,-) 
  g428__5477/Y         -       A->Y  F     AND2X6LVT     32 73.1   220   249    1514    (-,-) 
  g401__6260/Y         -       B->Y  R     NOR2X1         1  4.1   225   243    1757    (-,-) 
  D2_X_REG_reg[0]/D    -       -     R     DFFQX4LVT      1    -     -     0    1757    (-,-) 
#---------------------------------------------------------------------------------------------



Path 33: MET (3434 ps) Setup Check with Pin F1_P_STATE_reg[1]/CK->D
          Group: C2C
     Startpoint: (R) F1_P_STATE_reg[0]/CK
          Clock: (R) SYS_CLK
       Endpoint: (R) F1_P_STATE_reg[1]/D
          Clock: (R) SYS_CLK

                     Capture       Launch     
        Clock Edge:+    5000            0     
       Src Latency:+       0            0     
       Net Latency:+       0 (I)        0 (I) 
           Arrival:=    5000            0     
                                              
             Setup:-     184                  
     Required Time:=    4816                  
      Launch Clock:-       0                  
         Data Path:-    1382                  
             Slack:=    3434                  

#---------------------------------------------------------------------------------------------
#    Timing Point      Flags   Arc   Edge   Cell     Fanout Load Trans Delay Arrival Instance 
#                                                           (fF)  (ps)  (ps)   (ps)  Location 
#---------------------------------------------------------------------------------------------
  F1_P_STATE_reg[0]/CK -       -     R     (arrival)     35    -     0     0       0    (-,-) 
  F1_P_STATE_reg[0]/Q  -       CK->Q R     DFFRHQX4       3 10.1    80   287     287    (-,-) 
  g436__5526/Y         -       A->Y  F     NOR2X2HVT      2  6.2   186   159     446    (-,-) 
  g435/Y               -       A->Y  R     INVX1          2  6.3   167   186     633    (-,-) 
  g433__4319/Y         -       A->Y  R     AND2X2HVT      2  6.1   139   412    1045    (-,-) 
  g427__6417/Y         -       B->Y  R     AND2X1HVT      1  4.2   142   337    1382    (-,-) 
  F1_P_STATE_reg[1]/D  -       -     R     DFFRHQX4       1    -     -     0    1382    (-,-) 
#---------------------------------------------------------------------------------------------



Path 34: MET (3851 ps) Setup Check with Pin F1_P_STATE_reg[0]/CK->D
          Group: C2C
     Startpoint: (R) F1_P_STATE_reg[2]/CK
          Clock: (R) SYS_CLK
       Endpoint: (F) F1_P_STATE_reg[0]/D
          Clock: (R) SYS_CLK

                     Capture       Launch     
        Clock Edge:+    5000            0     
       Src Latency:+       0            0     
       Net Latency:+       0 (I)        0 (I) 
           Arrival:=    5000            0     
                                              
             Setup:-     176                  
     Required Time:=    4824                  
      Launch Clock:-       0                  
         Data Path:-     974                  
             Slack:=    3851                  

#----------------------------------------------------------------------------------------------
#    Timing Point      Flags    Arc   Edge   Cell     Fanout Load Trans Delay Arrival Instance 
#                                                            (fF)  (ps)  (ps)   (ps)  Location 
#----------------------------------------------------------------------------------------------
  F1_P_STATE_reg[2]/CK -       -      R     (arrival)     35    -     0     0       0    (-,-) 
  F1_P_STATE_reg[2]/Q  -       CK->Q  R     DFFRHQX2       4 13.6   165   333     333    (-,-) 
  g432__6260/Y         -       S0->Y  F     MX2X1HVT       1  4.1   211   359     692    (-,-) 
  g424__1666/Y         -       A1N->Y F     OAI2BB1X1      1  4.2   267   282     974    (-,-) 
  F1_P_STATE_reg[0]/D  -       -      F     DFFRHQX4       1    -     -     0     974    (-,-) 
#----------------------------------------------------------------------------------------------



Path 35: MET (4094 ps) Late External Delay Assertion at pin Y_REG[0]
          Group: C2O
     Startpoint: (R) D2_Y_REG_reg[0]/CK
          Clock: (R) SYS_CLK
       Endpoint: (F) Y_REG[0]
          Clock: (R) SYS_CLK

                     Capture       Launch     
        Clock Edge:+    5000            0     
       Src Latency:+       0            0     
       Net Latency:+       0 (I)        0 (I) 
           Arrival:=    5000            0     
                                              
      Output Delay:-     100                  
     Required Time:=    4900                  
      Launch Clock:-       0                  
         Data Path:-     806                  
             Slack:=    4094                  

Exceptions/Constraints:
  output_delay             100             top.sdc_line_7_18_1 

#-------------------------------------------------------------------------------------------
#   Timing Point     Flags   Arc   Edge   Cell     Fanout Load Trans Delay Arrival Instance 
#                                                         (fF)  (ps)  (ps)   (ps)  Location 
#-------------------------------------------------------------------------------------------
  D2_Y_REG_reg[0]/CK -       -     R     (arrival)     35    -     0     0       0    (-,-) 
  D2_Y_REG_reg[0]/Q  -       CK->Q F     DFFQX1HVT      1  4.1   204   381     381    (-,-) 
  drc_bufs566/Y      -       A->Y  R     INVXL          1  4.3   194   219     600    (-,-) 
  drc_bufs565/Y      -       A->Y  F     INVX1          2  5.9   189   206     806    (-,-) 
  Y_REG[0]           -       -     F     (port)         -    -     -     0     806    (-,-) 
#-------------------------------------------------------------------------------------------



Path 36: MET (4094 ps) Late External Delay Assertion at pin Y_REG[1]
          Group: C2O
     Startpoint: (R) D2_Y_REG_reg[1]/CK
          Clock: (R) SYS_CLK
       Endpoint: (F) Y_REG[1]
          Clock: (R) SYS_CLK

                     Capture       Launch     
        Clock Edge:+    5000            0     
       Src Latency:+       0            0     
       Net Latency:+       0 (I)        0 (I) 
           Arrival:=    5000            0     
                                              
      Output Delay:-     100                  
     Required Time:=    4900                  
      Launch Clock:-       0                  
         Data Path:-     806                  
             Slack:=    4094                  

Exceptions/Constraints:
  output_delay             100             top.sdc_line_7_17_1 

#-------------------------------------------------------------------------------------------
#   Timing Point     Flags   Arc   Edge   Cell     Fanout Load Trans Delay Arrival Instance 
#                                                         (fF)  (ps)  (ps)   (ps)  Location 
#-------------------------------------------------------------------------------------------
  D2_Y_REG_reg[1]/CK -       -     R     (arrival)     35    -     0     0       0    (-,-) 
  D2_Y_REG_reg[1]/Q  -       CK->Q F     DFFQX1HVT      1  4.1   204   381     381    (-,-) 
  drc_bufs558/Y      -       A->Y  R     INVXL          1  4.3   194   219     600    (-,-) 
  drc_bufs557/Y      -       A->Y  F     INVX1          2  5.9   189   206     806    (-,-) 
  Y_REG[1]           -       -     F     (port)         -    -     -     0     806    (-,-) 
#-------------------------------------------------------------------------------------------



Path 37: MET (4094 ps) Late External Delay Assertion at pin Y_REG[2]
          Group: C2O
     Startpoint: (R) D2_Y_REG_reg[2]/CK
          Clock: (R) SYS_CLK
       Endpoint: (F) Y_REG[2]
          Clock: (R) SYS_CLK

                     Capture       Launch     
        Clock Edge:+    5000            0     
       Src Latency:+       0            0     
       Net Latency:+       0 (I)        0 (I) 
           Arrival:=    5000            0     
                                              
      Output Delay:-     100                  
     Required Time:=    4900                  
      Launch Clock:-       0                  
         Data Path:-     806                  
             Slack:=    4094                  

Exceptions/Constraints:
  output_delay             100             top.sdc_line_7_16_1 

#-------------------------------------------------------------------------------------------
#   Timing Point     Flags   Arc   Edge   Cell     Fanout Load Trans Delay Arrival Instance 
#                                                         (fF)  (ps)  (ps)   (ps)  Location 
#-------------------------------------------------------------------------------------------
  D2_Y_REG_reg[2]/CK -       -     R     (arrival)     35    -     0     0       0    (-,-) 
  D2_Y_REG_reg[2]/Q  -       CK->Q F     DFFQX1HVT      1  4.1   204   381     381    (-,-) 
  drc_bufs550/Y      -       A->Y  R     INVXL          1  4.3   194   219     600    (-,-) 
  drc_bufs549/Y      -       A->Y  F     INVX1          2  5.9   189   206     806    (-,-) 
  Y_REG[2]           -       -     F     (port)         -    -     -     0     806    (-,-) 
#-------------------------------------------------------------------------------------------



Path 38: MET (4094 ps) Late External Delay Assertion at pin Y_REG[3]
          Group: C2O
     Startpoint: (R) D2_Y_REG_reg[3]/CK
          Clock: (R) SYS_CLK
       Endpoint: (F) Y_REG[3]
          Clock: (R) SYS_CLK

                     Capture       Launch     
        Clock Edge:+    5000            0     
       Src Latency:+       0            0     
       Net Latency:+       0 (I)        0 (I) 
           Arrival:=    5000            0     
                                              
      Output Delay:-     100                  
     Required Time:=    4900                  
      Launch Clock:-       0                  
         Data Path:-     806                  
             Slack:=    4094                  

Exceptions/Constraints:
  output_delay             100             top.sdc_line_7_15_1 

#-------------------------------------------------------------------------------------------
#   Timing Point     Flags   Arc   Edge   Cell     Fanout Load Trans Delay Arrival Instance 
#                                                         (fF)  (ps)  (ps)   (ps)  Location 
#-------------------------------------------------------------------------------------------
  D2_Y_REG_reg[3]/CK -       -     R     (arrival)     35    -     0     0       0    (-,-) 
  D2_Y_REG_reg[3]/Q  -       CK->Q F     DFFQX1HVT      1  4.1   204   381     381    (-,-) 
  drc_bufs542/Y      -       A->Y  R     INVXL          1  4.3   194   219     600    (-,-) 
  drc_bufs541/Y      -       A->Y  F     INVX1          2  5.9   189   206     806    (-,-) 
  Y_REG[3]           -       -     F     (port)         -    -     -     0     806    (-,-) 
#-------------------------------------------------------------------------------------------



Path 39: MET (4094 ps) Late External Delay Assertion at pin Y_REG[4]
          Group: C2O
     Startpoint: (R) D2_Y_REG_reg[4]/CK
          Clock: (R) SYS_CLK
       Endpoint: (F) Y_REG[4]
          Clock: (R) SYS_CLK

                     Capture       Launch     
        Clock Edge:+    5000            0     
       Src Latency:+       0            0     
       Net Latency:+       0 (I)        0 (I) 
           Arrival:=    5000            0     
                                              
      Output Delay:-     100                  
     Required Time:=    4900                  
      Launch Clock:-       0                  
         Data Path:-     806                  
             Slack:=    4094                  

Exceptions/Constraints:
  output_delay             100             top.sdc_line_7_14_1 

#-------------------------------------------------------------------------------------------
#   Timing Point     Flags   Arc   Edge   Cell     Fanout Load Trans Delay Arrival Instance 
#                                                         (fF)  (ps)  (ps)   (ps)  Location 
#-------------------------------------------------------------------------------------------
  D2_Y_REG_reg[4]/CK -       -     R     (arrival)     35    -     0     0       0    (-,-) 
  D2_Y_REG_reg[4]/Q  -       CK->Q F     DFFQX1HVT      1  4.1   204   381     381    (-,-) 
  drc_bufs534/Y      -       A->Y  R     INVXL          1  4.3   194   219     600    (-,-) 
  drc_bufs533/Y      -       A->Y  F     INVX1          2  5.9   189   206     806    (-,-) 
  Y_REG[4]           -       -     F     (port)         -    -     -     0     806    (-,-) 
#-------------------------------------------------------------------------------------------



Path 40: MET (4094 ps) Late External Delay Assertion at pin Y_REG[5]
          Group: C2O
     Startpoint: (R) D2_Y_REG_reg[5]/CK
          Clock: (R) SYS_CLK
       Endpoint: (F) Y_REG[5]
          Clock: (R) SYS_CLK

                     Capture       Launch     
        Clock Edge:+    5000            0     
       Src Latency:+       0            0     
       Net Latency:+       0 (I)        0 (I) 
           Arrival:=    5000            0     
                                              
      Output Delay:-     100                  
     Required Time:=    4900                  
      Launch Clock:-       0                  
         Data Path:-     806                  
             Slack:=    4094                  

Exceptions/Constraints:
  output_delay             100             top.sdc_line_7_13_1 

#-------------------------------------------------------------------------------------------
#   Timing Point     Flags   Arc   Edge   Cell     Fanout Load Trans Delay Arrival Instance 
#                                                         (fF)  (ps)  (ps)   (ps)  Location 
#-------------------------------------------------------------------------------------------
  D2_Y_REG_reg[5]/CK -       -     R     (arrival)     35    -     0     0       0    (-,-) 
  D2_Y_REG_reg[5]/Q  -       CK->Q F     DFFQX1HVT      1  4.1   204   381     381    (-,-) 
  drc_bufs530/Y      -       A->Y  R     INVXL          1  4.3   194   219     600    (-,-) 
  drc_bufs529/Y      -       A->Y  F     INVX1          2  5.9   189   206     806    (-,-) 
  Y_REG[5]           -       -     F     (port)         -    -     -     0     806    (-,-) 
#-------------------------------------------------------------------------------------------



Path 41: MET (4094 ps) Late External Delay Assertion at pin Y_REG[6]
          Group: C2O
     Startpoint: (R) D2_Y_REG_reg[6]/CK
          Clock: (R) SYS_CLK
       Endpoint: (F) Y_REG[6]
          Clock: (R) SYS_CLK

                     Capture       Launch     
        Clock Edge:+    5000            0     
       Src Latency:+       0            0     
       Net Latency:+       0 (I)        0 (I) 
           Arrival:=    5000            0     
                                              
      Output Delay:-     100                  
     Required Time:=    4900                  
      Launch Clock:-       0                  
         Data Path:-     806                  
             Slack:=    4094                  

Exceptions/Constraints:
  output_delay             100             top.sdc_line_7_12_1 

#-------------------------------------------------------------------------------------------
#   Timing Point     Flags   Arc   Edge   Cell     Fanout Load Trans Delay Arrival Instance 
#                                                         (fF)  (ps)  (ps)   (ps)  Location 
#-------------------------------------------------------------------------------------------
  D2_Y_REG_reg[6]/CK -       -     R     (arrival)     35    -     0     0       0    (-,-) 
  D2_Y_REG_reg[6]/Q  -       CK->Q F     DFFQX1HVT      1  4.1   204   381     381    (-,-) 
  drc_bufs522/Y      -       A->Y  R     INVXL          1  4.3   194   219     600    (-,-) 
  drc_bufs521/Y      -       A->Y  F     INVX1          2  5.9   189   206     806    (-,-) 
  Y_REG[6]           -       -     F     (port)         -    -     -     0     806    (-,-) 
#-------------------------------------------------------------------------------------------



Path 42: MET (4094 ps) Late External Delay Assertion at pin Y_REG[7]
          Group: C2O
     Startpoint: (R) D2_Y_REG_reg[7]/CK
          Clock: (R) SYS_CLK
       Endpoint: (F) Y_REG[7]
          Clock: (R) SYS_CLK

                     Capture       Launch     
        Clock Edge:+    5000            0     
       Src Latency:+       0            0     
       Net Latency:+       0 (I)        0 (I) 
           Arrival:=    5000            0     
                                              
      Output Delay:-     100                  
     Required Time:=    4900                  
      Launch Clock:-       0                  
         Data Path:-     806                  
             Slack:=    4094                  

Exceptions/Constraints:
  output_delay             100             top.sdc_line_7_11_1 

#-------------------------------------------------------------------------------------------
#   Timing Point     Flags   Arc   Edge   Cell     Fanout Load Trans Delay Arrival Instance 
#                                                         (fF)  (ps)  (ps)   (ps)  Location 
#-------------------------------------------------------------------------------------------
  D2_Y_REG_reg[7]/CK -       -     R     (arrival)     35    -     0     0       0    (-,-) 
  D2_Y_REG_reg[7]/Q  -       CK->Q F     DFFQX1HVT      1  4.1   204   381     381    (-,-) 
  drc_bufs570/Y      -       A->Y  R     INVXL          1  4.3   194   219     600    (-,-) 
  drc_bufs569/Y      -       A->Y  F     INVX1          2  5.9   189   206     806    (-,-) 
  Y_REG[7]           -       -     F     (port)         -    -     -     0     806    (-,-) 
#-------------------------------------------------------------------------------------------



Path 43: MET (4094 ps) Late External Delay Assertion at pin Y_REG[8]
          Group: C2O
     Startpoint: (R) D2_Y_REG_reg[8]/CK
          Clock: (R) SYS_CLK
       Endpoint: (F) Y_REG[8]
          Clock: (R) SYS_CLK

                     Capture       Launch     
        Clock Edge:+    5000            0     
       Src Latency:+       0            0     
       Net Latency:+       0 (I)        0 (I) 
           Arrival:=    5000            0     
                                              
      Output Delay:-     100                  
     Required Time:=    4900                  
      Launch Clock:-       0                  
         Data Path:-     806                  
             Slack:=    4094                  

Exceptions/Constraints:
  output_delay             100             top.sdc_line_7_10_1 

#-------------------------------------------------------------------------------------------
#   Timing Point     Flags   Arc   Edge   Cell     Fanout Load Trans Delay Arrival Instance 
#                                                         (fF)  (ps)  (ps)   (ps)  Location 
#-------------------------------------------------------------------------------------------
  D2_Y_REG_reg[8]/CK -       -     R     (arrival)     35    -     0     0       0    (-,-) 
  D2_Y_REG_reg[8]/Q  -       CK->Q F     DFFQX1HVT      1  4.1   204   381     381    (-,-) 
  drc_bufs554/Y      -       A->Y  R     INVXL          1  4.3   194   219     600    (-,-) 
  drc_bufs553/Y      -       A->Y  F     INVX1          2  5.9   189   206     806    (-,-) 
  Y_REG[8]           -       -     F     (port)         -    -     -     0     806    (-,-) 
#-------------------------------------------------------------------------------------------



Path 44: MET (4094 ps) Late External Delay Assertion at pin Y_REG[9]
          Group: C2O
     Startpoint: (R) D2_Y_REG_reg[9]/CK
          Clock: (R) SYS_CLK
       Endpoint: (F) Y_REG[9]
          Clock: (R) SYS_CLK

                     Capture       Launch     
        Clock Edge:+    5000            0     
       Src Latency:+       0            0     
       Net Latency:+       0 (I)        0 (I) 
           Arrival:=    5000            0     
                                              
      Output Delay:-     100                  
     Required Time:=    4900                  
      Launch Clock:-       0                  
         Data Path:-     806                  
             Slack:=    4094                  

Exceptions/Constraints:
  output_delay             100             top.sdc_line_7_9_1 

#-------------------------------------------------------------------------------------------
#   Timing Point     Flags   Arc   Edge   Cell     Fanout Load Trans Delay Arrival Instance 
#                                                         (fF)  (ps)  (ps)   (ps)  Location 
#-------------------------------------------------------------------------------------------
  D2_Y_REG_reg[9]/CK -       -     R     (arrival)     35    -     0     0       0    (-,-) 
  D2_Y_REG_reg[9]/Q  -       CK->Q F     DFFQX1HVT      1  4.1   204   381     381    (-,-) 
  drc_bufs538/Y      -       A->Y  R     INVXL          1  4.3   194   219     600    (-,-) 
  drc_bufs537/Y      -       A->Y  F     INVX1          2  5.9   189   206     806    (-,-) 
  Y_REG[9]           -       -     F     (port)         -    -     -     0     806    (-,-) 
#-------------------------------------------------------------------------------------------



Path 45: MET (4094 ps) Late External Delay Assertion at pin Y_REG[10]
          Group: C2O
     Startpoint: (R) D2_Y_REG_reg[10]/CK
          Clock: (R) SYS_CLK
       Endpoint: (F) Y_REG[10]
          Clock: (R) SYS_CLK

                     Capture       Launch     
        Clock Edge:+    5000            0     
       Src Latency:+       0            0     
       Net Latency:+       0 (I)        0 (I) 
           Arrival:=    5000            0     
                                              
      Output Delay:-     100                  
     Required Time:=    4900                  
      Launch Clock:-       0                  
         Data Path:-     806                  
             Slack:=    4094                  

Exceptions/Constraints:
  output_delay             100             top.sdc_line_7_8_1 

#--------------------------------------------------------------------------------------------
#    Timing Point     Flags   Arc   Edge   Cell     Fanout Load Trans Delay Arrival Instance 
#                                                          (fF)  (ps)  (ps)   (ps)  Location 
#--------------------------------------------------------------------------------------------
  D2_Y_REG_reg[10]/CK -       -     R     (arrival)     35    -     0     0       0    (-,-) 
  D2_Y_REG_reg[10]/Q  -       CK->Q F     DFFQX1HVT      1  4.1   204   381     381    (-,-) 
  drc_bufs526/Y       -       A->Y  R     INVXL          1  4.3   194   219     600    (-,-) 
  drc_bufs525/Y       -       A->Y  F     INVX1          2  5.9   189   206     806    (-,-) 
  Y_REG[10]           -       -     F     (port)         -    -     -     0     806    (-,-) 
#--------------------------------------------------------------------------------------------



Path 46: MET (4094 ps) Late External Delay Assertion at pin Y_REG[11]
          Group: C2O
     Startpoint: (R) D2_Y_REG_reg[11]/CK
          Clock: (R) SYS_CLK
       Endpoint: (F) Y_REG[11]
          Clock: (R) SYS_CLK

                     Capture       Launch     
        Clock Edge:+    5000            0     
       Src Latency:+       0            0     
       Net Latency:+       0 (I)        0 (I) 
           Arrival:=    5000            0     
                                              
      Output Delay:-     100                  
     Required Time:=    4900                  
      Launch Clock:-       0                  
         Data Path:-     806                  
             Slack:=    4094                  

Exceptions/Constraints:
  output_delay             100             top.sdc_line_7_7_1 

#--------------------------------------------------------------------------------------------
#    Timing Point     Flags   Arc   Edge   Cell     Fanout Load Trans Delay Arrival Instance 
#                                                          (fF)  (ps)  (ps)   (ps)  Location 
#--------------------------------------------------------------------------------------------
  D2_Y_REG_reg[11]/CK -       -     R     (arrival)     35    -     0     0       0    (-,-) 
  D2_Y_REG_reg[11]/Q  -       CK->Q F     DFFQX1HVT      1  4.1   204   381     381    (-,-) 
  drc_bufs562/Y       -       A->Y  R     INVXL          1  4.3   194   219     600    (-,-) 
  drc_bufs561/Y       -       A->Y  F     INVX1          2  5.9   189   206     806    (-,-) 
  Y_REG[11]           -       -     F     (port)         -    -     -     0     806    (-,-) 
#--------------------------------------------------------------------------------------------



Path 47: MET (4094 ps) Late External Delay Assertion at pin Y_REG[12]
          Group: C2O
     Startpoint: (R) D2_Y_REG_reg[12]/CK
          Clock: (R) SYS_CLK
       Endpoint: (F) Y_REG[12]
          Clock: (R) SYS_CLK

                     Capture       Launch     
        Clock Edge:+    5000            0     
       Src Latency:+       0            0     
       Net Latency:+       0 (I)        0 (I) 
           Arrival:=    5000            0     
                                              
      Output Delay:-     100                  
     Required Time:=    4900                  
      Launch Clock:-       0                  
         Data Path:-     806                  
             Slack:=    4094                  

Exceptions/Constraints:
  output_delay             100             top.sdc_line_7_6_1 

#--------------------------------------------------------------------------------------------
#    Timing Point     Flags   Arc   Edge   Cell     Fanout Load Trans Delay Arrival Instance 
#                                                          (fF)  (ps)  (ps)   (ps)  Location 
#--------------------------------------------------------------------------------------------
  D2_Y_REG_reg[12]/CK -       -     R     (arrival)     35    -     0     0       0    (-,-) 
  D2_Y_REG_reg[12]/Q  -       CK->Q F     DFFQX1HVT      1  4.1   204   381     381    (-,-) 
  drc_bufs518/Y       -       A->Y  R     INVXL          1  4.3   194   219     600    (-,-) 
  drc_bufs517/Y       -       A->Y  F     INVX1          2  5.9   189   206     806    (-,-) 
  Y_REG[12]           -       -     F     (port)         -    -     -     0     806    (-,-) 
#--------------------------------------------------------------------------------------------



Path 48: MET (4094 ps) Late External Delay Assertion at pin Y_REG[13]
          Group: C2O
     Startpoint: (R) D2_Y_REG_reg[13]/CK
          Clock: (R) SYS_CLK
       Endpoint: (F) Y_REG[13]
          Clock: (R) SYS_CLK

                     Capture       Launch     
        Clock Edge:+    5000            0     
       Src Latency:+       0            0     
       Net Latency:+       0 (I)        0 (I) 
           Arrival:=    5000            0     
                                              
      Output Delay:-     100                  
     Required Time:=    4900                  
      Launch Clock:-       0                  
         Data Path:-     806                  
             Slack:=    4094                  

Exceptions/Constraints:
  output_delay             100             top.sdc_line_7 

#--------------------------------------------------------------------------------------------
#    Timing Point     Flags   Arc   Edge   Cell     Fanout Load Trans Delay Arrival Instance 
#                                                          (fF)  (ps)  (ps)   (ps)  Location 
#--------------------------------------------------------------------------------------------
  D2_Y_REG_reg[13]/CK -       -     R     (arrival)     35    -     0     0       0    (-,-) 
  D2_Y_REG_reg[13]/Q  -       CK->Q F     DFFQX1HVT      1  4.1   204   381     381    (-,-) 
  drc_bufs546/Y       -       A->Y  R     INVXL          1  4.3   194   219     600    (-,-) 
  drc_bufs545/Y       -       A->Y  F     INVX1          2  5.9   189   206     806    (-,-) 
  Y_REG[13]           -       -     F     (port)         -    -     -     0     806    (-,-) 
#--------------------------------------------------------------------------------------------



Path 49: MET (4165 ps) Setup Check with Pin F1_P_STATE_reg[2]/CK->D
          Group: C2C
     Startpoint: (R) F1_P_STATE_reg[1]/CK
          Clock: (R) SYS_CLK
       Endpoint: (R) F1_P_STATE_reg[2]/D
          Clock: (R) SYS_CLK

                     Capture       Launch     
        Clock Edge:+    5000            0     
       Src Latency:+       0            0     
       Net Latency:+       0 (I)        0 (I) 
           Arrival:=    5000            0     
                                              
             Setup:-     226                  
     Required Time:=    4774                  
      Launch Clock:-       0                  
         Data Path:-     609                  
             Slack:=    4165                  

#---------------------------------------------------------------------------------------------
#    Timing Point      Flags   Arc   Edge   Cell     Fanout Load Trans Delay Arrival Instance 
#                                                           (fF)  (ps)  (ps)   (ps)  Location 
#---------------------------------------------------------------------------------------------
  F1_P_STATE_reg[1]/CK -       -     R     (arrival)     35    -     0     0       0    (-,-) 
  F1_P_STATE_reg[1]/Q  -       CK->Q R     DFFRHQX4       3 10.3    81   288     288    (-,-) 
  g316__6131/Y         -       A->Y  F     NAND2X4        1  6.8   135   130     417    (-,-) 
  g315__7098/Y         -       B->Y  R     NOR2X8        16 36.9   235   192     609    (-,-) 
  F1_P_STATE_reg[2]/D  -       -     R     DFFRHQX2      16    -     -     0     609    (-,-) 
#---------------------------------------------------------------------------------------------

Some unconstrained paths have not been displayed.
Use -unconstrained or set the root attribute 'timing_report_unconstrained' to 'true' to see only these unconstrained paths.

