[INFO ] 2026-06-29 09:16:40 [com.cadence.softshare.service.LmApi] [shared-license-bridge-recheck-timer] - LmApi Version = SftShrDevJava20.01-p001
[INFO ] 2026-06-29 09:16:40 [com.cadence.softshare.service.LmApi] [shared-license-bridge-recheck-timer] - FlexNet Java Tool-Kit Version = 11.16
[INFO ] 2026-06-29 09:16:40 [com.cadence.softshare.service.LmApi] [shared-license-bridge-recheck-timer] - Begin parsing license server path configuration
[INFO ] 2026-06-29 09:16:40 [com.cadence.softshare.service.LmApi] [shared-license-bridge-recheck-timer] - Successfully parsed license server path configuration. License server path = 5280@cadence
[INFO ] 2026-06-29 09:16:40 [com.cadence.softshare.service.LmApi] [shared-license-bridge-recheck-timer] - Recheck started ....
[INFO ] 2026-06-29 09:16:40 [com.cadence.softshare.service.LmApi] [shared-license-bridge-recheck-timer] - Minimum recheck interval has elapsed. Will be doing a real recheck
[INFO ] 2026-06-29 09:16:40 [com.cadence.softshare.service.LmApi] [shared-license-bridge-recheck-timer] - lmiFailureCount = 0
[INFO ] 2026-06-29 09:16:40 [com.cadence.softshare.service.LmApi] [shared-license-bridge-recheck-timer] -   Time spent in server Recheck was 2
[INFO ] 2026-06-29 09:16:40 [com.cadence.softshare.service.LmApi] [shared-license-bridge-recheck-timer] - Re-check completed with status 0 (time 3).
[INFO ] 2026-06-29 09:16:42 [com.cadence.softshare.service.LmApi] [main] - Check-out (Increment) started ....
[INFO ] 2026-06-29 09:16:42 [com.cadence.softshare.service.LmApi] [main] - Checkout request received for 1 count of Integrated_Metrics_Center 22.0with queue mode = 0
[INFO ] 2026-06-29 09:16:43 [com.cadence.softshare.service.LmApi] [main] - Skipping handle setting for the checkout as it is disabled
[INFO ] 2026-06-29 09:16:43 [com.cadence.softshare.service.LmApi] [main] - Check-out (Increment) completed with status 0 (time 250).
[INFO ] 2026-06-29 09:16:43 [com.cadence.mdv.imc.Main] [main] - Binding debug tools http on port: 37888
[INFO ] 2026-06-29 09:18:46 [com.cadence.softshare.service.LmApi] [Thread-4] - CheckInAll started ....
[INFO ] 2026-06-29 09:18:46 [com.cadence.softshare.service.LmApi] [Thread-4] - Check-in of Integrated_Metrics_Center with count 1 was successful.
[INFO ] 2026-06-29 09:18:46 [com.cadence.softshare.service.LmApi] [Thread-4] - CheckInAll completed (time 4).
[INFO ] 2026-07-03 22:49:34 [com.cadence.softshare.service.LmApi] [shared-license-bridge-recheck-timer] - LmApi Version = SftShrDevJava20.01-p001
[INFO ] 2026-07-03 22:49:34 [com.cadence.softshare.service.LmApi] [shared-license-bridge-recheck-timer] - FlexNet Java Tool-Kit Version = 11.16
[INFO ] 2026-07-03 22:49:34 [com.cadence.softshare.service.LmApi] [shared-license-bridge-recheck-timer] - Begin parsing license server path configuration
[INFO ] 2026-07-03 22:49:34 [com.cadence.softshare.service.LmApi] [shared-license-bridge-recheck-timer] - Successfully parsed license server path configuration. License server path = 5280@cadence
[INFO ] 2026-07-03 22:49:34 [com.cadence.softshare.service.LmApi] [shared-license-bridge-recheck-timer] - Recheck started ....
[INFO ] 2026-07-03 22:49:34 [com.cadence.softshare.service.LmApi] [shared-license-bridge-recheck-timer] - Minimum recheck interval has elapsed. Will be doing a real recheck
[INFO ] 2026-07-03 22:49:34 [com.cadence.softshare.service.LmApi] [shared-license-bridge-recheck-timer] - lmiFailureCount = 0
[INFO ] 2026-07-03 22:49:34 [com.cadence.softshare.service.LmApi] [shared-license-bridge-recheck-timer] -   Time spent in server Recheck was 3
[INFO ] 2026-07-03 22:49:34 [com.cadence.softshare.service.LmApi] [shared-license-bridge-recheck-timer] - Re-check completed with status 0 (time 5).
[INFO ] 2026-07-03 22:49:37 [com.cadence.softshare.service.LmApi] [shared-license-bridge-recheck-timer] - LmApi Version = SftShrDevJava20.01-p001
[INFO ] 2026-07-03 22:49:37 [com.cadence.softshare.service.LmApi] [shared-license-bridge-recheck-timer] - FlexNet Java Tool-Kit Version = 11.16
[INFO ] 2026-07-03 22:49:37 [com.cadence.softshare.service.LmApi] [shared-license-bridge-recheck-timer] - Begin parsing license server path configuration
[INFO ] 2026-07-03 22:49:37 [com.cadence.softshare.service.LmApi] [shared-license-bridge-recheck-timer] - Successfully parsed license server path configuration. License server path = 5280@cadence
[INFO ] 2026-07-03 22:49:37 [com.cadence.softshare.service.LmApi] [shared-license-bridge-recheck-timer] - Recheck started ....
[INFO ] 2026-07-03 22:49:37 [com.cadence.softshare.service.LmApi] [shared-license-bridge-recheck-timer] - Minimum recheck interval has elapsed. Will be doing a real recheck
[INFO ] 2026-07-03 22:49:37 [com.cadence.softshare.service.LmApi] [shared-license-bridge-recheck-timer] - lmiFailureCount = 0
[INFO ] 2026-07-03 22:49:37 [com.cadence.softshare.service.LmApi] [shared-license-bridge-recheck-timer] -   Time spent in server Recheck was 3
[INFO ] 2026-07-03 22:49:37 [com.cadence.softshare.service.LmApi] [shared-license-bridge-recheck-timer] - Re-check completed with status 0 (time 4).
[INFO ] 2026-07-03 22:49:38 [com.cadence.softshare.service.LmApi] [main] - Check-out (Increment) started ....
[INFO ] 2026-07-03 22:49:38 [com.cadence.softshare.service.LmApi] [main] - Checkout request received for 1 count of Integrated_Metrics_Center 22.0with queue mode = 0
[INFO ] 2026-07-03 22:49:38 [com.cadence.softshare.service.LmApi] [shared-license-bridge-recheck-timer] - LmApi Version = SftShrDevJava20.01-p001
[INFO ] 2026-07-03 22:49:38 [com.cadence.softshare.service.LmApi] [shared-license-bridge-recheck-timer] - FlexNet Java Tool-Kit Version = 11.16
[INFO ] 2026-07-03 22:49:38 [com.cadence.softshare.service.LmApi] [shared-license-bridge-recheck-timer] - Begin parsing license server path configuration
[INFO ] 2026-07-03 22:49:38 [com.cadence.softshare.service.LmApi] [shared-license-bridge-recheck-timer] - Successfully parsed license server path configuration. License server path = 5280@cadence
[INFO ] 2026-07-03 22:49:38 [com.cadence.softshare.service.LmApi] [shared-license-bridge-recheck-timer] - LmApi Version = SftShrDevJava20.01-p001
[INFO ] 2026-07-03 22:49:38 [com.cadence.softshare.service.LmApi] [shared-license-bridge-recheck-timer] - FlexNet Java Tool-Kit Version = 11.16
[INFO ] 2026-07-03 22:49:38 [com.cadence.softshare.service.LmApi] [shared-license-bridge-recheck-timer] - Begin parsing license server path configuration
[INFO ] 2026-07-03 22:49:38 [com.cadence.softshare.service.LmApi] [shared-license-bridge-recheck-timer] - Successfully parsed license server path configuration. License server path = 5280@cadence
[INFO ] 2026-07-03 22:49:38 [com.cadence.softshare.service.LmApi] [shared-license-bridge-recheck-timer] - Recheck started ....
[INFO ] 2026-07-03 22:49:38 [com.cadence.softshare.service.LmApi] [shared-license-bridge-recheck-timer] - Minimum recheck interval has elapsed. Will be doing a real recheck
[INFO ] 2026-07-03 22:49:38 [com.cadence.softshare.service.LmApi] [shared-license-bridge-recheck-timer] - lmiFailureCount = 0
[INFO ] 2026-07-03 22:49:38 [com.cadence.softshare.service.LmApi] [shared-license-bridge-recheck-timer] -   Time spent in server Recheck was 3
[INFO ] 2026-07-03 22:49:38 [com.cadence.softshare.service.LmApi] [shared-license-bridge-recheck-timer] - Re-check completed with status 0 (time 4).
[INFO ] 2026-07-03 22:49:38 [com.cadence.softshare.service.LmApi] [shared-license-bridge-recheck-timer] - Recheck started ....
[INFO ] 2026-07-03 22:49:38 [com.cadence.softshare.service.LmApi] [shared-license-bridge-recheck-timer] - Minimum recheck interval has elapsed. Will be doing a real recheck
[INFO ] 2026-07-03 22:49:38 [com.cadence.softshare.service.LmApi] [shared-license-bridge-recheck-timer] - lmiFailureCount = 0
[INFO ] 2026-07-03 22:49:38 [com.cadence.softshare.service.LmApi] [shared-license-bridge-recheck-timer] -   Time spent in server Recheck was 3
[INFO ] 2026-07-03 22:49:38 [com.cadence.softshare.service.LmApi] [shared-license-bridge-recheck-timer] - Re-check completed with status 0 (time 4).
[INFO ] 2026-07-03 22:49:38 [com.cadence.softshare.service.LmApi] [main] - Skipping handle setting for the checkout as it is disabled
[INFO ] 2026-07-03 22:49:38 [com.cadence.softshare.service.LmApi] [main] - Check-out (Increment) completed with status 0 (time 512).
[INFO ] 2026-07-03 22:49:39 [com.cadence.mdv.imc.Main] [main] - Binding debug tools http on port: 41211
[INFO ] 2026-07-03 22:49:40 [com.cadence.softshare.service.LmApi] [shared-license-bridge-recheck-timer] - LmApi Version = SftShrDevJava20.01-p001
[INFO ] 2026-07-03 22:49:40 [com.cadence.softshare.service.LmApi] [shared-license-bridge-recheck-timer] - FlexNet Java Tool-Kit Version = 11.16
[INFO ] 2026-07-03 22:49:40 [com.cadence.softshare.service.LmApi] [shared-license-bridge-recheck-timer] - Begin parsing license server path configuration
[INFO ] 2026-07-03 22:49:40 [com.cadence.softshare.service.LmApi] [shared-license-bridge-recheck-timer] - Successfully parsed license server path configuration. License server path = 5280@cadence
[INFO ] 2026-07-03 22:49:40 [com.cadence.softshare.service.LmApi] [shared-license-bridge-recheck-timer] - Recheck started ....
[INFO ] 2026-07-03 22:49:40 [com.cadence.softshare.service.LmApi] [shared-license-bridge-recheck-timer] - Minimum recheck interval has elapsed. Will be doing a real recheck
[INFO ] 2026-07-03 22:49:40 [com.cadence.softshare.service.LmApi] [shared-license-bridge-recheck-timer] - lmiFailureCount = 0
[INFO ] 2026-07-03 22:49:40 [com.cadence.softshare.service.LmApi] [shared-license-bridge-recheck-timer] -   Time spent in server Recheck was 2
[INFO ] 2026-07-03 22:49:40 [com.cadence.softshare.service.LmApi] [shared-license-bridge-recheck-timer] - Re-check completed with status 0 (time 4).
[INFO ] 2026-07-03 22:49:41 [com.cadence.softshare.service.LmApi] [shared-license-bridge-recheck-timer] - LmApi Version = SftShrDevJava20.01-p001
[INFO ] 2026-07-03 22:49:41 [com.cadence.softshare.service.LmApi] [shared-license-bridge-recheck-timer] - FlexNet Java Tool-Kit Version = 11.16
[INFO ] 2026-07-03 22:49:41 [com.cadence.softshare.service.LmApi] [shared-license-bridge-recheck-timer] - Begin parsing license server path configuration
[INFO ] 2026-07-03 22:49:41 [com.cadence.softshare.service.LmApi] [shared-license-bridge-recheck-timer] - Successfully parsed license server path configuration. License server path = 5280@cadence
[INFO ] 2026-07-03 22:49:41 [com.cadence.softshare.service.LmApi] [shared-license-bridge-recheck-timer] - Recheck started ....
[INFO ] 2026-07-03 22:49:41 [com.cadence.softshare.service.LmApi] [shared-license-bridge-recheck-timer] - Minimum recheck interval has elapsed. Will be doing a real recheck
[INFO ] 2026-07-03 22:49:41 [com.cadence.softshare.service.LmApi] [shared-license-bridge-recheck-timer] - lmiFailureCount = 0
[INFO ] 2026-07-03 22:49:41 [com.cadence.softshare.service.LmApi] [shared-license-bridge-recheck-timer] -   Time spent in server Recheck was 4
[INFO ] 2026-07-03 22:49:41 [com.cadence.softshare.service.LmApi] [shared-license-bridge-recheck-timer] - Re-check completed with status 0 (time 4).
[INFO ] 2026-07-03 22:49:41 [com.cadence.softshare.service.LmApi] [main] - Check-out (Increment) started ....
[INFO ] 2026-07-03 22:49:41 [com.cadence.softshare.service.LmApi] [main] - Checkout request received for 1 count of Integrated_Metrics_Center 22.0with queue mode = 0
[INFO ] 2026-07-03 22:49:42 [com.cadence.softshare.service.LmApi] [main] - Check-out (Increment) started ....
[INFO ] 2026-07-03 22:49:42 [com.cadence.softshare.service.LmApi] [main] - Checkout request received for 1 count of Integrated_Metrics_Center 22.0with queue mode = 0
[INFO ] 2026-07-03 22:49:42 [com.cadence.softshare.service.LmApi] [main] - Skipping handle setting for the checkout as it is disabled
[INFO ] 2026-07-03 22:49:42 [com.cadence.softshare.service.LmApi] [main] - Check-out (Increment) completed with status 0 (time 890).
[INFO ] 2026-07-03 22:49:43 [com.cadence.softshare.service.LmApi] [main] - Skipping handle setting for the checkout as it is disabled
[INFO ] 2026-07-03 22:49:43 [com.cadence.softshare.service.LmApi] [main] - Check-out (Increment) completed with status 0 (time 635).
[INFO ] 2026-07-03 22:49:43 [com.cadence.softshare.service.LmApi] [main] - Check-out (Increment) started ....
[INFO ] 2026-07-03 22:49:43 [com.cadence.softshare.service.LmApi] [main] - Checkout request received for 1 count of Integrated_Metrics_Center 22.0with queue mode = 0
[INFO ] 2026-07-03 22:49:43 [com.cadence.mdv.imc.Main] [main] - Binding debug tools http on port: 32788
[INFO ] 2026-07-03 22:49:43 [com.cadence.mdv.imc.Main] [main] - Binding debug tools http on port: 38278
[INFO ] 2026-07-03 22:49:43 [com.cadence.softshare.service.LmApi] [main] - Skipping handle setting for the checkout as it is disabled
[INFO ] 2026-07-03 22:49:43 [com.cadence.softshare.service.LmApi] [main] - Check-out (Increment) completed with status 0 (time 469).
[INFO ] 2026-07-03 22:49:43 [com.cadence.mdv.imc.Main] [main] - Binding debug tools http on port: 44567
[INFO ] 2026-07-03 22:49:44 [com.cadence.softshare.service.LmApi] [main] - Check-out (Increment) started ....
[INFO ] 2026-07-03 22:49:44 [com.cadence.softshare.service.LmApi] [main] - Checkout request received for 1 count of Integrated_Metrics_Center 22.0with queue mode = 0
[INFO ] 2026-07-03 22:49:45 [com.cadence.softshare.service.LmApi] [main] - Check-out (Increment) started ....
[INFO ] 2026-07-03 22:49:45 [com.cadence.softshare.service.LmApi] [main] - Checkout request received for 1 count of Integrated_Metrics_Center 22.0with queue mode = 0
[INFO ] 2026-07-03 22:49:45 [com.cadence.softshare.service.LmApi] [main] - Skipping handle setting for the checkout as it is disabled
[INFO ] 2026-07-03 22:49:45 [com.cadence.softshare.service.LmApi] [main] - Check-out (Increment) completed with status 0 (time 708).
[INFO ] 2026-07-03 22:49:45 [com.cadence.softshare.service.LmApi] [main] - Skipping handle setting for the checkout as it is disabled
[INFO ] 2026-07-03 22:49:45 [com.cadence.softshare.service.LmApi] [main] - Check-out (Increment) completed with status 0 (time 609).
[INFO ] 2026-07-03 22:49:45 [com.cadence.mdv.imc.Main] [main] - Binding debug tools http on port: 36712
[INFO ] 2026-07-03 22:49:46 [com.cadence.mdv.imc.Main] [main] - Binding debug tools http on port: 35644
[INFO ] 2026-07-03 22:54:34 [com.cadence.softshare.service.LmApi] [shared-license-bridge-recheck-timer] - Recheck started ....
[INFO ] 2026-07-03 22:54:34 [com.cadence.softshare.service.LmApi] [shared-license-bridge-recheck-timer] - Minimum recheck interval has elapsed. Will be doing a real recheck
[INFO ] 2026-07-03 22:54:34 [com.cadence.softshare.service.LmApi] [shared-license-bridge-recheck-timer] - lmiFailureCount = 0
[INFO ] 2026-07-03 22:54:34 [com.cadence.softshare.service.LmApi] [shared-license-bridge-recheck-timer] -   Checking feature Integrated_Metrics_Center
[INFO ] 2026-07-03 22:54:34 [com.cadence.softshare.service.LmApi] [shared-license-bridge-recheck-timer] - 5280@cadence Heartbeat Status for feature Integrated_Metrics_Center with checkout data ACD727491956 = 0
[INFO ] 2026-07-03 22:54:34 [com.cadence.softshare.service.LmApi] [shared-license-bridge-recheck-timer] - Skipping verify checkout handle as it is disabled
[INFO ] 2026-07-03 22:54:34 [com.cadence.softshare.service.LmApi] [shared-license-bridge-recheck-timer] - Skipping force checkin old handles as it is disabled
[INFO ] 2026-07-03 22:54:34 [com.cadence.softshare.service.LmApi] [shared-license-bridge-recheck-timer] -   Time spent in server Recheck was 3
[INFO ] 2026-07-03 22:54:34 [com.cadence.softshare.service.LmApi] [shared-license-bridge-recheck-timer] - Re-check completed with status 0 (time 4).
[INFO ] 2026-07-03 22:54:37 [com.cadence.softshare.service.LmApi] [shared-license-bridge-recheck-timer] - Recheck started ....
[INFO ] 2026-07-03 22:54:37 [com.cadence.softshare.service.LmApi] [shared-license-bridge-recheck-timer] - Minimum recheck interval has elapsed. Will be doing a real recheck
[INFO ] 2026-07-03 22:54:37 [com.cadence.softshare.service.LmApi] [shared-license-bridge-recheck-timer] - lmiFailureCount = 0
[INFO ] 2026-07-03 22:54:37 [com.cadence.softshare.service.LmApi] [shared-license-bridge-recheck-timer] -   Checking feature Integrated_Metrics_Center
[INFO ] 2026-07-03 22:54:37 [com.cadence.softshare.service.LmApi] [shared-license-bridge-recheck-timer] - 5280@cadence Heartbeat Status for feature Integrated_Metrics_Center with checkout data ACD1645181497 = 0
[INFO ] 2026-07-03 22:54:37 [com.cadence.softshare.service.LmApi] [shared-license-bridge-recheck-timer] - Skipping verify checkout handle as it is disabled
[INFO ] 2026-07-03 22:54:37 [com.cadence.softshare.service.LmApi] [shared-license-bridge-recheck-timer] - Skipping force checkin old handles as it is disabled
[INFO ] 2026-07-03 22:54:37 [com.cadence.softshare.service.LmApi] [shared-license-bridge-recheck-timer] -   Time spent in server Recheck was 3
[INFO ] 2026-07-03 22:54:37 [com.cadence.softshare.service.LmApi] [shared-license-bridge-recheck-timer] - Re-check completed with status 0 (time 3).
[INFO ] 2026-07-03 22:54:38 [com.cadence.softshare.service.LmApi] [shared-license-bridge-recheck-timer] - Recheck started ....
[INFO ] 2026-07-03 22:54:38 [com.cadence.softshare.service.LmApi] [shared-license-bridge-recheck-timer] - Minimum recheck interval has elapsed. Will be doing a real recheck
[INFO ] 2026-07-03 22:54:38 [com.cadence.softshare.service.LmApi] [shared-license-bridge-recheck-timer] - lmiFailureCount = 0
[INFO ] 2026-07-03 22:54:38 [com.cadence.softshare.service.LmApi] [shared-license-bridge-recheck-timer] -   Checking feature Integrated_Metrics_Center
[INFO ] 2026-07-03 22:54:38 [com.cadence.softshare.service.LmApi] [shared-license-bridge-recheck-timer] - 5280@cadence Heartbeat Status for feature Integrated_Metrics_Center with checkout data ACD727491956 = 0
[INFO ] 2026-07-03 22:54:38 [com.cadence.softshare.service.LmApi] [shared-license-bridge-recheck-timer] - Skipping verify checkout handle as it is disabled
[INFO ] 2026-07-03 22:54:38 [com.cadence.softshare.service.LmApi] [shared-license-bridge-recheck-timer] - Skipping force checkin old handles as it is disabled
[INFO ] 2026-07-03 22:54:38 [com.cadence.softshare.service.LmApi] [shared-license-bridge-recheck-timer] -   Time spent in server Recheck was 2
[INFO ] 2026-07-03 22:54:38 [com.cadence.softshare.service.LmApi] [shared-license-bridge-recheck-timer] - Re-check completed with status 0 (time 3).
[INFO ] 2026-07-03 22:54:38 [com.cadence.softshare.service.LmApi] [shared-license-bridge-recheck-timer] - Recheck started ....
[INFO ] 2026-07-03 22:54:38 [com.cadence.softshare.service.LmApi] [shared-license-bridge-recheck-timer] - Minimum recheck interval has elapsed. Will be doing a real recheck
[INFO ] 2026-07-03 22:54:38 [com.cadence.softshare.service.LmApi] [shared-license-bridge-recheck-timer] - lmiFailureCount = 0
[INFO ] 2026-07-03 22:54:38 [com.cadence.softshare.service.LmApi] [shared-license-bridge-recheck-timer] -   Checking feature Integrated_Metrics_Center
[INFO ] 2026-07-03 22:54:38 [com.cadence.softshare.service.LmApi] [shared-license-bridge-recheck-timer] - 5280@cadence Heartbeat Status for feature Integrated_Metrics_Center with checkout data ACD727491956 = 0
[INFO ] 2026-07-03 22:54:38 [com.cadence.softshare.service.LmApi] [shared-license-bridge-recheck-timer] - Skipping verify checkout handle as it is disabled
[INFO ] 2026-07-03 22:54:38 [com.cadence.softshare.service.LmApi] [shared-license-bridge-recheck-timer] - Skipping force checkin old handles as it is disabled
[INFO ] 2026-07-03 22:54:38 [com.cadence.softshare.service.LmApi] [shared-license-bridge-recheck-timer] -   Time spent in server Recheck was 5
[INFO ] 2026-07-03 22:54:38 [com.cadence.softshare.service.LmApi] [shared-license-bridge-recheck-timer] - Re-check completed with status 0 (time 6).
[INFO ] 2026-07-03 22:54:41 [com.cadence.softshare.service.LmApi] [shared-license-bridge-recheck-timer] - Recheck started ....
[INFO ] 2026-07-03 22:54:41 [com.cadence.softshare.service.LmApi] [shared-license-bridge-recheck-timer] - Minimum recheck interval has elapsed. Will be doing a real recheck
[INFO ] 2026-07-03 22:54:41 [com.cadence.softshare.service.LmApi] [shared-license-bridge-recheck-timer] - lmiFailureCount = 0
[INFO ] 2026-07-03 22:54:41 [com.cadence.softshare.service.LmApi] [shared-license-bridge-recheck-timer] -   Checking feature Integrated_Metrics_Center
[INFO ] 2026-07-03 22:54:41 [com.cadence.softshare.service.LmApi] [shared-license-bridge-recheck-timer] - 5280@cadence Heartbeat Status for feature Integrated_Metrics_Center with checkout data ACD1645181497 = 0
[INFO ] 2026-07-03 22:54:41 [com.cadence.softshare.service.LmApi] [shared-license-bridge-recheck-timer] - Skipping verify checkout handle as it is disabled
[INFO ] 2026-07-03 22:54:41 [com.cadence.softshare.service.LmApi] [shared-license-bridge-recheck-timer] - Skipping force checkin old handles as it is disabled
[INFO ] 2026-07-03 22:54:41 [com.cadence.softshare.service.LmApi] [shared-license-bridge-recheck-timer] -   Time spent in server Recheck was 4
[INFO ] 2026-07-03 22:54:41 [com.cadence.softshare.service.LmApi] [shared-license-bridge-recheck-timer] - Re-check completed with status 0 (time 6).
[INFO ] 2026-07-03 22:54:41 [com.cadence.softshare.service.LmApi] [shared-license-bridge-recheck-timer] - Recheck started ....
[INFO ] 2026-07-03 22:54:41 [com.cadence.softshare.service.LmApi] [shared-license-bridge-recheck-timer] - Minimum recheck interval has elapsed. Will be doing a real recheck
[INFO ] 2026-07-03 22:54:41 [com.cadence.softshare.service.LmApi] [shared-license-bridge-recheck-timer] - lmiFailureCount = 0
[INFO ] 2026-07-03 22:54:41 [com.cadence.softshare.service.LmApi] [shared-license-bridge-recheck-timer] -   Checking feature Integrated_Metrics_Center
[INFO ] 2026-07-03 22:54:41 [com.cadence.softshare.service.LmApi] [shared-license-bridge-recheck-timer] - 5280@cadence Heartbeat Status for feature Integrated_Metrics_Center with checkout data ACD1645181497 = 0
[INFO ] 2026-07-03 22:54:41 [com.cadence.softshare.service.LmApi] [shared-license-bridge-recheck-timer] - Skipping verify checkout handle as it is disabled
[INFO ] 2026-07-03 22:54:41 [com.cadence.softshare.service.LmApi] [shared-license-bridge-recheck-timer] - Skipping force checkin old handles as it is disabled
[INFO ] 2026-07-03 22:54:41 [com.cadence.softshare.service.LmApi] [shared-license-bridge-recheck-timer] -   Time spent in server Recheck was 5
[INFO ] 2026-07-03 22:54:41 [com.cadence.softshare.service.LmApi] [shared-license-bridge-recheck-timer] - Re-check completed with status 0 (time 7).
[INFO ] 2026-07-03 22:59:34 [com.cadence.softshare.service.LmApi] [shared-license-bridge-recheck-timer] - Recheck started ....
[INFO ] 2026-07-03 22:59:34 [com.cadence.softshare.service.LmApi] [shared-license-bridge-recheck-timer] - Minimum recheck interval has elapsed. Will be doing a real recheck
[INFO ] 2026-07-03 22:59:34 [com.cadence.softshare.service.LmApi] [shared-license-bridge-recheck-timer] - lmiFailureCount = 0
[INFO ] 2026-07-03 22:59:34 [com.cadence.softshare.service.LmApi] [shared-license-bridge-recheck-timer] -   Checking feature Integrated_Metrics_Center
[INFO ] 2026-07-03 22:59:34 [com.cadence.softshare.service.LmApi] [shared-license-bridge-recheck-timer] - 5280@cadence Heartbeat Status for feature Integrated_Metrics_Center with checkout data ACD727491956 = 0
[INFO ] 2026-07-03 22:59:34 [com.cadence.softshare.service.LmApi] [shared-license-bridge-recheck-timer] - Skipping verify checkout handle as it is disabled
[INFO ] 2026-07-03 22:59:34 [com.cadence.softshare.service.LmApi] [shared-license-bridge-recheck-timer] - Skipping force checkin old handles as it is disabled
[INFO ] 2026-07-03 22:59:34 [com.cadence.softshare.service.LmApi] [shared-license-bridge-recheck-timer] -   Time spent in server Recheck was 1
[INFO ] 2026-07-03 22:59:34 [com.cadence.softshare.service.LmApi] [shared-license-bridge-recheck-timer] - Re-check completed with status 0 (time 3).
[INFO ] 2026-07-03 22:59:37 [com.cadence.softshare.service.LmApi] [shared-license-bridge-recheck-timer] - Recheck started ....
[INFO ] 2026-07-03 22:59:37 [com.cadence.softshare.service.LmApi] [shared-license-bridge-recheck-timer] - Minimum recheck interval has elapsed. Will be doing a real recheck
[INFO ] 2026-07-03 22:59:37 [com.cadence.softshare.service.LmApi] [shared-license-bridge-recheck-timer] - lmiFailureCount = 0
[INFO ] 2026-07-03 22:59:37 [com.cadence.softshare.service.LmApi] [shared-license-bridge-recheck-timer] -   Checking feature Integrated_Metrics_Center
[INFO ] 2026-07-03 22:59:37 [com.cadence.softshare.service.LmApi] [shared-license-bridge-recheck-timer] - 5280@cadence Heartbeat Status for feature Integrated_Metrics_Center with checkout data ACD1645181497 = 0
[INFO ] 2026-07-03 22:59:37 [com.cadence.softshare.service.LmApi] [shared-license-bridge-recheck-timer] - Skipping verify checkout handle as it is disabled
[INFO ] 2026-07-03 22:59:37 [com.cadence.softshare.service.LmApi] [shared-license-bridge-recheck-timer] - Skipping force checkin old handles as it is disabled
[INFO ] 2026-07-03 22:59:37 [com.cadence.softshare.service.LmApi] [shared-license-bridge-recheck-timer] -   Time spent in server Recheck was 1
[INFO ] 2026-07-03 22:59:37 [com.cadence.softshare.service.LmApi] [shared-license-bridge-recheck-timer] - Re-check completed with status 0 (time 1).
[INFO ] 2026-07-03 22:59:38 [com.cadence.softshare.service.LmApi] [shared-license-bridge-recheck-timer] - Recheck started ....
[INFO ] 2026-07-03 22:59:38 [com.cadence.softshare.service.LmApi] [shared-license-bridge-recheck-timer] - Minimum recheck interval has elapsed. Will be doing a real recheck
[INFO ] 2026-07-03 22:59:38 [com.cadence.softshare.service.LmApi] [shared-license-bridge-recheck-timer] - lmiFailureCount = 0
[INFO ] 2026-07-03 22:59:38 [com.cadence.softshare.service.LmApi] [shared-license-bridge-recheck-timer] -   Checking feature Integrated_Metrics_Center
[INFO ] 2026-07-03 22:59:38 [com.cadence.softshare.service.LmApi] [shared-license-bridge-recheck-timer] - 5280@cadence Heartbeat Status for feature Integrated_Metrics_Center with checkout data ACD727491956 = 0
[INFO ] 2026-07-03 22:59:38 [com.cadence.softshare.service.LmApi] [shared-license-bridge-recheck-timer] - Skipping verify checkout handle as it is disabled
[INFO ] 2026-07-03 22:59:38 [com.cadence.softshare.service.LmApi] [shared-license-bridge-recheck-timer] - Skipping force checkin old handles as it is disabled
[INFO ] 2026-07-03 22:59:38 [com.cadence.softshare.service.LmApi] [shared-license-bridge-recheck-timer] -   Time spent in server Recheck was 1
[INFO ] 2026-07-03 22:59:38 [com.cadence.softshare.service.LmApi] [shared-license-bridge-recheck-timer] - Re-check completed with status 0 (time 1).
[INFO ] 2026-07-03 22:59:38 [com.cadence.softshare.service.LmApi] [shared-license-bridge-recheck-timer] - Recheck started ....
[INFO ] 2026-07-03 22:59:38 [com.cadence.softshare.service.LmApi] [shared-license-bridge-recheck-timer] - Minimum recheck interval has elapsed. Will be doing a real recheck
[INFO ] 2026-07-03 22:59:38 [com.cadence.softshare.service.LmApi] [shared-license-bridge-recheck-timer] - lmiFailureCount = 0
[INFO ] 2026-07-03 22:59:38 [com.cadence.softshare.service.LmApi] [shared-license-bridge-recheck-timer] -   Checking feature Integrated_Metrics_Center
[INFO ] 2026-07-03 22:59:38 [com.cadence.softshare.service.LmApi] [shared-license-bridge-recheck-timer] - 5280@cadence Heartbeat Status for feature Integrated_Metrics_Center with checkout data ACD727491956 = 0
[INFO ] 2026-07-03 22:59:38 [com.cadence.softshare.service.LmApi] [shared-license-bridge-recheck-timer] - Skipping verify checkout handle as it is disabled
[INFO ] 2026-07-03 22:59:38 [com.cadence.softshare.service.LmApi] [shared-license-bridge-recheck-timer] - Skipping force checkin old handles as it is disabled
[INFO ] 2026-07-03 22:59:38 [com.cadence.softshare.service.LmApi] [shared-license-bridge-recheck-timer] -   Time spent in server Recheck was 1
[INFO ] 2026-07-03 22:59:38 [com.cadence.softshare.service.LmApi] [shared-license-bridge-recheck-timer] - Re-check completed with status 0 (time 3).
[INFO ] 2026-07-03 22:59:41 [com.cadence.softshare.service.LmApi] [shared-license-bridge-recheck-timer] - Recheck started ....
[INFO ] 2026-07-03 22:59:41 [com.cadence.softshare.service.LmApi] [shared-license-bridge-recheck-timer] - Minimum recheck interval has elapsed. Will be doing a real recheck
[INFO ] 2026-07-03 22:59:41 [com.cadence.softshare.service.LmApi] [shared-license-bridge-recheck-timer] - lmiFailureCount = 0
[INFO ] 2026-07-03 22:59:41 [com.cadence.softshare.service.LmApi] [shared-license-bridge-recheck-timer] -   Checking feature Integrated_Metrics_Center
[INFO ] 2026-07-03 22:59:41 [com.cadence.softshare.service.LmApi] [shared-license-bridge-recheck-timer] - 5280@cadence Heartbeat Status for feature Integrated_Metrics_Center with checkout data ACD1645181497 = 0
[INFO ] 2026-07-03 22:59:41 [com.cadence.softshare.service.LmApi] [shared-license-bridge-recheck-timer] - Skipping verify checkout handle as it is disabled
[INFO ] 2026-07-03 22:59:41 [com.cadence.softshare.service.LmApi] [shared-license-bridge-recheck-timer] - Skipping force checkin old handles as it is disabled
[INFO ] 2026-07-03 22:59:41 [com.cadence.softshare.service.LmApi] [shared-license-bridge-recheck-timer] -   Time spent in server Recheck was 0
[INFO ] 2026-07-03 22:59:41 [com.cadence.softshare.service.LmApi] [shared-license-bridge-recheck-timer] - Re-check completed with status 0 (time 1).
[INFO ] 2026-07-03 22:59:41 [com.cadence.softshare.service.LmApi] [shared-license-bridge-recheck-timer] - Recheck started ....
[INFO ] 2026-07-03 22:59:41 [com.cadence.softshare.service.LmApi] [shared-license-bridge-recheck-timer] - Minimum recheck interval has elapsed. Will be doing a real recheck
[INFO ] 2026-07-03 22:59:41 [com.cadence.softshare.service.LmApi] [shared-license-bridge-recheck-timer] - lmiFailureCount = 0
[INFO ] 2026-07-03 22:59:41 [com.cadence.softshare.service.LmApi] [shared-license-bridge-recheck-timer] -   Checking feature Integrated_Metrics_Center
[INFO ] 2026-07-03 22:59:41 [com.cadence.softshare.service.LmApi] [shared-license-bridge-recheck-timer] - 5280@cadence Heartbeat Status for feature Integrated_Metrics_Center with checkout data ACD1645181497 = 0
[INFO ] 2026-07-03 22:59:41 [com.cadence.softshare.service.LmApi] [shared-license-bridge-recheck-timer] - Skipping verify checkout handle as it is disabled
[INFO ] 2026-07-03 22:59:41 [com.cadence.softshare.service.LmApi] [shared-license-bridge-recheck-timer] - Skipping force checkin old handles as it is disabled
[INFO ] 2026-07-03 22:59:41 [com.cadence.softshare.service.LmApi] [shared-license-bridge-recheck-timer] -   Time spent in server Recheck was 1
[INFO ] 2026-07-03 22:59:41 [com.cadence.softshare.service.LmApi] [shared-license-bridge-recheck-timer] - Re-check completed with status 0 (time 2).
[INFO ] 2026-07-03 23:04:34 [com.cadence.softshare.service.LmApi] [shared-license-bridge-recheck-timer] - Recheck started ....
[INFO ] 2026-07-03 23:04:34 [com.cadence.softshare.service.LmApi] [shared-license-bridge-recheck-timer] - Minimum recheck interval has elapsed. Will be doing a real recheck
[INFO ] 2026-07-03 23:04:34 [com.cadence.softshare.service.LmApi] [shared-license-bridge-recheck-timer] - lmiFailureCount = 0
[INFO ] 2026-07-03 23:04:34 [com.cadence.softshare.service.LmApi] [shared-license-bridge-recheck-timer] -   Checking feature Integrated_Metrics_Center
[INFO ] 2026-07-03 23:04:34 [com.cadence.softshare.service.LmApi] [shared-license-bridge-recheck-timer] - 5280@cadence Heartbeat Status for feature Integrated_Metrics_Center with checkout data ACD727491956 = 0
[INFO ] 2026-07-03 23:04:34 [com.cadence.softshare.service.LmApi] [shared-license-bridge-recheck-timer] - Skipping verify checkout handle as it is disabled
[INFO ] 2026-07-03 23:04:34 [com.cadence.softshare.service.LmApi] [shared-license-bridge-recheck-timer] - Skipping force checkin old handles as it is disabled
[INFO ] 2026-07-03 23:04:34 [com.cadence.softshare.service.LmApi] [shared-license-bridge-recheck-timer] -   Time spent in server Recheck was 2
[INFO ] 2026-07-03 23:04:34 [com.cadence.softshare.service.LmApi] [shared-license-bridge-recheck-timer] - Re-check completed with status 0 (time 2).
[INFO ] 2026-07-03 23:04:37 [com.cadence.softshare.service.LmApi] [shared-license-bridge-recheck-timer] - Recheck started ....
[INFO ] 2026-07-03 23:04:37 [com.cadence.softshare.service.LmApi] [shared-license-bridge-recheck-timer] - Minimum recheck interval has elapsed. Will be doing a real recheck
[INFO ] 2026-07-03 23:04:37 [com.cadence.softshare.service.LmApi] [shared-license-bridge-recheck-timer] - lmiFailureCount = 0
[INFO ] 2026-07-03 23:04:37 [com.cadence.softshare.service.LmApi] [shared-license-bridge-recheck-timer] -   Checking feature Integrated_Metrics_Center
[INFO ] 2026-07-03 23:04:37 [com.cadence.softshare.service.LmApi] [shared-license-bridge-recheck-timer] - 5280@cadence Heartbeat Status for feature Integrated_Metrics_Center with checkout data ACD1645181497 = 0
[INFO ] 2026-07-03 23:04:37 [com.cadence.softshare.service.LmApi] [shared-license-bridge-recheck-timer] - Skipping verify checkout handle as it is disabled
[INFO ] 2026-07-03 23:04:37 [com.cadence.softshare.service.LmApi] [shared-license-bridge-recheck-timer] - Skipping force checkin old handles as it is disabled
[INFO ] 2026-07-03 23:04:37 [com.cadence.softshare.service.LmApi] [shared-license-bridge-recheck-timer] -   Time spent in server Recheck was 1
[INFO ] 2026-07-03 23:04:37 [com.cadence.softshare.service.LmApi] [shared-license-bridge-recheck-timer] - Re-check completed with status 0 (time 1).
[INFO ] 2026-07-03 23:04:38 [com.cadence.softshare.service.LmApi] [shared-license-bridge-recheck-timer] - Recheck started ....
[INFO ] 2026-07-03 23:04:38 [com.cadence.softshare.service.LmApi] [shared-license-bridge-recheck-timer] - Minimum recheck interval has elapsed. Will be doing a real recheck
[INFO ] 2026-07-03 23:04:38 [com.cadence.softshare.service.LmApi] [shared-license-bridge-recheck-timer] - lmiFailureCount = 0
[INFO ] 2026-07-03 23:04:38 [com.cadence.softshare.service.LmApi] [shared-license-bridge-recheck-timer] -   Checking feature Integrated_Metrics_Center
[INFO ] 2026-07-03 23:04:38 [com.cadence.softshare.service.LmApi] [shared-license-bridge-recheck-timer] - 5280@cadence Heartbeat Status for feature Integrated_Metrics_Center with checkout data ACD727491956 = 0
[INFO ] 2026-07-03 23:04:38 [com.cadence.softshare.service.LmApi] [shared-license-bridge-recheck-timer] - Skipping verify checkout handle as it is disabled
[INFO ] 2026-07-03 23:04:38 [com.cadence.softshare.service.LmApi] [shared-license-bridge-recheck-timer] - Skipping force checkin old handles as it is disabled
[INFO ] 2026-07-03 23:04:38 [com.cadence.softshare.service.LmApi] [shared-license-bridge-recheck-timer] -   Time spent in server Recheck was 1
[INFO ] 2026-07-03 23:04:38 [com.cadence.softshare.service.LmApi] [shared-license-bridge-recheck-timer] - Re-check completed with status 0 (time 2).
[INFO ] 2026-07-03 23:04:38 [com.cadence.softshare.service.LmApi] [shared-license-bridge-recheck-timer] - Recheck started ....
[INFO ] 2026-07-03 23:04:38 [com.cadence.softshare.service.LmApi] [shared-license-bridge-recheck-timer] - Minimum recheck interval has elapsed. Will be doing a real recheck
[INFO ] 2026-07-03 23:04:38 [com.cadence.softshare.service.LmApi] [shared-license-bridge-recheck-timer] - lmiFailureCount = 0
[INFO ] 2026-07-03 23:04:38 [com.cadence.softshare.service.LmApi] [shared-license-bridge-recheck-timer] -   Checking feature Integrated_Metrics_Center
[INFO ] 2026-07-03 23:04:38 [com.cadence.softshare.service.LmApi] [shared-license-bridge-recheck-timer] - 5280@cadence Heartbeat Status for feature Integrated_Metrics_Center with checkout data ACD727491956 = 0
[INFO ] 2026-07-03 23:04:38 [com.cadence.softshare.service.LmApi] [shared-license-bridge-recheck-timer] - Skipping verify checkout handle as it is disabled
[INFO ] 2026-07-03 23:04:38 [com.cadence.softshare.service.LmApi] [shared-license-bridge-recheck-timer] - Skipping force checkin old handles as it is disabled
[INFO ] 2026-07-03 23:04:38 [com.cadence.softshare.service.LmApi] [shared-license-bridge-recheck-timer] -   Time spent in server Recheck was 1
[INFO ] 2026-07-03 23:04:38 [com.cadence.softshare.service.LmApi] [shared-license-bridge-recheck-timer] - Re-check completed with status 0 (time 2).
[INFO ] 2026-07-03 23:04:41 [com.cadence.softshare.service.LmApi] [shared-license-bridge-recheck-timer] - Recheck started ....
[INFO ] 2026-07-03 23:04:41 [com.cadence.softshare.service.LmApi] [shared-license-bridge-recheck-timer] - Minimum recheck interval has elapsed. Will be doing a real recheck
[INFO ] 2026-07-03 23:04:41 [com.cadence.softshare.service.LmApi] [shared-license-bridge-recheck-timer] - lmiFailureCount = 0
[INFO ] 2026-07-03 23:04:41 [com.cadence.softshare.service.LmApi] [shared-license-bridge-recheck-timer] -   Checking feature Integrated_Metrics_Center
[INFO ] 2026-07-03 23:04:41 [com.cadence.softshare.service.LmApi] [shared-license-bridge-recheck-timer] - 5280@cadence Heartbeat Status for feature Integrated_Metrics_Center with checkout data ACD1645181497 = 0
[INFO ] 2026-07-03 23:04:41 [com.cadence.softshare.service.LmApi] [shared-license-bridge-recheck-timer] - Skipping verify checkout handle as it is disabled
[INFO ] 2026-07-03 23:04:41 [com.cadence.softshare.service.LmApi] [shared-license-bridge-recheck-timer] - Skipping force checkin old handles as it is disabled
[INFO ] 2026-07-03 23:04:41 [com.cadence.softshare.service.LmApi] [shared-license-bridge-recheck-timer] -   Time spent in server Recheck was 2
[INFO ] 2026-07-03 23:04:41 [com.cadence.softshare.service.LmApi] [shared-license-bridge-recheck-timer] - Re-check completed with status 0 (time 4).
[INFO ] 2026-07-03 23:04:41 [com.cadence.softshare.service.LmApi] [shared-license-bridge-recheck-timer] - Recheck started ....
[INFO ] 2026-07-03 23:04:41 [com.cadence.softshare.service.LmApi] [shared-license-bridge-recheck-timer] - Minimum recheck interval has elapsed. Will be doing a real recheck
[INFO ] 2026-07-03 23:04:41 [com.cadence.softshare.service.LmApi] [shared-license-bridge-recheck-timer] - lmiFailureCount = 0
[INFO ] 2026-07-03 23:04:41 [com.cadence.softshare.service.LmApi] [shared-license-bridge-recheck-timer] -   Checking feature Integrated_Metrics_Center
[INFO ] 2026-07-03 23:04:41 [com.cadence.softshare.service.LmApi] [shared-license-bridge-recheck-timer] - 5280@cadence Heartbeat Status for feature Integrated_Metrics_Center with checkout data ACD1645181497 = 0
[INFO ] 2026-07-03 23:04:41 [com.cadence.softshare.service.LmApi] [shared-license-bridge-recheck-timer] - Skipping verify checkout handle as it is disabled
[INFO ] 2026-07-03 23:04:41 [com.cadence.softshare.service.LmApi] [shared-license-bridge-recheck-timer] - Skipping force checkin old handles as it is disabled
[INFO ] 2026-07-03 23:04:41 [com.cadence.softshare.service.LmApi] [shared-license-bridge-recheck-timer] -   Time spent in server Recheck was 2
[INFO ] 2026-07-03 23:04:41 [com.cadence.softshare.service.LmApi] [shared-license-bridge-recheck-timer] - Re-check completed with status 0 (time 6).
[INFO ] 2026-07-03 23:09:35 [com.cadence.softshare.service.LmApi] [shared-license-bridge-recheck-timer] - Recheck started ....
[INFO ] 2026-07-03 23:09:35 [com.cadence.softshare.service.LmApi] [shared-license-bridge-recheck-timer] - Minimum recheck interval has elapsed. Will be doing a real recheck
[INFO ] 2026-07-03 23:09:35 [com.cadence.softshare.service.LmApi] [shared-license-bridge-recheck-timer] - lmiFailureCount = 0
[INFO ] 2026-07-03 23:09:35 [com.cadence.softshare.service.LmApi] [shared-license-bridge-recheck-timer] -   Checking feature Integrated_Metrics_Center
[INFO ] 2026-07-03 23:09:35 [com.cadence.softshare.service.LmApi] [shared-license-bridge-recheck-timer] - 5280@cadence Heartbeat Status for feature Integrated_Metrics_Center with checkout data ACD727491956 = 0
[INFO ] 2026-07-03 23:09:35 [com.cadence.softshare.service.LmApi] [shared-license-bridge-recheck-timer] - Skipping verify checkout handle as it is disabled
[INFO ] 2026-07-03 23:09:35 [com.cadence.softshare.service.LmApi] [shared-license-bridge-recheck-timer] - Skipping force checkin old handles as it is disabled
[INFO ] 2026-07-03 23:09:35 [com.cadence.softshare.service.LmApi] [shared-license-bridge-recheck-timer] -   Time spent in server Recheck was 1
[INFO ] 2026-07-03 23:09:35 [com.cadence.softshare.service.LmApi] [shared-license-bridge-recheck-timer] - Re-check completed with status 0 (time 2).
[INFO ] 2026-07-03 23:09:38 [com.cadence.softshare.service.LmApi] [shared-license-bridge-recheck-timer] - Recheck started ....
[INFO ] 2026-07-03 23:09:38 [com.cadence.softshare.service.LmApi] [shared-license-bridge-recheck-timer] - Minimum recheck interval has elapsed. Will be doing a real recheck
[INFO ] 2026-07-03 23:09:38 [com.cadence.softshare.service.LmApi] [shared-license-bridge-recheck-timer] - lmiFailureCount = 0
[INFO ] 2026-07-03 23:09:38 [com.cadence.softshare.service.LmApi] [shared-license-bridge-recheck-timer] -   Checking feature Integrated_Metrics_Center
[INFO ] 2026-07-03 23:09:38 [com.cadence.softshare.service.LmApi] [shared-license-bridge-recheck-timer] - 5280@cadence Heartbeat Status for feature Integrated_Metrics_Center with checkout data ACD1645181497 = 0
[INFO ] 2026-07-03 23:09:38 [com.cadence.softshare.service.LmApi] [shared-license-bridge-recheck-timer] - Skipping verify checkout handle as it is disabled
[INFO ] 2026-07-03 23:09:38 [com.cadence.softshare.service.LmApi] [shared-license-bridge-recheck-timer] - Skipping force checkin old handles as it is disabled
[INFO ] 2026-07-03 23:09:38 [com.cadence.softshare.service.LmApi] [shared-license-bridge-recheck-timer] -   Time spent in server Recheck was 2
[INFO ] 2026-07-03 23:09:38 [com.cadence.softshare.service.LmApi] [shared-license-bridge-recheck-timer] - Re-check completed with status 0 (time 2).
[INFO ] 2026-07-03 23:09:38 [com.cadence.softshare.service.LmApi] [shared-license-bridge-recheck-timer] - Recheck started ....
[INFO ] 2026-07-03 23:09:38 [com.cadence.softshare.service.LmApi] [shared-license-bridge-recheck-timer] - Minimum recheck interval has elapsed. Will be doing a real recheck
[INFO ] 2026-07-03 23:09:38 [com.cadence.softshare.service.LmApi] [shared-license-bridge-recheck-timer] - lmiFailureCount = 0
[INFO ] 2026-07-03 23:09:38 [com.cadence.softshare.service.LmApi] [shared-license-bridge-recheck-timer] -   Checking feature Integrated_Metrics_Center
[INFO ] 2026-07-03 23:09:38 [com.cadence.softshare.service.LmApi] [shared-license-bridge-recheck-timer] - 5280@cadence Heartbeat Status for feature Integrated_Metrics_Center with checkout data ACD727491956 = 0
[INFO ] 2026-07-03 23:09:38 [com.cadence.softshare.service.LmApi] [shared-license-bridge-recheck-timer] - Skipping verify checkout handle as it is disabled
[INFO ] 2026-07-03 23:09:38 [com.cadence.softshare.service.LmApi] [shared-license-bridge-recheck-timer] - Skipping force checkin old handles as it is disabled
[INFO ] 2026-07-03 23:09:38 [com.cadence.softshare.service.LmApi] [shared-license-bridge-recheck-timer] -   Time spent in server Recheck was 1
[INFO ] 2026-07-03 23:09:38 [com.cadence.softshare.service.LmApi] [shared-license-bridge-recheck-timer] - Re-check completed with status 0 (time 2).
[INFO ] 2026-07-03 23:09:38 [com.cadence.softshare.service.LmApi] [shared-license-bridge-recheck-timer] - Recheck started ....
[INFO ] 2026-07-03 23:09:38 [com.cadence.softshare.service.LmApi] [shared-license-bridge-recheck-timer] - Minimum recheck interval has elapsed. Will be doing a real recheck
[INFO ] 2026-07-03 23:09:38 [com.cadence.softshare.service.LmApi] [shared-license-bridge-recheck-timer] - lmiFailureCount = 0
[INFO ] 2026-07-03 23:09:38 [com.cadence.softshare.service.LmApi] [shared-license-bridge-recheck-timer] -   Checking feature Integrated_Metrics_Center
[INFO ] 2026-07-03 23:09:38 [com.cadence.softshare.service.LmApi] [shared-license-bridge-recheck-timer] - 5280@cadence Heartbeat Status for feature Integrated_Metrics_Center with checkout data ACD727491956 = 0
[INFO ] 2026-07-03 23:09:38 [com.cadence.softshare.service.LmApi] [shared-license-bridge-recheck-timer] - Skipping verify checkout handle as it is disabled
[INFO ] 2026-07-03 23:09:38 [com.cadence.softshare.service.LmApi] [shared-license-bridge-recheck-timer] - Skipping force checkin old handles as it is disabled
[INFO ] 2026-07-03 23:09:38 [com.cadence.softshare.service.LmApi] [shared-license-bridge-recheck-timer] -   Time spent in server Recheck was 2
[INFO ] 2026-07-03 23:09:38 [com.cadence.softshare.service.LmApi] [shared-license-bridge-recheck-timer] - Re-check completed with status 0 (time 3).
[INFO ] 2026-07-03 23:09:41 [com.cadence.softshare.service.LmApi] [shared-license-bridge-recheck-timer] - Recheck started ....
[INFO ] 2026-07-03 23:09:41 [com.cadence.softshare.service.LmApi] [shared-license-bridge-recheck-timer] - Minimum recheck interval has elapsed. Will be doing a real recheck
[INFO ] 2026-07-03 23:09:41 [com.cadence.softshare.service.LmApi] [shared-license-bridge-recheck-timer] - lmiFailureCount = 0
[INFO ] 2026-07-03 23:09:41 [com.cadence.softshare.service.LmApi] [shared-license-bridge-recheck-timer] -   Checking feature Integrated_Metrics_Center
[INFO ] 2026-07-03 23:09:41 [com.cadence.softshare.service.LmApi] [shared-license-bridge-recheck-timer] - 5280@cadence Heartbeat Status for feature Integrated_Metrics_Center with checkout data ACD1645181497 = 0
[INFO ] 2026-07-03 23:09:41 [com.cadence.softshare.service.LmApi] [shared-license-bridge-recheck-timer] - Skipping verify checkout handle as it is disabled
[INFO ] 2026-07-03 23:09:41 [com.cadence.softshare.service.LmApi] [shared-license-bridge-recheck-timer] - Skipping force checkin old handles as it is disabled
[INFO ] 2026-07-03 23:09:41 [com.cadence.softshare.service.LmApi] [shared-license-bridge-recheck-timer] -   Time spent in server Recheck was 2
[INFO ] 2026-07-03 23:09:41 [com.cadence.softshare.service.LmApi] [shared-license-bridge-recheck-timer] - Re-check completed with status 0 (time 3).
[INFO ] 2026-07-03 23:09:41 [com.cadence.softshare.service.LmApi] [shared-license-bridge-recheck-timer] - Recheck started ....
[INFO ] 2026-07-03 23:09:41 [com.cadence.softshare.service.LmApi] [shared-license-bridge-recheck-timer] - Minimum recheck interval has elapsed. Will be doing a real recheck
[INFO ] 2026-07-03 23:09:41 [com.cadence.softshare.service.LmApi] [shared-license-bridge-recheck-timer] - lmiFailureCount = 0
[INFO ] 2026-07-03 23:09:41 [com.cadence.softshare.service.LmApi] [shared-license-bridge-recheck-timer] -   Checking feature Integrated_Metrics_Center
[INFO ] 2026-07-03 23:09:41 [com.cadence.softshare.service.LmApi] [shared-license-bridge-recheck-timer] - 5280@cadence Heartbeat Status for feature Integrated_Metrics_Center with checkout data ACD1645181497 = 0
[INFO ] 2026-07-03 23:09:41 [com.cadence.softshare.service.LmApi] [shared-license-bridge-recheck-timer] - Skipping verify checkout handle as it is disabled
[INFO ] 2026-07-03 23:09:41 [com.cadence.softshare.service.LmApi] [shared-license-bridge-recheck-timer] - Skipping force checkin old handles as it is disabled
[INFO ] 2026-07-03 23:09:41 [com.cadence.softshare.service.LmApi] [shared-license-bridge-recheck-timer] -   Time spent in server Recheck was 2
[INFO ] 2026-07-03 23:09:41 [com.cadence.softshare.service.LmApi] [shared-license-bridge-recheck-timer] - Re-check completed with status 0 (time 2).
[INFO ] 2026-07-03 23:14:35 [com.cadence.softshare.service.LmApi] [shared-license-bridge-recheck-timer] - Recheck started ....
[INFO ] 2026-07-03 23:14:35 [com.cadence.softshare.service.LmApi] [shared-license-bridge-recheck-timer] - Minimum recheck interval has elapsed. Will be doing a real recheck
[INFO ] 2026-07-03 23:14:35 [com.cadence.softshare.service.LmApi] [shared-license-bridge-recheck-timer] - lmiFailureCount = 0
[INFO ] 2026-07-03 23:14:35 [com.cadence.softshare.service.LmApi] [shared-license-bridge-recheck-timer] -   Checking feature Integrated_Metrics_Center
[INFO ] 2026-07-03 23:14:35 [com.cadence.softshare.service.LmApi] [shared-license-bridge-recheck-timer] - 5280@cadence Heartbeat Status for feature Integrated_Metrics_Center with checkout data ACD727491956 = 0
[INFO ] 2026-07-03 23:14:35 [com.cadence.softshare.service.LmApi] [shared-license-bridge-recheck-timer] - Skipping verify checkout handle as it is disabled
[INFO ] 2026-07-03 23:14:35 [com.cadence.softshare.service.LmApi] [shared-license-bridge-recheck-timer] - Skipping force checkin old handles as it is disabled
[INFO ] 2026-07-03 23:14:35 [com.cadence.softshare.service.LmApi] [shared-license-bridge-recheck-timer] -   Time spent in server Recheck was 2
[INFO ] 2026-07-03 23:14:35 [com.cadence.softshare.service.LmApi] [shared-license-bridge-recheck-timer] - Re-check completed with status 0 (time 4).
[INFO ] 2026-07-03 23:14:38 [com.cadence.softshare.service.LmApi] [shared-license-bridge-recheck-timer] - Recheck started ....
[INFO ] 2026-07-03 23:14:38 [com.cadence.softshare.service.LmApi] [shared-license-bridge-recheck-timer] - Minimum recheck interval has elapsed. Will be doing a real recheck
[INFO ] 2026-07-03 23:14:38 [com.cadence.softshare.service.LmApi] [shared-license-bridge-recheck-timer] - lmiFailureCount = 0
[INFO ] 2026-07-03 23:14:38 [com.cadence.softshare.service.LmApi] [shared-license-bridge-recheck-timer] -   Checking feature Integrated_Metrics_Center
[INFO ] 2026-07-03 23:14:38 [com.cadence.softshare.service.LmApi] [shared-license-bridge-recheck-timer] - 5280@cadence Heartbeat Status for feature Integrated_Metrics_Center with checkout data ACD1645181497 = 0
[INFO ] 2026-07-03 23:14:38 [com.cadence.softshare.service.LmApi] [shared-license-bridge-recheck-timer] - Skipping verify checkout handle as it is disabled
[INFO ] 2026-07-03 23:14:38 [com.cadence.softshare.service.LmApi] [shared-license-bridge-recheck-timer] - Skipping force checkin old handles as it is disabled
[INFO ] 2026-07-03 23:14:38 [com.cadence.softshare.service.LmApi] [shared-license-bridge-recheck-timer] -   Time spent in server Recheck was 1
[INFO ] 2026-07-03 23:14:38 [com.cadence.softshare.service.LmApi] [shared-license-bridge-recheck-timer] - Re-check completed with status 0 (time 2).
[INFO ] 2026-07-03 23:14:38 [com.cadence.softshare.service.LmApi] [shared-license-bridge-recheck-timer] - Recheck started ....
[INFO ] 2026-07-03 23:14:38 [com.cadence.softshare.service.LmApi] [shared-license-bridge-recheck-timer] - Minimum recheck interval has elapsed. Will be doing a real recheck
[INFO ] 2026-07-03 23:14:38 [com.cadence.softshare.service.LmApi] [shared-license-bridge-recheck-timer] - lmiFailureCount = 0
[INFO ] 2026-07-03 23:14:38 [com.cadence.softshare.service.LmApi] [shared-license-bridge-recheck-timer] -   Checking feature Integrated_Metrics_Center
[INFO ] 2026-07-03 23:14:38 [com.cadence.softshare.service.LmApi] [shared-license-bridge-recheck-timer] - 5280@cadence Heartbeat Status for feature Integrated_Metrics_Center with checkout data ACD727491956 = 0
[INFO ] 2026-07-03 23:14:38 [com.cadence.softshare.service.LmApi] [shared-license-bridge-recheck-timer] - Skipping verify checkout handle as it is disabled
[INFO ] 2026-07-03 23:14:38 [com.cadence.softshare.service.LmApi] [shared-license-bridge-recheck-timer] - Skipping force checkin old handles as it is disabled
[INFO ] 2026-07-03 23:14:38 [com.cadence.softshare.service.LmApi] [shared-license-bridge-recheck-timer] -   Time spent in server Recheck was 1
[INFO ] 2026-07-03 23:14:38 [com.cadence.softshare.service.LmApi] [shared-license-bridge-recheck-timer] - Re-check completed with status 0 (time 1).
[INFO ] 2026-07-03 23:14:38 [com.cadence.softshare.service.LmApi] [shared-license-bridge-recheck-timer] - Recheck started ....
[INFO ] 2026-07-03 23:14:38 [com.cadence.softshare.service.LmApi] [shared-license-bridge-recheck-timer] - Minimum recheck interval has elapsed. Will be doing a real recheck
[INFO ] 2026-07-03 23:14:38 [com.cadence.softshare.service.LmApi] [shared-license-bridge-recheck-timer] - lmiFailureCount = 0
[INFO ] 2026-07-03 23:14:38 [com.cadence.softshare.service.LmApi] [shared-license-bridge-recheck-timer] -   Checking feature Integrated_Metrics_Center
[INFO ] 2026-07-03 23:14:38 [com.cadence.softshare.service.LmApi] [shared-license-bridge-recheck-timer] - 5280@cadence Heartbeat Status for feature Integrated_Metrics_Center with checkout data ACD727491956 = 0
[INFO ] 2026-07-03 23:14:38 [com.cadence.softshare.service.LmApi] [shared-license-bridge-recheck-timer] - Skipping verify checkout handle as it is disabled
[INFO ] 2026-07-03 23:14:38 [com.cadence.softshare.service.LmApi] [shared-license-bridge-recheck-timer] - Skipping force checkin old handles as it is disabled
[INFO ] 2026-07-03 23:14:38 [com.cadence.softshare.service.LmApi] [shared-license-bridge-recheck-timer] -   Time spent in server Recheck was 1
[INFO ] 2026-07-03 23:14:38 [com.cadence.softshare.service.LmApi] [shared-license-bridge-recheck-timer] - Re-check completed with status 0 (time 2).
[INFO ] 2026-07-03 23:14:41 [com.cadence.softshare.service.LmApi] [shared-license-bridge-recheck-timer] - Recheck started ....
[INFO ] 2026-07-03 23:14:41 [com.cadence.softshare.service.LmApi] [shared-license-bridge-recheck-timer] - Minimum recheck interval has elapsed. Will be doing a real recheck
[INFO ] 2026-07-03 23:14:41 [com.cadence.softshare.service.LmApi] [shared-license-bridge-recheck-timer] - lmiFailureCount = 0
[INFO ] 2026-07-03 23:14:41 [com.cadence.softshare.service.LmApi] [shared-license-bridge-recheck-timer] -   Checking feature Integrated_Metrics_Center
[INFO ] 2026-07-03 23:14:41 [com.cadence.softshare.service.LmApi] [shared-license-bridge-recheck-timer] - 5280@cadence Heartbeat Status for feature Integrated_Metrics_Center with checkout data ACD1645181497 = 0
[INFO ] 2026-07-03 23:14:41 [com.cadence.softshare.service.LmApi] [shared-license-bridge-recheck-timer] - Skipping verify checkout handle as it is disabled
[INFO ] 2026-07-03 23:14:41 [com.cadence.softshare.service.LmApi] [shared-license-bridge-recheck-timer] - Skipping force checkin old handles as it is disabled
[INFO ] 2026-07-03 23:14:41 [com.cadence.softshare.service.LmApi] [shared-license-bridge-recheck-timer] -   Time spent in server Recheck was 1
[INFO ] 2026-07-03 23:14:41 [com.cadence.softshare.service.LmApi] [shared-license-bridge-recheck-timer] - Re-check completed with status 0 (time 2).
[INFO ] 2026-07-03 23:14:41 [com.cadence.softshare.service.LmApi] [shared-license-bridge-recheck-timer] - Recheck started ....
[INFO ] 2026-07-03 23:14:41 [com.cadence.softshare.service.LmApi] [shared-license-bridge-recheck-timer] - Minimum recheck interval has elapsed. Will be doing a real recheck
[INFO ] 2026-07-03 23:14:41 [com.cadence.softshare.service.LmApi] [shared-license-bridge-recheck-timer] - lmiFailureCount = 0
[INFO ] 2026-07-03 23:14:41 [com.cadence.softshare.service.LmApi] [shared-license-bridge-recheck-timer] -   Checking feature Integrated_Metrics_Center
[INFO ] 2026-07-03 23:14:41 [com.cadence.softshare.service.LmApi] [shared-license-bridge-recheck-timer] - 5280@cadence Heartbeat Status for feature Integrated_Metrics_Center with checkout data ACD1645181497 = 0
[INFO ] 2026-07-03 23:14:41 [com.cadence.softshare.service.LmApi] [shared-license-bridge-recheck-timer] - Skipping verify checkout handle as it is disabled
[INFO ] 2026-07-03 23:14:41 [com.cadence.softshare.service.LmApi] [shared-license-bridge-recheck-timer] - Skipping force checkin old handles as it is disabled
[INFO ] 2026-07-03 23:14:41 [com.cadence.softshare.service.LmApi] [shared-license-bridge-recheck-timer] -   Time spent in server Recheck was 2
[INFO ] 2026-07-03 23:14:41 [com.cadence.softshare.service.LmApi] [shared-license-bridge-recheck-timer] - Re-check completed with status 0 (time 4).
[INFO ] 2026-07-03 23:19:35 [com.cadence.softshare.service.LmApi] [shared-license-bridge-recheck-timer] - Recheck started ....
[INFO ] 2026-07-03 23:19:35 [com.cadence.softshare.service.LmApi] [shared-license-bridge-recheck-timer] - Minimum recheck interval has elapsed. Will be doing a real recheck
[INFO ] 2026-07-03 23:19:35 [com.cadence.softshare.service.LmApi] [shared-license-bridge-recheck-timer] - lmiFailureCount = 0
[INFO ] 2026-07-03 23:19:35 [com.cadence.softshare.service.LmApi] [shared-license-bridge-recheck-timer] -   Checking feature Integrated_Metrics_Center
[INFO ] 2026-07-03 23:19:35 [com.cadence.softshare.service.LmApi] [shared-license-bridge-recheck-timer] - 5280@cadence Heartbeat Status for feature Integrated_Metrics_Center with checkout data ACD727491956 = 0
[INFO ] 2026-07-03 23:19:35 [com.cadence.softshare.service.LmApi] [shared-license-bridge-recheck-timer] - Skipping verify checkout handle as it is disabled
[INFO ] 2026-07-03 23:19:35 [com.cadence.softshare.service.LmApi] [shared-license-bridge-recheck-timer] - Skipping force checkin old handles as it is disabled
[INFO ] 2026-07-03 23:19:35 [com.cadence.softshare.service.LmApi] [shared-license-bridge-recheck-timer] -   Time spent in server Recheck was 1
[INFO ] 2026-07-03 23:19:35 [com.cadence.softshare.service.LmApi] [shared-license-bridge-recheck-timer] - Re-check completed with status 0 (time 1).
[INFO ] 2026-07-03 23:19:38 [com.cadence.softshare.service.LmApi] [shared-license-bridge-recheck-timer] - Recheck started ....
[INFO ] 2026-07-03 23:19:38 [com.cadence.softshare.service.LmApi] [shared-license-bridge-recheck-timer] - Minimum recheck interval has elapsed. Will be doing a real recheck
[INFO ] 2026-07-03 23:19:38 [com.cadence.softshare.service.LmApi] [shared-license-bridge-recheck-timer] - lmiFailureCount = 0
[INFO ] 2026-07-03 23:19:38 [com.cadence.softshare.service.LmApi] [shared-license-bridge-recheck-timer] -   Checking feature Integrated_Metrics_Center
[INFO ] 2026-07-03 23:19:38 [com.cadence.softshare.service.LmApi] [shared-license-bridge-recheck-timer] - 5280@cadence Heartbeat Status for feature Integrated_Metrics_Center with checkout data ACD1645181497 = 0
[INFO ] 2026-07-03 23:19:38 [com.cadence.softshare.service.LmApi] [shared-license-bridge-recheck-timer] - Skipping verify checkout handle as it is disabled
[INFO ] 2026-07-03 23:19:38 [com.cadence.softshare.service.LmApi] [shared-license-bridge-recheck-timer] - Skipping force checkin old handles as it is disabled
[INFO ] 2026-07-03 23:19:38 [com.cadence.softshare.service.LmApi] [shared-license-bridge-recheck-timer] -   Time spent in server Recheck was 1
[INFO ] 2026-07-03 23:19:38 [com.cadence.softshare.service.LmApi] [shared-license-bridge-recheck-timer] - Re-check completed with status 0 (time 2).
[INFO ] 2026-07-03 23:19:39 [com.cadence.softshare.service.LmApi] [shared-license-bridge-recheck-timer] - Recheck started ....
[INFO ] 2026-07-03 23:19:39 [com.cadence.softshare.service.LmApi] [shared-license-bridge-recheck-timer] - Minimum recheck interval has elapsed. Will be doing a real recheck
[INFO ] 2026-07-03 23:19:39 [com.cadence.softshare.service.LmApi] [shared-license-bridge-recheck-timer] - lmiFailureCount = 0
[INFO ] 2026-07-03 23:19:39 [com.cadence.softshare.service.LmApi] [shared-license-bridge-recheck-timer] -   Checking feature Integrated_Metrics_Center
[INFO ] 2026-07-03 23:19:39 [com.cadence.softshare.service.LmApi] [shared-license-bridge-recheck-timer] - 5280@cadence Heartbeat Status for feature Integrated_Metrics_Center with checkout data ACD727491956 = 0
[INFO ] 2026-07-03 23:19:39 [com.cadence.softshare.service.LmApi] [shared-license-bridge-recheck-timer] - Skipping verify checkout handle as it is disabled
[INFO ] 2026-07-03 23:19:39 [com.cadence.softshare.service.LmApi] [shared-license-bridge-recheck-timer] - Skipping force checkin old handles as it is disabled
[INFO ] 2026-07-03 23:19:39 [com.cadence.softshare.service.LmApi] [shared-license-bridge-recheck-timer] -   Time spent in server Recheck was 2
[INFO ] 2026-07-03 23:19:39 [com.cadence.softshare.service.LmApi] [shared-license-bridge-recheck-timer] - Re-check completed with status 0 (time 3).
[INFO ] 2026-07-03 23:19:39 [com.cadence.softshare.service.LmApi] [shared-license-bridge-recheck-timer] - Recheck started ....
[INFO ] 2026-07-03 23:19:39 [com.cadence.softshare.service.LmApi] [shared-license-bridge-recheck-timer] - Minimum recheck interval has elapsed. Will be doing a real recheck
[INFO ] 2026-07-03 23:19:39 [com.cadence.softshare.service.LmApi] [shared-license-bridge-recheck-timer] - lmiFailureCount = 0
[INFO ] 2026-07-03 23:19:39 [com.cadence.softshare.service.LmApi] [shared-license-bridge-recheck-timer] -   Checking feature Integrated_Metrics_Center
[INFO ] 2026-07-03 23:19:39 [com.cadence.softshare.service.LmApi] [shared-license-bridge-recheck-timer] - 5280@cadence Heartbeat Status for feature Integrated_Metrics_Center with checkout data ACD727491956 = 0
[INFO ] 2026-07-03 23:19:39 [com.cadence.softshare.service.LmApi] [shared-license-bridge-recheck-timer] - Skipping verify checkout handle as it is disabled
[INFO ] 2026-07-03 23:19:39 [com.cadence.softshare.service.LmApi] [shared-license-bridge-recheck-timer] - Skipping force checkin old handles as it is disabled
[INFO ] 2026-07-03 23:19:39 [com.cadence.softshare.service.LmApi] [shared-license-bridge-recheck-timer] -   Time spent in server Recheck was 2
[INFO ] 2026-07-03 23:19:39 [com.cadence.softshare.service.LmApi] [shared-license-bridge-recheck-timer] - Re-check completed with status 0 (time 3).
[INFO ] 2026-07-03 23:19:41 [com.cadence.softshare.service.LmApi] [shared-license-bridge-recheck-timer] - Recheck started ....
[INFO ] 2026-07-03 23:19:41 [com.cadence.softshare.service.LmApi] [shared-license-bridge-recheck-timer] - Minimum recheck interval has elapsed. Will be doing a real recheck
[INFO ] 2026-07-03 23:19:41 [com.cadence.softshare.service.LmApi] [shared-license-bridge-recheck-timer] - lmiFailureCount = 0
[INFO ] 2026-07-03 23:19:41 [com.cadence.softshare.service.LmApi] [shared-license-bridge-recheck-timer] -   Checking feature Integrated_Metrics_Center
[INFO ] 2026-07-03 23:19:41 [com.cadence.softshare.service.LmApi] [shared-license-bridge-recheck-timer] - 5280@cadence Heartbeat Status for feature Integrated_Metrics_Center with checkout data ACD1645181497 = 0
[INFO ] 2026-07-03 23:19:41 [com.cadence.softshare.service.LmApi] [shared-license-bridge-recheck-timer] - Skipping verify checkout handle as it is disabled
[INFO ] 2026-07-03 23:19:41 [com.cadence.softshare.service.LmApi] [shared-license-bridge-recheck-timer] - Skipping force checkin old handles as it is disabled
[INFO ] 2026-07-03 23:19:41 [com.cadence.softshare.service.LmApi] [shared-license-bridge-recheck-timer] -   Time spent in server Recheck was 2
[INFO ] 2026-07-03 23:19:41 [com.cadence.softshare.service.LmApi] [shared-license-bridge-recheck-timer] - Re-check completed with status 0 (time 3).
[INFO ] 2026-07-03 23:19:41 [com.cadence.softshare.service.LmApi] [shared-license-bridge-recheck-timer] - Recheck started ....
[INFO ] 2026-07-03 23:19:41 [com.cadence.softshare.service.LmApi] [shared-license-bridge-recheck-timer] - Minimum recheck interval has elapsed. Will be doing a real recheck
[INFO ] 2026-07-03 23:19:41 [com.cadence.softshare.service.LmApi] [shared-license-bridge-recheck-timer] - lmiFailureCount = 0
[INFO ] 2026-07-03 23:19:41 [com.cadence.softshare.service.LmApi] [shared-license-bridge-recheck-timer] -   Checking feature Integrated_Metrics_Center
[INFO ] 2026-07-03 23:19:41 [com.cadence.softshare.service.LmApi] [shared-license-bridge-recheck-timer] - 5280@cadence Heartbeat Status for feature Integrated_Metrics_Center with checkout data ACD1645181497 = 0
[INFO ] 2026-07-03 23:19:41 [com.cadence.softshare.service.LmApi] [shared-license-bridge-recheck-timer] - Skipping verify checkout handle as it is disabled
[INFO ] 2026-07-03 23:19:41 [com.cadence.softshare.service.LmApi] [shared-license-bridge-recheck-timer] - Skipping force checkin old handles as it is disabled
[INFO ] 2026-07-03 23:19:41 [com.cadence.softshare.service.LmApi] [shared-license-bridge-recheck-timer] -   Time spent in server Recheck was 2
[INFO ] 2026-07-03 23:19:41 [com.cadence.softshare.service.LmApi] [shared-license-bridge-recheck-timer] - Re-check completed with status 0 (time 3).
[INFO ] 2026-07-03 23:24:35 [com.cadence.softshare.service.LmApi] [shared-license-bridge-recheck-timer] - Recheck started ....
[INFO ] 2026-07-03 23:24:35 [com.cadence.softshare.service.LmApi] [shared-license-bridge-recheck-timer] - Minimum recheck interval has elapsed. Will be doing a real recheck
[INFO ] 2026-07-03 23:24:35 [com.cadence.softshare.service.LmApi] [shared-license-bridge-recheck-timer] - lmiFailureCount = 0
[INFO ] 2026-07-03 23:24:35 [com.cadence.softshare.service.LmApi] [shared-license-bridge-recheck-timer] -   Checking feature Integrated_Metrics_Center
[INFO ] 2026-07-03 23:24:35 [com.cadence.softshare.service.LmApi] [shared-license-bridge-recheck-timer] - 5280@cadence Heartbeat Status for feature Integrated_Metrics_Center with checkout data ACD727491956 = 0
[INFO ] 2026-07-03 23:24:35 [com.cadence.softshare.service.LmApi] [shared-license-bridge-recheck-timer] - Skipping verify checkout handle as it is disabled
[INFO ] 2026-07-03 23:24:35 [com.cadence.softshare.service.LmApi] [shared-license-bridge-recheck-timer] - Skipping force checkin old handles as it is disabled
[INFO ] 2026-07-03 23:24:35 [com.cadence.softshare.service.LmApi] [shared-license-bridge-recheck-timer] -   Time spent in server Recheck was 1
[INFO ] 2026-07-03 23:24:35 [com.cadence.softshare.service.LmApi] [shared-license-bridge-recheck-timer] - Re-check completed with status 0 (time 2).
[INFO ] 2026-07-03 23:24:38 [com.cadence.softshare.service.LmApi] [shared-license-bridge-recheck-timer] - Recheck started ....
[INFO ] 2026-07-03 23:24:38 [com.cadence.softshare.service.LmApi] [shared-license-bridge-recheck-timer] - Minimum recheck interval has elapsed. Will be doing a real recheck
[INFO ] 2026-07-03 23:24:38 [com.cadence.softshare.service.LmApi] [shared-license-bridge-recheck-timer] - lmiFailureCount = 0
[INFO ] 2026-07-03 23:24:38 [com.cadence.softshare.service.LmApi] [shared-license-bridge-recheck-timer] -   Checking feature Integrated_Metrics_Center
[INFO ] 2026-07-03 23:24:38 [com.cadence.softshare.service.LmApi] [shared-license-bridge-recheck-timer] - 5280@cadence Heartbeat Status for feature Integrated_Metrics_Center with checkout data ACD1645181497 = 0
[INFO ] 2026-07-03 23:24:38 [com.cadence.softshare.service.LmApi] [shared-license-bridge-recheck-timer] - Skipping verify checkout handle as it is disabled
[INFO ] 2026-07-03 23:24:38 [com.cadence.softshare.service.LmApi] [shared-license-bridge-recheck-timer] - Skipping force checkin old handles as it is disabled
[INFO ] 2026-07-03 23:24:38 [com.cadence.softshare.service.LmApi] [shared-license-bridge-recheck-timer] -   Time spent in server Recheck was 2
[INFO ] 2026-07-03 23:24:38 [com.cadence.softshare.service.LmApi] [shared-license-bridge-recheck-timer] - Re-check completed with status 0 (time 3).
[INFO ] 2026-07-03 23:24:39 [com.cadence.softshare.service.LmApi] [shared-license-bridge-recheck-timer] - Recheck started ....
[INFO ] 2026-07-03 23:24:39 [com.cadence.softshare.service.LmApi] [shared-license-bridge-recheck-timer] - Minimum recheck interval has elapsed. Will be doing a real recheck
[INFO ] 2026-07-03 23:24:39 [com.cadence.softshare.service.LmApi] [shared-license-bridge-recheck-timer] - lmiFailureCount = 0
[INFO ] 2026-07-03 23:24:39 [com.cadence.softshare.service.LmApi] [shared-license-bridge-recheck-timer] -   Checking feature Integrated_Metrics_Center
[INFO ] 2026-07-03 23:24:39 [com.cadence.softshare.service.LmApi] [shared-license-bridge-recheck-timer] - 5280@cadence Heartbeat Status for feature Integrated_Metrics_Center with checkout data ACD727491956 = 0
[INFO ] 2026-07-03 23:24:39 [com.cadence.softshare.service.LmApi] [shared-license-bridge-recheck-timer] - Skipping verify checkout handle as it is disabled
[INFO ] 2026-07-03 23:24:39 [com.cadence.softshare.service.LmApi] [shared-license-bridge-recheck-timer] - Skipping force checkin old handles as it is disabled
[INFO ] 2026-07-03 23:24:39 [com.cadence.softshare.service.LmApi] [shared-license-bridge-recheck-timer] -   Time spent in server Recheck was 2
[INFO ] 2026-07-03 23:24:39 [com.cadence.softshare.service.LmApi] [shared-license-bridge-recheck-timer] - Re-check completed with status 0 (time 3).
[INFO ] 2026-07-03 23:24:39 [com.cadence.softshare.service.LmApi] [shared-license-bridge-recheck-timer] - Recheck started ....
[INFO ] 2026-07-03 23:24:39 [com.cadence.softshare.service.LmApi] [shared-license-bridge-recheck-timer] - Minimum recheck interval has elapsed. Will be doing a real recheck
[INFO ] 2026-07-03 23:24:39 [com.cadence.softshare.service.LmApi] [shared-license-bridge-recheck-timer] - lmiFailureCount = 0
[INFO ] 2026-07-03 23:24:39 [com.cadence.softshare.service.LmApi] [shared-license-bridge-recheck-timer] -   Checking feature Integrated_Metrics_Center
[INFO ] 2026-07-03 23:24:39 [com.cadence.softshare.service.LmApi] [shared-license-bridge-recheck-timer] - 5280@cadence Heartbeat Status for feature Integrated_Metrics_Center with checkout data ACD727491956 = 0
[INFO ] 2026-07-03 23:24:39 [com.cadence.softshare.service.LmApi] [shared-license-bridge-recheck-timer] - Skipping verify checkout handle as it is disabled
[INFO ] 2026-07-03 23:24:39 [com.cadence.softshare.service.LmApi] [shared-license-bridge-recheck-timer] - Skipping force checkin old handles as it is disabled
[INFO ] 2026-07-03 23:24:39 [com.cadence.softshare.service.LmApi] [shared-license-bridge-recheck-timer] -   Time spent in server Recheck was 1
[INFO ] 2026-07-03 23:24:39 [com.cadence.softshare.service.LmApi] [shared-license-bridge-recheck-timer] - Re-check completed with status 0 (time 1).
[INFO ] 2026-07-03 23:24:41 [com.cadence.softshare.service.LmApi] [shared-license-bridge-recheck-timer] - Recheck started ....
[INFO ] 2026-07-03 23:24:41 [com.cadence.softshare.service.LmApi] [shared-license-bridge-recheck-timer] - Minimum recheck interval has elapsed. Will be doing a real recheck
[INFO ] 2026-07-03 23:24:41 [com.cadence.softshare.service.LmApi] [shared-license-bridge-recheck-timer] - lmiFailureCount = 0
[INFO ] 2026-07-03 23:24:41 [com.cadence.softshare.service.LmApi] [shared-license-bridge-recheck-timer] -   Checking feature Integrated_Metrics_Center
[INFO ] 2026-07-03 23:24:41 [com.cadence.softshare.service.LmApi] [shared-license-bridge-recheck-timer] - 5280@cadence Heartbeat Status for feature Integrated_Metrics_Center with checkout data ACD1645181497 = 0
[INFO ] 2026-07-03 23:24:41 [com.cadence.softshare.service.LmApi] [shared-license-bridge-recheck-timer] - Skipping verify checkout handle as it is disabled
[INFO ] 2026-07-03 23:24:41 [com.cadence.softshare.service.LmApi] [shared-license-bridge-recheck-timer] - Skipping force checkin old handles as it is disabled
[INFO ] 2026-07-03 23:24:41 [com.cadence.softshare.service.LmApi] [shared-license-bridge-recheck-timer] -   Time spent in server Recheck was 2
[INFO ] 2026-07-03 23:24:41 [com.cadence.softshare.service.LmApi] [shared-license-bridge-recheck-timer] - Re-check completed with status 0 (time 4).
[INFO ] 2026-07-03 23:24:41 [com.cadence.softshare.service.LmApi] [shared-license-bridge-recheck-timer] - Recheck started ....
[INFO ] 2026-07-03 23:24:41 [com.cadence.softshare.service.LmApi] [shared-license-bridge-recheck-timer] - Minimum recheck interval has elapsed. Will be doing a real recheck
[INFO ] 2026-07-03 23:24:41 [com.cadence.softshare.service.LmApi] [shared-license-bridge-recheck-timer] - lmiFailureCount = 0
[INFO ] 2026-07-03 23:24:41 [com.cadence.softshare.service.LmApi] [shared-license-bridge-recheck-timer] -   Checking feature Integrated_Metrics_Center
[INFO ] 2026-07-03 23:24:41 [com.cadence.softshare.service.LmApi] [shared-license-bridge-recheck-timer] - 5280@cadence Heartbeat Status for feature Integrated_Metrics_Center with checkout data ACD1645181497 = 0
[INFO ] 2026-07-03 23:24:41 [com.cadence.softshare.service.LmApi] [shared-license-bridge-recheck-timer] - Skipping verify checkout handle as it is disabled
[INFO ] 2026-07-03 23:24:41 [com.cadence.softshare.service.LmApi] [shared-license-bridge-recheck-timer] - Skipping force checkin old handles as it is disabled
[INFO ] 2026-07-03 23:24:41 [com.cadence.softshare.service.LmApi] [shared-license-bridge-recheck-timer] -   Time spent in server Recheck was 4
[INFO ] 2026-07-03 23:24:41 [com.cadence.softshare.service.LmApi] [shared-license-bridge-recheck-timer] - Re-check completed with status 0 (time 7).
[INFO ] 2026-07-03 23:29:35 [com.cadence.softshare.service.LmApi] [shared-license-bridge-recheck-timer] - Recheck started ....
[INFO ] 2026-07-03 23:29:35 [com.cadence.softshare.service.LmApi] [shared-license-bridge-recheck-timer] - Minimum recheck interval has elapsed. Will be doing a real recheck
[INFO ] 2026-07-03 23:29:35 [com.cadence.softshare.service.LmApi] [shared-license-bridge-recheck-timer] - lmiFailureCount = 0
[INFO ] 2026-07-03 23:29:35 [com.cadence.softshare.service.LmApi] [shared-license-bridge-recheck-timer] -   Checking feature Integrated_Metrics_Center
[INFO ] 2026-07-03 23:29:35 [com.cadence.softshare.service.LmApi] [shared-license-bridge-recheck-timer] - 5280@cadence Heartbeat Status for feature Integrated_Metrics_Center with checkout data ACD727491956 = 0
[INFO ] 2026-07-03 23:29:35 [com.cadence.softshare.service.LmApi] [shared-license-bridge-recheck-timer] - Skipping verify checkout handle as it is disabled
[INFO ] 2026-07-03 23:29:35 [com.cadence.softshare.service.LmApi] [shared-license-bridge-recheck-timer] - Skipping force checkin old handles as it is disabled
[INFO ] 2026-07-03 23:29:35 [com.cadence.softshare.service.LmApi] [shared-license-bridge-recheck-timer] -   Time spent in server Recheck was 2
[INFO ] 2026-07-03 23:29:35 [com.cadence.softshare.service.LmApi] [shared-license-bridge-recheck-timer] - Re-check completed with status 0 (time 3).
[INFO ] 2026-07-03 23:29:38 [com.cadence.softshare.service.LmApi] [shared-license-bridge-recheck-timer] - Recheck started ....
[INFO ] 2026-07-03 23:29:38 [com.cadence.softshare.service.LmApi] [shared-license-bridge-recheck-timer] - Minimum recheck interval has elapsed. Will be doing a real recheck
[INFO ] 2026-07-03 23:29:38 [com.cadence.softshare.service.LmApi] [shared-license-bridge-recheck-timer] - lmiFailureCount = 0
[INFO ] 2026-07-03 23:29:38 [com.cadence.softshare.service.LmApi] [shared-license-bridge-recheck-timer] -   Checking feature Integrated_Metrics_Center
[INFO ] 2026-07-03 23:29:38 [com.cadence.softshare.service.LmApi] [shared-license-bridge-recheck-timer] - 5280@cadence Heartbeat Status for feature Integrated_Metrics_Center with checkout data ACD1645181497 = 0
[INFO ] 2026-07-03 23:29:38 [com.cadence.softshare.service.LmApi] [shared-license-bridge-recheck-timer] - Skipping verify checkout handle as it is disabled
[INFO ] 2026-07-03 23:29:38 [com.cadence.softshare.service.LmApi] [shared-license-bridge-recheck-timer] - Skipping force checkin old handles as it is disabled
[INFO ] 2026-07-03 23:29:38 [com.cadence.softshare.service.LmApi] [shared-license-bridge-recheck-timer] -   Time spent in server Recheck was 1
[INFO ] 2026-07-03 23:29:38 [com.cadence.softshare.service.LmApi] [shared-license-bridge-recheck-timer] - Re-check completed with status 0 (time 2).
[INFO ] 2026-07-03 23:29:39 [com.cadence.softshare.service.LmApi] [shared-license-bridge-recheck-timer] - Recheck started ....
[INFO ] 2026-07-03 23:29:39 [com.cadence.softshare.service.LmApi] [shared-license-bridge-recheck-timer] - Minimum recheck interval has elapsed. Will be doing a real recheck
[INFO ] 2026-07-03 23:29:39 [com.cadence.softshare.service.LmApi] [shared-license-bridge-recheck-timer] - lmiFailureCount = 0
[INFO ] 2026-07-03 23:29:39 [com.cadence.softshare.service.LmApi] [shared-license-bridge-recheck-timer] -   Checking feature Integrated_Metrics_Center
[INFO ] 2026-07-03 23:29:39 [com.cadence.softshare.service.LmApi] [shared-license-bridge-recheck-timer] - 5280@cadence Heartbeat Status for feature Integrated_Metrics_Center with checkout data ACD727491956 = 0
[INFO ] 2026-07-03 23:29:39 [com.cadence.softshare.service.LmApi] [shared-license-bridge-recheck-timer] - Skipping verify checkout handle as it is disabled
[INFO ] 2026-07-03 23:29:39 [com.cadence.softshare.service.LmApi] [shared-license-bridge-recheck-timer] - Skipping force checkin old handles as it is disabled
[INFO ] 2026-07-03 23:29:39 [com.cadence.softshare.service.LmApi] [shared-license-bridge-recheck-timer] -   Time spent in server Recheck was 1
[INFO ] 2026-07-03 23:29:39 [com.cadence.softshare.service.LmApi] [shared-license-bridge-recheck-timer] - Re-check completed with status 0 (time 3).
[INFO ] 2026-07-03 23:29:39 [com.cadence.softshare.service.LmApi] [shared-license-bridge-recheck-timer] - Recheck started ....
[INFO ] 2026-07-03 23:29:39 [com.cadence.softshare.service.LmApi] [shared-license-bridge-recheck-timer] - Minimum recheck interval has elapsed. Will be doing a real recheck
[INFO ] 2026-07-03 23:29:39 [com.cadence.softshare.service.LmApi] [shared-license-bridge-recheck-timer] - lmiFailureCount = 0
[INFO ] 2026-07-03 23:29:39 [com.cadence.softshare.service.LmApi] [shared-license-bridge-recheck-timer] -   Checking feature Integrated_Metrics_Center
[INFO ] 2026-07-03 23:29:39 [com.cadence.softshare.service.LmApi] [shared-license-bridge-recheck-timer] - 5280@cadence Heartbeat Status for feature Integrated_Metrics_Center with checkout data ACD727491956 = 0
[INFO ] 2026-07-03 23:29:39 [com.cadence.softshare.service.LmApi] [shared-license-bridge-recheck-timer] - Skipping verify checkout handle as it is disabled
[INFO ] 2026-07-03 23:29:39 [com.cadence.softshare.service.LmApi] [shared-license-bridge-recheck-timer] - Skipping force checkin old handles as it is disabled
[INFO ] 2026-07-03 23:29:39 [com.cadence.softshare.service.LmApi] [shared-license-bridge-recheck-timer] -   Time spent in server Recheck was 1
[INFO ] 2026-07-03 23:29:39 [com.cadence.softshare.service.LmApi] [shared-license-bridge-recheck-timer] - Re-check completed with status 0 (time 1).
[INFO ] 2026-07-03 23:29:41 [com.cadence.softshare.service.LmApi] [shared-license-bridge-recheck-timer] - Recheck started ....
[INFO ] 2026-07-03 23:29:41 [com.cadence.softshare.service.LmApi] [shared-license-bridge-recheck-timer] - Minimum recheck interval has elapsed. Will be doing a real recheck
[INFO ] 2026-07-03 23:29:41 [com.cadence.softshare.service.LmApi] [shared-license-bridge-recheck-timer] - lmiFailureCount = 0
[INFO ] 2026-07-03 23:29:41 [com.cadence.softshare.service.LmApi] [shared-license-bridge-recheck-timer] -   Checking feature Integrated_Metrics_Center
[INFO ] 2026-07-03 23:29:41 [com.cadence.softshare.service.LmApi] [shared-license-bridge-recheck-timer] - 5280@cadence Heartbeat Status for feature Integrated_Metrics_Center with checkout data ACD1645181497 = 0
[INFO ] 2026-07-03 23:29:41 [com.cadence.softshare.service.LmApi] [shared-license-bridge-recheck-timer] - Skipping verify checkout handle as it is disabled
[INFO ] 2026-07-03 23:29:41 [com.cadence.softshare.service.LmApi] [shared-license-bridge-recheck-timer] - Skipping force checkin old handles as it is disabled
[INFO ] 2026-07-03 23:29:41 [com.cadence.softshare.service.LmApi] [shared-license-bridge-recheck-timer] -   Time spent in server Recheck was 2
[INFO ] 2026-07-03 23:29:41 [com.cadence.softshare.service.LmApi] [shared-license-bridge-recheck-timer] - Re-check completed with status 0 (time 3).
[INFO ] 2026-07-03 23:29:41 [com.cadence.softshare.service.LmApi] [shared-license-bridge-recheck-timer] - Recheck started ....
[INFO ] 2026-07-03 23:29:41 [com.cadence.softshare.service.LmApi] [shared-license-bridge-recheck-timer] - Minimum recheck interval has elapsed. Will be doing a real recheck
[INFO ] 2026-07-03 23:29:41 [com.cadence.softshare.service.LmApi] [shared-license-bridge-recheck-timer] - lmiFailureCount = 0
[INFO ] 2026-07-03 23:29:41 [com.cadence.softshare.service.LmApi] [shared-license-bridge-recheck-timer] -   Checking feature Integrated_Metrics_Center
[INFO ] 2026-07-03 23:29:41 [com.cadence.softshare.service.LmApi] [shared-license-bridge-recheck-timer] - 5280@cadence Heartbeat Status for feature Integrated_Metrics_Center with checkout data ACD1645181497 = 0
[INFO ] 2026-07-03 23:29:41 [com.cadence.softshare.service.LmApi] [shared-license-bridge-recheck-timer] - Skipping verify checkout handle as it is disabled
[INFO ] 2026-07-03 23:29:41 [com.cadence.softshare.service.LmApi] [shared-license-bridge-recheck-timer] - Skipping force checkin old handles as it is disabled
[INFO ] 2026-07-03 23:29:41 [com.cadence.softshare.service.LmApi] [shared-license-bridge-recheck-timer] -   Time spent in server Recheck was 2
[INFO ] 2026-07-03 23:29:41 [com.cadence.softshare.service.LmApi] [shared-license-bridge-recheck-timer] - Re-check completed with status 0 (time 2).
[INFO ] 2026-07-03 23:34:35 [com.cadence.softshare.service.LmApi] [shared-license-bridge-recheck-timer] - Recheck started ....
[INFO ] 2026-07-03 23:34:35 [com.cadence.softshare.service.LmApi] [shared-license-bridge-recheck-timer] - Minimum recheck interval has elapsed. Will be doing a real recheck
[INFO ] 2026-07-03 23:34:35 [com.cadence.softshare.service.LmApi] [shared-license-bridge-recheck-timer] - lmiFailureCount = 0
[INFO ] 2026-07-03 23:34:35 [com.cadence.softshare.service.LmApi] [shared-license-bridge-recheck-timer] -   Checking feature Integrated_Metrics_Center
[INFO ] 2026-07-03 23:34:35 [com.cadence.softshare.service.LmApi] [shared-license-bridge-recheck-timer] - 5280@cadence Heartbeat Status for feature Integrated_Metrics_Center with checkout data ACD727491956 = 0
[INFO ] 2026-07-03 23:34:35 [com.cadence.softshare.service.LmApi] [shared-license-bridge-recheck-timer] - Skipping verify checkout handle as it is disabled
[INFO ] 2026-07-03 23:34:35 [com.cadence.softshare.service.LmApi] [shared-license-bridge-recheck-timer] - Skipping force checkin old handles as it is disabled
[INFO ] 2026-07-03 23:34:35 [com.cadence.softshare.service.LmApi] [shared-license-bridge-recheck-timer] -   Time spent in server Recheck was 1
[INFO ] 2026-07-03 23:34:35 [com.cadence.softshare.service.LmApi] [shared-license-bridge-recheck-timer] - Re-check completed with status 0 (time 2).
[INFO ] 2026-07-03 23:34:38 [com.cadence.softshare.service.LmApi] [shared-license-bridge-recheck-timer] - Recheck started ....
[INFO ] 2026-07-03 23:34:38 [com.cadence.softshare.service.LmApi] [shared-license-bridge-recheck-timer] - Minimum recheck interval has elapsed. Will be doing a real recheck
[INFO ] 2026-07-03 23:34:38 [com.cadence.softshare.service.LmApi] [shared-license-bridge-recheck-timer] - lmiFailureCount = 0
[INFO ] 2026-07-03 23:34:38 [com.cadence.softshare.service.LmApi] [shared-license-bridge-recheck-timer] -   Checking feature Integrated_Metrics_Center
[INFO ] 2026-07-03 23:34:38 [com.cadence.softshare.service.LmApi] [shared-license-bridge-recheck-timer] - 5280@cadence Heartbeat Status for feature Integrated_Metrics_Center with checkout data ACD1645181497 = 0
[INFO ] 2026-07-03 23:34:38 [com.cadence.softshare.service.LmApi] [shared-license-bridge-recheck-timer] - Skipping verify checkout handle as it is disabled
[INFO ] 2026-07-03 23:34:38 [com.cadence.softshare.service.LmApi] [shared-license-bridge-recheck-timer] - Skipping force checkin old handles as it is disabled
[INFO ] 2026-07-03 23:34:38 [com.cadence.softshare.service.LmApi] [shared-license-bridge-recheck-timer] -   Time spent in server Recheck was 3
[INFO ] 2026-07-03 23:34:38 [com.cadence.softshare.service.LmApi] [shared-license-bridge-recheck-timer] - Re-check completed with status 0 (time 4).
[INFO ] 2026-07-03 23:34:39 [com.cadence.softshare.service.LmApi] [shared-license-bridge-recheck-timer] - Recheck started ....
[INFO ] 2026-07-03 23:34:39 [com.cadence.softshare.service.LmApi] [shared-license-bridge-recheck-timer] - Minimum recheck interval has elapsed. Will be doing a real recheck
[INFO ] 2026-07-03 23:34:39 [com.cadence.softshare.service.LmApi] [shared-license-bridge-recheck-timer] - lmiFailureCount = 0
[INFO ] 2026-07-03 23:34:39 [com.cadence.softshare.service.LmApi] [shared-license-bridge-recheck-timer] -   Checking feature Integrated_Metrics_Center
[INFO ] 2026-07-03 23:34:39 [com.cadence.softshare.service.LmApi] [shared-license-bridge-recheck-timer] - 5280@cadence Heartbeat Status for feature Integrated_Metrics_Center with checkout data ACD727491956 = 0
[INFO ] 2026-07-03 23:34:39 [com.cadence.softshare.service.LmApi] [shared-license-bridge-recheck-timer] - Skipping verify checkout handle as it is disabled
[INFO ] 2026-07-03 23:34:39 [com.cadence.softshare.service.LmApi] [shared-license-bridge-recheck-timer] - Skipping force checkin old handles as it is disabled
[INFO ] 2026-07-03 23:34:39 [com.cadence.softshare.service.LmApi] [shared-license-bridge-recheck-timer] -   Time spent in server Recheck was 1
[INFO ] 2026-07-03 23:34:39 [com.cadence.softshare.service.LmApi] [shared-license-bridge-recheck-timer] - Re-check completed with status 0 (time 2).
[INFO ] 2026-07-03 23:34:39 [com.cadence.softshare.service.LmApi] [shared-license-bridge-recheck-timer] - Recheck started ....
[INFO ] 2026-07-03 23:34:39 [com.cadence.softshare.service.LmApi] [shared-license-bridge-recheck-timer] - Minimum recheck interval has elapsed. Will be doing a real recheck
[INFO ] 2026-07-03 23:34:39 [com.cadence.softshare.service.LmApi] [shared-license-bridge-recheck-timer] - lmiFailureCount = 0
[INFO ] 2026-07-03 23:34:39 [com.cadence.softshare.service.LmApi] [shared-license-bridge-recheck-timer] -   Checking feature Integrated_Metrics_Center
[INFO ] 2026-07-03 23:34:39 [com.cadence.softshare.service.LmApi] [shared-license-bridge-recheck-timer] - 5280@cadence Heartbeat Status for feature Integrated_Metrics_Center with checkout data ACD727491956 = 0
[INFO ] 2026-07-03 23:34:39 [com.cadence.softshare.service.LmApi] [shared-license-bridge-recheck-timer] - Skipping verify checkout handle as it is disabled
[INFO ] 2026-07-03 23:34:39 [com.cadence.softshare.service.LmApi] [shared-license-bridge-recheck-timer] - Skipping force checkin old handles as it is disabled
[INFO ] 2026-07-03 23:34:39 [com.cadence.softshare.service.LmApi] [shared-license-bridge-recheck-timer] -   Time spent in server Recheck was 1
[INFO ] 2026-07-03 23:34:39 [com.cadence.softshare.service.LmApi] [shared-license-bridge-recheck-timer] - Re-check completed with status 0 (time 1).
[INFO ] 2026-07-03 23:34:41 [com.cadence.softshare.service.LmApi] [shared-license-bridge-recheck-timer] - Recheck started ....
[INFO ] 2026-07-03 23:34:41 [com.cadence.softshare.service.LmApi] [shared-license-bridge-recheck-timer] - Minimum recheck interval has elapsed. Will be doing a real recheck
[INFO ] 2026-07-03 23:34:41 [com.cadence.softshare.service.LmApi] [shared-license-bridge-recheck-timer] - lmiFailureCount = 0
[INFO ] 2026-07-03 23:34:41 [com.cadence.softshare.service.LmApi] [shared-license-bridge-recheck-timer] -   Checking feature Integrated_Metrics_Center
[INFO ] 2026-07-03 23:34:41 [com.cadence.softshare.service.LmApi] [shared-license-bridge-recheck-timer] - 5280@cadence Heartbeat Status for feature Integrated_Metrics_Center with checkout data ACD1645181497 = 0
[INFO ] 2026-07-03 23:34:41 [com.cadence.softshare.service.LmApi] [shared-license-bridge-recheck-timer] - Skipping verify checkout handle as it is disabled
[INFO ] 2026-07-03 23:34:41 [com.cadence.softshare.service.LmApi] [shared-license-bridge-recheck-timer] - Skipping force checkin old handles as it is disabled
[INFO ] 2026-07-03 23:34:41 [com.cadence.softshare.service.LmApi] [shared-license-bridge-recheck-timer] -   Time spent in server Recheck was 2
[INFO ] 2026-07-03 23:34:41 [com.cadence.softshare.service.LmApi] [shared-license-bridge-recheck-timer] - Re-check completed with status 0 (time 4).
[INFO ] 2026-07-03 23:34:42 [com.cadence.softshare.service.LmApi] [shared-license-bridge-recheck-timer] - Recheck started ....
[INFO ] 2026-07-03 23:34:42 [com.cadence.softshare.service.LmApi] [shared-license-bridge-recheck-timer] - Minimum recheck interval has elapsed. Will be doing a real recheck
[INFO ] 2026-07-03 23:34:42 [com.cadence.softshare.service.LmApi] [shared-license-bridge-recheck-timer] - lmiFailureCount = 0
[INFO ] 2026-07-03 23:34:42 [com.cadence.softshare.service.LmApi] [shared-license-bridge-recheck-timer] -   Checking feature Integrated_Metrics_Center
[INFO ] 2026-07-03 23:34:42 [com.cadence.softshare.service.LmApi] [shared-license-bridge-recheck-timer] - 5280@cadence Heartbeat Status for feature Integrated_Metrics_Center with checkout data ACD1645181497 = 0
[INFO ] 2026-07-03 23:34:42 [com.cadence.softshare.service.LmApi] [shared-license-bridge-recheck-timer] - Skipping verify checkout handle as it is disabled
[INFO ] 2026-07-03 23:34:42 [com.cadence.softshare.service.LmApi] [shared-license-bridge-recheck-timer] - Skipping force checkin old handles as it is disabled
[INFO ] 2026-07-03 23:34:42 [com.cadence.softshare.service.LmApi] [shared-license-bridge-recheck-timer] -   Time spent in server Recheck was 1
[INFO ] 2026-07-03 23:34:42 [com.cadence.softshare.service.LmApi] [shared-license-bridge-recheck-timer] - Re-check completed with status 0 (time 3).
[INFO ] 2026-07-03 23:39:35 [com.cadence.softshare.service.LmApi] [shared-license-bridge-recheck-timer] - Recheck started ....
[INFO ] 2026-07-03 23:39:35 [com.cadence.softshare.service.LmApi] [shared-license-bridge-recheck-timer] - Minimum recheck interval has elapsed. Will be doing a real recheck
[INFO ] 2026-07-03 23:39:35 [com.cadence.softshare.service.LmApi] [shared-license-bridge-recheck-timer] - lmiFailureCount = 0
[INFO ] 2026-07-03 23:39:35 [com.cadence.softshare.service.LmApi] [shared-license-bridge-recheck-timer] -   Checking feature Integrated_Metrics_Center
[INFO ] 2026-07-03 23:39:35 [com.cadence.softshare.service.LmApi] [shared-license-bridge-recheck-timer] - 5280@cadence Heartbeat Status for feature Integrated_Metrics_Center with checkout data ACD727491956 = 0
[INFO ] 2026-07-03 23:39:35 [com.cadence.softshare.service.LmApi] [shared-license-bridge-recheck-timer] - Skipping verify checkout handle as it is disabled
[INFO ] 2026-07-03 23:39:35 [com.cadence.softshare.service.LmApi] [shared-license-bridge-recheck-timer] - Skipping force checkin old handles as it is disabled
[INFO ] 2026-07-03 23:39:35 [com.cadence.softshare.service.LmApi] [shared-license-bridge-recheck-timer] -   Time spent in server Recheck was 1
[INFO ] 2026-07-03 23:39:35 [com.cadence.softshare.service.LmApi] [shared-license-bridge-recheck-timer] - Re-check completed with status 0 (time 2).
[INFO ] 2026-07-03 23:39:38 [com.cadence.softshare.service.LmApi] [shared-license-bridge-recheck-timer] - Recheck started ....
[INFO ] 2026-07-03 23:39:38 [com.cadence.softshare.service.LmApi] [shared-license-bridge-recheck-timer] - Minimum recheck interval has elapsed. Will be doing a real recheck
[INFO ] 2026-07-03 23:39:38 [com.cadence.softshare.service.LmApi] [shared-license-bridge-recheck-timer] - lmiFailureCount = 0
[INFO ] 2026-07-03 23:39:38 [com.cadence.softshare.service.LmApi] [shared-license-bridge-recheck-timer] -   Checking feature Integrated_Metrics_Center
[INFO ] 2026-07-03 23:39:38 [com.cadence.softshare.service.LmApi] [shared-license-bridge-recheck-timer] - 5280@cadence Heartbeat Status for feature Integrated_Metrics_Center with checkout data ACD1645181497 = 0
[INFO ] 2026-07-03 23:39:38 [com.cadence.softshare.service.LmApi] [shared-license-bridge-recheck-timer] - Skipping verify checkout handle as it is disabled
[INFO ] 2026-07-03 23:39:38 [com.cadence.softshare.service.LmApi] [shared-license-bridge-recheck-timer] - Skipping force checkin old handles as it is disabled
[INFO ] 2026-07-03 23:39:38 [com.cadence.softshare.service.LmApi] [shared-license-bridge-recheck-timer] -   Time spent in server Recheck was 1
[INFO ] 2026-07-03 23:39:38 [com.cadence.softshare.service.LmApi] [shared-license-bridge-recheck-timer] - Re-check completed with status 0 (time 2).
[INFO ] 2026-07-03 23:39:39 [com.cadence.softshare.service.LmApi] [shared-license-bridge-recheck-timer] - Recheck started ....
[INFO ] 2026-07-03 23:39:39 [com.cadence.softshare.service.LmApi] [shared-license-bridge-recheck-timer] - Minimum recheck interval has elapsed. Will be doing a real recheck
[INFO ] 2026-07-03 23:39:39 [com.cadence.softshare.service.LmApi] [shared-license-bridge-recheck-timer] - lmiFailureCount = 0
[INFO ] 2026-07-03 23:39:39 [com.cadence.softshare.service.LmApi] [shared-license-bridge-recheck-timer] -   Checking feature Integrated_Metrics_Center
[INFO ] 2026-07-03 23:39:39 [com.cadence.softshare.service.LmApi] [shared-license-bridge-recheck-timer] - 5280@cadence Heartbeat Status for feature Integrated_Metrics_Center with checkout data ACD727491956 = 0
[INFO ] 2026-07-03 23:39:39 [com.cadence.softshare.service.LmApi] [shared-license-bridge-recheck-timer] - Skipping verify checkout handle as it is disabled
[INFO ] 2026-07-03 23:39:39 [com.cadence.softshare.service.LmApi] [shared-license-bridge-recheck-timer] - Skipping force checkin old handles as it is disabled
[INFO ] 2026-07-03 23:39:39 [com.cadence.softshare.service.LmApi] [shared-license-bridge-recheck-timer] -   Time spent in server Recheck was 1
[INFO ] 2026-07-03 23:39:39 [com.cadence.softshare.service.LmApi] [shared-license-bridge-recheck-timer] - Re-check completed with status 0 (time 2).
[INFO ] 2026-07-03 23:39:39 [com.cadence.softshare.service.LmApi] [shared-license-bridge-recheck-timer] - Recheck started ....
[INFO ] 2026-07-03 23:39:39 [com.cadence.softshare.service.LmApi] [shared-license-bridge-recheck-timer] - Minimum recheck interval has elapsed. Will be doing a real recheck
[INFO ] 2026-07-03 23:39:39 [com.cadence.softshare.service.LmApi] [shared-license-bridge-recheck-timer] - lmiFailureCount = 0
[INFO ] 2026-07-03 23:39:39 [com.cadence.softshare.service.LmApi] [shared-license-bridge-recheck-timer] -   Checking feature Integrated_Metrics_Center
[INFO ] 2026-07-03 23:39:39 [com.cadence.softshare.service.LmApi] [shared-license-bridge-recheck-timer] - 5280@cadence Heartbeat Status for feature Integrated_Metrics_Center with checkout data ACD727491956 = 0
[INFO ] 2026-07-03 23:39:39 [com.cadence.softshare.service.LmApi] [shared-license-bridge-recheck-timer] - Skipping verify checkout handle as it is disabled
[INFO ] 2026-07-03 23:39:39 [com.cadence.softshare.service.LmApi] [shared-license-bridge-recheck-timer] - Skipping force checkin old handles as it is disabled
[INFO ] 2026-07-03 23:39:39 [com.cadence.softshare.service.LmApi] [shared-license-bridge-recheck-timer] -   Time spent in server Recheck was 4
[INFO ] 2026-07-03 23:39:39 [com.cadence.softshare.service.LmApi] [shared-license-bridge-recheck-timer] - Re-check completed with status 0 (time 7).
[INFO ] 2026-07-03 23:39:41 [com.cadence.softshare.service.LmApi] [shared-license-bridge-recheck-timer] - Recheck started ....
[INFO ] 2026-07-03 23:39:41 [com.cadence.softshare.service.LmApi] [shared-license-bridge-recheck-timer] - Minimum recheck interval has elapsed. Will be doing a real recheck
[INFO ] 2026-07-03 23:39:41 [com.cadence.softshare.service.LmApi] [shared-license-bridge-recheck-timer] - lmiFailureCount = 0
[INFO ] 2026-07-03 23:39:41 [com.cadence.softshare.service.LmApi] [shared-license-bridge-recheck-timer] -   Checking feature Integrated_Metrics_Center
[INFO ] 2026-07-03 23:39:41 [com.cadence.softshare.service.LmApi] [shared-license-bridge-recheck-timer] - 5280@cadence Heartbeat Status for feature Integrated_Metrics_Center with checkout data ACD1645181497 = 0
[INFO ] 2026-07-03 23:39:41 [com.cadence.softshare.service.LmApi] [shared-license-bridge-recheck-timer] - Skipping verify checkout handle as it is disabled
[INFO ] 2026-07-03 23:39:41 [com.cadence.softshare.service.LmApi] [shared-license-bridge-recheck-timer] - Skipping force checkin old handles as it is disabled
[INFO ] 2026-07-03 23:39:41 [com.cadence.softshare.service.LmApi] [shared-license-bridge-recheck-timer] -   Time spent in server Recheck was 1
[INFO ] 2026-07-03 23:39:41 [com.cadence.softshare.service.LmApi] [shared-license-bridge-recheck-timer] - Re-check completed with status 0 (time 3).
[INFO ] 2026-07-03 23:39:42 [com.cadence.softshare.service.LmApi] [shared-license-bridge-recheck-timer] - Recheck started ....
[INFO ] 2026-07-03 23:39:42 [com.cadence.softshare.service.LmApi] [shared-license-bridge-recheck-timer] - Minimum recheck interval has elapsed. Will be doing a real recheck
[INFO ] 2026-07-03 23:39:42 [com.cadence.softshare.service.LmApi] [shared-license-bridge-recheck-timer] - lmiFailureCount = 0
[INFO ] 2026-07-03 23:39:42 [com.cadence.softshare.service.LmApi] [shared-license-bridge-recheck-timer] -   Checking feature Integrated_Metrics_Center
[INFO ] 2026-07-03 23:39:42 [com.cadence.softshare.service.LmApi] [shared-license-bridge-recheck-timer] - 5280@cadence Heartbeat Status for feature Integrated_Metrics_Center with checkout data ACD1645181497 = 0
[INFO ] 2026-07-03 23:39:42 [com.cadence.softshare.service.LmApi] [shared-license-bridge-recheck-timer] - Skipping verify checkout handle as it is disabled
[INFO ] 2026-07-03 23:39:42 [com.cadence.softshare.service.LmApi] [shared-license-bridge-recheck-timer] - Skipping force checkin old handles as it is disabled
[INFO ] 2026-07-03 23:39:42 [com.cadence.softshare.service.LmApi] [shared-license-bridge-recheck-timer] -   Time spent in server Recheck was 2
[INFO ] 2026-07-03 23:39:42 [com.cadence.softshare.service.LmApi] [shared-license-bridge-recheck-timer] - Re-check completed with status 0 (time 3).
[INFO ] 2026-07-03 23:44:35 [com.cadence.softshare.service.LmApi] [shared-license-bridge-recheck-timer] - Recheck started ....
[INFO ] 2026-07-03 23:44:35 [com.cadence.softshare.service.LmApi] [shared-license-bridge-recheck-timer] - Minimum recheck interval has elapsed. Will be doing a real recheck
[INFO ] 2026-07-03 23:44:35 [com.cadence.softshare.service.LmApi] [shared-license-bridge-recheck-timer] - lmiFailureCount = 0
[INFO ] 2026-07-03 23:44:35 [com.cadence.softshare.service.LmApi] [shared-license-bridge-recheck-timer] -   Checking feature Integrated_Metrics_Center
[INFO ] 2026-07-03 23:44:35 [com.cadence.softshare.service.LmApi] [shared-license-bridge-recheck-timer] - 5280@cadence Heartbeat Status for feature Integrated_Metrics_Center with checkout data ACD727491956 = 0
[INFO ] 2026-07-03 23:44:35 [com.cadence.softshare.service.LmApi] [shared-license-bridge-recheck-timer] - Skipping verify checkout handle as it is disabled
[INFO ] 2026-07-03 23:44:35 [com.cadence.softshare.service.LmApi] [shared-license-bridge-recheck-timer] - Skipping force checkin old handles as it is disabled
[INFO ] 2026-07-03 23:44:35 [com.cadence.softshare.service.LmApi] [shared-license-bridge-recheck-timer] -   Time spent in server Recheck was 0
[INFO ] 2026-07-03 23:44:35 [com.cadence.softshare.service.LmApi] [shared-license-bridge-recheck-timer] - Re-check completed with status 0 (time 1).
[INFO ] 2026-07-03 23:44:38 [com.cadence.softshare.service.LmApi] [shared-license-bridge-recheck-timer] - Recheck started ....
[INFO ] 2026-07-03 23:44:38 [com.cadence.softshare.service.LmApi] [shared-license-bridge-recheck-timer] - Minimum recheck interval has elapsed. Will be doing a real recheck
[INFO ] 2026-07-03 23:44:38 [com.cadence.softshare.service.LmApi] [shared-license-bridge-recheck-timer] - lmiFailureCount = 0
[INFO ] 2026-07-03 23:44:38 [com.cadence.softshare.service.LmApi] [shared-license-bridge-recheck-timer] -   Checking feature Integrated_Metrics_Center
[INFO ] 2026-07-03 23:44:38 [com.cadence.softshare.service.LmApi] [shared-license-bridge-recheck-timer] - 5280@cadence Heartbeat Status for feature Integrated_Metrics_Center with checkout data ACD1645181497 = 0
[INFO ] 2026-07-03 23:44:38 [com.cadence.softshare.service.LmApi] [shared-license-bridge-recheck-timer] - Skipping verify checkout handle as it is disabled
[INFO ] 2026-07-03 23:44:38 [com.cadence.softshare.service.LmApi] [shared-license-bridge-recheck-timer] - Skipping force checkin old handles as it is disabled
[INFO ] 2026-07-03 23:44:38 [com.cadence.softshare.service.LmApi] [shared-license-bridge-recheck-timer] -   Time spent in server Recheck was 1
[INFO ] 2026-07-03 23:44:38 [com.cadence.softshare.service.LmApi] [shared-license-bridge-recheck-timer] - Re-check completed with status 0 (time 3).
[INFO ] 2026-07-03 23:44:39 [com.cadence.softshare.service.LmApi] [shared-license-bridge-recheck-timer] - Recheck started ....
[INFO ] 2026-07-03 23:44:39 [com.cadence.softshare.service.LmApi] [shared-license-bridge-recheck-timer] - Minimum recheck interval has elapsed. Will be doing a real recheck
[INFO ] 2026-07-03 23:44:39 [com.cadence.softshare.service.LmApi] [shared-license-bridge-recheck-timer] - lmiFailureCount = 0
[INFO ] 2026-07-03 23:44:39 [com.cadence.softshare.service.LmApi] [shared-license-bridge-recheck-timer] -   Checking feature Integrated_Metrics_Center
[INFO ] 2026-07-03 23:44:39 [com.cadence.softshare.service.LmApi] [shared-license-bridge-recheck-timer] - 5280@cadence Heartbeat Status for feature Integrated_Metrics_Center with checkout data ACD727491956 = 0
[INFO ] 2026-07-03 23:44:39 [com.cadence.softshare.service.LmApi] [shared-license-bridge-recheck-timer] - Skipping verify checkout handle as it is disabled
[INFO ] 2026-07-03 23:44:39 [com.cadence.softshare.service.LmApi] [shared-license-bridge-recheck-timer] - Skipping force checkin old handles as it is disabled
[INFO ] 2026-07-03 23:44:39 [com.cadence.softshare.service.LmApi] [shared-license-bridge-recheck-timer] -   Time spent in server Recheck was 2
[INFO ] 2026-07-03 23:44:39 [com.cadence.softshare.service.LmApi] [shared-license-bridge-recheck-timer] - Re-check completed with status 0 (time 3).
[INFO ] 2026-07-03 23:44:39 [com.cadence.softshare.service.LmApi] [shared-license-bridge-recheck-timer] - Recheck started ....
[INFO ] 2026-07-03 23:44:39 [com.cadence.softshare.service.LmApi] [shared-license-bridge-recheck-timer] - Minimum recheck interval has elapsed. Will be doing a real recheck
[INFO ] 2026-07-03 23:44:39 [com.cadence.softshare.service.LmApi] [shared-license-bridge-recheck-timer] - lmiFailureCount = 0
[INFO ] 2026-07-03 23:44:39 [com.cadence.softshare.service.LmApi] [shared-license-bridge-recheck-timer] -   Checking feature Integrated_Metrics_Center
[INFO ] 2026-07-03 23:44:39 [com.cadence.softshare.service.LmApi] [shared-license-bridge-recheck-timer] - 5280@cadence Heartbeat Status for feature Integrated_Metrics_Center with checkout data ACD727491956 = 0
[INFO ] 2026-07-03 23:44:39 [com.cadence.softshare.service.LmApi] [shared-license-bridge-recheck-timer] - Skipping verify checkout handle as it is disabled
[INFO ] 2026-07-03 23:44:39 [com.cadence.softshare.service.LmApi] [shared-license-bridge-recheck-timer] - Skipping force checkin old handles as it is disabled
[INFO ] 2026-07-03 23:44:39 [com.cadence.softshare.service.LmApi] [shared-license-bridge-recheck-timer] -   Time spent in server Recheck was 1
[INFO ] 2026-07-03 23:44:39 [com.cadence.softshare.service.LmApi] [shared-license-bridge-recheck-timer] - Re-check completed with status 0 (time 1).
[INFO ] 2026-07-03 23:44:42 [com.cadence.softshare.service.LmApi] [shared-license-bridge-recheck-timer] - Recheck started ....
[INFO ] 2026-07-03 23:44:42 [com.cadence.softshare.service.LmApi] [shared-license-bridge-recheck-timer] - Minimum recheck interval has elapsed. Will be doing a real recheck
[INFO ] 2026-07-03 23:44:42 [com.cadence.softshare.service.LmApi] [shared-license-bridge-recheck-timer] - lmiFailureCount = 0
[INFO ] 2026-07-03 23:44:42 [com.cadence.softshare.service.LmApi] [shared-license-bridge-recheck-timer] -   Checking feature Integrated_Metrics_Center
[INFO ] 2026-07-03 23:44:42 [com.cadence.softshare.service.LmApi] [shared-license-bridge-recheck-timer] - 5280@cadence Heartbeat Status for feature Integrated_Metrics_Center with checkout data ACD1645181497 = 0
[INFO ] 2026-07-03 23:44:42 [com.cadence.softshare.service.LmApi] [shared-license-bridge-recheck-timer] - Skipping verify checkout handle as it is disabled
[INFO ] 2026-07-03 23:44:42 [com.cadence.softshare.service.LmApi] [shared-license-bridge-recheck-timer] - Skipping force checkin old handles as it is disabled
[INFO ] 2026-07-03 23:44:42 [com.cadence.softshare.service.LmApi] [shared-license-bridge-recheck-timer] -   Time spent in server Recheck was 1
[INFO ] 2026-07-03 23:44:42 [com.cadence.softshare.service.LmApi] [shared-license-bridge-recheck-timer] - Re-check completed with status 0 (time 2).
[INFO ] 2026-07-03 23:44:42 [com.cadence.softshare.service.LmApi] [shared-license-bridge-recheck-timer] - Recheck started ....
[INFO ] 2026-07-03 23:44:42 [com.cadence.softshare.service.LmApi] [shared-license-bridge-recheck-timer] - Minimum recheck interval has elapsed. Will be doing a real recheck
[INFO ] 2026-07-03 23:44:42 [com.cadence.softshare.service.LmApi] [shared-license-bridge-recheck-timer] - lmiFailureCount = 0
[INFO ] 2026-07-03 23:44:42 [com.cadence.softshare.service.LmApi] [shared-license-bridge-recheck-timer] -   Checking feature Integrated_Metrics_Center
[INFO ] 2026-07-03 23:44:42 [com.cadence.softshare.service.LmApi] [shared-license-bridge-recheck-timer] - 5280@cadence Heartbeat Status for feature Integrated_Metrics_Center with checkout data ACD1645181497 = 0
[INFO ] 2026-07-03 23:44:42 [com.cadence.softshare.service.LmApi] [shared-license-bridge-recheck-timer] - Skipping verify checkout handle as it is disabled
[INFO ] 2026-07-03 23:44:42 [com.cadence.softshare.service.LmApi] [shared-license-bridge-recheck-timer] - Skipping force checkin old handles as it is disabled
[INFO ] 2026-07-03 23:44:42 [com.cadence.softshare.service.LmApi] [shared-license-bridge-recheck-timer] -   Time spent in server Recheck was 1
[INFO ] 2026-07-03 23:44:42 [com.cadence.softshare.service.LmApi] [shared-license-bridge-recheck-timer] - Re-check completed with status 0 (time 3).
[INFO ] 2026-07-03 23:49:35 [com.cadence.softshare.service.LmApi] [shared-license-bridge-recheck-timer] - Recheck started ....
[INFO ] 2026-07-03 23:49:35 [com.cadence.softshare.service.LmApi] [shared-license-bridge-recheck-timer] - Minimum recheck interval has elapsed. Will be doing a real recheck
[INFO ] 2026-07-03 23:49:35 [com.cadence.softshare.service.LmApi] [shared-license-bridge-recheck-timer] - lmiFailureCount = 0
[INFO ] 2026-07-03 23:49:35 [com.cadence.softshare.service.LmApi] [shared-license-bridge-recheck-timer] -   Checking feature Integrated_Metrics_Center
[INFO ] 2026-07-03 23:49:35 [com.cadence.softshare.service.LmApi] [shared-license-bridge-recheck-timer] - 5280@cadence Heartbeat Status for feature Integrated_Metrics_Center with checkout data ACD727491956 = 0
[INFO ] 2026-07-03 23:49:35 [com.cadence.softshare.service.LmApi] [shared-license-bridge-recheck-timer] - Skipping verify checkout handle as it is disabled
[INFO ] 2026-07-03 23:49:35 [com.cadence.softshare.service.LmApi] [shared-license-bridge-recheck-timer] - Skipping force checkin old handles as it is disabled
[INFO ] 2026-07-03 23:49:35 [com.cadence.softshare.service.LmApi] [shared-license-bridge-recheck-timer] -   Time spent in server Recheck was 1
[INFO ] 2026-07-03 23:49:35 [com.cadence.softshare.service.LmApi] [shared-license-bridge-recheck-timer] - Re-check completed with status 0 (time 2).
[INFO ] 2026-07-03 23:49:38 [com.cadence.softshare.service.LmApi] [shared-license-bridge-recheck-timer] - Recheck started ....
[INFO ] 2026-07-03 23:49:38 [com.cadence.softshare.service.LmApi] [shared-license-bridge-recheck-timer] - Minimum recheck interval has elapsed. Will be doing a real recheck
[INFO ] 2026-07-03 23:49:38 [com.cadence.softshare.service.LmApi] [shared-license-bridge-recheck-timer] - lmiFailureCount = 0
[INFO ] 2026-07-03 23:49:38 [com.cadence.softshare.service.LmApi] [shared-license-bridge-recheck-timer] -   Checking feature Integrated_Metrics_Center
[INFO ] 2026-07-03 23:49:38 [com.cadence.softshare.service.LmApi] [shared-license-bridge-recheck-timer] - 5280@cadence Heartbeat Status for feature Integrated_Metrics_Center with checkout data ACD1645181497 = 0
[INFO ] 2026-07-03 23:49:38 [com.cadence.softshare.service.LmApi] [shared-license-bridge-recheck-timer] - Skipping verify checkout handle as it is disabled
[INFO ] 2026-07-03 23:49:38 [com.cadence.softshare.service.LmApi] [shared-license-bridge-recheck-timer] - Skipping force checkin old handles as it is disabled
[INFO ] 2026-07-03 23:49:38 [com.cadence.softshare.service.LmApi] [shared-license-bridge-recheck-timer] -   Time spent in server Recheck was 1
[INFO ] 2026-07-03 23:49:38 [com.cadence.softshare.service.LmApi] [shared-license-bridge-recheck-timer] - Re-check completed with status 0 (time 2).
[INFO ] 2026-07-03 23:49:39 [com.cadence.softshare.service.LmApi] [shared-license-bridge-recheck-timer] - Recheck started ....
[INFO ] 2026-07-03 23:49:39 [com.cadence.softshare.service.LmApi] [shared-license-bridge-recheck-timer] - Minimum recheck interval has elapsed. Will be doing a real recheck
[INFO ] 2026-07-03 23:49:39 [com.cadence.softshare.service.LmApi] [shared-license-bridge-recheck-timer] - lmiFailureCount = 0
[INFO ] 2026-07-03 23:49:39 [com.cadence.softshare.service.LmApi] [shared-license-bridge-recheck-timer] -   Checking feature Integrated_Metrics_Center
[INFO ] 2026-07-03 23:49:39 [com.cadence.softshare.service.LmApi] [shared-license-bridge-recheck-timer] - 5280@cadence Heartbeat Status for feature Integrated_Metrics_Center with checkout data ACD727491956 = 0
[INFO ] 2026-07-03 23:49:39 [com.cadence.softshare.service.LmApi] [shared-license-bridge-recheck-timer] - Skipping verify checkout handle as it is disabled
[INFO ] 2026-07-03 23:49:39 [com.cadence.softshare.service.LmApi] [shared-license-bridge-recheck-timer] - Skipping force checkin old handles as it is disabled
[INFO ] 2026-07-03 23:49:39 [com.cadence.softshare.service.LmApi] [shared-license-bridge-recheck-timer] -   Time spent in server Recheck was 1
[INFO ] 2026-07-03 23:49:39 [com.cadence.softshare.service.LmApi] [shared-license-bridge-recheck-timer] - Re-check completed with status 0 (time 2).
[INFO ] 2026-07-03 23:49:39 [com.cadence.softshare.service.LmApi] [shared-license-bridge-recheck-timer] - Recheck started ....
[INFO ] 2026-07-03 23:49:39 [com.cadence.softshare.service.LmApi] [shared-license-bridge-recheck-timer] - Minimum recheck interval has elapsed. Will be doing a real recheck
[INFO ] 2026-07-03 23:49:39 [com.cadence.softshare.service.LmApi] [shared-license-bridge-recheck-timer] - lmiFailureCount = 0
[INFO ] 2026-07-03 23:49:39 [com.cadence.softshare.service.LmApi] [shared-license-bridge-recheck-timer] -   Checking feature Integrated_Metrics_Center
[INFO ] 2026-07-03 23:49:39 [com.cadence.softshare.service.LmApi] [shared-license-bridge-recheck-timer] - 5280@cadence Heartbeat Status for feature Integrated_Metrics_Center with checkout data ACD727491956 = 0
[INFO ] 2026-07-03 23:49:39 [com.cadence.softshare.service.LmApi] [shared-license-bridge-recheck-timer] - Skipping verify checkout handle as it is disabled
[INFO ] 2026-07-03 23:49:39 [com.cadence.softshare.service.LmApi] [shared-license-bridge-recheck-timer] - Skipping force checkin old handles as it is disabled
[INFO ] 2026-07-03 23:49:39 [com.cadence.softshare.service.LmApi] [shared-license-bridge-recheck-timer] -   Time spent in server Recheck was 2
[INFO ] 2026-07-03 23:49:39 [com.cadence.softshare.service.LmApi] [shared-license-bridge-recheck-timer] - Re-check completed with status 0 (time 3).
[INFO ] 2026-07-03 23:49:42 [com.cadence.softshare.service.LmApi] [shared-license-bridge-recheck-timer] - Recheck started ....
[INFO ] 2026-07-03 23:49:42 [com.cadence.softshare.service.LmApi] [shared-license-bridge-recheck-timer] - Minimum recheck interval has elapsed. Will be doing a real recheck
[INFO ] 2026-07-03 23:49:42 [com.cadence.softshare.service.LmApi] [shared-license-bridge-recheck-timer] - lmiFailureCount = 0
[INFO ] 2026-07-03 23:49:42 [com.cadence.softshare.service.LmApi] [shared-license-bridge-recheck-timer] -   Checking feature Integrated_Metrics_Center
[INFO ] 2026-07-03 23:49:42 [com.cadence.softshare.service.LmApi] [shared-license-bridge-recheck-timer] - 5280@cadence Heartbeat Status for feature Integrated_Metrics_Center with checkout data ACD1645181497 = 0
[INFO ] 2026-07-03 23:49:42 [com.cadence.softshare.service.LmApi] [shared-license-bridge-recheck-timer] - Skipping verify checkout handle as it is disabled
[INFO ] 2026-07-03 23:49:42 [com.cadence.softshare.service.LmApi] [shared-license-bridge-recheck-timer] - Skipping force checkin old handles as it is disabled
[INFO ] 2026-07-03 23:49:42 [com.cadence.softshare.service.LmApi] [shared-license-bridge-recheck-timer] -   Time spent in server Recheck was 0
[INFO ] 2026-07-03 23:49:42 [com.cadence.softshare.service.LmApi] [shared-license-bridge-recheck-timer] - Re-check completed with status 0 (time 2).
[INFO ] 2026-07-03 23:49:42 [com.cadence.softshare.service.LmApi] [shared-license-bridge-recheck-timer] - Recheck started ....
[INFO ] 2026-07-03 23:49:42 [com.cadence.softshare.service.LmApi] [shared-license-bridge-recheck-timer] - Minimum recheck interval has elapsed. Will be doing a real recheck
[INFO ] 2026-07-03 23:49:42 [com.cadence.softshare.service.LmApi] [shared-license-bridge-recheck-timer] - lmiFailureCount = 0
[INFO ] 2026-07-03 23:49:42 [com.cadence.softshare.service.LmApi] [shared-license-bridge-recheck-timer] -   Checking feature Integrated_Metrics_Center
[INFO ] 2026-07-03 23:49:42 [com.cadence.softshare.service.LmApi] [shared-license-bridge-recheck-timer] - 5280@cadence Heartbeat Status for feature Integrated_Metrics_Center with checkout data ACD1645181497 = 0
[INFO ] 2026-07-03 23:49:42 [com.cadence.softshare.service.LmApi] [shared-license-bridge-recheck-timer] - Skipping verify checkout handle as it is disabled
[INFO ] 2026-07-03 23:49:42 [com.cadence.softshare.service.LmApi] [shared-license-bridge-recheck-timer] - Skipping force checkin old handles as it is disabled
[INFO ] 2026-07-03 23:49:42 [com.cadence.softshare.service.LmApi] [shared-license-bridge-recheck-timer] -   Time spent in server Recheck was 1
[INFO ] 2026-07-03 23:49:42 [com.cadence.softshare.service.LmApi] [shared-license-bridge-recheck-timer] - Re-check completed with status 0 (time 2).
[INFO ] 2026-07-03 23:54:35 [com.cadence.softshare.service.LmApi] [shared-license-bridge-recheck-timer] - Recheck started ....
[INFO ] 2026-07-03 23:54:35 [com.cadence.softshare.service.LmApi] [shared-license-bridge-recheck-timer] - Minimum recheck interval has elapsed. Will be doing a real recheck
[INFO ] 2026-07-03 23:54:35 [com.cadence.softshare.service.LmApi] [shared-license-bridge-recheck-timer] - lmiFailureCount = 0
[INFO ] 2026-07-03 23:54:35 [com.cadence.softshare.service.LmApi] [shared-license-bridge-recheck-timer] -   Checking feature Integrated_Metrics_Center
[INFO ] 2026-07-03 23:54:35 [com.cadence.softshare.service.LmApi] [shared-license-bridge-recheck-timer] - 5280@cadence Heartbeat Status for feature Integrated_Metrics_Center with checkout data ACD727491956 = 0
[INFO ] 2026-07-03 23:54:35 [com.cadence.softshare.service.LmApi] [shared-license-bridge-recheck-timer] - Skipping verify checkout handle as it is disabled
[INFO ] 2026-07-03 23:54:35 [com.cadence.softshare.service.LmApi] [shared-license-bridge-recheck-timer] - Skipping force checkin old handles as it is disabled
[INFO ] 2026-07-03 23:54:35 [com.cadence.softshare.service.LmApi] [shared-license-bridge-recheck-timer] -   Time spent in server Recheck was 2
[INFO ] 2026-07-03 23:54:35 [com.cadence.softshare.service.LmApi] [shared-license-bridge-recheck-timer] - Re-check completed with status 0 (time 2).
[INFO ] 2026-07-03 23:54:38 [com.cadence.softshare.service.LmApi] [shared-license-bridge-recheck-timer] - Recheck started ....
[INFO ] 2026-07-03 23:54:38 [com.cadence.softshare.service.LmApi] [shared-license-bridge-recheck-timer] - Minimum recheck interval has elapsed. Will be doing a real recheck
[INFO ] 2026-07-03 23:54:38 [com.cadence.softshare.service.LmApi] [shared-license-bridge-recheck-timer] - lmiFailureCount = 0
[INFO ] 2026-07-03 23:54:38 [com.cadence.softshare.service.LmApi] [shared-license-bridge-recheck-timer] -   Checking feature Integrated_Metrics_Center
[INFO ] 2026-07-03 23:54:38 [com.cadence.softshare.service.LmApi] [shared-license-bridge-recheck-timer] - 5280@cadence Heartbeat Status for feature Integrated_Metrics_Center with checkout data ACD1645181497 = 0
[INFO ] 2026-07-03 23:54:38 [com.cadence.softshare.service.LmApi] [shared-license-bridge-recheck-timer] - Skipping verify checkout handle as it is disabled
[INFO ] 2026-07-03 23:54:38 [com.cadence.softshare.service.LmApi] [shared-license-bridge-recheck-timer] - Skipping force checkin old handles as it is disabled
[INFO ] 2026-07-03 23:54:38 [com.cadence.softshare.service.LmApi] [shared-license-bridge-recheck-timer] -   Time spent in server Recheck was 1
[INFO ] 2026-07-03 23:54:38 [com.cadence.softshare.service.LmApi] [shared-license-bridge-recheck-timer] - Re-check completed with status 0 (time 1).
[INFO ] 2026-07-03 23:54:39 [com.cadence.softshare.service.LmApi] [shared-license-bridge-recheck-timer] - Recheck started ....
[INFO ] 2026-07-03 23:54:39 [com.cadence.softshare.service.LmApi] [shared-license-bridge-recheck-timer] - Minimum recheck interval has elapsed. Will be doing a real recheck
[INFO ] 2026-07-03 23:54:39 [com.cadence.softshare.service.LmApi] [shared-license-bridge-recheck-timer] - lmiFailureCount = 0
[INFO ] 2026-07-03 23:54:39 [com.cadence.softshare.service.LmApi] [shared-license-bridge-recheck-timer] -   Checking feature Integrated_Metrics_Center
[INFO ] 2026-07-03 23:54:39 [com.cadence.softshare.service.LmApi] [shared-license-bridge-recheck-timer] - 5280@cadence Heartbeat Status for feature Integrated_Metrics_Center with checkout data ACD727491956 = 0
[INFO ] 2026-07-03 23:54:39 [com.cadence.softshare.service.LmApi] [shared-license-bridge-recheck-timer] - Skipping verify checkout handle as it is disabled
[INFO ] 2026-07-03 23:54:39 [com.cadence.softshare.service.LmApi] [shared-license-bridge-recheck-timer] - Skipping force checkin old handles as it is disabled
[INFO ] 2026-07-03 23:54:39 [com.cadence.softshare.service.LmApi] [shared-license-bridge-recheck-timer] -   Time spent in server Recheck was 2
[INFO ] 2026-07-03 23:54:39 [com.cadence.softshare.service.LmApi] [shared-license-bridge-recheck-timer] - Re-check completed with status 0 (time 2).
[INFO ] 2026-07-03 23:54:39 [com.cadence.softshare.service.LmApi] [shared-license-bridge-recheck-timer] - Recheck started ....
[INFO ] 2026-07-03 23:54:39 [com.cadence.softshare.service.LmApi] [shared-license-bridge-recheck-timer] - Minimum recheck interval has elapsed. Will be doing a real recheck
[INFO ] 2026-07-03 23:54:39 [com.cadence.softshare.service.LmApi] [shared-license-bridge-recheck-timer] - lmiFailureCount = 0
[INFO ] 2026-07-03 23:54:39 [com.cadence.softshare.service.LmApi] [shared-license-bridge-recheck-timer] -   Checking feature Integrated_Metrics_Center
[INFO ] 2026-07-03 23:54:39 [com.cadence.softshare.service.LmApi] [shared-license-bridge-recheck-timer] - 5280@cadence Heartbeat Status for feature Integrated_Metrics_Center with checkout data ACD727491956 = 0
[INFO ] 2026-07-03 23:54:39 [com.cadence.softshare.service.LmApi] [shared-license-bridge-recheck-timer] - Skipping verify checkout handle as it is disabled
[INFO ] 2026-07-03 23:54:39 [com.cadence.softshare.service.LmApi] [shared-license-bridge-recheck-timer] - Skipping force checkin old handles as it is disabled
[INFO ] 2026-07-03 23:54:39 [com.cadence.softshare.service.LmApi] [shared-license-bridge-recheck-timer] -   Time spent in server Recheck was 2
[INFO ] 2026-07-03 23:54:39 [com.cadence.softshare.service.LmApi] [shared-license-bridge-recheck-timer] - Re-check completed with status 0 (time 4).
[INFO ] 2026-07-03 23:54:42 [com.cadence.softshare.service.LmApi] [shared-license-bridge-recheck-timer] - Recheck started ....
[INFO ] 2026-07-03 23:54:42 [com.cadence.softshare.service.LmApi] [shared-license-bridge-recheck-timer] - Minimum recheck interval has elapsed. Will be doing a real recheck
[INFO ] 2026-07-03 23:54:42 [com.cadence.softshare.service.LmApi] [shared-license-bridge-recheck-timer] - lmiFailureCount = 0
[INFO ] 2026-07-03 23:54:42 [com.cadence.softshare.service.LmApi] [shared-license-bridge-recheck-timer] -   Checking feature Integrated_Metrics_Center
[INFO ] 2026-07-03 23:54:42 [com.cadence.softshare.service.LmApi] [shared-license-bridge-recheck-timer] - 5280@cadence Heartbeat Status for feature Integrated_Metrics_Center with checkout data ACD1645181497 = 0
[INFO ] 2026-07-03 23:54:42 [com.cadence.softshare.service.LmApi] [shared-license-bridge-recheck-timer] - Skipping verify checkout handle as it is disabled
[INFO ] 2026-07-03 23:54:42 [com.cadence.softshare.service.LmApi] [shared-license-bridge-recheck-timer] - Skipping force checkin old handles as it is disabled
[INFO ] 2026-07-03 23:54:42 [com.cadence.softshare.service.LmApi] [shared-license-bridge-recheck-timer] -   Time spent in server Recheck was 1
[INFO ] 2026-07-03 23:54:42 [com.cadence.softshare.service.LmApi] [shared-license-bridge-recheck-timer] - Re-check completed with status 0 (time 2).
[INFO ] 2026-07-03 23:54:42 [com.cadence.softshare.service.LmApi] [shared-license-bridge-recheck-timer] - Recheck started ....
[INFO ] 2026-07-03 23:54:42 [com.cadence.softshare.service.LmApi] [shared-license-bridge-recheck-timer] - Minimum recheck interval has elapsed. Will be doing a real recheck
[INFO ] 2026-07-03 23:54:42 [com.cadence.softshare.service.LmApi] [shared-license-bridge-recheck-timer] - lmiFailureCount = 0
[INFO ] 2026-07-03 23:54:42 [com.cadence.softshare.service.LmApi] [shared-license-bridge-recheck-timer] -   Checking feature Integrated_Metrics_Center
[INFO ] 2026-07-03 23:54:42 [com.cadence.softshare.service.LmApi] [shared-license-bridge-recheck-timer] - 5280@cadence Heartbeat Status for feature Integrated_Metrics_Center with checkout data ACD1645181497 = 0
[INFO ] 2026-07-03 23:54:42 [com.cadence.softshare.service.LmApi] [shared-license-bridge-recheck-timer] - Skipping verify checkout handle as it is disabled
[INFO ] 2026-07-03 23:54:42 [com.cadence.softshare.service.LmApi] [shared-license-bridge-recheck-timer] - Skipping force checkin old handles as it is disabled
[INFO ] 2026-07-03 23:54:42 [com.cadence.softshare.service.LmApi] [shared-license-bridge-recheck-timer] -   Time spent in server Recheck was 2
[INFO ] 2026-07-03 23:54:42 [com.cadence.softshare.service.LmApi] [shared-license-bridge-recheck-timer] - Re-check completed with status 0 (time 3).
[INFO ] 2026-07-03 23:59:36 [com.cadence.softshare.service.LmApi] [shared-license-bridge-recheck-timer] - Recheck started ....
[INFO ] 2026-07-03 23:59:36 [com.cadence.softshare.service.LmApi] [shared-license-bridge-recheck-timer] - Minimum recheck interval has elapsed. Will be doing a real recheck
[INFO ] 2026-07-03 23:59:36 [com.cadence.softshare.service.LmApi] [shared-license-bridge-recheck-timer] - lmiFailureCount = 0
[INFO ] 2026-07-03 23:59:36 [com.cadence.softshare.service.LmApi] [shared-license-bridge-recheck-timer] -   Checking feature Integrated_Metrics_Center
[INFO ] 2026-07-03 23:59:36 [com.cadence.softshare.service.LmApi] [shared-license-bridge-recheck-timer] - 5280@cadence Heartbeat Status for feature Integrated_Metrics_Center with checkout data ACD727491956 = 0
[INFO ] 2026-07-03 23:59:36 [com.cadence.softshare.service.LmApi] [shared-license-bridge-recheck-timer] - Skipping verify checkout handle as it is disabled
[INFO ] 2026-07-03 23:59:36 [com.cadence.softshare.service.LmApi] [shared-license-bridge-recheck-timer] - Skipping force checkin old handles as it is disabled
[INFO ] 2026-07-03 23:59:36 [com.cadence.softshare.service.LmApi] [shared-license-bridge-recheck-timer] -   Time spent in server Recheck was 1
[INFO ] 2026-07-03 23:59:36 [com.cadence.softshare.service.LmApi] [shared-license-bridge-recheck-timer] - Re-check completed with status 0 (time 2).
[INFO ] 2026-07-03 23:59:38 [com.cadence.softshare.service.LmApi] [shared-license-bridge-recheck-timer] - Recheck started ....
[INFO ] 2026-07-03 23:59:38 [com.cadence.softshare.service.LmApi] [shared-license-bridge-recheck-timer] - Minimum recheck interval has elapsed. Will be doing a real recheck
[INFO ] 2026-07-03 23:59:38 [com.cadence.softshare.service.LmApi] [shared-license-bridge-recheck-timer] - lmiFailureCount = 0
[INFO ] 2026-07-03 23:59:38 [com.cadence.softshare.service.LmApi] [shared-license-bridge-recheck-timer] -   Checking feature Integrated_Metrics_Center
[INFO ] 2026-07-03 23:59:38 [com.cadence.softshare.service.LmApi] [shared-license-bridge-recheck-timer] - 5280@cadence Heartbeat Status for feature Integrated_Metrics_Center with checkout data ACD1645181497 = 0
[INFO ] 2026-07-03 23:59:38 [com.cadence.softshare.service.LmApi] [shared-license-bridge-recheck-timer] - Skipping verify checkout handle as it is disabled
[INFO ] 2026-07-03 23:59:38 [com.cadence.softshare.service.LmApi] [shared-license-bridge-recheck-timer] - Skipping force checkin old handles as it is disabled
[INFO ] 2026-07-03 23:59:38 [com.cadence.softshare.service.LmApi] [shared-license-bridge-recheck-timer] -   Time spent in server Recheck was 2
[INFO ] 2026-07-03 23:59:38 [com.cadence.softshare.service.LmApi] [shared-license-bridge-recheck-timer] - Re-check completed with status 0 (time 3).
[INFO ] 2026-07-03 23:59:39 [com.cadence.softshare.service.LmApi] [shared-license-bridge-recheck-timer] - Recheck started ....
[INFO ] 2026-07-03 23:59:39 [com.cadence.softshare.service.LmApi] [shared-license-bridge-recheck-timer] - Minimum recheck interval has elapsed. Will be doing a real recheck
[INFO ] 2026-07-03 23:59:39 [com.cadence.softshare.service.LmApi] [shared-license-bridge-recheck-timer] - lmiFailureCount = 0
[INFO ] 2026-07-03 23:59:39 [com.cadence.softshare.service.LmApi] [shared-license-bridge-recheck-timer] -   Checking feature Integrated_Metrics_Center
[INFO ] 2026-07-03 23:59:39 [com.cadence.softshare.service.LmApi] [shared-license-bridge-recheck-timer] - 5280@cadence Heartbeat Status for feature Integrated_Metrics_Center with checkout data ACD727491956 = 0
[INFO ] 2026-07-03 23:59:39 [com.cadence.softshare.service.LmApi] [shared-license-bridge-recheck-timer] - Skipping verify checkout handle as it is disabled
[INFO ] 2026-07-03 23:59:39 [com.cadence.softshare.service.LmApi] [shared-license-bridge-recheck-timer] - Skipping force checkin old handles as it is disabled
[INFO ] 2026-07-03 23:59:39 [com.cadence.softshare.service.LmApi] [shared-license-bridge-recheck-timer] -   Time spent in server Recheck was 2
[INFO ] 2026-07-03 23:59:39 [com.cadence.softshare.service.LmApi] [shared-license-bridge-recheck-timer] - Re-check completed with status 0 (time 6).
[INFO ] 2026-07-03 23:59:39 [com.cadence.softshare.service.LmApi] [shared-license-bridge-recheck-timer] - Recheck started ....
[INFO ] 2026-07-03 23:59:39 [com.cadence.softshare.service.LmApi] [shared-license-bridge-recheck-timer] - Minimum recheck interval has elapsed. Will be doing a real recheck
[INFO ] 2026-07-03 23:59:39 [com.cadence.softshare.service.LmApi] [shared-license-bridge-recheck-timer] - lmiFailureCount = 0
[INFO ] 2026-07-03 23:59:39 [com.cadence.softshare.service.LmApi] [shared-license-bridge-recheck-timer] -   Checking feature Integrated_Metrics_Center
[INFO ] 2026-07-03 23:59:39 [com.cadence.softshare.service.LmApi] [shared-license-bridge-recheck-timer] - 5280@cadence Heartbeat Status for feature Integrated_Metrics_Center with checkout data ACD727491956 = 0
[INFO ] 2026-07-03 23:59:39 [com.cadence.softshare.service.LmApi] [shared-license-bridge-recheck-timer] - Skipping verify checkout handle as it is disabled
[INFO ] 2026-07-03 23:59:39 [com.cadence.softshare.service.LmApi] [shared-license-bridge-recheck-timer] - Skipping force checkin old handles as it is disabled
[INFO ] 2026-07-03 23:59:39 [com.cadence.softshare.service.LmApi] [shared-license-bridge-recheck-timer] -   Time spent in server Recheck was 2
[INFO ] 2026-07-03 23:59:39 [com.cadence.softshare.service.LmApi] [shared-license-bridge-recheck-timer] - Re-check completed with status 0 (time 2).
[INFO ] 2026-07-03 23:59:42 [com.cadence.softshare.service.LmApi] [shared-license-bridge-recheck-timer] - Recheck started ....
[INFO ] 2026-07-03 23:59:42 [com.cadence.softshare.service.LmApi] [shared-license-bridge-recheck-timer] - Minimum recheck interval has elapsed. Will be doing a real recheck
[INFO ] 2026-07-03 23:59:42 [com.cadence.softshare.service.LmApi] [shared-license-bridge-recheck-timer] - lmiFailureCount = 0
[INFO ] 2026-07-03 23:59:42 [com.cadence.softshare.service.LmApi] [shared-license-bridge-recheck-timer] -   Checking feature Integrated_Metrics_Center
[INFO ] 2026-07-03 23:59:42 [com.cadence.softshare.service.LmApi] [shared-license-bridge-recheck-timer] - 5280@cadence Heartbeat Status for feature Integrated_Metrics_Center with checkout data ACD1645181497 = 0
[INFO ] 2026-07-03 23:59:42 [com.cadence.softshare.service.LmApi] [shared-license-bridge-recheck-timer] - Skipping verify checkout handle as it is disabled
[INFO ] 2026-07-03 23:59:42 [com.cadence.softshare.service.LmApi] [shared-license-bridge-recheck-timer] - Skipping force checkin old handles as it is disabled
[INFO ] 2026-07-03 23:59:42 [com.cadence.softshare.service.LmApi] [shared-license-bridge-recheck-timer] -   Time spent in server Recheck was 1
[INFO ] 2026-07-03 23:59:42 [com.cadence.softshare.service.LmApi] [shared-license-bridge-recheck-timer] - Re-check completed with status 0 (time 2).
[INFO ] 2026-07-03 23:59:42 [com.cadence.softshare.service.LmApi] [shared-license-bridge-recheck-timer] - Recheck started ....
[INFO ] 2026-07-03 23:59:42 [com.cadence.softshare.service.LmApi] [shared-license-bridge-recheck-timer] - Minimum recheck interval has elapsed. Will be doing a real recheck
[INFO ] 2026-07-03 23:59:42 [com.cadence.softshare.service.LmApi] [shared-license-bridge-recheck-timer] - lmiFailureCount = 0
[INFO ] 2026-07-03 23:59:42 [com.cadence.softshare.service.LmApi] [shared-license-bridge-recheck-timer] -   Checking feature Integrated_Metrics_Center
[INFO ] 2026-07-03 23:59:42 [com.cadence.softshare.service.LmApi] [shared-license-bridge-recheck-timer] - 5280@cadence Heartbeat Status for feature Integrated_Metrics_Center with checkout data ACD1645181497 = 0
[INFO ] 2026-07-03 23:59:42 [com.cadence.softshare.service.LmApi] [shared-license-bridge-recheck-timer] - Skipping verify checkout handle as it is disabled
[INFO ] 2026-07-03 23:59:42 [com.cadence.softshare.service.LmApi] [shared-license-bridge-recheck-timer] - Skipping force checkin old handles as it is disabled
[INFO ] 2026-07-03 23:59:42 [com.cadence.softshare.service.LmApi] [shared-license-bridge-recheck-timer] -   Time spent in server Recheck was 1
[INFO ] 2026-07-03 23:59:42 [com.cadence.softshare.service.LmApi] [shared-license-bridge-recheck-timer] - Re-check completed with status 0 (time 2).
[INFO ] 2026-07-04 00:04:36 [com.cadence.softshare.service.LmApi] [shared-license-bridge-recheck-timer] - Recheck started ....
[INFO ] 2026-07-04 00:04:36 [com.cadence.softshare.service.LmApi] [shared-license-bridge-recheck-timer] - Minimum recheck interval has elapsed. Will be doing a real recheck
[INFO ] 2026-07-04 00:04:36 [com.cadence.softshare.service.LmApi] [shared-license-bridge-recheck-timer] - lmiFailureCount = 0
[INFO ] 2026-07-04 00:04:36 [com.cadence.softshare.service.LmApi] [shared-license-bridge-recheck-timer] -   Checking feature Integrated_Metrics_Center
[INFO ] 2026-07-04 00:04:36 [com.cadence.softshare.service.LmApi] [shared-license-bridge-recheck-timer] - 5280@cadence Heartbeat Status for feature Integrated_Metrics_Center with checkout data ACD727491956 = 0
[INFO ] 2026-07-04 00:04:36 [com.cadence.softshare.service.LmApi] [shared-license-bridge-recheck-timer] - Skipping verify checkout handle as it is disabled
[INFO ] 2026-07-04 00:04:36 [com.cadence.softshare.service.LmApi] [shared-license-bridge-recheck-timer] - Skipping force checkin old handles as it is disabled
[INFO ] 2026-07-04 00:04:36 [com.cadence.softshare.service.LmApi] [shared-license-bridge-recheck-timer] -   Time spent in server Recheck was 0
[INFO ] 2026-07-04 00:04:36 [com.cadence.softshare.service.LmApi] [shared-license-bridge-recheck-timer] - Re-check completed with status 0 (time 1).
[INFO ] 2026-07-04 00:04:39 [com.cadence.softshare.service.LmApi] [shared-license-bridge-recheck-timer] - Recheck started ....
[INFO ] 2026-07-04 00:04:39 [com.cadence.softshare.service.LmApi] [shared-license-bridge-recheck-timer] - Minimum recheck interval has elapsed. Will be doing a real recheck
[INFO ] 2026-07-04 00:04:39 [com.cadence.softshare.service.LmApi] [shared-license-bridge-recheck-timer] - lmiFailureCount = 0
[INFO ] 2026-07-04 00:04:39 [com.cadence.softshare.service.LmApi] [shared-license-bridge-recheck-timer] -   Checking feature Integrated_Metrics_Center
[INFO ] 2026-07-04 00:04:39 [com.cadence.softshare.service.LmApi] [shared-license-bridge-recheck-timer] - 5280@cadence Heartbeat Status for feature Integrated_Metrics_Center with checkout data ACD1645181497 = 0
[INFO ] 2026-07-04 00:04:39 [com.cadence.softshare.service.LmApi] [shared-license-bridge-recheck-timer] - Skipping verify checkout handle as it is disabled
[INFO ] 2026-07-04 00:04:39 [com.cadence.softshare.service.LmApi] [shared-license-bridge-recheck-timer] - Skipping force checkin old handles as it is disabled
[INFO ] 2026-07-04 00:04:39 [com.cadence.softshare.service.LmApi] [shared-license-bridge-recheck-timer] -   Time spent in server Recheck was 1
[INFO ] 2026-07-04 00:04:39 [com.cadence.softshare.service.LmApi] [shared-license-bridge-recheck-timer] - Re-check completed with status 0 (time 1).
[INFO ] 2026-07-04 00:04:39 [com.cadence.softshare.service.LmApi] [shared-license-bridge-recheck-timer] - Recheck started ....
[INFO ] 2026-07-04 00:04:39 [com.cadence.softshare.service.LmApi] [shared-license-bridge-recheck-timer] - Minimum recheck interval has elapsed. Will be doing a real recheck
[INFO ] 2026-07-04 00:04:39 [com.cadence.softshare.service.LmApi] [shared-license-bridge-recheck-timer] - lmiFailureCount = 0
[INFO ] 2026-07-04 00:04:39 [com.cadence.softshare.service.LmApi] [shared-license-bridge-recheck-timer] -   Checking feature Integrated_Metrics_Center
[INFO ] 2026-07-04 00:04:39 [com.cadence.softshare.service.LmApi] [shared-license-bridge-recheck-timer] - 5280@cadence Heartbeat Status for feature Integrated_Metrics_Center with checkout data ACD727491956 = 0
[INFO ] 2026-07-04 00:04:39 [com.cadence.softshare.service.LmApi] [shared-license-bridge-recheck-timer] - Skipping verify checkout handle as it is disabled
[INFO ] 2026-07-04 00:04:39 [com.cadence.softshare.service.LmApi] [shared-license-bridge-recheck-timer] - Skipping force checkin old handles as it is disabled
[INFO ] 2026-07-04 00:04:39 [com.cadence.softshare.service.LmApi] [shared-license-bridge-recheck-timer] -   Time spent in server Recheck was 1
[INFO ] 2026-07-04 00:04:39 [com.cadence.softshare.service.LmApi] [shared-license-bridge-recheck-timer] - Re-check completed with status 0 (time 1).
[INFO ] 2026-07-04 00:04:39 [com.cadence.softshare.service.LmApi] [shared-license-bridge-recheck-timer] - Recheck started ....
[INFO ] 2026-07-04 00:04:39 [com.cadence.softshare.service.LmApi] [shared-license-bridge-recheck-timer] - Minimum recheck interval has elapsed. Will be doing a real recheck
[INFO ] 2026-07-04 00:04:39 [com.cadence.softshare.service.LmApi] [shared-license-bridge-recheck-timer] - lmiFailureCount = 0
[INFO ] 2026-07-04 00:04:39 [com.cadence.softshare.service.LmApi] [shared-license-bridge-recheck-timer] -   Checking feature Integrated_Metrics_Center
[INFO ] 2026-07-04 00:04:39 [com.cadence.softshare.service.LmApi] [shared-license-bridge-recheck-timer] - 5280@cadence Heartbeat Status for feature Integrated_Metrics_Center with checkout data ACD727491956 = 0
[INFO ] 2026-07-04 00:04:39 [com.cadence.softshare.service.LmApi] [shared-license-bridge-recheck-timer] - Skipping verify checkout handle as it is disabled
[INFO ] 2026-07-04 00:04:39 [com.cadence.softshare.service.LmApi] [shared-license-bridge-recheck-timer] - Skipping force checkin old handles as it is disabled
[INFO ] 2026-07-04 00:04:39 [com.cadence.softshare.service.LmApi] [shared-license-bridge-recheck-timer] -   Time spent in server Recheck was 2
[INFO ] 2026-07-04 00:04:39 [com.cadence.softshare.service.LmApi] [shared-license-bridge-recheck-timer] - Re-check completed with status 0 (time 3).
[INFO ] 2026-07-04 00:04:42 [com.cadence.softshare.service.LmApi] [shared-license-bridge-recheck-timer] - Recheck started ....
[INFO ] 2026-07-04 00:04:42 [com.cadence.softshare.service.LmApi] [shared-license-bridge-recheck-timer] - Minimum recheck interval has elapsed. Will be doing a real recheck
[INFO ] 2026-07-04 00:04:42 [com.cadence.softshare.service.LmApi] [shared-license-bridge-recheck-timer] - lmiFailureCount = 0
[INFO ] 2026-07-04 00:04:42 [com.cadence.softshare.service.LmApi] [shared-license-bridge-recheck-timer] -   Checking feature Integrated_Metrics_Center
[INFO ] 2026-07-04 00:04:42 [com.cadence.softshare.service.LmApi] [shared-license-bridge-recheck-timer] - 5280@cadence Heartbeat Status for feature Integrated_Metrics_Center with checkout data ACD1645181497 = 0
[INFO ] 2026-07-04 00:04:42 [com.cadence.softshare.service.LmApi] [shared-license-bridge-recheck-timer] - Skipping verify checkout handle as it is disabled
[INFO ] 2026-07-04 00:04:42 [com.cadence.softshare.service.LmApi] [shared-license-bridge-recheck-timer] - Skipping force checkin old handles as it is disabled
[INFO ] 2026-07-04 00:04:42 [com.cadence.softshare.service.LmApi] [shared-license-bridge-recheck-timer] -   Time spent in server Recheck was 2
[INFO ] 2026-07-04 00:04:42 [com.cadence.softshare.service.LmApi] [shared-license-bridge-recheck-timer] - Re-check completed with status 0 (time 2).
[INFO ] 2026-07-04 00:04:42 [com.cadence.softshare.service.LmApi] [shared-license-bridge-recheck-timer] - Recheck started ....
[INFO ] 2026-07-04 00:04:42 [com.cadence.softshare.service.LmApi] [shared-license-bridge-recheck-timer] - Minimum recheck interval has elapsed. Will be doing a real recheck
[INFO ] 2026-07-04 00:04:42 [com.cadence.softshare.service.LmApi] [shared-license-bridge-recheck-timer] - lmiFailureCount = 0
[INFO ] 2026-07-04 00:04:42 [com.cadence.softshare.service.LmApi] [shared-license-bridge-recheck-timer] -   Checking feature Integrated_Metrics_Center
[INFO ] 2026-07-04 00:04:42 [com.cadence.softshare.service.LmApi] [shared-license-bridge-recheck-timer] - 5280@cadence Heartbeat Status for feature Integrated_Metrics_Center with checkout data ACD1645181497 = 0
[INFO ] 2026-07-04 00:04:42 [com.cadence.softshare.service.LmApi] [shared-license-bridge-recheck-timer] - Skipping verify checkout handle as it is disabled
[INFO ] 2026-07-04 00:04:42 [com.cadence.softshare.service.LmApi] [shared-license-bridge-recheck-timer] - Skipping force checkin old handles as it is disabled
[INFO ] 2026-07-04 00:04:42 [com.cadence.softshare.service.LmApi] [shared-license-bridge-recheck-timer] -   Time spent in server Recheck was 1
[INFO ] 2026-07-04 00:04:42 [com.cadence.softshare.service.LmApi] [shared-license-bridge-recheck-timer] - Re-check completed with status 0 (time 2).
[INFO ] 2026-07-04 00:09:36 [com.cadence.softshare.service.LmApi] [shared-license-bridge-recheck-timer] - Recheck started ....
[INFO ] 2026-07-04 00:09:36 [com.cadence.softshare.service.LmApi] [shared-license-bridge-recheck-timer] - Minimum recheck interval has elapsed. Will be doing a real recheck
[INFO ] 2026-07-04 00:09:36 [com.cadence.softshare.service.LmApi] [shared-license-bridge-recheck-timer] - lmiFailureCount = 0
[INFO ] 2026-07-04 00:09:36 [com.cadence.softshare.service.LmApi] [shared-license-bridge-recheck-timer] -   Checking feature Integrated_Metrics_Center
[INFO ] 2026-07-04 00:09:36 [com.cadence.softshare.service.LmApi] [shared-license-bridge-recheck-timer] - 5280@cadence Heartbeat Status for feature Integrated_Metrics_Center with checkout data ACD727491956 = 0
[INFO ] 2026-07-04 00:09:36 [com.cadence.softshare.service.LmApi] [shared-license-bridge-recheck-timer] - Skipping verify checkout handle as it is disabled
[INFO ] 2026-07-04 00:09:36 [com.cadence.softshare.service.LmApi] [shared-license-bridge-recheck-timer] - Skipping force checkin old handles as it is disabled
[INFO ] 2026-07-04 00:09:36 [com.cadence.softshare.service.LmApi] [shared-license-bridge-recheck-timer] -   Time spent in server Recheck was 1
[INFO ] 2026-07-04 00:09:36 [com.cadence.softshare.service.LmApi] [shared-license-bridge-recheck-timer] - Re-check completed with status 0 (time 2).
[INFO ] 2026-07-04 00:09:39 [com.cadence.softshare.service.LmApi] [shared-license-bridge-recheck-timer] - Recheck started ....
[INFO ] 2026-07-04 00:09:39 [com.cadence.softshare.service.LmApi] [shared-license-bridge-recheck-timer] - Minimum recheck interval has elapsed. Will be doing a real recheck
[INFO ] 2026-07-04 00:09:39 [com.cadence.softshare.service.LmApi] [shared-license-bridge-recheck-timer] - lmiFailureCount = 0
[INFO ] 2026-07-04 00:09:39 [com.cadence.softshare.service.LmApi] [shared-license-bridge-recheck-timer] -   Checking feature Integrated_Metrics_Center
[INFO ] 2026-07-04 00:09:39 [com.cadence.softshare.service.LmApi] [shared-license-bridge-recheck-timer] - 5280@cadence Heartbeat Status for feature Integrated_Metrics_Center with checkout data ACD1645181497 = 0
[INFO ] 2026-07-04 00:09:39 [com.cadence.softshare.service.LmApi] [shared-license-bridge-recheck-timer] - Skipping verify checkout handle as it is disabled
[INFO ] 2026-07-04 00:09:39 [com.cadence.softshare.service.LmApi] [shared-license-bridge-recheck-timer] - Skipping force checkin old handles as it is disabled
[INFO ] 2026-07-04 00:09:39 [com.cadence.softshare.service.LmApi] [shared-license-bridge-recheck-timer] -   Time spent in server Recheck was 2
[INFO ] 2026-07-04 00:09:39 [com.cadence.softshare.service.LmApi] [shared-license-bridge-recheck-timer] - Re-check completed with status 0 (time 3).
[INFO ] 2026-07-04 00:09:40 [com.cadence.softshare.service.LmApi] [shared-license-bridge-recheck-timer] - Recheck started ....
[INFO ] 2026-07-04 00:09:40 [com.cadence.softshare.service.LmApi] [shared-license-bridge-recheck-timer] - Minimum recheck interval has elapsed. Will be doing a real recheck
[INFO ] 2026-07-04 00:09:40 [com.cadence.softshare.service.LmApi] [shared-license-bridge-recheck-timer] - lmiFailureCount = 0
[INFO ] 2026-07-04 00:09:40 [com.cadence.softshare.service.LmApi] [shared-license-bridge-recheck-timer] -   Checking feature Integrated_Metrics_Center
[INFO ] 2026-07-04 00:09:40 [com.cadence.softshare.service.LmApi] [shared-license-bridge-recheck-timer] - 5280@cadence Heartbeat Status for feature Integrated_Metrics_Center with checkout data ACD727491956 = 0
[INFO ] 2026-07-04 00:09:40 [com.cadence.softshare.service.LmApi] [shared-license-bridge-recheck-timer] - Skipping verify checkout handle as it is disabled
[INFO ] 2026-07-04 00:09:40 [com.cadence.softshare.service.LmApi] [shared-license-bridge-recheck-timer] - Skipping force checkin old handles as it is disabled
[INFO ] 2026-07-04 00:09:40 [com.cadence.softshare.service.LmApi] [shared-license-bridge-recheck-timer] - Recheck started ....
[INFO ] 2026-07-04 00:09:40 [com.cadence.softshare.service.LmApi] [shared-license-bridge-recheck-timer] -   Time spent in server Recheck was 2
[INFO ] 2026-07-04 00:09:40 [com.cadence.softshare.service.LmApi] [shared-license-bridge-recheck-timer] - Minimum recheck interval has elapsed. Will be doing a real recheck
[INFO ] 2026-07-04 00:09:40 [com.cadence.softshare.service.LmApi] [shared-license-bridge-recheck-timer] - lmiFailureCount = 0
[INFO ] 2026-07-04 00:09:40 [com.cadence.softshare.service.LmApi] [shared-license-bridge-recheck-timer] - Re-check completed with status 0 (time 2).
[INFO ] 2026-07-04 00:09:40 [com.cadence.softshare.service.LmApi] [shared-license-bridge-recheck-timer] -   Checking feature Integrated_Metrics_Center
[INFO ] 2026-07-04 00:09:40 [com.cadence.softshare.service.LmApi] [shared-license-bridge-recheck-timer] - 5280@cadence Heartbeat Status for feature Integrated_Metrics_Center with checkout data ACD727491956 = 0
[INFO ] 2026-07-04 00:09:40 [com.cadence.softshare.service.LmApi] [shared-license-bridge-recheck-timer] - Skipping verify checkout handle as it is disabled
[INFO ] 2026-07-04 00:09:40 [com.cadence.softshare.service.LmApi] [shared-license-bridge-recheck-timer] - Skipping force checkin old handles as it is disabled
[INFO ] 2026-07-04 00:09:40 [com.cadence.softshare.service.LmApi] [shared-license-bridge-recheck-timer] -   Time spent in server Recheck was 1
[INFO ] 2026-07-04 00:09:40 [com.cadence.softshare.service.LmApi] [shared-license-bridge-recheck-timer] - Re-check completed with status 0 (time 1).
[INFO ] 2026-07-04 00:09:42 [com.cadence.softshare.service.LmApi] [shared-license-bridge-recheck-timer] - Recheck started ....
[INFO ] 2026-07-04 00:09:42 [com.cadence.softshare.service.LmApi] [shared-license-bridge-recheck-timer] - Minimum recheck interval has elapsed. Will be doing a real recheck
[INFO ] 2026-07-04 00:09:42 [com.cadence.softshare.service.LmApi] [shared-license-bridge-recheck-timer] - lmiFailureCount = 0
[INFO ] 2026-07-04 00:09:42 [com.cadence.softshare.service.LmApi] [shared-license-bridge-recheck-timer] -   Checking feature Integrated_Metrics_Center
[INFO ] 2026-07-04 00:09:42 [com.cadence.softshare.service.LmApi] [shared-license-bridge-recheck-timer] - 5280@cadence Heartbeat Status for feature Integrated_Metrics_Center with checkout data ACD1645181497 = 0
[INFO ] 2026-07-04 00:09:42 [com.cadence.softshare.service.LmApi] [shared-license-bridge-recheck-timer] - Skipping verify checkout handle as it is disabled
[INFO ] 2026-07-04 00:09:42 [com.cadence.softshare.service.LmApi] [shared-license-bridge-recheck-timer] - Skipping force checkin old handles as it is disabled
[INFO ] 2026-07-04 00:09:42 [com.cadence.softshare.service.LmApi] [shared-license-bridge-recheck-timer] -   Time spent in server Recheck was 1
[INFO ] 2026-07-04 00:09:42 [com.cadence.softshare.service.LmApi] [shared-license-bridge-recheck-timer] - Re-check completed with status 0 (time 1).
[INFO ] 2026-07-04 00:09:42 [com.cadence.softshare.service.LmApi] [shared-license-bridge-recheck-timer] - Recheck started ....
[INFO ] 2026-07-04 00:09:42 [com.cadence.softshare.service.LmApi] [shared-license-bridge-recheck-timer] - Minimum recheck interval has elapsed. Will be doing a real recheck
[INFO ] 2026-07-04 00:09:42 [com.cadence.softshare.service.LmApi] [shared-license-bridge-recheck-timer] - lmiFailureCount = 0
[INFO ] 2026-07-04 00:09:42 [com.cadence.softshare.service.LmApi] [shared-license-bridge-recheck-timer] -   Checking feature Integrated_Metrics_Center
[INFO ] 2026-07-04 00:09:42 [com.cadence.softshare.service.LmApi] [shared-license-bridge-recheck-timer] - 5280@cadence Heartbeat Status for feature Integrated_Metrics_Center with checkout data ACD1645181497 = 0
[INFO ] 2026-07-04 00:09:42 [com.cadence.softshare.service.LmApi] [shared-license-bridge-recheck-timer] - Skipping verify checkout handle as it is disabled
[INFO ] 2026-07-04 00:09:42 [com.cadence.softshare.service.LmApi] [shared-license-bridge-recheck-timer] - Skipping force checkin old handles as it is disabled
[INFO ] 2026-07-04 00:09:42 [com.cadence.softshare.service.LmApi] [shared-license-bridge-recheck-timer] -   Time spent in server Recheck was 1
[INFO ] 2026-07-04 00:09:42 [com.cadence.softshare.service.LmApi] [shared-license-bridge-recheck-timer] - Re-check completed with status 0 (time 2).
[INFO ] 2026-07-04 00:14:36 [com.cadence.softshare.service.LmApi] [shared-license-bridge-recheck-timer] - Recheck started ....
[INFO ] 2026-07-04 00:14:36 [com.cadence.softshare.service.LmApi] [shared-license-bridge-recheck-timer] - Minimum recheck interval has elapsed. Will be doing a real recheck
[INFO ] 2026-07-04 00:14:36 [com.cadence.softshare.service.LmApi] [shared-license-bridge-recheck-timer] - lmiFailureCount = 0
[INFO ] 2026-07-04 00:14:36 [com.cadence.softshare.service.LmApi] [shared-license-bridge-recheck-timer] -   Checking feature Integrated_Metrics_Center
[INFO ] 2026-07-04 00:14:36 [com.cadence.softshare.service.LmApi] [shared-license-bridge-recheck-timer] - 5280@cadence Heartbeat Status for feature Integrated_Metrics_Center with checkout data ACD727491956 = 0
[INFO ] 2026-07-04 00:14:36 [com.cadence.softshare.service.LmApi] [shared-license-bridge-recheck-timer] - Skipping verify checkout handle as it is disabled
[INFO ] 2026-07-04 00:14:36 [com.cadence.softshare.service.LmApi] [shared-license-bridge-recheck-timer] - Skipping force checkin old handles as it is disabled
[INFO ] 2026-07-04 00:14:36 [com.cadence.softshare.service.LmApi] [shared-license-bridge-recheck-timer] -   Time spent in server Recheck was 1
[INFO ] 2026-07-04 00:14:36 [com.cadence.softshare.service.LmApi] [shared-license-bridge-recheck-timer] - Re-check completed with status 0 (time 1).
[INFO ] 2026-07-04 00:14:39 [com.cadence.softshare.service.LmApi] [shared-license-bridge-recheck-timer] - Recheck started ....
[INFO ] 2026-07-04 00:14:39 [com.cadence.softshare.service.LmApi] [shared-license-bridge-recheck-timer] - Minimum recheck interval has elapsed. Will be doing a real recheck
[INFO ] 2026-07-04 00:14:39 [com.cadence.softshare.service.LmApi] [shared-license-bridge-recheck-timer] - lmiFailureCount = 0
[INFO ] 2026-07-04 00:14:39 [com.cadence.softshare.service.LmApi] [shared-license-bridge-recheck-timer] -   Checking feature Integrated_Metrics_Center
[INFO ] 2026-07-04 00:14:39 [com.cadence.softshare.service.LmApi] [shared-license-bridge-recheck-timer] - 5280@cadence Heartbeat Status for feature Integrated_Metrics_Center with checkout data ACD1645181497 = 0
[INFO ] 2026-07-04 00:14:39 [com.cadence.softshare.service.LmApi] [shared-license-bridge-recheck-timer] - Skipping verify checkout handle as it is disabled
[INFO ] 2026-07-04 00:14:39 [com.cadence.softshare.service.LmApi] [shared-license-bridge-recheck-timer] - Skipping force checkin old handles as it is disabled
[INFO ] 2026-07-04 00:14:39 [com.cadence.softshare.service.LmApi] [shared-license-bridge-recheck-timer] -   Time spent in server Recheck was 1
[INFO ] 2026-07-04 00:14:39 [com.cadence.softshare.service.LmApi] [shared-license-bridge-recheck-timer] - Re-check completed with status 0 (time 2).
[INFO ] 2026-07-04 00:14:40 [com.cadence.softshare.service.LmApi] [shared-license-bridge-recheck-timer] - Recheck started ....
[INFO ] 2026-07-04 00:14:40 [com.cadence.softshare.service.LmApi] [shared-license-bridge-recheck-timer] - Minimum recheck interval has elapsed. Will be doing a real recheck
[INFO ] 2026-07-04 00:14:40 [com.cadence.softshare.service.LmApi] [shared-license-bridge-recheck-timer] - lmiFailureCount = 0
[INFO ] 2026-07-04 00:14:40 [com.cadence.softshare.service.LmApi] [shared-license-bridge-recheck-timer] -   Checking feature Integrated_Metrics_Center
[INFO ] 2026-07-04 00:14:40 [com.cadence.softshare.service.LmApi] [shared-license-bridge-recheck-timer] - 5280@cadence Heartbeat Status for feature Integrated_Metrics_Center with checkout data ACD727491956 = 0
[INFO ] 2026-07-04 00:14:40 [com.cadence.softshare.service.LmApi] [shared-license-bridge-recheck-timer] - Skipping verify checkout handle as it is disabled
[INFO ] 2026-07-04 00:14:40 [com.cadence.softshare.service.LmApi] [shared-license-bridge-recheck-timer] - Skipping force checkin old handles as it is disabled
[INFO ] 2026-07-04 00:14:40 [com.cadence.softshare.service.LmApi] [shared-license-bridge-recheck-timer] -   Time spent in server Recheck was 0
[INFO ] 2026-07-04 00:14:40 [com.cadence.softshare.service.LmApi] [shared-license-bridge-recheck-timer] - Re-check completed with status 0 (time 1).
[INFO ] 2026-07-04 00:14:40 [com.cadence.softshare.service.LmApi] [shared-license-bridge-recheck-timer] - Recheck started ....
[INFO ] 2026-07-04 00:14:40 [com.cadence.softshare.service.LmApi] [shared-license-bridge-recheck-timer] - Minimum recheck interval has elapsed. Will be doing a real recheck
[INFO ] 2026-07-04 00:14:40 [com.cadence.softshare.service.LmApi] [shared-license-bridge-recheck-timer] - lmiFailureCount = 0
[INFO ] 2026-07-04 00:14:40 [com.cadence.softshare.service.LmApi] [shared-license-bridge-recheck-timer] -   Checking feature Integrated_Metrics_Center
[INFO ] 2026-07-04 00:14:40 [com.cadence.softshare.service.LmApi] [shared-license-bridge-recheck-timer] - 5280@cadence Heartbeat Status for feature Integrated_Metrics_Center with checkout data ACD727491956 = 0
[INFO ] 2026-07-04 00:14:40 [com.cadence.softshare.service.LmApi] [shared-license-bridge-recheck-timer] - Skipping verify checkout handle as it is disabled
[INFO ] 2026-07-04 00:14:40 [com.cadence.softshare.service.LmApi] [shared-license-bridge-recheck-timer] - Skipping force checkin old handles as it is disabled
[INFO ] 2026-07-04 00:14:40 [com.cadence.softshare.service.LmApi] [shared-license-bridge-recheck-timer] -   Time spent in server Recheck was 3
[INFO ] 2026-07-04 00:14:40 [com.cadence.softshare.service.LmApi] [shared-license-bridge-recheck-timer] - Re-check completed with status 0 (time 7).
[INFO ] 2026-07-04 00:14:42 [com.cadence.softshare.service.LmApi] [shared-license-bridge-recheck-timer] - Recheck started ....
[INFO ] 2026-07-04 00:14:42 [com.cadence.softshare.service.LmApi] [shared-license-bridge-recheck-timer] - Minimum recheck interval has elapsed. Will be doing a real recheck
[INFO ] 2026-07-04 00:14:42 [com.cadence.softshare.service.LmApi] [shared-license-bridge-recheck-timer] - lmiFailureCount = 0
[INFO ] 2026-07-04 00:14:42 [com.cadence.softshare.service.LmApi] [shared-license-bridge-recheck-timer] -   Checking feature Integrated_Metrics_Center
[INFO ] 2026-07-04 00:14:42 [com.cadence.softshare.service.LmApi] [shared-license-bridge-recheck-timer] - 5280@cadence Heartbeat Status for feature Integrated_Metrics_Center with checkout data ACD1645181497 = 0
[INFO ] 2026-07-04 00:14:42 [com.cadence.softshare.service.LmApi] [shared-license-bridge-recheck-timer] - Skipping verify checkout handle as it is disabled
[INFO ] 2026-07-04 00:14:42 [com.cadence.softshare.service.LmApi] [shared-license-bridge-recheck-timer] - Skipping force checkin old handles as it is disabled
[INFO ] 2026-07-04 00:14:42 [com.cadence.softshare.service.LmApi] [shared-license-bridge-recheck-timer] -   Time spent in server Recheck was 1
[INFO ] 2026-07-04 00:14:42 [com.cadence.softshare.service.LmApi] [shared-license-bridge-recheck-timer] - Re-check completed with status 0 (time 1).
[INFO ] 2026-07-04 00:14:42 [com.cadence.softshare.service.LmApi] [shared-license-bridge-recheck-timer] - Recheck started ....
[INFO ] 2026-07-04 00:14:42 [com.cadence.softshare.service.LmApi] [shared-license-bridge-recheck-timer] - Minimum recheck interval has elapsed. Will be doing a real recheck
[INFO ] 2026-07-04 00:14:42 [com.cadence.softshare.service.LmApi] [shared-license-bridge-recheck-timer] - lmiFailureCount = 0
[INFO ] 2026-07-04 00:14:42 [com.cadence.softshare.service.LmApi] [shared-license-bridge-recheck-timer] -   Checking feature Integrated_Metrics_Center
[INFO ] 2026-07-04 00:14:42 [com.cadence.softshare.service.LmApi] [shared-license-bridge-recheck-timer] - 5280@cadence Heartbeat Status for feature Integrated_Metrics_Center with checkout data ACD1645181497 = 0
[INFO ] 2026-07-04 00:14:42 [com.cadence.softshare.service.LmApi] [shared-license-bridge-recheck-timer] - Skipping verify checkout handle as it is disabled
[INFO ] 2026-07-04 00:14:42 [com.cadence.softshare.service.LmApi] [shared-license-bridge-recheck-timer] - Skipping force checkin old handles as it is disabled
[INFO ] 2026-07-04 00:14:42 [com.cadence.softshare.service.LmApi] [shared-license-bridge-recheck-timer] -   Time spent in server Recheck was 7
[INFO ] 2026-07-04 00:14:42 [com.cadence.softshare.service.LmApi] [shared-license-bridge-recheck-timer] - Re-check completed with status 0 (time 8).
[INFO ] 2026-07-04 00:19:36 [com.cadence.softshare.service.LmApi] [shared-license-bridge-recheck-timer] - Recheck started ....
[INFO ] 2026-07-04 00:19:36 [com.cadence.softshare.service.LmApi] [shared-license-bridge-recheck-timer] - Minimum recheck interval has elapsed. Will be doing a real recheck
[INFO ] 2026-07-04 00:19:36 [com.cadence.softshare.service.LmApi] [shared-license-bridge-recheck-timer] - lmiFailureCount = 0
[INFO ] 2026-07-04 00:19:36 [com.cadence.softshare.service.LmApi] [shared-license-bridge-recheck-timer] -   Checking feature Integrated_Metrics_Center
[INFO ] 2026-07-04 00:19:36 [com.cadence.softshare.service.LmApi] [shared-license-bridge-recheck-timer] - 5280@cadence Heartbeat Status for feature Integrated_Metrics_Center with checkout data ACD727491956 = 0
[INFO ] 2026-07-04 00:19:36 [com.cadence.softshare.service.LmApi] [shared-license-bridge-recheck-timer] - Skipping verify checkout handle as it is disabled
[INFO ] 2026-07-04 00:19:36 [com.cadence.softshare.service.LmApi] [shared-license-bridge-recheck-timer] - Skipping force checkin old handles as it is disabled
[INFO ] 2026-07-04 00:19:36 [com.cadence.softshare.service.LmApi] [shared-license-bridge-recheck-timer] -   Time spent in server Recheck was 2
[INFO ] 2026-07-04 00:19:36 [com.cadence.softshare.service.LmApi] [shared-license-bridge-recheck-timer] - Re-check completed with status 0 (time 2).
[INFO ] 2026-07-04 00:19:39 [com.cadence.softshare.service.LmApi] [shared-license-bridge-recheck-timer] - Recheck started ....
[INFO ] 2026-07-04 00:19:39 [com.cadence.softshare.service.LmApi] [shared-license-bridge-recheck-timer] - Minimum recheck interval has elapsed. Will be doing a real recheck
[INFO ] 2026-07-04 00:19:39 [com.cadence.softshare.service.LmApi] [shared-license-bridge-recheck-timer] - lmiFailureCount = 0
[INFO ] 2026-07-04 00:19:39 [com.cadence.softshare.service.LmApi] [shared-license-bridge-recheck-timer] -   Checking feature Integrated_Metrics_Center
[INFO ] 2026-07-04 00:19:39 [com.cadence.softshare.service.LmApi] [shared-license-bridge-recheck-timer] - 5280@cadence Heartbeat Status for feature Integrated_Metrics_Center with checkout data ACD1645181497 = 0
[INFO ] 2026-07-04 00:19:39 [com.cadence.softshare.service.LmApi] [shared-license-bridge-recheck-timer] - Skipping verify checkout handle as it is disabled
[INFO ] 2026-07-04 00:19:39 [com.cadence.softshare.service.LmApi] [shared-license-bridge-recheck-timer] - Skipping force checkin old handles as it is disabled
[INFO ] 2026-07-04 00:19:39 [com.cadence.softshare.service.LmApi] [shared-license-bridge-recheck-timer] -   Time spent in server Recheck was 1
[INFO ] 2026-07-04 00:19:39 [com.cadence.softshare.service.LmApi] [shared-license-bridge-recheck-timer] - Re-check completed with status 0 (time 1).
[INFO ] 2026-07-04 00:19:40 [com.cadence.softshare.service.LmApi] [shared-license-bridge-recheck-timer] - Recheck started ....
[INFO ] 2026-07-04 00:19:40 [com.cadence.softshare.service.LmApi] [shared-license-bridge-recheck-timer] - Minimum recheck interval has elapsed. Will be doing a real recheck
[INFO ] 2026-07-04 00:19:40 [com.cadence.softshare.service.LmApi] [shared-license-bridge-recheck-timer] - lmiFailureCount = 0
[INFO ] 2026-07-04 00:19:40 [com.cadence.softshare.service.LmApi] [shared-license-bridge-recheck-timer] -   Checking feature Integrated_Metrics_Center
[INFO ] 2026-07-04 00:19:40 [com.cadence.softshare.service.LmApi] [shared-license-bridge-recheck-timer] - 5280@cadence Heartbeat Status for feature Integrated_Metrics_Center with checkout data ACD727491956 = 0
[INFO ] 2026-07-04 00:19:40 [com.cadence.softshare.service.LmApi] [shared-license-bridge-recheck-timer] - Skipping verify checkout handle as it is disabled
[INFO ] 2026-07-04 00:19:40 [com.cadence.softshare.service.LmApi] [shared-license-bridge-recheck-timer] - Skipping force checkin old handles as it is disabled
[INFO ] 2026-07-04 00:19:40 [com.cadence.softshare.service.LmApi] [shared-license-bridge-recheck-timer] -   Time spent in server Recheck was 1
[INFO ] 2026-07-04 00:19:40 [com.cadence.softshare.service.LmApi] [shared-license-bridge-recheck-timer] - Re-check completed with status 0 (time 2).
[INFO ] 2026-07-04 00:19:40 [com.cadence.softshare.service.LmApi] [shared-license-bridge-recheck-timer] - Recheck started ....
[INFO ] 2026-07-04 00:19:40 [com.cadence.softshare.service.LmApi] [shared-license-bridge-recheck-timer] - Minimum recheck interval has elapsed. Will be doing a real recheck
[INFO ] 2026-07-04 00:19:40 [com.cadence.softshare.service.LmApi] [shared-license-bridge-recheck-timer] - lmiFailureCount = 0
[INFO ] 2026-07-04 00:19:40 [com.cadence.softshare.service.LmApi] [shared-license-bridge-recheck-timer] -   Checking feature Integrated_Metrics_Center
[INFO ] 2026-07-04 00:19:40 [com.cadence.softshare.service.LmApi] [shared-license-bridge-recheck-timer] - 5280@cadence Heartbeat Status for feature Integrated_Metrics_Center with checkout data ACD727491956 = 0
[INFO ] 2026-07-04 00:19:40 [com.cadence.softshare.service.LmApi] [shared-license-bridge-recheck-timer] - Skipping verify checkout handle as it is disabled
[INFO ] 2026-07-04 00:19:40 [com.cadence.softshare.service.LmApi] [shared-license-bridge-recheck-timer] - Skipping force checkin old handles as it is disabled
[INFO ] 2026-07-04 00:19:40 [com.cadence.softshare.service.LmApi] [shared-license-bridge-recheck-timer] -   Time spent in server Recheck was 1
[INFO ] 2026-07-04 00:19:40 [com.cadence.softshare.service.LmApi] [shared-license-bridge-recheck-timer] - Re-check completed with status 0 (time 1).
[INFO ] 2026-07-04 00:19:42 [com.cadence.softshare.service.LmApi] [shared-license-bridge-recheck-timer] - Recheck started ....
[INFO ] 2026-07-04 00:19:42 [com.cadence.softshare.service.LmApi] [shared-license-bridge-recheck-timer] - Minimum recheck interval has elapsed. Will be doing a real recheck
[INFO ] 2026-07-04 00:19:42 [com.cadence.softshare.service.LmApi] [shared-license-bridge-recheck-timer] - lmiFailureCount = 0
[INFO ] 2026-07-04 00:19:42 [com.cadence.softshare.service.LmApi] [shared-license-bridge-recheck-timer] -   Checking feature Integrated_Metrics_Center
[INFO ] 2026-07-04 00:19:42 [com.cadence.softshare.service.LmApi] [shared-license-bridge-recheck-timer] - 5280@cadence Heartbeat Status for feature Integrated_Metrics_Center with checkout data ACD1645181497 = 0
[INFO ] 2026-07-04 00:19:42 [com.cadence.softshare.service.LmApi] [shared-license-bridge-recheck-timer] - Skipping verify checkout handle as it is disabled
[INFO ] 2026-07-04 00:19:42 [com.cadence.softshare.service.LmApi] [shared-license-bridge-recheck-timer] - Skipping force checkin old handles as it is disabled
[INFO ] 2026-07-04 00:19:42 [com.cadence.softshare.service.LmApi] [shared-license-bridge-recheck-timer] -   Time spent in server Recheck was 1
[INFO ] 2026-07-04 00:19:42 [com.cadence.softshare.service.LmApi] [shared-license-bridge-recheck-timer] - Re-check completed with status 0 (time 2).
[INFO ] 2026-07-04 00:19:42 [com.cadence.softshare.service.LmApi] [shared-license-bridge-recheck-timer] - Recheck started ....
[INFO ] 2026-07-04 00:19:42 [com.cadence.softshare.service.LmApi] [shared-license-bridge-recheck-timer] - Minimum recheck interval has elapsed. Will be doing a real recheck
[INFO ] 2026-07-04 00:19:42 [com.cadence.softshare.service.LmApi] [shared-license-bridge-recheck-timer] - lmiFailureCount = 0
[INFO ] 2026-07-04 00:19:42 [com.cadence.softshare.service.LmApi] [shared-license-bridge-recheck-timer] -   Checking feature Integrated_Metrics_Center
[INFO ] 2026-07-04 00:19:42 [com.cadence.softshare.service.LmApi] [shared-license-bridge-recheck-timer] - 5280@cadence Heartbeat Status for feature Integrated_Metrics_Center with checkout data ACD1645181497 = 0
[INFO ] 2026-07-04 00:19:42 [com.cadence.softshare.service.LmApi] [shared-license-bridge-recheck-timer] - Skipping verify checkout handle as it is disabled
[INFO ] 2026-07-04 00:19:42 [com.cadence.softshare.service.LmApi] [shared-license-bridge-recheck-timer] - Skipping force checkin old handles as it is disabled
[INFO ] 2026-07-04 00:19:42 [com.cadence.softshare.service.LmApi] [shared-license-bridge-recheck-timer] -   Time spent in server Recheck was 2
[INFO ] 2026-07-04 00:19:42 [com.cadence.softshare.service.LmApi] [shared-license-bridge-recheck-timer] - Re-check completed with status 0 (time 3).
[INFO ] 2026-07-04 00:24:36 [com.cadence.softshare.service.LmApi] [shared-license-bridge-recheck-timer] - Recheck started ....
[INFO ] 2026-07-04 00:24:36 [com.cadence.softshare.service.LmApi] [shared-license-bridge-recheck-timer] - Minimum recheck interval has elapsed. Will be doing a real recheck
[INFO ] 2026-07-04 00:24:36 [com.cadence.softshare.service.LmApi] [shared-license-bridge-recheck-timer] - lmiFailureCount = 0
[INFO ] 2026-07-04 00:24:36 [com.cadence.softshare.service.LmApi] [shared-license-bridge-recheck-timer] -   Checking feature Integrated_Metrics_Center
[INFO ] 2026-07-04 00:24:36 [com.cadence.softshare.service.LmApi] [shared-license-bridge-recheck-timer] - 5280@cadence Heartbeat Status for feature Integrated_Metrics_Center with checkout data ACD727491956 = 0
[INFO ] 2026-07-04 00:24:36 [com.cadence.softshare.service.LmApi] [shared-license-bridge-recheck-timer] - Skipping verify checkout handle as it is disabled
[INFO ] 2026-07-04 00:24:36 [com.cadence.softshare.service.LmApi] [shared-license-bridge-recheck-timer] - Skipping force checkin old handles as it is disabled
[INFO ] 2026-07-04 00:24:36 [com.cadence.softshare.service.LmApi] [shared-license-bridge-recheck-timer] -   Time spent in server Recheck was 0
[INFO ] 2026-07-04 00:24:36 [com.cadence.softshare.service.LmApi] [shared-license-bridge-recheck-timer] - Re-check completed with status 0 (time 1).
[INFO ] 2026-07-04 00:24:39 [com.cadence.softshare.service.LmApi] [shared-license-bridge-recheck-timer] - Recheck started ....
[INFO ] 2026-07-04 00:24:39 [com.cadence.softshare.service.LmApi] [shared-license-bridge-recheck-timer] - Minimum recheck interval has elapsed. Will be doing a real recheck
[INFO ] 2026-07-04 00:24:39 [com.cadence.softshare.service.LmApi] [shared-license-bridge-recheck-timer] - lmiFailureCount = 0
[INFO ] 2026-07-04 00:24:39 [com.cadence.softshare.service.LmApi] [shared-license-bridge-recheck-timer] -   Checking feature Integrated_Metrics_Center
[INFO ] 2026-07-04 00:24:39 [com.cadence.softshare.service.LmApi] [shared-license-bridge-recheck-timer] - 5280@cadence Heartbeat Status for feature Integrated_Metrics_Center with checkout data ACD1645181497 = 0
[INFO ] 2026-07-04 00:24:39 [com.cadence.softshare.service.LmApi] [shared-license-bridge-recheck-timer] - Skipping verify checkout handle as it is disabled
[INFO ] 2026-07-04 00:24:39 [com.cadence.softshare.service.LmApi] [shared-license-bridge-recheck-timer] - Skipping force checkin old handles as it is disabled
[INFO ] 2026-07-04 00:24:39 [com.cadence.softshare.service.LmApi] [shared-license-bridge-recheck-timer] -   Time spent in server Recheck was 1
[INFO ] 2026-07-04 00:24:39 [com.cadence.softshare.service.LmApi] [shared-license-bridge-recheck-timer] - Re-check completed with status 0 (time 4).
[INFO ] 2026-07-04 00:24:40 [com.cadence.softshare.service.LmApi] [shared-license-bridge-recheck-timer] - Recheck started ....
[INFO ] 2026-07-04 00:24:40 [com.cadence.softshare.service.LmApi] [shared-license-bridge-recheck-timer] - Minimum recheck interval has elapsed. Will be doing a real recheck
[INFO ] 2026-07-04 00:24:40 [com.cadence.softshare.service.LmApi] [shared-license-bridge-recheck-timer] - lmiFailureCount = 0
[INFO ] 2026-07-04 00:24:40 [com.cadence.softshare.service.LmApi] [shared-license-bridge-recheck-timer] -   Checking feature Integrated_Metrics_Center
[INFO ] 2026-07-04 00:24:40 [com.cadence.softshare.service.LmApi] [shared-license-bridge-recheck-timer] - 5280@cadence Heartbeat Status for feature Integrated_Metrics_Center with checkout data ACD727491956 = 0
[INFO ] 2026-07-04 00:24:40 [com.cadence.softshare.service.LmApi] [shared-license-bridge-recheck-timer] - Skipping verify checkout handle as it is disabled
[INFO ] 2026-07-04 00:24:40 [com.cadence.softshare.service.LmApi] [shared-license-bridge-recheck-timer] - Skipping force checkin old handles as it is disabled
[INFO ] 2026-07-04 00:24:40 [com.cadence.softshare.service.LmApi] [shared-license-bridge-recheck-timer] -   Time spent in server Recheck was 1
[INFO ] 2026-07-04 00:24:40 [com.cadence.softshare.service.LmApi] [shared-license-bridge-recheck-timer] - Re-check completed with status 0 (time 2).
[INFO ] 2026-07-04 00:24:40 [com.cadence.softshare.service.LmApi] [shared-license-bridge-recheck-timer] - Recheck started ....
[INFO ] 2026-07-04 00:24:40 [com.cadence.softshare.service.LmApi] [shared-license-bridge-recheck-timer] - Minimum recheck interval has elapsed. Will be doing a real recheck
[INFO ] 2026-07-04 00:24:40 [com.cadence.softshare.service.LmApi] [shared-license-bridge-recheck-timer] - lmiFailureCount = 0
[INFO ] 2026-07-04 00:24:40 [com.cadence.softshare.service.LmApi] [shared-license-bridge-recheck-timer] -   Checking feature Integrated_Metrics_Center
[INFO ] 2026-07-04 00:24:40 [com.cadence.softshare.service.LmApi] [shared-license-bridge-recheck-timer] - 5280@cadence Heartbeat Status for feature Integrated_Metrics_Center with checkout data ACD727491956 = 0
[INFO ] 2026-07-04 00:24:40 [com.cadence.softshare.service.LmApi] [shared-license-bridge-recheck-timer] - Skipping verify checkout handle as it is disabled
[INFO ] 2026-07-04 00:24:40 [com.cadence.softshare.service.LmApi] [shared-license-bridge-recheck-timer] - Skipping force checkin old handles as it is disabled
[INFO ] 2026-07-04 00:24:40 [com.cadence.softshare.service.LmApi] [shared-license-bridge-recheck-timer] -   Time spent in server Recheck was 1
[INFO ] 2026-07-04 00:24:40 [com.cadence.softshare.service.LmApi] [shared-license-bridge-recheck-timer] - Re-check completed with status 0 (time 2).
[INFO ] 2026-07-04 00:24:42 [com.cadence.softshare.service.LmApi] [shared-license-bridge-recheck-timer] - Recheck started ....
[INFO ] 2026-07-04 00:24:42 [com.cadence.softshare.service.LmApi] [shared-license-bridge-recheck-timer] - Minimum recheck interval has elapsed. Will be doing a real recheck
[INFO ] 2026-07-04 00:24:42 [com.cadence.softshare.service.LmApi] [shared-license-bridge-recheck-timer] - lmiFailureCount = 0
[INFO ] 2026-07-04 00:24:42 [com.cadence.softshare.service.LmApi] [shared-license-bridge-recheck-timer] -   Checking feature Integrated_Metrics_Center
[INFO ] 2026-07-04 00:24:42 [com.cadence.softshare.service.LmApi] [shared-license-bridge-recheck-timer] - 5280@cadence Heartbeat Status for feature Integrated_Metrics_Center with checkout data ACD1645181497 = 0
[INFO ] 2026-07-04 00:24:42 [com.cadence.softshare.service.LmApi] [shared-license-bridge-recheck-timer] - Skipping verify checkout handle as it is disabled
[INFO ] 2026-07-04 00:24:42 [com.cadence.softshare.service.LmApi] [shared-license-bridge-recheck-timer] - Skipping force checkin old handles as it is disabled
[INFO ] 2026-07-04 00:24:42 [com.cadence.softshare.service.LmApi] [shared-license-bridge-recheck-timer] -   Time spent in server Recheck was 1
[INFO ] 2026-07-04 00:24:42 [com.cadence.softshare.service.LmApi] [shared-license-bridge-recheck-timer] - Re-check completed with status 0 (time 2).
[INFO ] 2026-07-04 00:24:42 [com.cadence.softshare.service.LmApi] [shared-license-bridge-recheck-timer] - Recheck started ....
[INFO ] 2026-07-04 00:24:42 [com.cadence.softshare.service.LmApi] [shared-license-bridge-recheck-timer] - Minimum recheck interval has elapsed. Will be doing a real recheck
[INFO ] 2026-07-04 00:24:42 [com.cadence.softshare.service.LmApi] [shared-license-bridge-recheck-timer] - lmiFailureCount = 0
[INFO ] 2026-07-04 00:24:42 [com.cadence.softshare.service.LmApi] [shared-license-bridge-recheck-timer] -   Checking feature Integrated_Metrics_Center
[INFO ] 2026-07-04 00:24:42 [com.cadence.softshare.service.LmApi] [shared-license-bridge-recheck-timer] - 5280@cadence Heartbeat Status for feature Integrated_Metrics_Center with checkout data ACD1645181497 = 0
[INFO ] 2026-07-04 00:24:42 [com.cadence.softshare.service.LmApi] [shared-license-bridge-recheck-timer] - Skipping verify checkout handle as it is disabled
[INFO ] 2026-07-04 00:24:42 [com.cadence.softshare.service.LmApi] [shared-license-bridge-recheck-timer] - Skipping force checkin old handles as it is disabled
[INFO ] 2026-07-04 00:24:42 [com.cadence.softshare.service.LmApi] [shared-license-bridge-recheck-timer] -   Time spent in server Recheck was 1
[INFO ] 2026-07-04 00:24:42 [com.cadence.softshare.service.LmApi] [shared-license-bridge-recheck-timer] - Re-check completed with status 0 (time 2).
[INFO ] 2026-07-04 00:29:36 [com.cadence.softshare.service.LmApi] [shared-license-bridge-recheck-timer] - Recheck started ....
[INFO ] 2026-07-04 00:29:36 [com.cadence.softshare.service.LmApi] [shared-license-bridge-recheck-timer] - Minimum recheck interval has elapsed. Will be doing a real recheck
[INFO ] 2026-07-04 00:29:36 [com.cadence.softshare.service.LmApi] [shared-license-bridge-recheck-timer] - lmiFailureCount = 0
[INFO ] 2026-07-04 00:29:36 [com.cadence.softshare.service.LmApi] [shared-license-bridge-recheck-timer] -   Checking feature Integrated_Metrics_Center
[INFO ] 2026-07-04 00:29:36 [com.cadence.softshare.service.LmApi] [shared-license-bridge-recheck-timer] - 5280@cadence Heartbeat Status for feature Integrated_Metrics_Center with checkout data ACD727491956 = 0
[INFO ] 2026-07-04 00:29:36 [com.cadence.softshare.service.LmApi] [shared-license-bridge-recheck-timer] - Skipping verify checkout handle as it is disabled
[INFO ] 2026-07-04 00:29:36 [com.cadence.softshare.service.LmApi] [shared-license-bridge-recheck-timer] - Skipping force checkin old handles as it is disabled
[INFO ] 2026-07-04 00:29:36 [com.cadence.softshare.service.LmApi] [shared-license-bridge-recheck-timer] -   Time spent in server Recheck was 0
[INFO ] 2026-07-04 00:29:36 [com.cadence.softshare.service.LmApi] [shared-license-bridge-recheck-timer] - Re-check completed with status 0 (time 1).
[INFO ] 2026-07-04 00:29:39 [com.cadence.softshare.service.LmApi] [shared-license-bridge-recheck-timer] - Recheck started ....
[INFO ] 2026-07-04 00:29:39 [com.cadence.softshare.service.LmApi] [shared-license-bridge-recheck-timer] - Minimum recheck interval has elapsed. Will be doing a real recheck
[INFO ] 2026-07-04 00:29:39 [com.cadence.softshare.service.LmApi] [shared-license-bridge-recheck-timer] - lmiFailureCount = 0
[INFO ] 2026-07-04 00:29:39 [com.cadence.softshare.service.LmApi] [shared-license-bridge-recheck-timer] -   Checking feature Integrated_Metrics_Center
[INFO ] 2026-07-04 00:29:39 [com.cadence.softshare.service.LmApi] [shared-license-bridge-recheck-timer] - 5280@cadence Heartbeat Status for feature Integrated_Metrics_Center with checkout data ACD1645181497 = 0
[INFO ] 2026-07-04 00:29:39 [com.cadence.softshare.service.LmApi] [shared-license-bridge-recheck-timer] - Skipping verify checkout handle as it is disabled
[INFO ] 2026-07-04 00:29:39 [com.cadence.softshare.service.LmApi] [shared-license-bridge-recheck-timer] - Skipping force checkin old handles as it is disabled
[INFO ] 2026-07-04 00:29:39 [com.cadence.softshare.service.LmApi] [shared-license-bridge-recheck-timer] -   Time spent in server Recheck was 1
[INFO ] 2026-07-04 00:29:39 [com.cadence.softshare.service.LmApi] [shared-license-bridge-recheck-timer] - Re-check completed with status 0 (time 2).
[INFO ] 2026-07-04 00:29:40 [com.cadence.softshare.service.LmApi] [shared-license-bridge-recheck-timer] - Recheck started ....
[INFO ] 2026-07-04 00:29:40 [com.cadence.softshare.service.LmApi] [shared-license-bridge-recheck-timer] - Minimum recheck interval has elapsed. Will be doing a real recheck
[INFO ] 2026-07-04 00:29:40 [com.cadence.softshare.service.LmApi] [shared-license-bridge-recheck-timer] - lmiFailureCount = 0
[INFO ] 2026-07-04 00:29:40 [com.cadence.softshare.service.LmApi] [shared-license-bridge-recheck-timer] - Recheck started ....
[INFO ] 2026-07-04 00:29:40 [com.cadence.softshare.service.LmApi] [shared-license-bridge-recheck-timer] - Minimum recheck interval has elapsed. Will be doing a real recheck
[INFO ] 2026-07-04 00:29:40 [com.cadence.softshare.service.LmApi] [shared-license-bridge-recheck-timer] - lmiFailureCount = 0
[INFO ] 2026-07-04 00:29:40 [com.cadence.softshare.service.LmApi] [shared-license-bridge-recheck-timer] -   Checking feature Integrated_Metrics_Center
[INFO ] 2026-07-04 00:29:40 [com.cadence.softshare.service.LmApi] [shared-license-bridge-recheck-timer] -   Checking feature Integrated_Metrics_Center
[INFO ] 2026-07-04 00:29:40 [com.cadence.softshare.service.LmApi] [shared-license-bridge-recheck-timer] - 5280@cadence Heartbeat Status for feature Integrated_Metrics_Center with checkout data ACD727491956 = 0
[INFO ] 2026-07-04 00:29:40 [com.cadence.softshare.service.LmApi] [shared-license-bridge-recheck-timer] - Skipping verify checkout handle as it is disabled
[INFO ] 2026-07-04 00:29:40 [com.cadence.softshare.service.LmApi] [shared-license-bridge-recheck-timer] - Skipping force checkin old handles as it is disabled
[INFO ] 2026-07-04 00:29:40 [com.cadence.softshare.service.LmApi] [shared-license-bridge-recheck-timer] -   Time spent in server Recheck was 1
[INFO ] 2026-07-04 00:29:40 [com.cadence.softshare.service.LmApi] [shared-license-bridge-recheck-timer] - Re-check completed with status 0 (time 1).
[INFO ] 2026-07-04 00:29:40 [com.cadence.softshare.service.LmApi] [shared-license-bridge-recheck-timer] - 5280@cadence Heartbeat Status for feature Integrated_Metrics_Center with checkout data ACD727491956 = 0
[INFO ] 2026-07-04 00:29:40 [com.cadence.softshare.service.LmApi] [shared-license-bridge-recheck-timer] - Skipping verify checkout handle as it is disabled
[INFO ] 2026-07-04 00:29:40 [com.cadence.softshare.service.LmApi] [shared-license-bridge-recheck-timer] - Skipping force checkin old handles as it is disabled
[INFO ] 2026-07-04 00:29:40 [com.cadence.softshare.service.LmApi] [shared-license-bridge-recheck-timer] -   Time spent in server Recheck was 3
[INFO ] 2026-07-04 00:29:40 [com.cadence.softshare.service.LmApi] [shared-license-bridge-recheck-timer] - Re-check completed with status 0 (time 4).
[INFO ] 2026-07-04 00:29:42 [com.cadence.softshare.service.LmApi] [shared-license-bridge-recheck-timer] - Recheck started ....
[INFO ] 2026-07-04 00:29:42 [com.cadence.softshare.service.LmApi] [shared-license-bridge-recheck-timer] - Minimum recheck interval has elapsed. Will be doing a real recheck
[INFO ] 2026-07-04 00:29:42 [com.cadence.softshare.service.LmApi] [shared-license-bridge-recheck-timer] - lmiFailureCount = 0
[INFO ] 2026-07-04 00:29:42 [com.cadence.softshare.service.LmApi] [shared-license-bridge-recheck-timer] -   Checking feature Integrated_Metrics_Center
[INFO ] 2026-07-04 00:29:42 [com.cadence.softshare.service.LmApi] [shared-license-bridge-recheck-timer] - 5280@cadence Heartbeat Status for feature Integrated_Metrics_Center with checkout data ACD1645181497 = 0
[INFO ] 2026-07-04 00:29:42 [com.cadence.softshare.service.LmApi] [shared-license-bridge-recheck-timer] - Skipping verify checkout handle as it is disabled
[INFO ] 2026-07-04 00:29:42 [com.cadence.softshare.service.LmApi] [shared-license-bridge-recheck-timer] - Skipping force checkin old handles as it is disabled
[INFO ] 2026-07-04 00:29:42 [com.cadence.softshare.service.LmApi] [shared-license-bridge-recheck-timer] -   Time spent in server Recheck was 1
[INFO ] 2026-07-04 00:29:42 [com.cadence.softshare.service.LmApi] [shared-license-bridge-recheck-timer] - Re-check completed with status 0 (time 1).
[INFO ] 2026-07-04 00:29:42 [com.cadence.softshare.service.LmApi] [shared-license-bridge-recheck-timer] - Recheck started ....
[INFO ] 2026-07-04 00:29:42 [com.cadence.softshare.service.LmApi] [shared-license-bridge-recheck-timer] - Minimum recheck interval has elapsed. Will be doing a real recheck
[INFO ] 2026-07-04 00:29:42 [com.cadence.softshare.service.LmApi] [shared-license-bridge-recheck-timer] - lmiFailureCount = 0
[INFO ] 2026-07-04 00:29:42 [com.cadence.softshare.service.LmApi] [shared-license-bridge-recheck-timer] -   Checking feature Integrated_Metrics_Center
[INFO ] 2026-07-04 00:29:42 [com.cadence.softshare.service.LmApi] [shared-license-bridge-recheck-timer] - 5280@cadence Heartbeat Status for feature Integrated_Metrics_Center with checkout data ACD1645181497 = 0
[INFO ] 2026-07-04 00:29:42 [com.cadence.softshare.service.LmApi] [shared-license-bridge-recheck-timer] - Skipping verify checkout handle as it is disabled
[INFO ] 2026-07-04 00:29:42 [com.cadence.softshare.service.LmApi] [shared-license-bridge-recheck-timer] - Skipping force checkin old handles as it is disabled
[INFO ] 2026-07-04 00:29:42 [com.cadence.softshare.service.LmApi] [shared-license-bridge-recheck-timer] -   Time spent in server Recheck was 1
[INFO ] 2026-07-04 00:29:42 [com.cadence.softshare.service.LmApi] [shared-license-bridge-recheck-timer] - Re-check completed with status 0 (time 2).
[INFO ] 2026-07-04 00:34:36 [com.cadence.softshare.service.LmApi] [shared-license-bridge-recheck-timer] - Recheck started ....
[INFO ] 2026-07-04 00:34:36 [com.cadence.softshare.service.LmApi] [shared-license-bridge-recheck-timer] - Minimum recheck interval has elapsed. Will be doing a real recheck
[INFO ] 2026-07-04 00:34:36 [com.cadence.softshare.service.LmApi] [shared-license-bridge-recheck-timer] - lmiFailureCount = 0
[INFO ] 2026-07-04 00:34:36 [com.cadence.softshare.service.LmApi] [shared-license-bridge-recheck-timer] -   Checking feature Integrated_Metrics_Center
[INFO ] 2026-07-04 00:34:36 [com.cadence.softshare.service.LmApi] [shared-license-bridge-recheck-timer] - 5280@cadence Heartbeat Status for feature Integrated_Metrics_Center with checkout data ACD727491956 = 0
[INFO ] 2026-07-04 00:34:36 [com.cadence.softshare.service.LmApi] [shared-license-bridge-recheck-timer] - Skipping verify checkout handle as it is disabled
[INFO ] 2026-07-04 00:34:36 [com.cadence.softshare.service.LmApi] [shared-license-bridge-recheck-timer] - Skipping force checkin old handles as it is disabled
[INFO ] 2026-07-04 00:34:36 [com.cadence.softshare.service.LmApi] [shared-license-bridge-recheck-timer] -   Time spent in server Recheck was 3
[INFO ] 2026-07-04 00:34:36 [com.cadence.softshare.service.LmApi] [shared-license-bridge-recheck-timer] - Re-check completed with status 0 (time 4).
[INFO ] 2026-07-04 00:34:39 [com.cadence.softshare.service.LmApi] [shared-license-bridge-recheck-timer] - Recheck started ....
[INFO ] 2026-07-04 00:34:39 [com.cadence.softshare.service.LmApi] [shared-license-bridge-recheck-timer] - Minimum recheck interval has elapsed. Will be doing a real recheck
[INFO ] 2026-07-04 00:34:39 [com.cadence.softshare.service.LmApi] [shared-license-bridge-recheck-timer] - lmiFailureCount = 0
[INFO ] 2026-07-04 00:34:39 [com.cadence.softshare.service.LmApi] [shared-license-bridge-recheck-timer] -   Checking feature Integrated_Metrics_Center
[INFO ] 2026-07-04 00:34:39 [com.cadence.softshare.service.LmApi] [shared-license-bridge-recheck-timer] - 5280@cadence Heartbeat Status for feature Integrated_Metrics_Center with checkout data ACD1645181497 = 0
[INFO ] 2026-07-04 00:34:39 [com.cadence.softshare.service.LmApi] [shared-license-bridge-recheck-timer] - Skipping verify checkout handle as it is disabled
[INFO ] 2026-07-04 00:34:39 [com.cadence.softshare.service.LmApi] [shared-license-bridge-recheck-timer] - Skipping force checkin old handles as it is disabled
[INFO ] 2026-07-04 00:34:39 [com.cadence.softshare.service.LmApi] [shared-license-bridge-recheck-timer] -   Time spent in server Recheck was 1
[INFO ] 2026-07-04 00:34:39 [com.cadence.softshare.service.LmApi] [shared-license-bridge-recheck-timer] - Re-check completed with status 0 (time 2).
[INFO ] 2026-07-04 00:34:40 [com.cadence.softshare.service.LmApi] [shared-license-bridge-recheck-timer] - Recheck started ....
[INFO ] 2026-07-04 00:34:40 [com.cadence.softshare.service.LmApi] [shared-license-bridge-recheck-timer] - Minimum recheck interval has elapsed. Will be doing a real recheck
[INFO ] 2026-07-04 00:34:40 [com.cadence.softshare.service.LmApi] [shared-license-bridge-recheck-timer] - lmiFailureCount = 0
[INFO ] 2026-07-04 00:34:40 [com.cadence.softshare.service.LmApi] [shared-license-bridge-recheck-timer] -   Checking feature Integrated_Metrics_Center
[INFO ] 2026-07-04 00:34:40 [com.cadence.softshare.service.LmApi] [shared-license-bridge-recheck-timer] - 5280@cadence Heartbeat Status for feature Integrated_Metrics_Center with checkout data ACD727491956 = 0
[INFO ] 2026-07-04 00:34:40 [com.cadence.softshare.service.LmApi] [shared-license-bridge-recheck-timer] - Skipping verify checkout handle as it is disabled
[INFO ] 2026-07-04 00:34:40 [com.cadence.softshare.service.LmApi] [shared-license-bridge-recheck-timer] - Skipping force checkin old handles as it is disabled
[INFO ] 2026-07-04 00:34:40 [com.cadence.softshare.service.LmApi] [shared-license-bridge-recheck-timer] -   Time spent in server Recheck was 1
[INFO ] 2026-07-04 00:34:40 [com.cadence.softshare.service.LmApi] [shared-license-bridge-recheck-timer] - Re-check completed with status 0 (time 2).
[INFO ] 2026-07-04 00:34:40 [com.cadence.softshare.service.LmApi] [shared-license-bridge-recheck-timer] - Recheck started ....
[INFO ] 2026-07-04 00:34:40 [com.cadence.softshare.service.LmApi] [shared-license-bridge-recheck-timer] - Minimum recheck interval has elapsed. Will be doing a real recheck
[INFO ] 2026-07-04 00:34:40 [com.cadence.softshare.service.LmApi] [shared-license-bridge-recheck-timer] - lmiFailureCount = 0
[INFO ] 2026-07-04 00:34:40 [com.cadence.softshare.service.LmApi] [shared-license-bridge-recheck-timer] -   Checking feature Integrated_Metrics_Center
[INFO ] 2026-07-04 00:34:40 [com.cadence.softshare.service.LmApi] [shared-license-bridge-recheck-timer] - 5280@cadence Heartbeat Status for feature Integrated_Metrics_Center with checkout data ACD727491956 = 0
[INFO ] 2026-07-04 00:34:40 [com.cadence.softshare.service.LmApi] [shared-license-bridge-recheck-timer] - Skipping verify checkout handle as it is disabled
[INFO ] 2026-07-04 00:34:40 [com.cadence.softshare.service.LmApi] [shared-license-bridge-recheck-timer] - Skipping force checkin old handles as it is disabled
[INFO ] 2026-07-04 00:34:40 [com.cadence.softshare.service.LmApi] [shared-license-bridge-recheck-timer] -   Time spent in server Recheck was 1
[INFO ] 2026-07-04 00:34:40 [com.cadence.softshare.service.LmApi] [shared-license-bridge-recheck-timer] - Re-check completed with status 0 (time 2).
[INFO ] 2026-07-04 00:34:42 [com.cadence.softshare.service.LmApi] [shared-license-bridge-recheck-timer] - Recheck started ....
[INFO ] 2026-07-04 00:34:42 [com.cadence.softshare.service.LmApi] [shared-license-bridge-recheck-timer] - Minimum recheck interval has elapsed. Will be doing a real recheck
[INFO ] 2026-07-04 00:34:42 [com.cadence.softshare.service.LmApi] [shared-license-bridge-recheck-timer] - lmiFailureCount = 0
[INFO ] 2026-07-04 00:34:42 [com.cadence.softshare.service.LmApi] [shared-license-bridge-recheck-timer] -   Checking feature Integrated_Metrics_Center
[INFO ] 2026-07-04 00:34:42 [com.cadence.softshare.service.LmApi] [shared-license-bridge-recheck-timer] - 5280@cadence Heartbeat Status for feature Integrated_Metrics_Center with checkout data ACD1645181497 = 0
[INFO ] 2026-07-04 00:34:42 [com.cadence.softshare.service.LmApi] [shared-license-bridge-recheck-timer] - Skipping verify checkout handle as it is disabled
[INFO ] 2026-07-04 00:34:42 [com.cadence.softshare.service.LmApi] [shared-license-bridge-recheck-timer] - Skipping force checkin old handles as it is disabled
[INFO ] 2026-07-04 00:34:42 [com.cadence.softshare.service.LmApi] [shared-license-bridge-recheck-timer] -   Time spent in server Recheck was 1
[INFO ] 2026-07-04 00:34:42 [com.cadence.softshare.service.LmApi] [shared-license-bridge-recheck-timer] - Re-check completed with status 0 (time 6).
[INFO ] 2026-07-04 00:34:43 [com.cadence.softshare.service.LmApi] [shared-license-bridge-recheck-timer] - Recheck started ....
[INFO ] 2026-07-04 00:34:43 [com.cadence.softshare.service.LmApi] [shared-license-bridge-recheck-timer] - Minimum recheck interval has elapsed. Will be doing a real recheck
[INFO ] 2026-07-04 00:34:43 [com.cadence.softshare.service.LmApi] [shared-license-bridge-recheck-timer] - lmiFailureCount = 0
[INFO ] 2026-07-04 00:34:43 [com.cadence.softshare.service.LmApi] [shared-license-bridge-recheck-timer] -   Checking feature Integrated_Metrics_Center
[INFO ] 2026-07-04 00:34:43 [com.cadence.softshare.service.LmApi] [shared-license-bridge-recheck-timer] - 5280@cadence Heartbeat Status for feature Integrated_Metrics_Center with checkout data ACD1645181497 = 0
[INFO ] 2026-07-04 00:34:43 [com.cadence.softshare.service.LmApi] [shared-license-bridge-recheck-timer] - Skipping verify checkout handle as it is disabled
[INFO ] 2026-07-04 00:34:43 [com.cadence.softshare.service.LmApi] [shared-license-bridge-recheck-timer] - Skipping force checkin old handles as it is disabled
[INFO ] 2026-07-04 00:34:43 [com.cadence.softshare.service.LmApi] [shared-license-bridge-recheck-timer] -   Time spent in server Recheck was 1
[INFO ] 2026-07-04 00:34:43 [com.cadence.softshare.service.LmApi] [shared-license-bridge-recheck-timer] - Re-check completed with status 0 (time 2).
[INFO ] 2026-07-04 00:39:36 [com.cadence.softshare.service.LmApi] [shared-license-bridge-recheck-timer] - Recheck started ....
[INFO ] 2026-07-04 00:39:36 [com.cadence.softshare.service.LmApi] [shared-license-bridge-recheck-timer] - Minimum recheck interval has elapsed. Will be doing a real recheck
[INFO ] 2026-07-04 00:39:36 [com.cadence.softshare.service.LmApi] [shared-license-bridge-recheck-timer] - lmiFailureCount = 0
[INFO ] 2026-07-04 00:39:36 [com.cadence.softshare.service.LmApi] [shared-license-bridge-recheck-timer] -   Checking feature Integrated_Metrics_Center
[INFO ] 2026-07-04 00:39:36 [com.cadence.softshare.service.LmApi] [shared-license-bridge-recheck-timer] - 5280@cadence Heartbeat Status for feature Integrated_Metrics_Center with checkout data ACD727491956 = 0
[INFO ] 2026-07-04 00:39:36 [com.cadence.softshare.service.LmApi] [shared-license-bridge-recheck-timer] - Skipping verify checkout handle as it is disabled
[INFO ] 2026-07-04 00:39:36 [com.cadence.softshare.service.LmApi] [shared-license-bridge-recheck-timer] - Skipping force checkin old handles as it is disabled
[INFO ] 2026-07-04 00:39:36 [com.cadence.softshare.service.LmApi] [shared-license-bridge-recheck-timer] -   Time spent in server Recheck was 1
[INFO ] 2026-07-04 00:39:36 [com.cadence.softshare.service.LmApi] [shared-license-bridge-recheck-timer] - Re-check completed with status 0 (time 1).
[INFO ] 2026-07-04 00:39:39 [com.cadence.softshare.service.LmApi] [shared-license-bridge-recheck-timer] - Recheck started ....
[INFO ] 2026-07-04 00:39:39 [com.cadence.softshare.service.LmApi] [shared-license-bridge-recheck-timer] - Minimum recheck interval has elapsed. Will be doing a real recheck
[INFO ] 2026-07-04 00:39:39 [com.cadence.softshare.service.LmApi] [shared-license-bridge-recheck-timer] - lmiFailureCount = 0
[INFO ] 2026-07-04 00:39:39 [com.cadence.softshare.service.LmApi] [shared-license-bridge-recheck-timer] -   Checking feature Integrated_Metrics_Center
[INFO ] 2026-07-04 00:39:39 [com.cadence.softshare.service.LmApi] [shared-license-bridge-recheck-timer] - 5280@cadence Heartbeat Status for feature Integrated_Metrics_Center with checkout data ACD1645181497 = 0
[INFO ] 2026-07-04 00:39:39 [com.cadence.softshare.service.LmApi] [shared-license-bridge-recheck-timer] - Skipping verify checkout handle as it is disabled
[INFO ] 2026-07-04 00:39:39 [com.cadence.softshare.service.LmApi] [shared-license-bridge-recheck-timer] - Skipping force checkin old handles as it is disabled
[INFO ] 2026-07-04 00:39:39 [com.cadence.softshare.service.LmApi] [shared-license-bridge-recheck-timer] -   Time spent in server Recheck was 1
[INFO ] 2026-07-04 00:39:39 [com.cadence.softshare.service.LmApi] [shared-license-bridge-recheck-timer] - Re-check completed with status 0 (time 2).
[INFO ] 2026-07-04 00:39:40 [com.cadence.softshare.service.LmApi] [shared-license-bridge-recheck-timer] - Recheck started ....
[INFO ] 2026-07-04 00:39:40 [com.cadence.softshare.service.LmApi] [shared-license-bridge-recheck-timer] - Minimum recheck interval has elapsed. Will be doing a real recheck
[INFO ] 2026-07-04 00:39:40 [com.cadence.softshare.service.LmApi] [shared-license-bridge-recheck-timer] - lmiFailureCount = 0
[INFO ] 2026-07-04 00:39:40 [com.cadence.softshare.service.LmApi] [shared-license-bridge-recheck-timer] -   Checking feature Integrated_Metrics_Center
[INFO ] 2026-07-04 00:39:40 [com.cadence.softshare.service.LmApi] [shared-license-bridge-recheck-timer] - 5280@cadence Heartbeat Status for feature Integrated_Metrics_Center with checkout data ACD727491956 = 0
[INFO ] 2026-07-04 00:39:40 [com.cadence.softshare.service.LmApi] [shared-license-bridge-recheck-timer] - Skipping verify checkout handle as it is disabled
[INFO ] 2026-07-04 00:39:40 [com.cadence.softshare.service.LmApi] [shared-license-bridge-recheck-timer] - Skipping force checkin old handles as it is disabled
[INFO ] 2026-07-04 00:39:40 [com.cadence.softshare.service.LmApi] [shared-license-bridge-recheck-timer] -   Time spent in server Recheck was 2
[INFO ] 2026-07-04 00:39:40 [com.cadence.softshare.service.LmApi] [shared-license-bridge-recheck-timer] - Re-check completed with status 0 (time 4).
[INFO ] 2026-07-04 00:39:40 [com.cadence.softshare.service.LmApi] [shared-license-bridge-recheck-timer] - Recheck started ....
[INFO ] 2026-07-04 00:39:40 [com.cadence.softshare.service.LmApi] [shared-license-bridge-recheck-timer] - Minimum recheck interval has elapsed. Will be doing a real recheck
[INFO ] 2026-07-04 00:39:40 [com.cadence.softshare.service.LmApi] [shared-license-bridge-recheck-timer] - lmiFailureCount = 0
[INFO ] 2026-07-04 00:39:40 [com.cadence.softshare.service.LmApi] [shared-license-bridge-recheck-timer] -   Checking feature Integrated_Metrics_Center
[INFO ] 2026-07-04 00:39:40 [com.cadence.softshare.service.LmApi] [shared-license-bridge-recheck-timer] - 5280@cadence Heartbeat Status for feature Integrated_Metrics_Center with checkout data ACD727491956 = 0
[INFO ] 2026-07-04 00:39:40 [com.cadence.softshare.service.LmApi] [shared-license-bridge-recheck-timer] - Skipping verify checkout handle as it is disabled
[INFO ] 2026-07-04 00:39:40 [com.cadence.softshare.service.LmApi] [shared-license-bridge-recheck-timer] - Skipping force checkin old handles as it is disabled
[INFO ] 2026-07-04 00:39:40 [com.cadence.softshare.service.LmApi] [shared-license-bridge-recheck-timer] -   Time spent in server Recheck was 1
[INFO ] 2026-07-04 00:39:40 [com.cadence.softshare.service.LmApi] [shared-license-bridge-recheck-timer] - Re-check completed with status 0 (time 2).
[INFO ] 2026-07-04 00:39:43 [com.cadence.softshare.service.LmApi] [shared-license-bridge-recheck-timer] - Recheck started ....
[INFO ] 2026-07-04 00:39:43 [com.cadence.softshare.service.LmApi] [shared-license-bridge-recheck-timer] - Minimum recheck interval has elapsed. Will be doing a real recheck
[INFO ] 2026-07-04 00:39:43 [com.cadence.softshare.service.LmApi] [shared-license-bridge-recheck-timer] - lmiFailureCount = 0
[INFO ] 2026-07-04 00:39:43 [com.cadence.softshare.service.LmApi] [shared-license-bridge-recheck-timer] -   Checking feature Integrated_Metrics_Center
[INFO ] 2026-07-04 00:39:43 [com.cadence.softshare.service.LmApi] [shared-license-bridge-recheck-timer] - 5280@cadence Heartbeat Status for feature Integrated_Metrics_Center with checkout data ACD1645181497 = 0
[INFO ] 2026-07-04 00:39:43 [com.cadence.softshare.service.LmApi] [shared-license-bridge-recheck-timer] - Skipping verify checkout handle as it is disabled
[INFO ] 2026-07-04 00:39:43 [com.cadence.softshare.service.LmApi] [shared-license-bridge-recheck-timer] - Skipping force checkin old handles as it is disabled
[INFO ] 2026-07-04 00:39:43 [com.cadence.softshare.service.LmApi] [shared-license-bridge-recheck-timer] -   Time spent in server Recheck was 2
[INFO ] 2026-07-04 00:39:43 [com.cadence.softshare.service.LmApi] [shared-license-bridge-recheck-timer] - Re-check completed with status 0 (time 3).
[INFO ] 2026-07-04 00:39:43 [com.cadence.softshare.service.LmApi] [shared-license-bridge-recheck-timer] - Recheck started ....
[INFO ] 2026-07-04 00:39:43 [com.cadence.softshare.service.LmApi] [shared-license-bridge-recheck-timer] - Minimum recheck interval has elapsed. Will be doing a real recheck
[INFO ] 2026-07-04 00:39:43 [com.cadence.softshare.service.LmApi] [shared-license-bridge-recheck-timer] - lmiFailureCount = 0
[INFO ] 2026-07-04 00:39:43 [com.cadence.softshare.service.LmApi] [shared-license-bridge-recheck-timer] -   Checking feature Integrated_Metrics_Center
[INFO ] 2026-07-04 00:39:43 [com.cadence.softshare.service.LmApi] [shared-license-bridge-recheck-timer] - 5280@cadence Heartbeat Status for feature Integrated_Metrics_Center with checkout data ACD1645181497 = 0
[INFO ] 2026-07-04 00:39:43 [com.cadence.softshare.service.LmApi] [shared-license-bridge-recheck-timer] - Skipping verify checkout handle as it is disabled
[INFO ] 2026-07-04 00:39:43 [com.cadence.softshare.service.LmApi] [shared-license-bridge-recheck-timer] - Skipping force checkin old handles as it is disabled
[INFO ] 2026-07-04 00:39:43 [com.cadence.softshare.service.LmApi] [shared-license-bridge-recheck-timer] -   Time spent in server Recheck was 2
[INFO ] 2026-07-04 00:39:43 [com.cadence.softshare.service.LmApi] [shared-license-bridge-recheck-timer] - Re-check completed with status 0 (time 2).
[INFO ] 2026-07-04 00:44:36 [com.cadence.softshare.service.LmApi] [shared-license-bridge-recheck-timer] - Recheck started ....
[INFO ] 2026-07-04 00:44:36 [com.cadence.softshare.service.LmApi] [shared-license-bridge-recheck-timer] - Minimum recheck interval has elapsed. Will be doing a real recheck
[INFO ] 2026-07-04 00:44:36 [com.cadence.softshare.service.LmApi] [shared-license-bridge-recheck-timer] - lmiFailureCount = 0
[INFO ] 2026-07-04 00:44:36 [com.cadence.softshare.service.LmApi] [shared-license-bridge-recheck-timer] -   Checking feature Integrated_Metrics_Center
[INFO ] 2026-07-04 00:44:36 [com.cadence.softshare.service.LmApi] [shared-license-bridge-recheck-timer] - 5280@cadence Heartbeat Status for feature Integrated_Metrics_Center with checkout data ACD727491956 = 0
[INFO ] 2026-07-04 00:44:36 [com.cadence.softshare.service.LmApi] [shared-license-bridge-recheck-timer] - Skipping verify checkout handle as it is disabled
[INFO ] 2026-07-04 00:44:36 [com.cadence.softshare.service.LmApi] [shared-license-bridge-recheck-timer] - Skipping force checkin old handles as it is disabled
[INFO ] 2026-07-04 00:44:36 [com.cadence.softshare.service.LmApi] [shared-license-bridge-recheck-timer] -   Time spent in server Recheck was 1
[INFO ] 2026-07-04 00:44:36 [com.cadence.softshare.service.LmApi] [shared-license-bridge-recheck-timer] - Re-check completed with status 0 (time 2).
[INFO ] 2026-07-04 00:44:39 [com.cadence.softshare.service.LmApi] [shared-license-bridge-recheck-timer] - Recheck started ....
[INFO ] 2026-07-04 00:44:39 [com.cadence.softshare.service.LmApi] [shared-license-bridge-recheck-timer] - Minimum recheck interval has elapsed. Will be doing a real recheck
[INFO ] 2026-07-04 00:44:39 [com.cadence.softshare.service.LmApi] [shared-license-bridge-recheck-timer] - lmiFailureCount = 0
[INFO ] 2026-07-04 00:44:39 [com.cadence.softshare.service.LmApi] [shared-license-bridge-recheck-timer] -   Checking feature Integrated_Metrics_Center
[INFO ] 2026-07-04 00:44:39 [com.cadence.softshare.service.LmApi] [shared-license-bridge-recheck-timer] - 5280@cadence Heartbeat Status for feature Integrated_Metrics_Center with checkout data ACD1645181497 = 0
[INFO ] 2026-07-04 00:44:39 [com.cadence.softshare.service.LmApi] [shared-license-bridge-recheck-timer] - Skipping verify checkout handle as it is disabled
[INFO ] 2026-07-04 00:44:39 [com.cadence.softshare.service.LmApi] [shared-license-bridge-recheck-timer] - Skipping force checkin old handles as it is disabled
[INFO ] 2026-07-04 00:44:39 [com.cadence.softshare.service.LmApi] [shared-license-bridge-recheck-timer] -   Time spent in server Recheck was 1
[INFO ] 2026-07-04 00:44:39 [com.cadence.softshare.service.LmApi] [shared-license-bridge-recheck-timer] - Re-check completed with status 0 (time 3).
[INFO ] 2026-07-04 00:44:40 [com.cadence.softshare.service.LmApi] [shared-license-bridge-recheck-timer] - Recheck started ....
[INFO ] 2026-07-04 00:44:40 [com.cadence.softshare.service.LmApi] [shared-license-bridge-recheck-timer] - Minimum recheck interval has elapsed. Will be doing a real recheck
[INFO ] 2026-07-04 00:44:40 [com.cadence.softshare.service.LmApi] [shared-license-bridge-recheck-timer] - lmiFailureCount = 0
[INFO ] 2026-07-04 00:44:40 [com.cadence.softshare.service.LmApi] [shared-license-bridge-recheck-timer] -   Checking feature Integrated_Metrics_Center
[INFO ] 2026-07-04 00:44:40 [com.cadence.softshare.service.LmApi] [shared-license-bridge-recheck-timer] - 5280@cadence Heartbeat Status for feature Integrated_Metrics_Center with checkout data ACD727491956 = 0
[INFO ] 2026-07-04 00:44:40 [com.cadence.softshare.service.LmApi] [shared-license-bridge-recheck-timer] - Skipping verify checkout handle as it is disabled
[INFO ] 2026-07-04 00:44:40 [com.cadence.softshare.service.LmApi] [shared-license-bridge-recheck-timer] - Skipping force checkin old handles as it is disabled
[INFO ] 2026-07-04 00:44:40 [com.cadence.softshare.service.LmApi] [shared-license-bridge-recheck-timer] -   Time spent in server Recheck was 3
[INFO ] 2026-07-04 00:44:40 [com.cadence.softshare.service.LmApi] [shared-license-bridge-recheck-timer] - Re-check completed with status 0 (time 4).
[INFO ] 2026-07-04 00:44:40 [com.cadence.softshare.service.LmApi] [shared-license-bridge-recheck-timer] - Recheck started ....
[INFO ] 2026-07-04 00:44:40 [com.cadence.softshare.service.LmApi] [shared-license-bridge-recheck-timer] - Minimum recheck interval has elapsed. Will be doing a real recheck
[INFO ] 2026-07-04 00:44:40 [com.cadence.softshare.service.LmApi] [shared-license-bridge-recheck-timer] - lmiFailureCount = 0
[INFO ] 2026-07-04 00:44:40 [com.cadence.softshare.service.LmApi] [shared-license-bridge-recheck-timer] -   Checking feature Integrated_Metrics_Center
[INFO ] 2026-07-04 00:44:40 [com.cadence.softshare.service.LmApi] [shared-license-bridge-recheck-timer] - 5280@cadence Heartbeat Status for feature Integrated_Metrics_Center with checkout data ACD727491956 = 0
[INFO ] 2026-07-04 00:44:40 [com.cadence.softshare.service.LmApi] [shared-license-bridge-recheck-timer] - Skipping verify checkout handle as it is disabled
[INFO ] 2026-07-04 00:44:40 [com.cadence.softshare.service.LmApi] [shared-license-bridge-recheck-timer] - Skipping force checkin old handles as it is disabled
[INFO ] 2026-07-04 00:44:40 [com.cadence.softshare.service.LmApi] [shared-license-bridge-recheck-timer] -   Time spent in server Recheck was 2
[INFO ] 2026-07-04 00:44:40 [com.cadence.softshare.service.LmApi] [shared-license-bridge-recheck-timer] - Re-check completed with status 0 (time 2).
[INFO ] 2026-07-04 00:44:43 [com.cadence.softshare.service.LmApi] [shared-license-bridge-recheck-timer] - Recheck started ....
[INFO ] 2026-07-04 00:44:43 [com.cadence.softshare.service.LmApi] [shared-license-bridge-recheck-timer] - Minimum recheck interval has elapsed. Will be doing a real recheck
[INFO ] 2026-07-04 00:44:43 [com.cadence.softshare.service.LmApi] [shared-license-bridge-recheck-timer] - lmiFailureCount = 0
[INFO ] 2026-07-04 00:44:43 [com.cadence.softshare.service.LmApi] [shared-license-bridge-recheck-timer] -   Checking feature Integrated_Metrics_Center
[INFO ] 2026-07-04 00:44:43 [com.cadence.softshare.service.LmApi] [shared-license-bridge-recheck-timer] - 5280@cadence Heartbeat Status for feature Integrated_Metrics_Center with checkout data ACD1645181497 = 0
[INFO ] 2026-07-04 00:44:43 [com.cadence.softshare.service.LmApi] [shared-license-bridge-recheck-timer] - Skipping verify checkout handle as it is disabled
[INFO ] 2026-07-04 00:44:43 [com.cadence.softshare.service.LmApi] [shared-license-bridge-recheck-timer] - Skipping force checkin old handles as it is disabled
[INFO ] 2026-07-04 00:44:43 [com.cadence.softshare.service.LmApi] [shared-license-bridge-recheck-timer] -   Time spent in server Recheck was 1
[INFO ] 2026-07-04 00:44:43 [com.cadence.softshare.service.LmApi] [shared-license-bridge-recheck-timer] - Re-check completed with status 0 (time 2).
[INFO ] 2026-07-04 00:44:43 [com.cadence.softshare.service.LmApi] [shared-license-bridge-recheck-timer] - Recheck started ....
[INFO ] 2026-07-04 00:44:43 [com.cadence.softshare.service.LmApi] [shared-license-bridge-recheck-timer] - Minimum recheck interval has elapsed. Will be doing a real recheck
[INFO ] 2026-07-04 00:44:43 [com.cadence.softshare.service.LmApi] [shared-license-bridge-recheck-timer] - lmiFailureCount = 0
[INFO ] 2026-07-04 00:44:43 [com.cadence.softshare.service.LmApi] [shared-license-bridge-recheck-timer] -   Checking feature Integrated_Metrics_Center
[INFO ] 2026-07-04 00:44:43 [com.cadence.softshare.service.LmApi] [shared-license-bridge-recheck-timer] - 5280@cadence Heartbeat Status for feature Integrated_Metrics_Center with checkout data ACD1645181497 = 0
[INFO ] 2026-07-04 00:44:43 [com.cadence.softshare.service.LmApi] [shared-license-bridge-recheck-timer] - Skipping verify checkout handle as it is disabled
[INFO ] 2026-07-04 00:44:43 [com.cadence.softshare.service.LmApi] [shared-license-bridge-recheck-timer] - Skipping force checkin old handles as it is disabled
[INFO ] 2026-07-04 00:44:43 [com.cadence.softshare.service.LmApi] [shared-license-bridge-recheck-timer] -   Time spent in server Recheck was 1
[INFO ] 2026-07-04 00:44:43 [com.cadence.softshare.service.LmApi] [shared-license-bridge-recheck-timer] - Re-check completed with status 0 (time 2).
[INFO ] 2026-07-04 00:49:36 [com.cadence.softshare.service.LmApi] [shared-license-bridge-recheck-timer] - Recheck started ....
[INFO ] 2026-07-04 00:49:36 [com.cadence.softshare.service.LmApi] [shared-license-bridge-recheck-timer] - Minimum recheck interval has elapsed. Will be doing a real recheck
[INFO ] 2026-07-04 00:49:36 [com.cadence.softshare.service.LmApi] [shared-license-bridge-recheck-timer] - lmiFailureCount = 0
[INFO ] 2026-07-04 00:49:36 [com.cadence.softshare.service.LmApi] [shared-license-bridge-recheck-timer] -   Checking feature Integrated_Metrics_Center
[INFO ] 2026-07-04 00:49:36 [com.cadence.softshare.service.LmApi] [shared-license-bridge-recheck-timer] - 5280@cadence Heartbeat Status for feature Integrated_Metrics_Center with checkout data ACD727491956 = 0
[INFO ] 2026-07-04 00:49:36 [com.cadence.softshare.service.LmApi] [shared-license-bridge-recheck-timer] - Skipping verify checkout handle as it is disabled
[INFO ] 2026-07-04 00:49:36 [com.cadence.softshare.service.LmApi] [shared-license-bridge-recheck-timer] - Skipping force checkin old handles as it is disabled
[INFO ] 2026-07-04 00:49:36 [com.cadence.softshare.service.LmApi] [shared-license-bridge-recheck-timer] -   Time spent in server Recheck was 4
[INFO ] 2026-07-04 00:49:36 [com.cadence.softshare.service.LmApi] [shared-license-bridge-recheck-timer] - Re-check completed with status 0 (time 5).
[INFO ] 2026-07-04 00:49:39 [com.cadence.softshare.service.LmApi] [shared-license-bridge-recheck-timer] - Recheck started ....
[INFO ] 2026-07-04 00:49:39 [com.cadence.softshare.service.LmApi] [shared-license-bridge-recheck-timer] - Minimum recheck interval has elapsed. Will be doing a real recheck
[INFO ] 2026-07-04 00:49:39 [com.cadence.softshare.service.LmApi] [shared-license-bridge-recheck-timer] - lmiFailureCount = 0
[INFO ] 2026-07-04 00:49:39 [com.cadence.softshare.service.LmApi] [shared-license-bridge-recheck-timer] -   Checking feature Integrated_Metrics_Center
[INFO ] 2026-07-04 00:49:39 [com.cadence.softshare.service.LmApi] [shared-license-bridge-recheck-timer] - 5280@cadence Heartbeat Status for feature Integrated_Metrics_Center with checkout data ACD1645181497 = 0
[INFO ] 2026-07-04 00:49:39 [com.cadence.softshare.service.LmApi] [shared-license-bridge-recheck-timer] - Skipping verify checkout handle as it is disabled
[INFO ] 2026-07-04 00:49:39 [com.cadence.softshare.service.LmApi] [shared-license-bridge-recheck-timer] - Skipping force checkin old handles as it is disabled
[INFO ] 2026-07-04 00:49:39 [com.cadence.softshare.service.LmApi] [shared-license-bridge-recheck-timer] -   Time spent in server Recheck was 2
[INFO ] 2026-07-04 00:49:39 [com.cadence.softshare.service.LmApi] [shared-license-bridge-recheck-timer] - Re-check completed with status 0 (time 2).
[INFO ] 2026-07-04 00:49:40 [com.cadence.softshare.service.LmApi] [shared-license-bridge-recheck-timer] - Recheck started ....
[INFO ] 2026-07-04 00:49:40 [com.cadence.softshare.service.LmApi] [shared-license-bridge-recheck-timer] - Minimum recheck interval has elapsed. Will be doing a real recheck
[INFO ] 2026-07-04 00:49:40 [com.cadence.softshare.service.LmApi] [shared-license-bridge-recheck-timer] - lmiFailureCount = 0
[INFO ] 2026-07-04 00:49:40 [com.cadence.softshare.service.LmApi] [shared-license-bridge-recheck-timer] -   Checking feature Integrated_Metrics_Center
[INFO ] 2026-07-04 00:49:40 [com.cadence.softshare.service.LmApi] [shared-license-bridge-recheck-timer] - 5280@cadence Heartbeat Status for feature Integrated_Metrics_Center with checkout data ACD727491956 = 0
[INFO ] 2026-07-04 00:49:40 [com.cadence.softshare.service.LmApi] [shared-license-bridge-recheck-timer] - Skipping verify checkout handle as it is disabled
[INFO ] 2026-07-04 00:49:40 [com.cadence.softshare.service.LmApi] [shared-license-bridge-recheck-timer] - Skipping force checkin old handles as it is disabled
[INFO ] 2026-07-04 00:49:40 [com.cadence.softshare.service.LmApi] [shared-license-bridge-recheck-timer] -   Time spent in server Recheck was 1
[INFO ] 2026-07-04 00:49:40 [com.cadence.softshare.service.LmApi] [shared-license-bridge-recheck-timer] - Re-check completed with status 0 (time 2).
[INFO ] 2026-07-04 00:49:40 [com.cadence.softshare.service.LmApi] [shared-license-bridge-recheck-timer] - Recheck started ....
[INFO ] 2026-07-04 00:49:40 [com.cadence.softshare.service.LmApi] [shared-license-bridge-recheck-timer] - Minimum recheck interval has elapsed. Will be doing a real recheck
[INFO ] 2026-07-04 00:49:40 [com.cadence.softshare.service.LmApi] [shared-license-bridge-recheck-timer] - lmiFailureCount = 0
[INFO ] 2026-07-04 00:49:40 [com.cadence.softshare.service.LmApi] [shared-license-bridge-recheck-timer] -   Checking feature Integrated_Metrics_Center
[INFO ] 2026-07-04 00:49:40 [com.cadence.softshare.service.LmApi] [shared-license-bridge-recheck-timer] - 5280@cadence Heartbeat Status for feature Integrated_Metrics_Center with checkout data ACD727491956 = 0
[INFO ] 2026-07-04 00:49:40 [com.cadence.softshare.service.LmApi] [shared-license-bridge-recheck-timer] - Skipping verify checkout handle as it is disabled
[INFO ] 2026-07-04 00:49:40 [com.cadence.softshare.service.LmApi] [shared-license-bridge-recheck-timer] - Skipping force checkin old handles as it is disabled
[INFO ] 2026-07-04 00:49:40 [com.cadence.softshare.service.LmApi] [shared-license-bridge-recheck-timer] -   Time spent in server Recheck was 1
[INFO ] 2026-07-04 00:49:40 [com.cadence.softshare.service.LmApi] [shared-license-bridge-recheck-timer] - Re-check completed with status 0 (time 2).
[INFO ] 2026-07-04 00:49:43 [com.cadence.softshare.service.LmApi] [shared-license-bridge-recheck-timer] - Recheck started ....
[INFO ] 2026-07-04 00:49:43 [com.cadence.softshare.service.LmApi] [shared-license-bridge-recheck-timer] - Minimum recheck interval has elapsed. Will be doing a real recheck
[INFO ] 2026-07-04 00:49:43 [com.cadence.softshare.service.LmApi] [shared-license-bridge-recheck-timer] - lmiFailureCount = 0
[INFO ] 2026-07-04 00:49:43 [com.cadence.softshare.service.LmApi] [shared-license-bridge-recheck-timer] -   Checking feature Integrated_Metrics_Center
[INFO ] 2026-07-04 00:49:43 [com.cadence.softshare.service.LmApi] [shared-license-bridge-recheck-timer] - 5280@cadence Heartbeat Status for feature Integrated_Metrics_Center with checkout data ACD1645181497 = 0
[INFO ] 2026-07-04 00:49:43 [com.cadence.softshare.service.LmApi] [shared-license-bridge-recheck-timer] - Skipping verify checkout handle as it is disabled
[INFO ] 2026-07-04 00:49:43 [com.cadence.softshare.service.LmApi] [shared-license-bridge-recheck-timer] - Skipping force checkin old handles as it is disabled
[INFO ] 2026-07-04 00:49:43 [com.cadence.softshare.service.LmApi] [shared-license-bridge-recheck-timer] -   Time spent in server Recheck was 2
[INFO ] 2026-07-04 00:49:43 [com.cadence.softshare.service.LmApi] [shared-license-bridge-recheck-timer] - Re-check completed with status 0 (time 2).
[INFO ] 2026-07-04 00:49:43 [com.cadence.softshare.service.LmApi] [shared-license-bridge-recheck-timer] - Recheck started ....
[INFO ] 2026-07-04 00:49:43 [com.cadence.softshare.service.LmApi] [shared-license-bridge-recheck-timer] - Minimum recheck interval has elapsed. Will be doing a real recheck
[INFO ] 2026-07-04 00:49:43 [com.cadence.softshare.service.LmApi] [shared-license-bridge-recheck-timer] - lmiFailureCount = 0
[INFO ] 2026-07-04 00:49:43 [com.cadence.softshare.service.LmApi] [shared-license-bridge-recheck-timer] -   Checking feature Integrated_Metrics_Center
[INFO ] 2026-07-04 00:49:43 [com.cadence.softshare.service.LmApi] [shared-license-bridge-recheck-timer] - 5280@cadence Heartbeat Status for feature Integrated_Metrics_Center with checkout data ACD1645181497 = 0
[INFO ] 2026-07-04 00:49:43 [com.cadence.softshare.service.LmApi] [shared-license-bridge-recheck-timer] - Skipping verify checkout handle as it is disabled
[INFO ] 2026-07-04 00:49:43 [com.cadence.softshare.service.LmApi] [shared-license-bridge-recheck-timer] - Skipping force checkin old handles as it is disabled
[INFO ] 2026-07-04 00:49:43 [com.cadence.softshare.service.LmApi] [shared-license-bridge-recheck-timer] -   Time spent in server Recheck was 2
[INFO ] 2026-07-04 00:49:43 [com.cadence.softshare.service.LmApi] [shared-license-bridge-recheck-timer] - Re-check completed with status 0 (time 4).
[INFO ] 2026-07-04 00:54:36 [com.cadence.softshare.service.LmApi] [shared-license-bridge-recheck-timer] - Recheck started ....
[INFO ] 2026-07-04 00:54:36 [com.cadence.softshare.service.LmApi] [shared-license-bridge-recheck-timer] - Minimum recheck interval has elapsed. Will be doing a real recheck
[INFO ] 2026-07-04 00:54:36 [com.cadence.softshare.service.LmApi] [shared-license-bridge-recheck-timer] - lmiFailureCount = 0
[INFO ] 2026-07-04 00:54:36 [com.cadence.softshare.service.LmApi] [shared-license-bridge-recheck-timer] -   Checking feature Integrated_Metrics_Center
[INFO ] 2026-07-04 00:54:36 [com.cadence.softshare.service.LmApi] [shared-license-bridge-recheck-timer] - 5280@cadence Heartbeat Status for feature Integrated_Metrics_Center with checkout data ACD727491956 = 0
[INFO ] 2026-07-04 00:54:36 [com.cadence.softshare.service.LmApi] [shared-license-bridge-recheck-timer] - Skipping verify checkout handle as it is disabled
[INFO ] 2026-07-04 00:54:36 [com.cadence.softshare.service.LmApi] [shared-license-bridge-recheck-timer] - Skipping force checkin old handles as it is disabled
[INFO ] 2026-07-04 00:54:36 [com.cadence.softshare.service.LmApi] [shared-license-bridge-recheck-timer] -   Time spent in server Recheck was 2
[INFO ] 2026-07-04 00:54:36 [com.cadence.softshare.service.LmApi] [shared-license-bridge-recheck-timer] - Re-check completed with status 0 (time 4).
[INFO ] 2026-07-04 00:54:39 [com.cadence.softshare.service.LmApi] [shared-license-bridge-recheck-timer] - Recheck started ....
[INFO ] 2026-07-04 00:54:39 [com.cadence.softshare.service.LmApi] [shared-license-bridge-recheck-timer] - Minimum recheck interval has elapsed. Will be doing a real recheck
[INFO ] 2026-07-04 00:54:39 [com.cadence.softshare.service.LmApi] [shared-license-bridge-recheck-timer] - lmiFailureCount = 0
[INFO ] 2026-07-04 00:54:39 [com.cadence.softshare.service.LmApi] [shared-license-bridge-recheck-timer] -   Checking feature Integrated_Metrics_Center
[INFO ] 2026-07-04 00:54:39 [com.cadence.softshare.service.LmApi] [shared-license-bridge-recheck-timer] - 5280@cadence Heartbeat Status for feature Integrated_Metrics_Center with checkout data ACD1645181497 = 0
[INFO ] 2026-07-04 00:54:39 [com.cadence.softshare.service.LmApi] [shared-license-bridge-recheck-timer] - Skipping verify checkout handle as it is disabled
[INFO ] 2026-07-04 00:54:39 [com.cadence.softshare.service.LmApi] [shared-license-bridge-recheck-timer] - Skipping force checkin old handles as it is disabled
[INFO ] 2026-07-04 00:54:39 [com.cadence.softshare.service.LmApi] [shared-license-bridge-recheck-timer] -   Time spent in server Recheck was 1
[INFO ] 2026-07-04 00:54:39 [com.cadence.softshare.service.LmApi] [shared-license-bridge-recheck-timer] - Re-check completed with status 0 (time 2).
[INFO ] 2026-07-04 00:54:40 [com.cadence.softshare.service.LmApi] [shared-license-bridge-recheck-timer] - Recheck started ....
[INFO ] 2026-07-04 00:54:40 [com.cadence.softshare.service.LmApi] [shared-license-bridge-recheck-timer] - Minimum recheck interval has elapsed. Will be doing a real recheck
[INFO ] 2026-07-04 00:54:40 [com.cadence.softshare.service.LmApi] [shared-license-bridge-recheck-timer] - lmiFailureCount = 0
[INFO ] 2026-07-04 00:54:40 [com.cadence.softshare.service.LmApi] [shared-license-bridge-recheck-timer] -   Checking feature Integrated_Metrics_Center
[INFO ] 2026-07-04 00:54:40 [com.cadence.softshare.service.LmApi] [shared-license-bridge-recheck-timer] - 5280@cadence Heartbeat Status for feature Integrated_Metrics_Center with checkout data ACD727491956 = 0
[INFO ] 2026-07-04 00:54:40 [com.cadence.softshare.service.LmApi] [shared-license-bridge-recheck-timer] - Skipping verify checkout handle as it is disabled
[INFO ] 2026-07-04 00:54:40 [com.cadence.softshare.service.LmApi] [shared-license-bridge-recheck-timer] - Skipping force checkin old handles as it is disabled
[INFO ] 2026-07-04 00:54:40 [com.cadence.softshare.service.LmApi] [shared-license-bridge-recheck-timer] -   Time spent in server Recheck was 1
[INFO ] 2026-07-04 00:54:40 [com.cadence.softshare.service.LmApi] [shared-license-bridge-recheck-timer] - Re-check completed with status 0 (time 2).
[INFO ] 2026-07-04 00:54:40 [com.cadence.softshare.service.LmApi] [shared-license-bridge-recheck-timer] - Recheck started ....
[INFO ] 2026-07-04 00:54:40 [com.cadence.softshare.service.LmApi] [shared-license-bridge-recheck-timer] - Minimum recheck interval has elapsed. Will be doing a real recheck
[INFO ] 2026-07-04 00:54:40 [com.cadence.softshare.service.LmApi] [shared-license-bridge-recheck-timer] - lmiFailureCount = 0
[INFO ] 2026-07-04 00:54:40 [com.cadence.softshare.service.LmApi] [shared-license-bridge-recheck-timer] -   Checking feature Integrated_Metrics_Center
[INFO ] 2026-07-04 00:54:40 [com.cadence.softshare.service.LmApi] [shared-license-bridge-recheck-timer] - 5280@cadence Heartbeat Status for feature Integrated_Metrics_Center with checkout data ACD727491956 = 0
[INFO ] 2026-07-04 00:54:40 [com.cadence.softshare.service.LmApi] [shared-license-bridge-recheck-timer] - Skipping verify checkout handle as it is disabled
[INFO ] 2026-07-04 00:54:40 [com.cadence.softshare.service.LmApi] [shared-license-bridge-recheck-timer] - Skipping force checkin old handles as it is disabled
[INFO ] 2026-07-04 00:54:40 [com.cadence.softshare.service.LmApi] [shared-license-bridge-recheck-timer] -   Time spent in server Recheck was 2
[INFO ] 2026-07-04 00:54:40 [com.cadence.softshare.service.LmApi] [shared-license-bridge-recheck-timer] - Re-check completed with status 0 (time 2).
[INFO ] 2026-07-04 00:54:43 [com.cadence.softshare.service.LmApi] [shared-license-bridge-recheck-timer] - Recheck started ....
[INFO ] 2026-07-04 00:54:43 [com.cadence.softshare.service.LmApi] [shared-license-bridge-recheck-timer] - Minimum recheck interval has elapsed. Will be doing a real recheck
[INFO ] 2026-07-04 00:54:43 [com.cadence.softshare.service.LmApi] [shared-license-bridge-recheck-timer] - lmiFailureCount = 0
[INFO ] 2026-07-04 00:54:43 [com.cadence.softshare.service.LmApi] [shared-license-bridge-recheck-timer] -   Checking feature Integrated_Metrics_Center
[INFO ] 2026-07-04 00:54:43 [com.cadence.softshare.service.LmApi] [shared-license-bridge-recheck-timer] - 5280@cadence Heartbeat Status for feature Integrated_Metrics_Center with checkout data ACD1645181497 = 0
[INFO ] 2026-07-04 00:54:43 [com.cadence.softshare.service.LmApi] [shared-license-bridge-recheck-timer] - Skipping verify checkout handle as it is disabled
[INFO ] 2026-07-04 00:54:43 [com.cadence.softshare.service.LmApi] [shared-license-bridge-recheck-timer] - Skipping force checkin old handles as it is disabled
[INFO ] 2026-07-04 00:54:43 [com.cadence.softshare.service.LmApi] [shared-license-bridge-recheck-timer] -   Time spent in server Recheck was 0
[INFO ] 2026-07-04 00:54:43 [com.cadence.softshare.service.LmApi] [shared-license-bridge-recheck-timer] - Re-check completed with status 0 (time 1).
[INFO ] 2026-07-04 00:54:43 [com.cadence.softshare.service.LmApi] [shared-license-bridge-recheck-timer] - Recheck started ....
[INFO ] 2026-07-04 00:54:43 [com.cadence.softshare.service.LmApi] [shared-license-bridge-recheck-timer] - Minimum recheck interval has elapsed. Will be doing a real recheck
[INFO ] 2026-07-04 00:54:43 [com.cadence.softshare.service.LmApi] [shared-license-bridge-recheck-timer] - lmiFailureCount = 0
[INFO ] 2026-07-04 00:54:43 [com.cadence.softshare.service.LmApi] [shared-license-bridge-recheck-timer] -   Checking feature Integrated_Metrics_Center
[INFO ] 2026-07-04 00:54:43 [com.cadence.softshare.service.LmApi] [shared-license-bridge-recheck-timer] - 5280@cadence Heartbeat Status for feature Integrated_Metrics_Center with checkout data ACD1645181497 = 0
[INFO ] 2026-07-04 00:54:43 [com.cadence.softshare.service.LmApi] [shared-license-bridge-recheck-timer] - Skipping verify checkout handle as it is disabled
[INFO ] 2026-07-04 00:54:43 [com.cadence.softshare.service.LmApi] [shared-license-bridge-recheck-timer] - Skipping force checkin old handles as it is disabled
[INFO ] 2026-07-04 00:54:43 [com.cadence.softshare.service.LmApi] [shared-license-bridge-recheck-timer] -   Time spent in server Recheck was 1
[INFO ] 2026-07-04 00:54:43 [com.cadence.softshare.service.LmApi] [shared-license-bridge-recheck-timer] - Re-check completed with status 0 (time 1).
[INFO ] 2026-07-04 00:59:37 [com.cadence.softshare.service.LmApi] [shared-license-bridge-recheck-timer] - Recheck started ....
[INFO ] 2026-07-04 00:59:37 [com.cadence.softshare.service.LmApi] [shared-license-bridge-recheck-timer] - Minimum recheck interval has elapsed. Will be doing a real recheck
[INFO ] 2026-07-04 00:59:37 [com.cadence.softshare.service.LmApi] [shared-license-bridge-recheck-timer] - lmiFailureCount = 0
[INFO ] 2026-07-04 00:59:37 [com.cadence.softshare.service.LmApi] [shared-license-bridge-recheck-timer] -   Checking feature Integrated_Metrics_Center
[INFO ] 2026-07-04 00:59:37 [com.cadence.softshare.service.LmApi] [shared-license-bridge-recheck-timer] - 5280@cadence Heartbeat Status for feature Integrated_Metrics_Center with checkout data ACD727491956 = 0
[INFO ] 2026-07-04 00:59:37 [com.cadence.softshare.service.LmApi] [shared-license-bridge-recheck-timer] - Skipping verify checkout handle as it is disabled
[INFO ] 2026-07-04 00:59:37 [com.cadence.softshare.service.LmApi] [shared-license-bridge-recheck-timer] - Skipping force checkin old handles as it is disabled
[INFO ] 2026-07-04 00:59:37 [com.cadence.softshare.service.LmApi] [shared-license-bridge-recheck-timer] -   Time spent in server Recheck was 1
[INFO ] 2026-07-04 00:59:37 [com.cadence.softshare.service.LmApi] [shared-license-bridge-recheck-timer] - Re-check completed with status 0 (time 1).
[INFO ] 2026-07-04 00:59:40 [com.cadence.softshare.service.LmApi] [shared-license-bridge-recheck-timer] - Recheck started ....
[INFO ] 2026-07-04 00:59:40 [com.cadence.softshare.service.LmApi] [shared-license-bridge-recheck-timer] - Minimum recheck interval has elapsed. Will be doing a real recheck
[INFO ] 2026-07-04 00:59:40 [com.cadence.softshare.service.LmApi] [shared-license-bridge-recheck-timer] - lmiFailureCount = 0
[INFO ] 2026-07-04 00:59:40 [com.cadence.softshare.service.LmApi] [shared-license-bridge-recheck-timer] -   Checking feature Integrated_Metrics_Center
[INFO ] 2026-07-04 00:59:40 [com.cadence.softshare.service.LmApi] [shared-license-bridge-recheck-timer] - 5280@cadence Heartbeat Status for feature Integrated_Metrics_Center with checkout data ACD1645181497 = 0
[INFO ] 2026-07-04 00:59:40 [com.cadence.softshare.service.LmApi] [shared-license-bridge-recheck-timer] - Skipping verify checkout handle as it is disabled
[INFO ] 2026-07-04 00:59:40 [com.cadence.softshare.service.LmApi] [shared-license-bridge-recheck-timer] - Skipping force checkin old handles as it is disabled
[INFO ] 2026-07-04 00:59:40 [com.cadence.softshare.service.LmApi] [shared-license-bridge-recheck-timer] -   Time spent in server Recheck was 1
[INFO ] 2026-07-04 00:59:40 [com.cadence.softshare.service.LmApi] [shared-license-bridge-recheck-timer] - Re-check completed with status 0 (time 2).
[INFO ] 2026-07-04 00:59:40 [com.cadence.softshare.service.LmApi] [shared-license-bridge-recheck-timer] - Recheck started ....
[INFO ] 2026-07-04 00:59:40 [com.cadence.softshare.service.LmApi] [shared-license-bridge-recheck-timer] - Minimum recheck interval has elapsed. Will be doing a real recheck
[INFO ] 2026-07-04 00:59:40 [com.cadence.softshare.service.LmApi] [shared-license-bridge-recheck-timer] - lmiFailureCount = 0
[INFO ] 2026-07-04 00:59:40 [com.cadence.softshare.service.LmApi] [shared-license-bridge-recheck-timer] -   Checking feature Integrated_Metrics_Center
[INFO ] 2026-07-04 00:59:40 [com.cadence.softshare.service.LmApi] [shared-license-bridge-recheck-timer] - 5280@cadence Heartbeat Status for feature Integrated_Metrics_Center with checkout data ACD727491956 = 0
[INFO ] 2026-07-04 00:59:40 [com.cadence.softshare.service.LmApi] [shared-license-bridge-recheck-timer] - Skipping verify checkout handle as it is disabled
[INFO ] 2026-07-04 00:59:40 [com.cadence.softshare.service.LmApi] [shared-license-bridge-recheck-timer] - Skipping force checkin old handles as it is disabled
[INFO ] 2026-07-04 00:59:40 [com.cadence.softshare.service.LmApi] [shared-license-bridge-recheck-timer] -   Time spent in server Recheck was 1
[INFO ] 2026-07-04 00:59:40 [com.cadence.softshare.service.LmApi] [shared-license-bridge-recheck-timer] - Re-check completed with status 0 (time 2).
[INFO ] 2026-07-04 00:59:40 [com.cadence.softshare.service.LmApi] [shared-license-bridge-recheck-timer] - Recheck started ....
[INFO ] 2026-07-04 00:59:40 [com.cadence.softshare.service.LmApi] [shared-license-bridge-recheck-timer] - Minimum recheck interval has elapsed. Will be doing a real recheck
[INFO ] 2026-07-04 00:59:40 [com.cadence.softshare.service.LmApi] [shared-license-bridge-recheck-timer] - lmiFailureCount = 0
[INFO ] 2026-07-04 00:59:40 [com.cadence.softshare.service.LmApi] [shared-license-bridge-recheck-timer] -   Checking feature Integrated_Metrics_Center
[INFO ] 2026-07-04 00:59:40 [com.cadence.softshare.service.LmApi] [shared-license-bridge-recheck-timer] - 5280@cadence Heartbeat Status for feature Integrated_Metrics_Center with checkout data ACD727491956 = 0
[INFO ] 2026-07-04 00:59:40 [com.cadence.softshare.service.LmApi] [shared-license-bridge-recheck-timer] - Skipping verify checkout handle as it is disabled
[INFO ] 2026-07-04 00:59:40 [com.cadence.softshare.service.LmApi] [shared-license-bridge-recheck-timer] - Skipping force checkin old handles as it is disabled
[INFO ] 2026-07-04 00:59:40 [com.cadence.softshare.service.LmApi] [shared-license-bridge-recheck-timer] -   Time spent in server Recheck was 1
[INFO ] 2026-07-04 00:59:40 [com.cadence.softshare.service.LmApi] [shared-license-bridge-recheck-timer] - Re-check completed with status 0 (time 1).
[INFO ] 2026-07-04 00:59:43 [com.cadence.softshare.service.LmApi] [shared-license-bridge-recheck-timer] - Recheck started ....
[INFO ] 2026-07-04 00:59:43 [com.cadence.softshare.service.LmApi] [shared-license-bridge-recheck-timer] - Minimum recheck interval has elapsed. Will be doing a real recheck
[INFO ] 2026-07-04 00:59:43 [com.cadence.softshare.service.LmApi] [shared-license-bridge-recheck-timer] - lmiFailureCount = 0
[INFO ] 2026-07-04 00:59:43 [com.cadence.softshare.service.LmApi] [shared-license-bridge-recheck-timer] -   Checking feature Integrated_Metrics_Center
[INFO ] 2026-07-04 00:59:43 [com.cadence.softshare.service.LmApi] [shared-license-bridge-recheck-timer] - 5280@cadence Heartbeat Status for feature Integrated_Metrics_Center with checkout data ACD1645181497 = 0
[INFO ] 2026-07-04 00:59:43 [com.cadence.softshare.service.LmApi] [shared-license-bridge-recheck-timer] - Skipping verify checkout handle as it is disabled
[INFO ] 2026-07-04 00:59:43 [com.cadence.softshare.service.LmApi] [shared-license-bridge-recheck-timer] - Skipping force checkin old handles as it is disabled
[INFO ] 2026-07-04 00:59:43 [com.cadence.softshare.service.LmApi] [shared-license-bridge-recheck-timer] -   Time spent in server Recheck was 1
[INFO ] 2026-07-04 00:59:43 [com.cadence.softshare.service.LmApi] [shared-license-bridge-recheck-timer] - Re-check completed with status 0 (time 2).
[INFO ] 2026-07-04 00:59:43 [com.cadence.softshare.service.LmApi] [shared-license-bridge-recheck-timer] - Recheck started ....
[INFO ] 2026-07-04 00:59:43 [com.cadence.softshare.service.LmApi] [shared-license-bridge-recheck-timer] - Minimum recheck interval has elapsed. Will be doing a real recheck
[INFO ] 2026-07-04 00:59:43 [com.cadence.softshare.service.LmApi] [shared-license-bridge-recheck-timer] - lmiFailureCount = 0
[INFO ] 2026-07-04 00:59:43 [com.cadence.softshare.service.LmApi] [shared-license-bridge-recheck-timer] -   Checking feature Integrated_Metrics_Center
[INFO ] 2026-07-04 00:59:43 [com.cadence.softshare.service.LmApi] [shared-license-bridge-recheck-timer] - 5280@cadence Heartbeat Status for feature Integrated_Metrics_Center with checkout data ACD1645181497 = 0
[INFO ] 2026-07-04 00:59:43 [com.cadence.softshare.service.LmApi] [shared-license-bridge-recheck-timer] - Skipping verify checkout handle as it is disabled
[INFO ] 2026-07-04 00:59:43 [com.cadence.softshare.service.LmApi] [shared-license-bridge-recheck-timer] - Skipping force checkin old handles as it is disabled
[INFO ] 2026-07-04 00:59:43 [com.cadence.softshare.service.LmApi] [shared-license-bridge-recheck-timer] -   Time spent in server Recheck was 1
[INFO ] 2026-07-04 00:59:43 [com.cadence.softshare.service.LmApi] [shared-license-bridge-recheck-timer] - Re-check completed with status 0 (time 3).
[INFO ] 2026-07-04 01:04:37 [com.cadence.softshare.service.LmApi] [shared-license-bridge-recheck-timer] - Recheck started ....
[INFO ] 2026-07-04 01:04:37 [com.cadence.softshare.service.LmApi] [shared-license-bridge-recheck-timer] - Minimum recheck interval has elapsed. Will be doing a real recheck
[INFO ] 2026-07-04 01:04:37 [com.cadence.softshare.service.LmApi] [shared-license-bridge-recheck-timer] - lmiFailureCount = 0
[INFO ] 2026-07-04 01:04:37 [com.cadence.softshare.service.LmApi] [shared-license-bridge-recheck-timer] -   Checking feature Integrated_Metrics_Center
[INFO ] 2026-07-04 01:04:37 [com.cadence.softshare.service.LmApi] [shared-license-bridge-recheck-timer] - 5280@cadence Heartbeat Status for feature Integrated_Metrics_Center with checkout data ACD727491956 = 0
[INFO ] 2026-07-04 01:04:37 [com.cadence.softshare.service.LmApi] [shared-license-bridge-recheck-timer] - Skipping verify checkout handle as it is disabled
[INFO ] 2026-07-04 01:04:37 [com.cadence.softshare.service.LmApi] [shared-license-bridge-recheck-timer] - Skipping force checkin old handles as it is disabled
[INFO ] 2026-07-04 01:04:37 [com.cadence.softshare.service.LmApi] [shared-license-bridge-recheck-timer] -   Time spent in server Recheck was 1
[INFO ] 2026-07-04 01:04:37 [com.cadence.softshare.service.LmApi] [shared-license-bridge-recheck-timer] - Re-check completed with status 0 (time 2).
[INFO ] 2026-07-04 01:04:40 [com.cadence.softshare.service.LmApi] [shared-license-bridge-recheck-timer] - Recheck started ....
[INFO ] 2026-07-04 01:04:40 [com.cadence.softshare.service.LmApi] [shared-license-bridge-recheck-timer] - Minimum recheck interval has elapsed. Will be doing a real recheck
[INFO ] 2026-07-04 01:04:40 [com.cadence.softshare.service.LmApi] [shared-license-bridge-recheck-timer] - lmiFailureCount = 0
[INFO ] 2026-07-04 01:04:40 [com.cadence.softshare.service.LmApi] [shared-license-bridge-recheck-timer] -   Checking feature Integrated_Metrics_Center
[INFO ] 2026-07-04 01:04:40 [com.cadence.softshare.service.LmApi] [shared-license-bridge-recheck-timer] - 5280@cadence Heartbeat Status for feature Integrated_Metrics_Center with checkout data ACD1645181497 = 0
[INFO ] 2026-07-04 01:04:40 [com.cadence.softshare.service.LmApi] [shared-license-bridge-recheck-timer] - Skipping verify checkout handle as it is disabled
[INFO ] 2026-07-04 01:04:40 [com.cadence.softshare.service.LmApi] [shared-license-bridge-recheck-timer] - Skipping force checkin old handles as it is disabled
[INFO ] 2026-07-04 01:04:40 [com.cadence.softshare.service.LmApi] [shared-license-bridge-recheck-timer] -   Time spent in server Recheck was 2
[INFO ] 2026-07-04 01:04:40 [com.cadence.softshare.service.LmApi] [shared-license-bridge-recheck-timer] - Re-check completed with status 0 (time 4).
[INFO ] 2026-07-04 01:04:41 [com.cadence.softshare.service.LmApi] [shared-license-bridge-recheck-timer] - Recheck started ....
[INFO ] 2026-07-04 01:04:41 [com.cadence.softshare.service.LmApi] [shared-license-bridge-recheck-timer] - Minimum recheck interval has elapsed. Will be doing a real recheck
[INFO ] 2026-07-04 01:04:41 [com.cadence.softshare.service.LmApi] [shared-license-bridge-recheck-timer] - lmiFailureCount = 0
[INFO ] 2026-07-04 01:04:41 [com.cadence.softshare.service.LmApi] [shared-license-bridge-recheck-timer] -   Checking feature Integrated_Metrics_Center
[INFO ] 2026-07-04 01:04:41 [com.cadence.softshare.service.LmApi] [shared-license-bridge-recheck-timer] - 5280@cadence Heartbeat Status for feature Integrated_Metrics_Center with checkout data ACD727491956 = 0
[INFO ] 2026-07-04 01:04:41 [com.cadence.softshare.service.LmApi] [shared-license-bridge-recheck-timer] - Skipping verify checkout handle as it is disabled
[INFO ] 2026-07-04 01:04:41 [com.cadence.softshare.service.LmApi] [shared-license-bridge-recheck-timer] - Skipping force checkin old handles as it is disabled
[INFO ] 2026-07-04 01:04:41 [com.cadence.softshare.service.LmApi] [shared-license-bridge-recheck-timer] -   Time spent in server Recheck was 2
[INFO ] 2026-07-04 01:04:41 [com.cadence.softshare.service.LmApi] [shared-license-bridge-recheck-timer] - Re-check completed with status 0 (time 2).
[INFO ] 2026-07-04 01:04:41 [com.cadence.softshare.service.LmApi] [shared-license-bridge-recheck-timer] - Recheck started ....
[INFO ] 2026-07-04 01:04:41 [com.cadence.softshare.service.LmApi] [shared-license-bridge-recheck-timer] - Minimum recheck interval has elapsed. Will be doing a real recheck
[INFO ] 2026-07-04 01:04:41 [com.cadence.softshare.service.LmApi] [shared-license-bridge-recheck-timer] - lmiFailureCount = 0
[INFO ] 2026-07-04 01:04:41 [com.cadence.softshare.service.LmApi] [shared-license-bridge-recheck-timer] -   Checking feature Integrated_Metrics_Center
[INFO ] 2026-07-04 01:04:41 [com.cadence.softshare.service.LmApi] [shared-license-bridge-recheck-timer] - 5280@cadence Heartbeat Status for feature Integrated_Metrics_Center with checkout data ACD727491956 = 0
[INFO ] 2026-07-04 01:04:41 [com.cadence.softshare.service.LmApi] [shared-license-bridge-recheck-timer] - Skipping verify checkout handle as it is disabled
[INFO ] 2026-07-04 01:04:41 [com.cadence.softshare.service.LmApi] [shared-license-bridge-recheck-timer] - Skipping force checkin old handles as it is disabled
[INFO ] 2026-07-04 01:04:41 [com.cadence.softshare.service.LmApi] [shared-license-bridge-recheck-timer] -   Time spent in server Recheck was 2
[INFO ] 2026-07-04 01:04:41 [com.cadence.softshare.service.LmApi] [shared-license-bridge-recheck-timer] - Re-check completed with status 0 (time 3).
[INFO ] 2026-07-04 01:04:43 [com.cadence.softshare.service.LmApi] [shared-license-bridge-recheck-timer] - Recheck started ....
[INFO ] 2026-07-04 01:04:43 [com.cadence.softshare.service.LmApi] [shared-license-bridge-recheck-timer] - Minimum recheck interval has elapsed. Will be doing a real recheck
[INFO ] 2026-07-04 01:04:43 [com.cadence.softshare.service.LmApi] [shared-license-bridge-recheck-timer] - lmiFailureCount = 0
[INFO ] 2026-07-04 01:04:43 [com.cadence.softshare.service.LmApi] [shared-license-bridge-recheck-timer] -   Checking feature Integrated_Metrics_Center
[INFO ] 2026-07-04 01:04:43 [com.cadence.softshare.service.LmApi] [shared-license-bridge-recheck-timer] - 5280@cadence Heartbeat Status for feature Integrated_Metrics_Center with checkout data ACD1645181497 = 0
[INFO ] 2026-07-04 01:04:43 [com.cadence.softshare.service.LmApi] [shared-license-bridge-recheck-timer] - Skipping verify checkout handle as it is disabled
[INFO ] 2026-07-04 01:04:43 [com.cadence.softshare.service.LmApi] [shared-license-bridge-recheck-timer] - Skipping force checkin old handles as it is disabled
[INFO ] 2026-07-04 01:04:43 [com.cadence.softshare.service.LmApi] [shared-license-bridge-recheck-timer] -   Time spent in server Recheck was 1
[INFO ] 2026-07-04 01:04:43 [com.cadence.softshare.service.LmApi] [shared-license-bridge-recheck-timer] - Re-check completed with status 0 (time 2).
[INFO ] 2026-07-04 01:04:43 [com.cadence.softshare.service.LmApi] [shared-license-bridge-recheck-timer] - Recheck started ....
[INFO ] 2026-07-04 01:04:43 [com.cadence.softshare.service.LmApi] [shared-license-bridge-recheck-timer] - Minimum recheck interval has elapsed. Will be doing a real recheck
[INFO ] 2026-07-04 01:04:43 [com.cadence.softshare.service.LmApi] [shared-license-bridge-recheck-timer] - lmiFailureCount = 0
[INFO ] 2026-07-04 01:04:43 [com.cadence.softshare.service.LmApi] [shared-license-bridge-recheck-timer] -   Checking feature Integrated_Metrics_Center
[INFO ] 2026-07-04 01:04:43 [com.cadence.softshare.service.LmApi] [shared-license-bridge-recheck-timer] - 5280@cadence Heartbeat Status for feature Integrated_Metrics_Center with checkout data ACD1645181497 = 0
[INFO ] 2026-07-04 01:04:43 [com.cadence.softshare.service.LmApi] [shared-license-bridge-recheck-timer] - Skipping verify checkout handle as it is disabled
[INFO ] 2026-07-04 01:04:43 [com.cadence.softshare.service.LmApi] [shared-license-bridge-recheck-timer] - Skipping force checkin old handles as it is disabled
[INFO ] 2026-07-04 01:04:43 [com.cadence.softshare.service.LmApi] [shared-license-bridge-recheck-timer] -   Time spent in server Recheck was 1
[INFO ] 2026-07-04 01:04:43 [com.cadence.softshare.service.LmApi] [shared-license-bridge-recheck-timer] - Re-check completed with status 0 (time 3).
[INFO ] 2026-07-04 01:09:37 [com.cadence.softshare.service.LmApi] [shared-license-bridge-recheck-timer] - Recheck started ....
[INFO ] 2026-07-04 01:09:37 [com.cadence.softshare.service.LmApi] [shared-license-bridge-recheck-timer] - Minimum recheck interval has elapsed. Will be doing a real recheck
[INFO ] 2026-07-04 01:09:37 [com.cadence.softshare.service.LmApi] [shared-license-bridge-recheck-timer] - lmiFailureCount = 0
[INFO ] 2026-07-04 01:09:37 [com.cadence.softshare.service.LmApi] [shared-license-bridge-recheck-timer] -   Checking feature Integrated_Metrics_Center
[INFO ] 2026-07-04 01:09:37 [com.cadence.softshare.service.LmApi] [shared-license-bridge-recheck-timer] - 5280@cadence Heartbeat Status for feature Integrated_Metrics_Center with checkout data ACD727491956 = 0
[INFO ] 2026-07-04 01:09:37 [com.cadence.softshare.service.LmApi] [shared-license-bridge-recheck-timer] - Skipping verify checkout handle as it is disabled
[INFO ] 2026-07-04 01:09:37 [com.cadence.softshare.service.LmApi] [shared-license-bridge-recheck-timer] - Skipping force checkin old handles as it is disabled
[INFO ] 2026-07-04 01:09:37 [com.cadence.softshare.service.LmApi] [shared-license-bridge-recheck-timer] -   Time spent in server Recheck was 1
[INFO ] 2026-07-04 01:09:37 [com.cadence.softshare.service.LmApi] [shared-license-bridge-recheck-timer] - Re-check completed with status 0 (time 2).
[INFO ] 2026-07-04 01:09:40 [com.cadence.softshare.service.LmApi] [shared-license-bridge-recheck-timer] - Recheck started ....
[INFO ] 2026-07-04 01:09:40 [com.cadence.softshare.service.LmApi] [shared-license-bridge-recheck-timer] - Minimum recheck interval has elapsed. Will be doing a real recheck
[INFO ] 2026-07-04 01:09:40 [com.cadence.softshare.service.LmApi] [shared-license-bridge-recheck-timer] - lmiFailureCount = 0
[INFO ] 2026-07-04 01:09:40 [com.cadence.softshare.service.LmApi] [shared-license-bridge-recheck-timer] -   Checking feature Integrated_Metrics_Center
[INFO ] 2026-07-04 01:09:40 [com.cadence.softshare.service.LmApi] [shared-license-bridge-recheck-timer] - 5280@cadence Heartbeat Status for feature Integrated_Metrics_Center with checkout data ACD1645181497 = 0
[INFO ] 2026-07-04 01:09:40 [com.cadence.softshare.service.LmApi] [shared-license-bridge-recheck-timer] - Skipping verify checkout handle as it is disabled
[INFO ] 2026-07-04 01:09:40 [com.cadence.softshare.service.LmApi] [shared-license-bridge-recheck-timer] - Skipping force checkin old handles as it is disabled
[INFO ] 2026-07-04 01:09:40 [com.cadence.softshare.service.LmApi] [shared-license-bridge-recheck-timer] -   Time spent in server Recheck was 2
[INFO ] 2026-07-04 01:09:40 [com.cadence.softshare.service.LmApi] [shared-license-bridge-recheck-timer] - Re-check completed with status 0 (time 3).
[INFO ] 2026-07-04 01:09:41 [com.cadence.softshare.service.LmApi] [shared-license-bridge-recheck-timer] - Recheck started ....
[INFO ] 2026-07-04 01:09:41 [com.cadence.softshare.service.LmApi] [shared-license-bridge-recheck-timer] - Minimum recheck interval has elapsed. Will be doing a real recheck
[INFO ] 2026-07-04 01:09:41 [com.cadence.softshare.service.LmApi] [shared-license-bridge-recheck-timer] - lmiFailureCount = 0
[INFO ] 2026-07-04 01:09:41 [com.cadence.softshare.service.LmApi] [shared-license-bridge-recheck-timer] -   Checking feature Integrated_Metrics_Center
[INFO ] 2026-07-04 01:09:41 [com.cadence.softshare.service.LmApi] [shared-license-bridge-recheck-timer] - 5280@cadence Heartbeat Status for feature Integrated_Metrics_Center with checkout data ACD727491956 = 0
[INFO ] 2026-07-04 01:09:41 [com.cadence.softshare.service.LmApi] [shared-license-bridge-recheck-timer] - Skipping verify checkout handle as it is disabled
[INFO ] 2026-07-04 01:09:41 [com.cadence.softshare.service.LmApi] [shared-license-bridge-recheck-timer] - Skipping force checkin old handles as it is disabled
[INFO ] 2026-07-04 01:09:41 [com.cadence.softshare.service.LmApi] [shared-license-bridge-recheck-timer] -   Time spent in server Recheck was 1
[INFO ] 2026-07-04 01:09:41 [com.cadence.softshare.service.LmApi] [shared-license-bridge-recheck-timer] - Re-check completed with status 0 (time 2).
[INFO ] 2026-07-04 01:09:41 [com.cadence.softshare.service.LmApi] [shared-license-bridge-recheck-timer] - Recheck started ....
[INFO ] 2026-07-04 01:09:41 [com.cadence.softshare.service.LmApi] [shared-license-bridge-recheck-timer] - Minimum recheck interval has elapsed. Will be doing a real recheck
[INFO ] 2026-07-04 01:09:41 [com.cadence.softshare.service.LmApi] [shared-license-bridge-recheck-timer] - lmiFailureCount = 0
[INFO ] 2026-07-04 01:09:41 [com.cadence.softshare.service.LmApi] [shared-license-bridge-recheck-timer] -   Checking feature Integrated_Metrics_Center
[INFO ] 2026-07-04 01:09:41 [com.cadence.softshare.service.LmApi] [shared-license-bridge-recheck-timer] - 5280@cadence Heartbeat Status for feature Integrated_Metrics_Center with checkout data ACD727491956 = 0
[INFO ] 2026-07-04 01:09:41 [com.cadence.softshare.service.LmApi] [shared-license-bridge-recheck-timer] - Skipping verify checkout handle as it is disabled
[INFO ] 2026-07-04 01:09:41 [com.cadence.softshare.service.LmApi] [shared-license-bridge-recheck-timer] - Skipping force checkin old handles as it is disabled
[INFO ] 2026-07-04 01:09:41 [com.cadence.softshare.service.LmApi] [shared-license-bridge-recheck-timer] -   Time spent in server Recheck was 1
[INFO ] 2026-07-04 01:09:41 [com.cadence.softshare.service.LmApi] [shared-license-bridge-recheck-timer] - Re-check completed with status 0 (time 2).
[INFO ] 2026-07-04 01:09:43 [com.cadence.softshare.service.LmApi] [shared-license-bridge-recheck-timer] - Recheck started ....
[INFO ] 2026-07-04 01:09:43 [com.cadence.softshare.service.LmApi] [shared-license-bridge-recheck-timer] - Minimum recheck interval has elapsed. Will be doing a real recheck
[INFO ] 2026-07-04 01:09:43 [com.cadence.softshare.service.LmApi] [shared-license-bridge-recheck-timer] - lmiFailureCount = 0
[INFO ] 2026-07-04 01:09:43 [com.cadence.softshare.service.LmApi] [shared-license-bridge-recheck-timer] -   Checking feature Integrated_Metrics_Center
[INFO ] 2026-07-04 01:09:43 [com.cadence.softshare.service.LmApi] [shared-license-bridge-recheck-timer] - 5280@cadence Heartbeat Status for feature Integrated_Metrics_Center with checkout data ACD1645181497 = 0
[INFO ] 2026-07-04 01:09:43 [com.cadence.softshare.service.LmApi] [shared-license-bridge-recheck-timer] - Skipping verify checkout handle as it is disabled
[INFO ] 2026-07-04 01:09:43 [com.cadence.softshare.service.LmApi] [shared-license-bridge-recheck-timer] - Skipping force checkin old handles as it is disabled
[INFO ] 2026-07-04 01:09:43 [com.cadence.softshare.service.LmApi] [shared-license-bridge-recheck-timer] -   Time spent in server Recheck was 2
[INFO ] 2026-07-04 01:09:43 [com.cadence.softshare.service.LmApi] [shared-license-bridge-recheck-timer] - Re-check completed with status 0 (time 3).
[INFO ] 2026-07-04 01:09:43 [com.cadence.softshare.service.LmApi] [shared-license-bridge-recheck-timer] - Recheck started ....
[INFO ] 2026-07-04 01:09:43 [com.cadence.softshare.service.LmApi] [shared-license-bridge-recheck-timer] - Minimum recheck interval has elapsed. Will be doing a real recheck
[INFO ] 2026-07-04 01:09:43 [com.cadence.softshare.service.LmApi] [shared-license-bridge-recheck-timer] - lmiFailureCount = 0
[INFO ] 2026-07-04 01:09:43 [com.cadence.softshare.service.LmApi] [shared-license-bridge-recheck-timer] -   Checking feature Integrated_Metrics_Center
[INFO ] 2026-07-04 01:09:43 [com.cadence.softshare.service.LmApi] [shared-license-bridge-recheck-timer] - 5280@cadence Heartbeat Status for feature Integrated_Metrics_Center with checkout data ACD1645181497 = 0
[INFO ] 2026-07-04 01:09:43 [com.cadence.softshare.service.LmApi] [shared-license-bridge-recheck-timer] - Skipping verify checkout handle as it is disabled
[INFO ] 2026-07-04 01:09:43 [com.cadence.softshare.service.LmApi] [shared-license-bridge-recheck-timer] - Skipping force checkin old handles as it is disabled
[INFO ] 2026-07-04 01:09:43 [com.cadence.softshare.service.LmApi] [shared-license-bridge-recheck-timer] -   Time spent in server Recheck was 2
[INFO ] 2026-07-04 01:09:43 [com.cadence.softshare.service.LmApi] [shared-license-bridge-recheck-timer] - Re-check completed with status 0 (time 3).
[INFO ] 2026-07-04 01:14:37 [com.cadence.softshare.service.LmApi] [shared-license-bridge-recheck-timer] - Recheck started ....
[INFO ] 2026-07-04 01:14:37 [com.cadence.softshare.service.LmApi] [shared-license-bridge-recheck-timer] - Minimum recheck interval has elapsed. Will be doing a real recheck
[INFO ] 2026-07-04 01:14:37 [com.cadence.softshare.service.LmApi] [shared-license-bridge-recheck-timer] - lmiFailureCount = 0
[INFO ] 2026-07-04 01:14:37 [com.cadence.softshare.service.LmApi] [shared-license-bridge-recheck-timer] -   Checking feature Integrated_Metrics_Center
[INFO ] 2026-07-04 01:14:37 [com.cadence.softshare.service.LmApi] [shared-license-bridge-recheck-timer] - 5280@cadence Heartbeat Status for feature Integrated_Metrics_Center with checkout data ACD727491956 = 0
[INFO ] 2026-07-04 01:14:37 [com.cadence.softshare.service.LmApi] [shared-license-bridge-recheck-timer] - Skipping verify checkout handle as it is disabled
[INFO ] 2026-07-04 01:14:37 [com.cadence.softshare.service.LmApi] [shared-license-bridge-recheck-timer] - Skipping force checkin old handles as it is disabled
[INFO ] 2026-07-04 01:14:37 [com.cadence.softshare.service.LmApi] [shared-license-bridge-recheck-timer] -   Time spent in server Recheck was 2
[INFO ] 2026-07-04 01:14:37 [com.cadence.softshare.service.LmApi] [shared-license-bridge-recheck-timer] - Re-check completed with status 0 (time 3).
[INFO ] 2026-07-04 01:14:40 [com.cadence.softshare.service.LmApi] [shared-license-bridge-recheck-timer] - Recheck started ....
[INFO ] 2026-07-04 01:14:40 [com.cadence.softshare.service.LmApi] [shared-license-bridge-recheck-timer] - Minimum recheck interval has elapsed. Will be doing a real recheck
[INFO ] 2026-07-04 01:14:40 [com.cadence.softshare.service.LmApi] [shared-license-bridge-recheck-timer] - lmiFailureCount = 0
[INFO ] 2026-07-04 01:14:40 [com.cadence.softshare.service.LmApi] [shared-license-bridge-recheck-timer] -   Checking feature Integrated_Metrics_Center
[INFO ] 2026-07-04 01:14:40 [com.cadence.softshare.service.LmApi] [shared-license-bridge-recheck-timer] - 5280@cadence Heartbeat Status for feature Integrated_Metrics_Center with checkout data ACD1645181497 = 0
[INFO ] 2026-07-04 01:14:40 [com.cadence.softshare.service.LmApi] [shared-license-bridge-recheck-timer] - Skipping verify checkout handle as it is disabled
[INFO ] 2026-07-04 01:14:40 [com.cadence.softshare.service.LmApi] [shared-license-bridge-recheck-timer] - Skipping force checkin old handles as it is disabled
[INFO ] 2026-07-04 01:14:40 [com.cadence.softshare.service.LmApi] [shared-license-bridge-recheck-timer] -   Time spent in server Recheck was 1
[INFO ] 2026-07-04 01:14:40 [com.cadence.softshare.service.LmApi] [shared-license-bridge-recheck-timer] - Re-check completed with status 0 (time 2).
[INFO ] 2026-07-04 01:14:41 [com.cadence.softshare.service.LmApi] [shared-license-bridge-recheck-timer] - Recheck started ....
[INFO ] 2026-07-04 01:14:41 [com.cadence.softshare.service.LmApi] [shared-license-bridge-recheck-timer] - Minimum recheck interval has elapsed. Will be doing a real recheck
[INFO ] 2026-07-04 01:14:41 [com.cadence.softshare.service.LmApi] [shared-license-bridge-recheck-timer] - lmiFailureCount = 0
[INFO ] 2026-07-04 01:14:41 [com.cadence.softshare.service.LmApi] [shared-license-bridge-recheck-timer] -   Checking feature Integrated_Metrics_Center
[INFO ] 2026-07-04 01:14:41 [com.cadence.softshare.service.LmApi] [shared-license-bridge-recheck-timer] - 5280@cadence Heartbeat Status for feature Integrated_Metrics_Center with checkout data ACD727491956 = 0
[INFO ] 2026-07-04 01:14:41 [com.cadence.softshare.service.LmApi] [shared-license-bridge-recheck-timer] - Skipping verify checkout handle as it is disabled
[INFO ] 2026-07-04 01:14:41 [com.cadence.softshare.service.LmApi] [shared-license-bridge-recheck-timer] - Skipping force checkin old handles as it is disabled
[INFO ] 2026-07-04 01:14:41 [com.cadence.softshare.service.LmApi] [shared-license-bridge-recheck-timer] -   Time spent in server Recheck was 1
[INFO ] 2026-07-04 01:14:41 [com.cadence.softshare.service.LmApi] [shared-license-bridge-recheck-timer] - Re-check completed with status 0 (time 2).
[INFO ] 2026-07-04 01:14:41 [com.cadence.softshare.service.LmApi] [shared-license-bridge-recheck-timer] - Recheck started ....
[INFO ] 2026-07-04 01:14:41 [com.cadence.softshare.service.LmApi] [shared-license-bridge-recheck-timer] - Minimum recheck interval has elapsed. Will be doing a real recheck
[INFO ] 2026-07-04 01:14:41 [com.cadence.softshare.service.LmApi] [shared-license-bridge-recheck-timer] - lmiFailureCount = 0
[INFO ] 2026-07-04 01:14:41 [com.cadence.softshare.service.LmApi] [shared-license-bridge-recheck-timer] -   Checking feature Integrated_Metrics_Center
[INFO ] 2026-07-04 01:14:41 [com.cadence.softshare.service.LmApi] [shared-license-bridge-recheck-timer] - 5280@cadence Heartbeat Status for feature Integrated_Metrics_Center with checkout data ACD727491956 = 0
[INFO ] 2026-07-04 01:14:41 [com.cadence.softshare.service.LmApi] [shared-license-bridge-recheck-timer] - Skipping verify checkout handle as it is disabled
[INFO ] 2026-07-04 01:14:41 [com.cadence.softshare.service.LmApi] [shared-license-bridge-recheck-timer] - Skipping force checkin old handles as it is disabled
[INFO ] 2026-07-04 01:14:41 [com.cadence.softshare.service.LmApi] [shared-license-bridge-recheck-timer] -   Time spent in server Recheck was 2
[INFO ] 2026-07-04 01:14:41 [com.cadence.softshare.service.LmApi] [shared-license-bridge-recheck-timer] - Re-check completed with status 0 (time 3).
[INFO ] 2026-07-04 01:14:43 [com.cadence.softshare.service.LmApi] [shared-license-bridge-recheck-timer] - Recheck started ....
[INFO ] 2026-07-04 01:14:43 [com.cadence.softshare.service.LmApi] [shared-license-bridge-recheck-timer] - Minimum recheck interval has elapsed. Will be doing a real recheck
[INFO ] 2026-07-04 01:14:43 [com.cadence.softshare.service.LmApi] [shared-license-bridge-recheck-timer] - lmiFailureCount = 0
[INFO ] 2026-07-04 01:14:43 [com.cadence.softshare.service.LmApi] [shared-license-bridge-recheck-timer] -   Checking feature Integrated_Metrics_Center
[INFO ] 2026-07-04 01:14:43 [com.cadence.softshare.service.LmApi] [shared-license-bridge-recheck-timer] - 5280@cadence Heartbeat Status for feature Integrated_Metrics_Center with checkout data ACD1645181497 = 0
[INFO ] 2026-07-04 01:14:43 [com.cadence.softshare.service.LmApi] [shared-license-bridge-recheck-timer] - Skipping verify checkout handle as it is disabled
[INFO ] 2026-07-04 01:14:43 [com.cadence.softshare.service.LmApi] [shared-license-bridge-recheck-timer] - Skipping force checkin old handles as it is disabled
[INFO ] 2026-07-04 01:14:43 [com.cadence.softshare.service.LmApi] [shared-license-bridge-recheck-timer] -   Time spent in server Recheck was 1
[INFO ] 2026-07-04 01:14:43 [com.cadence.softshare.service.LmApi] [shared-license-bridge-recheck-timer] - Re-check completed with status 0 (time 2).
[INFO ] 2026-07-04 01:14:43 [com.cadence.softshare.service.LmApi] [shared-license-bridge-recheck-timer] - Recheck started ....
[INFO ] 2026-07-04 01:14:43 [com.cadence.softshare.service.LmApi] [shared-license-bridge-recheck-timer] - Minimum recheck interval has elapsed. Will be doing a real recheck
[INFO ] 2026-07-04 01:14:43 [com.cadence.softshare.service.LmApi] [shared-license-bridge-recheck-timer] - lmiFailureCount = 0
[INFO ] 2026-07-04 01:14:43 [com.cadence.softshare.service.LmApi] [shared-license-bridge-recheck-timer] -   Checking feature Integrated_Metrics_Center
[INFO ] 2026-07-04 01:14:43 [com.cadence.softshare.service.LmApi] [shared-license-bridge-recheck-timer] - 5280@cadence Heartbeat Status for feature Integrated_Metrics_Center with checkout data ACD1645181497 = 0
[INFO ] 2026-07-04 01:14:43 [com.cadence.softshare.service.LmApi] [shared-license-bridge-recheck-timer] - Skipping verify checkout handle as it is disabled
[INFO ] 2026-07-04 01:14:43 [com.cadence.softshare.service.LmApi] [shared-license-bridge-recheck-timer] - Skipping force checkin old handles as it is disabled
[INFO ] 2026-07-04 01:14:43 [com.cadence.softshare.service.LmApi] [shared-license-bridge-recheck-timer] -   Time spent in server Recheck was 1
[INFO ] 2026-07-04 01:14:43 [com.cadence.softshare.service.LmApi] [shared-license-bridge-recheck-timer] - Re-check completed with status 0 (time 2).
[INFO ] 2026-07-04 01:19:37 [com.cadence.softshare.service.LmApi] [shared-license-bridge-recheck-timer] - Recheck started ....
[INFO ] 2026-07-04 01:19:37 [com.cadence.softshare.service.LmApi] [shared-license-bridge-recheck-timer] - Minimum recheck interval has elapsed. Will be doing a real recheck
[INFO ] 2026-07-04 01:19:37 [com.cadence.softshare.service.LmApi] [shared-license-bridge-recheck-timer] - lmiFailureCount = 0
[INFO ] 2026-07-04 01:19:37 [com.cadence.softshare.service.LmApi] [shared-license-bridge-recheck-timer] -   Checking feature Integrated_Metrics_Center
[INFO ] 2026-07-04 01:19:37 [com.cadence.softshare.service.LmApi] [shared-license-bridge-recheck-timer] - 5280@cadence Heartbeat Status for feature Integrated_Metrics_Center with checkout data ACD727491956 = 0
[INFO ] 2026-07-04 01:19:37 [com.cadence.softshare.service.LmApi] [shared-license-bridge-recheck-timer] - Skipping verify checkout handle as it is disabled
[INFO ] 2026-07-04 01:19:37 [com.cadence.softshare.service.LmApi] [shared-license-bridge-recheck-timer] - Skipping force checkin old handles as it is disabled
[INFO ] 2026-07-04 01:19:37 [com.cadence.softshare.service.LmApi] [shared-license-bridge-recheck-timer] -   Time spent in server Recheck was 1
[INFO ] 2026-07-04 01:19:37 [com.cadence.softshare.service.LmApi] [shared-license-bridge-recheck-timer] - Re-check completed with status 0 (time 2).
[INFO ] 2026-07-04 01:19:40 [com.cadence.softshare.service.LmApi] [shared-license-bridge-recheck-timer] - Recheck started ....
[INFO ] 2026-07-04 01:19:40 [com.cadence.softshare.service.LmApi] [shared-license-bridge-recheck-timer] - Minimum recheck interval has elapsed. Will be doing a real recheck
[INFO ] 2026-07-04 01:19:40 [com.cadence.softshare.service.LmApi] [shared-license-bridge-recheck-timer] - lmiFailureCount = 0
[INFO ] 2026-07-04 01:19:40 [com.cadence.softshare.service.LmApi] [shared-license-bridge-recheck-timer] -   Checking feature Integrated_Metrics_Center
[INFO ] 2026-07-04 01:19:40 [com.cadence.softshare.service.LmApi] [shared-license-bridge-recheck-timer] - 5280@cadence Heartbeat Status for feature Integrated_Metrics_Center with checkout data ACD1645181497 = 0
[INFO ] 2026-07-04 01:19:40 [com.cadence.softshare.service.LmApi] [shared-license-bridge-recheck-timer] - Skipping verify checkout handle as it is disabled
[INFO ] 2026-07-04 01:19:40 [com.cadence.softshare.service.LmApi] [shared-license-bridge-recheck-timer] - Skipping force checkin old handles as it is disabled
[INFO ] 2026-07-04 01:19:40 [com.cadence.softshare.service.LmApi] [shared-license-bridge-recheck-timer] -   Time spent in server Recheck was 1
[INFO ] 2026-07-04 01:19:40 [com.cadence.softshare.service.LmApi] [shared-license-bridge-recheck-timer] - Re-check completed with status 0 (time 3).
[INFO ] 2026-07-04 01:19:41 [com.cadence.softshare.service.LmApi] [shared-license-bridge-recheck-timer] - Recheck started ....
[INFO ] 2026-07-04 01:19:41 [com.cadence.softshare.service.LmApi] [shared-license-bridge-recheck-timer] - Minimum recheck interval has elapsed. Will be doing a real recheck
[INFO ] 2026-07-04 01:19:41 [com.cadence.softshare.service.LmApi] [shared-license-bridge-recheck-timer] - lmiFailureCount = 0
[INFO ] 2026-07-04 01:19:41 [com.cadence.softshare.service.LmApi] [shared-license-bridge-recheck-timer] -   Checking feature Integrated_Metrics_Center
[INFO ] 2026-07-04 01:19:41 [com.cadence.softshare.service.LmApi] [shared-license-bridge-recheck-timer] - 5280@cadence Heartbeat Status for feature Integrated_Metrics_Center with checkout data ACD727491956 = 0
[INFO ] 2026-07-04 01:19:41 [com.cadence.softshare.service.LmApi] [shared-license-bridge-recheck-timer] - Skipping verify checkout handle as it is disabled
[INFO ] 2026-07-04 01:19:41 [com.cadence.softshare.service.LmApi] [shared-license-bridge-recheck-timer] - Skipping force checkin old handles as it is disabled
[INFO ] 2026-07-04 01:19:41 [com.cadence.softshare.service.LmApi] [shared-license-bridge-recheck-timer] -   Time spent in server Recheck was 1
[INFO ] 2026-07-04 01:19:41 [com.cadence.softshare.service.LmApi] [shared-license-bridge-recheck-timer] - Re-check completed with status 0 (time 2).
[INFO ] 2026-07-04 01:19:41 [com.cadence.softshare.service.LmApi] [shared-license-bridge-recheck-timer] - Recheck started ....
[INFO ] 2026-07-04 01:19:41 [com.cadence.softshare.service.LmApi] [shared-license-bridge-recheck-timer] - Minimum recheck interval has elapsed. Will be doing a real recheck
[INFO ] 2026-07-04 01:19:41 [com.cadence.softshare.service.LmApi] [shared-license-bridge-recheck-timer] - lmiFailureCount = 0
[INFO ] 2026-07-04 01:19:41 [com.cadence.softshare.service.LmApi] [shared-license-bridge-recheck-timer] -   Checking feature Integrated_Metrics_Center
[INFO ] 2026-07-04 01:19:41 [com.cadence.softshare.service.LmApi] [shared-license-bridge-recheck-timer] - 5280@cadence Heartbeat Status for feature Integrated_Metrics_Center with checkout data ACD727491956 = 0
[INFO ] 2026-07-04 01:19:41 [com.cadence.softshare.service.LmApi] [shared-license-bridge-recheck-timer] - Skipping verify checkout handle as it is disabled
[INFO ] 2026-07-04 01:19:41 [com.cadence.softshare.service.LmApi] [shared-license-bridge-recheck-timer] - Skipping force checkin old handles as it is disabled
[INFO ] 2026-07-04 01:19:41 [com.cadence.softshare.service.LmApi] [shared-license-bridge-recheck-timer] -   Time spent in server Recheck was 2
[INFO ] 2026-07-04 01:19:41 [com.cadence.softshare.service.LmApi] [shared-license-bridge-recheck-timer] - Re-check completed with status 0 (time 4).
[INFO ] 2026-07-04 01:19:43 [com.cadence.softshare.service.LmApi] [shared-license-bridge-recheck-timer] - Recheck started ....
[INFO ] 2026-07-04 01:19:43 [com.cadence.softshare.service.LmApi] [shared-license-bridge-recheck-timer] - Minimum recheck interval has elapsed. Will be doing a real recheck
[INFO ] 2026-07-04 01:19:43 [com.cadence.softshare.service.LmApi] [shared-license-bridge-recheck-timer] - lmiFailureCount = 0
[INFO ] 2026-07-04 01:19:43 [com.cadence.softshare.service.LmApi] [shared-license-bridge-recheck-timer] -   Checking feature Integrated_Metrics_Center
[INFO ] 2026-07-04 01:19:43 [com.cadence.softshare.service.LmApi] [shared-license-bridge-recheck-timer] - 5280@cadence Heartbeat Status for feature Integrated_Metrics_Center with checkout data ACD1645181497 = 0
[INFO ] 2026-07-04 01:19:43 [com.cadence.softshare.service.LmApi] [shared-license-bridge-recheck-timer] - Skipping verify checkout handle as it is disabled
[INFO ] 2026-07-04 01:19:43 [com.cadence.softshare.service.LmApi] [shared-license-bridge-recheck-timer] - Skipping force checkin old handles as it is disabled
[INFO ] 2026-07-04 01:19:43 [com.cadence.softshare.service.LmApi] [shared-license-bridge-recheck-timer] -   Time spent in server Recheck was 2
[INFO ] 2026-07-04 01:19:43 [com.cadence.softshare.service.LmApi] [shared-license-bridge-recheck-timer] - Re-check completed with status 0 (time 4).
[INFO ] 2026-07-04 01:19:43 [com.cadence.softshare.service.LmApi] [shared-license-bridge-recheck-timer] - Recheck started ....
[INFO ] 2026-07-04 01:19:43 [com.cadence.softshare.service.LmApi] [shared-license-bridge-recheck-timer] - Minimum recheck interval has elapsed. Will be doing a real recheck
[INFO ] 2026-07-04 01:19:43 [com.cadence.softshare.service.LmApi] [shared-license-bridge-recheck-timer] - lmiFailureCount = 0
[INFO ] 2026-07-04 01:19:43 [com.cadence.softshare.service.LmApi] [shared-license-bridge-recheck-timer] -   Checking feature Integrated_Metrics_Center
[INFO ] 2026-07-04 01:19:43 [com.cadence.softshare.service.LmApi] [shared-license-bridge-recheck-timer] - 5280@cadence Heartbeat Status for feature Integrated_Metrics_Center with checkout data ACD1645181497 = 0
[INFO ] 2026-07-04 01:19:43 [com.cadence.softshare.service.LmApi] [shared-license-bridge-recheck-timer] - Skipping verify checkout handle as it is disabled
[INFO ] 2026-07-04 01:19:43 [com.cadence.softshare.service.LmApi] [shared-license-bridge-recheck-timer] - Skipping force checkin old handles as it is disabled
[INFO ] 2026-07-04 01:19:43 [com.cadence.softshare.service.LmApi] [shared-license-bridge-recheck-timer] -   Time spent in server Recheck was 1
[INFO ] 2026-07-04 01:19:43 [com.cadence.softshare.service.LmApi] [shared-license-bridge-recheck-timer] - Re-check completed with status 0 (time 2).
[INFO ] 2026-07-04 01:20:48 [com.cadence.softshare.service.LmApi] [Thread-4] - CheckInAll started ....
[INFO ] 2026-07-04 01:20:48 [com.cadence.softshare.service.LmApi] [Thread-4] - Check-in of Integrated_Metrics_Center with count 1 was successful.
[INFO ] 2026-07-04 01:20:48 [com.cadence.softshare.service.LmApi] [Thread-4] - CheckInAll completed (time 2).
[INFO ] 2026-07-04 01:20:48 [com.cadence.softshare.service.LmApi] [Thread-4] - CheckInAll started ....
[INFO ] 2026-07-04 01:20:48 [com.cadence.softshare.service.LmApi] [Thread-4] - Check-in of Integrated_Metrics_Center with count 1 was successful.
[INFO ] 2026-07-04 01:20:48 [com.cadence.softshare.service.LmApi] [Thread-4] - CheckInAll completed (time 4).
[INFO ] 2026-07-04 01:20:48 [com.cadence.softshare.service.LmApi] [Thread-4] - CheckInAll started ....
[INFO ] 2026-07-04 01:20:48 [com.cadence.softshare.service.LmApi] [Thread-4] - CheckInAll started ....
[INFO ] 2026-07-04 01:20:48 [com.cadence.softshare.service.LmApi] [Thread-4] - Check-in of Integrated_Metrics_Center with count 1 was successful.
[INFO ] 2026-07-04 01:20:48 [com.cadence.softshare.service.LmApi] [Thread-4] - CheckInAll completed (time 5).
[INFO ] 2026-07-04 01:20:48 [com.cadence.softshare.service.LmApi] [Thread-4] - CheckInAll started ....
[INFO ] 2026-07-04 01:20:48 [com.cadence.softshare.service.LmApi] [Thread-4] - CheckInAll started ....
[INFO ] 2026-07-04 01:20:48 [com.cadence.softshare.service.LmApi] [Thread-4] - Check-in of Integrated_Metrics_Center with count 1 was successful.
[INFO ] 2026-07-04 01:20:48 [com.cadence.softshare.service.LmApi] [Thread-4] - CheckInAll completed (time 4).
[INFO ] 2026-07-04 01:20:48 [com.cadence.softshare.service.LmApi] [Thread-4] - Check-in of Integrated_Metrics_Center with count 1 was successful.
[INFO ] 2026-07-04 01:20:48 [com.cadence.softshare.service.LmApi] [Thread-4] - CheckInAll completed (time 4).
[INFO ] 2026-07-04 01:20:48 [com.cadence.softshare.service.LmApi] [Thread-4] - Check-in of Integrated_Metrics_Center with count 1 was successful.
[INFO ] 2026-07-04 01:20:48 [com.cadence.softshare.service.LmApi] [Thread-4] - CheckInAll completed (time 7).
[INFO ] 2026-07-09 09:15:30 [com.cadence.softshare.service.LmApi] [shared-license-bridge-recheck-timer] - LmApi Version = SftShrDevJava20.01-p001
[INFO ] 2026-07-09 09:15:30 [com.cadence.softshare.service.LmApi] [shared-license-bridge-recheck-timer] - FlexNet Java Tool-Kit Version = 11.16
[INFO ] 2026-07-09 09:15:30 [com.cadence.softshare.service.LmApi] [shared-license-bridge-recheck-timer] - Begin parsing license server path configuration
[INFO ] 2026-07-09 09:15:30 [com.cadence.softshare.service.LmApi] [shared-license-bridge-recheck-timer] - Successfully parsed license server path configuration. License server path = 5280@cadence
[INFO ] 2026-07-09 09:15:31 [com.cadence.softshare.service.LmApi] [shared-license-bridge-recheck-timer] - Recheck started ....
[INFO ] 2026-07-09 09:15:31 [com.cadence.softshare.service.LmApi] [shared-license-bridge-recheck-timer] - Minimum recheck interval has elapsed. Will be doing a real recheck
[INFO ] 2026-07-09 09:15:31 [com.cadence.softshare.service.LmApi] [shared-license-bridge-recheck-timer] - lmiFailureCount = 0
[INFO ] 2026-07-09 09:15:31 [com.cadence.softshare.service.LmApi] [shared-license-bridge-recheck-timer] -   Time spent in server Recheck was 2
[INFO ] 2026-07-09 09:15:31 [com.cadence.softshare.service.LmApi] [shared-license-bridge-recheck-timer] - Re-check completed with status 0 (time 4).
[INFO ] 2026-07-09 09:15:32 [com.cadence.softshare.service.LmApi] [main] - Check-out (Increment) started ....
[INFO ] 2026-07-09 09:15:32 [com.cadence.softshare.service.LmApi] [main] - Checkout request received for 1 count of Integrated_Metrics_Center 22.0with queue mode = 0
[INFO ] 2026-07-09 09:15:33 [com.cadence.softshare.service.LmApi] [main] - Skipping handle setting for the checkout as it is disabled
[INFO ] 2026-07-09 09:15:33 [com.cadence.softshare.service.LmApi] [main] - Check-out (Increment) completed with status 0 (time 224).
[INFO ] 2026-07-09 09:15:33 [com.cadence.mdv.imc.Main] [main] - Binding debug tools http on port: 37387
[INFO ] 2026-07-09 09:20:31 [com.cadence.softshare.service.LmApi] [shared-license-bridge-recheck-timer] - Recheck started ....
[INFO ] 2026-07-09 09:20:31 [com.cadence.softshare.service.LmApi] [shared-license-bridge-recheck-timer] - Minimum recheck interval has elapsed. Will be doing a real recheck
[INFO ] 2026-07-09 09:20:31 [com.cadence.softshare.service.LmApi] [shared-license-bridge-recheck-timer] - lmiFailureCount = 0
[INFO ] 2026-07-09 09:20:31 [com.cadence.softshare.service.LmApi] [shared-license-bridge-recheck-timer] -   Checking feature Integrated_Metrics_Center
[INFO ] 2026-07-09 09:20:31 [com.cadence.softshare.service.LmApi] [shared-license-bridge-recheck-timer] - 5280@cadence Heartbeat Status for feature Integrated_Metrics_Center with checkout data ACD788790720 = 0
[INFO ] 2026-07-09 09:20:31 [com.cadence.softshare.service.LmApi] [shared-license-bridge-recheck-timer] - Skipping verify checkout handle as it is disabled
[INFO ] 2026-07-09 09:20:31 [com.cadence.softshare.service.LmApi] [shared-license-bridge-recheck-timer] - Skipping force checkin old handles as it is disabled
[INFO ] 2026-07-09 09:20:31 [com.cadence.softshare.service.LmApi] [shared-license-bridge-recheck-timer] -   Time spent in server Recheck was 4
[INFO ] 2026-07-09 09:20:31 [com.cadence.softshare.service.LmApi] [shared-license-bridge-recheck-timer] - Re-check completed with status 0 (time 5).
[INFO ] 2026-07-09 09:22:40 [com.cadence.softshare.service.LmApi] [Thread-4] - CheckInAll started ....
[INFO ] 2026-07-09 09:22:40 [com.cadence.softshare.service.LmApi] [Thread-4] - Check-in of Integrated_Metrics_Center with count 1 was successful.
[INFO ] 2026-07-09 09:22:40 [com.cadence.softshare.service.LmApi] [Thread-4] - CheckInAll completed (time 4).
[INFO ] 2026-07-20 15:44:40 [com.cadence.softshare.service.LmApi] [shared-license-bridge-recheck-timer] - LmApi Version = SftShrDevJava20.01-p001
[INFO ] 2026-07-20 15:44:40 [com.cadence.softshare.service.LmApi] [shared-license-bridge-recheck-timer] - FlexNet Java Tool-Kit Version = 11.16
[INFO ] 2026-07-20 15:44:40 [com.cadence.softshare.service.LmApi] [shared-license-bridge-recheck-timer] - Begin parsing license server path configuration
[INFO ] 2026-07-20 15:44:40 [com.cadence.softshare.service.LmApi] [shared-license-bridge-recheck-timer] - Successfully parsed license server path configuration. License server path = 5280@cadence
[INFO ] 2026-07-20 15:44:40 [com.cadence.softshare.service.LmApi] [shared-license-bridge-recheck-timer] - Recheck started ....
[INFO ] 2026-07-20 15:44:40 [com.cadence.softshare.service.LmApi] [shared-license-bridge-recheck-timer] - Minimum recheck interval has elapsed. Will be doing a real recheck
[INFO ] 2026-07-20 15:44:40 [com.cadence.softshare.service.LmApi] [shared-license-bridge-recheck-timer] - lmiFailureCount = 0
[INFO ] 2026-07-20 15:44:40 [com.cadence.softshare.service.LmApi] [shared-license-bridge-recheck-timer] -   Time spent in server Recheck was 2
[INFO ] 2026-07-20 15:44:40 [com.cadence.softshare.service.LmApi] [shared-license-bridge-recheck-timer] - Re-check completed with status 0 (time 3).
[INFO ] 2026-07-20 15:44:42 [com.cadence.softshare.service.LmApi] [main] - Check-out (Increment) started ....
[INFO ] 2026-07-20 15:44:42 [com.cadence.softshare.service.LmApi] [main] - Checkout request received for 1 count of Integrated_Metrics_Center 22.0with queue mode = 0
[INFO ] 2026-07-20 15:44:42 [com.cadence.softshare.service.LmApi] [main] - Skipping handle setting for the checkout as it is disabled
[INFO ] 2026-07-20 15:44:42 [com.cadence.softshare.service.LmApi] [main] - Check-out (Increment) completed with status 0 (time 227).
[INFO ] 2026-07-20 15:44:42 [com.cadence.mdv.imc.Main] [main] - Binding debug tools http on port: 37443
[INFO ] 2026-07-20 15:49:31 [com.cadence.softshare.service.LmApi] [Thread-4] - CheckInAll started ....
[INFO ] 2026-07-20 15:49:31 [com.cadence.softshare.service.LmApi] [Thread-4] - Check-in of Integrated_Metrics_Center with count 1 was successful.
[INFO ] 2026-07-20 15:49:31 [com.cadence.softshare.service.LmApi] [Thread-4] - CheckInAll completed (time 3).
[INFO ] 2026-07-20 16:03:11 [com.cadence.softshare.service.LmApi] [shared-license-bridge-recheck-timer] - LmApi Version = SftShrDevJava20.01-p001
[INFO ] 2026-07-20 16:03:11 [com.cadence.softshare.service.LmApi] [shared-license-bridge-recheck-timer] - FlexNet Java Tool-Kit Version = 11.16
[INFO ] 2026-07-20 16:03:11 [com.cadence.softshare.service.LmApi] [shared-license-bridge-recheck-timer] - Begin parsing license server path configuration
[INFO ] 2026-07-20 16:03:11 [com.cadence.softshare.service.LmApi] [shared-license-bridge-recheck-timer] - Successfully parsed license server path configuration. License server path = 5280@cadence
[INFO ] 2026-07-20 16:03:12 [com.cadence.softshare.service.LmApi] [shared-license-bridge-recheck-timer] - Recheck started ....
[INFO ] 2026-07-20 16:03:12 [com.cadence.softshare.service.LmApi] [shared-license-bridge-recheck-timer] - Minimum recheck interval has elapsed. Will be doing a real recheck
[INFO ] 2026-07-20 16:03:12 [com.cadence.softshare.service.LmApi] [shared-license-bridge-recheck-timer] - lmiFailureCount = 0
[INFO ] 2026-07-20 16:03:12 [com.cadence.softshare.service.LmApi] [shared-license-bridge-recheck-timer] -   Time spent in server Recheck was 3
[INFO ] 2026-07-20 16:03:12 [com.cadence.softshare.service.LmApi] [shared-license-bridge-recheck-timer] - Re-check completed with status 0 (time 4).
[INFO ] 2026-07-20 16:03:14 [com.cadence.softshare.service.LmApi] [main] - Check-out (Increment) started ....
[INFO ] 2026-07-20 16:03:14 [com.cadence.softshare.service.LmApi] [main] - Checkout request received for 1 count of Integrated_Metrics_Center 22.0with queue mode = 0
[INFO ] 2026-07-20 16:03:14 [com.cadence.softshare.service.LmApi] [main] - Skipping handle setting for the checkout as it is disabled
[INFO ] 2026-07-20 16:03:14 [com.cadence.softshare.service.LmApi] [main] - Check-out (Increment) completed with status 0 (time 267).
[INFO ] 2026-07-20 16:03:14 [com.cadence.mdv.imc.Main] [main] - Binding debug tools http on port: 43487
[INFO ] 2026-07-20 16:03:28 [com.cadence.softshare.service.LmApi] [Thread-4] - CheckInAll started ....
[INFO ] 2026-07-20 16:03:28 [com.cadence.softshare.service.LmApi] [Thread-4] - Check-in of Integrated_Metrics_Center with count 1 was successful.
[INFO ] 2026-07-20 16:03:28 [com.cadence.softshare.service.LmApi] [Thread-4] - CheckInAll completed (time 9).
