============================================================
  Generated by:           Genus(TM) Synthesis Solution 21.18-s082_1
  Generated on:           Jul 11 2026  04:43:27 pm
  Module:                 RISC_V3
  Operating conditions:   ss_1.62_125 
  Interconnect mode:      global
  Area mode:              physical library
============================================================


Path 1: MET (613 ps) Setup Check with Pin PC1/RF_reg[15][30]/CK->D
          Group: C2C
     Startpoint: (R) PC1/IR_reg[30]/CK
          Clock: (R) SYS_CLOCK
       Endpoint: (F) PC1/RF_reg[15][30]/D
          Clock: (R) SYS_CLOCK

                     Capture       Launch     
        Clock Edge:+   10000            0     
       Src Latency:+       0            0     
       Net Latency:+       0 (I)        0 (I) 
           Arrival:=   10000            0     
                                              
             Setup:-     177                  
     Required Time:=    9823                  
      Launch Clock:-       0                  
         Data Path:-    9210                  
             Slack:=     613                  

#-------------------------------------------------------------------------------------------------
#      Timing Point       Flags    Arc   Edge   Cell     Fanout Load Trans Delay Arrival Instance 
#                                                               (fF)  (ps)  (ps)   (ps)  Location 
#-------------------------------------------------------------------------------------------------
  PC1/IR_reg[30]/CK       -       -      R     (arrival)    587    -     0     0       0    (-,-) 
  PC1/IR_reg[30]/Q        -       CK->Q  F     DFFX1          3 12.3   102   491     491    (-,-) 
  PC1/g43941__4733/Y      -       A->Y   R     NOR2X2         2  8.3   130   160     651    (-,-) 
  PC1/g43922__8428/Y      -       B->Y   R     CLKAND2X2      2 16.7   106   224     875    (-,-) 
  PC1/g43628__2883/Y      -       A->Y   F     NAND2X4        7 37.0   132   157    1032    (-,-) 
  PC1/g43363__5115/Y      -       A1->Y  R     OAI21X2        2 14.1   225   235    1267    (-,-) 
  PC1/g43355/Y            -       A->Y   F     INVX2          3 26.4   116   177    1444    (-,-) 
  PC1/g43341__6417/Y      -       A->Y   R     NOR2X4         4 15.7   130   164    1608    (-,-) 
  PC1/g43308/Y            -       A->Y   F     CLKINVX1       1 12.9    92   136    1745    (-,-) 
  PC1/g43266__1881/Y      -       A->Y   R     NOR2X4        10 41.6   262   255    2000    (-,-) 
  PC1/g42958__2883/Y      -       B1->Y  F     AOI22X1        1  4.8   135   177    2177    (-,-) 
  PC1/g42702__4733/Y      -       A->Y   R     NAND2X1        1  7.6   115   150    2327    (-,-) 
  PC1/g42692__1617/Y      -       B->Y   F     NOR2X2         1 12.6    63    99    2426    (-,-) 
  PC1/g42616__5115/Y      -       A->Y   R     NAND2X4        6 25.4    91   106    2532    (-,-) 
  PC1/sub_126_48_g1462/Y  -       B->Y   F     NAND2X1        2 10.8   142   155    2687    (-,-) 
  PC1/sub_126_48_g1335/CO -       CI->CO F     ADDFX1         2 10.3   132   436    3123    (-,-) 
  PC1/sub_126_48_g1334/Y  -       B->Y   R     NAND2X1        1  5.0   101   118    3242    (-,-) 
  PC1/sub_126_48_g1329/Y  -       B->Y   F     NAND2X1        2  7.8   113   135    3377    (-,-) 
  PC1/sub_126_48_g1327/Y  -       B->Y   R     NAND2X1        1  7.8   124   131    3508    (-,-) 
  PC1/sub_126_48_g1326/Y  -       B->Y   F     NAND2X2        3 11.7    93   130    3638    (-,-) 
  PC1/sub_126_48_g1324/Y  -       B->Y   R     NAND2X1        1  5.0    79   101    3739    (-,-) 
  PC1/sub_126_48_g1323/Y  -       B->Y   F     NAND2X1        1  6.7   101   116    3856    (-,-) 
  PC1/sub_126_48_g1318/CO -       CI->CO F     ADDFX1         2  7.8   115   398    4254    (-,-) 
  PC1/sub_126_48_g1317/Y  -       B->Y   R     NAND2X1        1  7.8   121   132    4386    (-,-) 
  PC1/sub_126_48_g1316/Y  -       B->Y   F     NAND2X2        3 11.7    93   129    4515    (-,-) 
  PC1/sub_126_48_g1314/Y  -       C->Y   R     NAND3X1        2  9.0   157   134    4649    (-,-) 
  PC1/sub_126_48_g1310/Y  -       B->Y   F     NOR2X1         1  4.7    98   105    4754    (-,-) 
  PC1/sub_126_48_g1307/Y  -       A0->Y  R     AOI21X1        4 17.2   431   392    5145    (-,-) 
  PC1/sub_126_48_g1301/Y  -       B->Y   F     NOR2X1         2  8.7   137   212    5357    (-,-) 
  PC1/sub_126_48_g1294/Y  -       A0->Y  R     AOI21X1        3 15.8   402   385    5742    (-,-) 
  PC1/sub_126_48_g1289/Y  -       B->Y   F     NOR2X2         3 12.9   115   179    5921    (-,-) 
  PC1/sub_126_48_g1286/Y  -       B->Y   R     NAND2X1        1  7.8   107   132    6053    (-,-) 
  PC1/sub_126_48_g1283/Y  -       B->Y   F     NAND2X2        4 18.3   133   150    6203    (-,-) 
  PC1/sub_126_48_g1274/Y  -       C->Y   R     NAND3X2        1  7.8   121   111    6314    (-,-) 
  PC1/sub_126_48_g1270/Y  -       B->Y   F     NAND2X2        4 17.0   127   152    6466    (-,-) 
  PC1/sub_126_48_g1264/Y  -       B->Y   R     NAND2X1        1  7.8   109   138    6604    (-,-) 
  PC1/sub_126_48_g1263/Y  -       B->Y   F     NAND2X2        2  9.0    86   111    6715    (-,-) 
  PC1/sub_126_48_g1255/Y  -       B->Y   R     NAND2X1        1  7.8   123   119    6834    (-,-) 
  PC1/sub_126_48_g1254/Y  -       B->Y   F     NAND2X2        3 15.9   114   148    6982    (-,-) 
  PC1/sub_126_48_g1251/Y  -       B->Y   R     NAND2X2        1  7.8    99    98    7080    (-,-) 
  PC1/sub_126_48_g1249/Y  -       B->Y   F     NAND2X2        3 15.9   115   136    7217    (-,-) 
  PC1/sub_126_48_g1246/Y  -       B->Y   R     NAND2X2        1  7.8   101    99    7316    (-,-) 
  PC1/sub_126_48_g1245/Y  -       B->Y   F     NAND2X2        3 15.9   115   138    7453    (-,-) 
  PC1/sub_126_48_g1242/Y  -       B->Y   R     NAND2X2        1 13.1   122   121    7574    (-,-) 
  PC1/sub_126_48_g1241/Y  -       B->Y   F     NAND2X4        3 18.7    90   121    7695    (-,-) 
  PC1/sub_126_48_g1239/Y  -       B->Y   R     NAND2X2        1  5.0    76    76    7771    (-,-) 
  PC1/sub_126_48_g1236/Y  -       B0->Y  F     OAI21X1        1  5.0   100   123    7894    (-,-) 
  PC1/g46013/Y            -       B->Y   R     NAND2X1        1  5.0   104   104    7998    (-,-) 
  PC1/g45578__6161/Y      -       B->Y   F     NAND2X1        1  5.0   101   114    8112    (-,-) 
  PC1/g45550__9315/Y      -       B->Y   R     NAND2X1        1  5.0   112   105    8217    (-,-) 
  PC1/g45531__5107/Y      -       C->Y   F     NAND3X1        2  8.8   188   192    8409    (-,-) 
  PC1/g26603/Y            -       A->Y   R     CLKINVX1       1  3.6    89   112    8522    (-,-) 
  PC1/g39894/Y            -       B->Y   R     AND2X2        16 63.2   351   482    9004    (-,-) 
  PC1/g38623/Y            -       A0->Y  F     OAI21X1        1  3.6   108   206    9210    (-,-) 
  PC1/RF_reg[15][30]/D    -       -      F     DFFRX1         1    -     -     0    9210    (-,-) 
#-------------------------------------------------------------------------------------------------



Path 2: MET (613 ps) Setup Check with Pin PC1/RF_reg[14][30]/CK->D
          Group: C2C
     Startpoint: (R) PC1/IR_reg[30]/CK
          Clock: (R) SYS_CLOCK
       Endpoint: (F) PC1/RF_reg[14][30]/D
          Clock: (R) SYS_CLOCK

                     Capture       Launch     
        Clock Edge:+   10000            0     
       Src Latency:+       0            0     
       Net Latency:+       0 (I)        0 (I) 
           Arrival:=   10000            0     
                                              
             Setup:-     177                  
     Required Time:=    9823                  
      Launch Clock:-       0                  
         Data Path:-    9210                  
             Slack:=     613                  

#-------------------------------------------------------------------------------------------------
#      Timing Point       Flags    Arc   Edge   Cell     Fanout Load Trans Delay Arrival Instance 
#                                                               (fF)  (ps)  (ps)   (ps)  Location 
#-------------------------------------------------------------------------------------------------
  PC1/IR_reg[30]/CK       -       -      R     (arrival)    587    -     0     0       0    (-,-) 
  PC1/IR_reg[30]/Q        -       CK->Q  F     DFFX1          3 12.3   102   491     491    (-,-) 
  PC1/g43941__4733/Y      -       A->Y   R     NOR2X2         2  8.3   130   160     651    (-,-) 
  PC1/g43922__8428/Y      -       B->Y   R     CLKAND2X2      2 16.7   106   224     875    (-,-) 
  PC1/g43628__2883/Y      -       A->Y   F     NAND2X4        7 37.0   132   157    1032    (-,-) 
  PC1/g43363__5115/Y      -       A1->Y  R     OAI21X2        2 14.1   225   235    1267    (-,-) 
  PC1/g43355/Y            -       A->Y   F     INVX2          3 26.4   116   177    1444    (-,-) 
  PC1/g43341__6417/Y      -       A->Y   R     NOR2X4         4 15.7   130   164    1608    (-,-) 
  PC1/g43308/Y            -       A->Y   F     CLKINVX1       1 12.9    92   136    1745    (-,-) 
  PC1/g43266__1881/Y      -       A->Y   R     NOR2X4        10 41.6   262   255    2000    (-,-) 
  PC1/g42958__2883/Y      -       B1->Y  F     AOI22X1        1  4.8   135   177    2177    (-,-) 
  PC1/g42702__4733/Y      -       A->Y   R     NAND2X1        1  7.6   115   150    2327    (-,-) 
  PC1/g42692__1617/Y      -       B->Y   F     NOR2X2         1 12.6    63    99    2426    (-,-) 
  PC1/g42616__5115/Y      -       A->Y   R     NAND2X4        6 25.4    91   106    2532    (-,-) 
  PC1/sub_126_48_g1462/Y  -       B->Y   F     NAND2X1        2 10.8   142   155    2687    (-,-) 
  PC1/sub_126_48_g1335/CO -       CI->CO F     ADDFX1         2 10.3   132   436    3123    (-,-) 
  PC1/sub_126_48_g1334/Y  -       B->Y   R     NAND2X1        1  5.0   101   118    3242    (-,-) 
  PC1/sub_126_48_g1329/Y  -       B->Y   F     NAND2X1        2  7.8   113   135    3377    (-,-) 
  PC1/sub_126_48_g1327/Y  -       B->Y   R     NAND2X1        1  7.8   124   131    3508    (-,-) 
  PC1/sub_126_48_g1326/Y  -       B->Y   F     NAND2X2        3 11.7    93   130    3638    (-,-) 
  PC1/sub_126_48_g1324/Y  -       B->Y   R     NAND2X1        1  5.0    79   101    3739    (-,-) 
  PC1/sub_126_48_g1323/Y  -       B->Y   F     NAND2X1        1  6.7   101   116    3856    (-,-) 
  PC1/sub_126_48_g1318/CO -       CI->CO F     ADDFX1         2  7.8   115   398    4254    (-,-) 
  PC1/sub_126_48_g1317/Y  -       B->Y   R     NAND2X1        1  7.8   121   132    4386    (-,-) 
  PC1/sub_126_48_g1316/Y  -       B->Y   F     NAND2X2        3 11.7    93   129    4515    (-,-) 
  PC1/sub_126_48_g1314/Y  -       C->Y   R     NAND3X1        2  9.0   157   134    4649    (-,-) 
  PC1/sub_126_48_g1310/Y  -       B->Y   F     NOR2X1         1  4.7    98   105    4754    (-,-) 
  PC1/sub_126_48_g1307/Y  -       A0->Y  R     AOI21X1        4 17.2   431   392    5145    (-,-) 
  PC1/sub_126_48_g1301/Y  -       B->Y   F     NOR2X1         2  8.7   137   212    5357    (-,-) 
  PC1/sub_126_48_g1294/Y  -       A0->Y  R     AOI21X1        3 15.8   402   385    5742    (-,-) 
  PC1/sub_126_48_g1289/Y  -       B->Y   F     NOR2X2         3 12.9   115   179    5921    (-,-) 
  PC1/sub_126_48_g1286/Y  -       B->Y   R     NAND2X1        1  7.8   107   132    6053    (-,-) 
  PC1/sub_126_48_g1283/Y  -       B->Y   F     NAND2X2        4 18.3   133   150    6203    (-,-) 
  PC1/sub_126_48_g1274/Y  -       C->Y   R     NAND3X2        1  7.8   121   111    6314    (-,-) 
  PC1/sub_126_48_g1270/Y  -       B->Y   F     NAND2X2        4 17.0   127   152    6466    (-,-) 
  PC1/sub_126_48_g1264/Y  -       B->Y   R     NAND2X1        1  7.8   109   138    6604    (-,-) 
  PC1/sub_126_48_g1263/Y  -       B->Y   F     NAND2X2        2  9.0    86   111    6715    (-,-) 
  PC1/sub_126_48_g1255/Y  -       B->Y   R     NAND2X1        1  7.8   123   119    6834    (-,-) 
  PC1/sub_126_48_g1254/Y  -       B->Y   F     NAND2X2        3 15.9   114   148    6982    (-,-) 
  PC1/sub_126_48_g1251/Y  -       B->Y   R     NAND2X2        1  7.8    99    98    7080    (-,-) 
  PC1/sub_126_48_g1249/Y  -       B->Y   F     NAND2X2        3 15.9   115   136    7217    (-,-) 
  PC1/sub_126_48_g1246/Y  -       B->Y   R     NAND2X2        1  7.8   101    99    7316    (-,-) 
  PC1/sub_126_48_g1245/Y  -       B->Y   F     NAND2X2        3 15.9   115   138    7453    (-,-) 
  PC1/sub_126_48_g1242/Y  -       B->Y   R     NAND2X2        1 13.1   122   121    7574    (-,-) 
  PC1/sub_126_48_g1241/Y  -       B->Y   F     NAND2X4        3 18.7    90   121    7695    (-,-) 
  PC1/sub_126_48_g1239/Y  -       B->Y   R     NAND2X2        1  5.0    76    76    7771    (-,-) 
  PC1/sub_126_48_g1236/Y  -       B0->Y  F     OAI21X1        1  5.0   100   123    7894    (-,-) 
  PC1/g46013/Y            -       B->Y   R     NAND2X1        1  5.0   104   104    7998    (-,-) 
  PC1/g45578__6161/Y      -       B->Y   F     NAND2X1        1  5.0   101   114    8112    (-,-) 
  PC1/g45550__9315/Y      -       B->Y   R     NAND2X1        1  5.0   112   105    8217    (-,-) 
  PC1/g45531__5107/Y      -       C->Y   F     NAND3X1        2  8.8   188   192    8409    (-,-) 
  PC1/g26603/Y            -       A->Y   R     CLKINVX1       1  3.6    89   112    8522    (-,-) 
  PC1/g39894/Y            -       B->Y   R     AND2X2        16 63.2   351   482    9004    (-,-) 
  PC1/g38621/Y            -       A0->Y  F     OAI21X1        1  3.6   108   206    9210    (-,-) 
  PC1/RF_reg[14][30]/D    -       -      F     DFFRX1         1    -     -     0    9210    (-,-) 
#-------------------------------------------------------------------------------------------------



Path 3: MET (613 ps) Setup Check with Pin PC1/RF_reg[13][30]/CK->D
          Group: C2C
     Startpoint: (R) PC1/IR_reg[30]/CK
          Clock: (R) SYS_CLOCK
       Endpoint: (F) PC1/RF_reg[13][30]/D
          Clock: (R) SYS_CLOCK

                     Capture       Launch     
        Clock Edge:+   10000            0     
       Src Latency:+       0            0     
       Net Latency:+       0 (I)        0 (I) 
           Arrival:=   10000            0     
                                              
             Setup:-     177                  
     Required Time:=    9823                  
      Launch Clock:-       0                  
         Data Path:-    9210                  
             Slack:=     613                  

#-------------------------------------------------------------------------------------------------
#      Timing Point       Flags    Arc   Edge   Cell     Fanout Load Trans Delay Arrival Instance 
#                                                               (fF)  (ps)  (ps)   (ps)  Location 
#-------------------------------------------------------------------------------------------------
  PC1/IR_reg[30]/CK       -       -      R     (arrival)    587    -     0     0       0    (-,-) 
  PC1/IR_reg[30]/Q        -       CK->Q  F     DFFX1          3 12.3   102   491     491    (-,-) 
  PC1/g43941__4733/Y      -       A->Y   R     NOR2X2         2  8.3   130   160     651    (-,-) 
  PC1/g43922__8428/Y      -       B->Y   R     CLKAND2X2      2 16.7   106   224     875    (-,-) 
  PC1/g43628__2883/Y      -       A->Y   F     NAND2X4        7 37.0   132   157    1032    (-,-) 
  PC1/g43363__5115/Y      -       A1->Y  R     OAI21X2        2 14.1   225   235    1267    (-,-) 
  PC1/g43355/Y            -       A->Y   F     INVX2          3 26.4   116   177    1444    (-,-) 
  PC1/g43341__6417/Y      -       A->Y   R     NOR2X4         4 15.7   130   164    1608    (-,-) 
  PC1/g43308/Y            -       A->Y   F     CLKINVX1       1 12.9    92   136    1745    (-,-) 
  PC1/g43266__1881/Y      -       A->Y   R     NOR2X4        10 41.6   262   255    2000    (-,-) 
  PC1/g42958__2883/Y      -       B1->Y  F     AOI22X1        1  4.8   135   177    2177    (-,-) 
  PC1/g42702__4733/Y      -       A->Y   R     NAND2X1        1  7.6   115   150    2327    (-,-) 
  PC1/g42692__1617/Y      -       B->Y   F     NOR2X2         1 12.6    63    99    2426    (-,-) 
  PC1/g42616__5115/Y      -       A->Y   R     NAND2X4        6 25.4    91   106    2532    (-,-) 
  PC1/sub_126_48_g1462/Y  -       B->Y   F     NAND2X1        2 10.8   142   155    2687    (-,-) 
  PC1/sub_126_48_g1335/CO -       CI->CO F     ADDFX1         2 10.3   132   436    3123    (-,-) 
  PC1/sub_126_48_g1334/Y  -       B->Y   R     NAND2X1        1  5.0   101   118    3242    (-,-) 
  PC1/sub_126_48_g1329/Y  -       B->Y   F     NAND2X1        2  7.8   113   135    3377    (-,-) 
  PC1/sub_126_48_g1327/Y  -       B->Y   R     NAND2X1        1  7.8   124   131    3508    (-,-) 
  PC1/sub_126_48_g1326/Y  -       B->Y   F     NAND2X2        3 11.7    93   130    3638    (-,-) 
  PC1/sub_126_48_g1324/Y  -       B->Y   R     NAND2X1        1  5.0    79   101    3739    (-,-) 
  PC1/sub_126_48_g1323/Y  -       B->Y   F     NAND2X1        1  6.7   101   116    3856    (-,-) 
  PC1/sub_126_48_g1318/CO -       CI->CO F     ADDFX1         2  7.8   115   398    4254    (-,-) 
  PC1/sub_126_48_g1317/Y  -       B->Y   R     NAND2X1        1  7.8   121   132    4386    (-,-) 
  PC1/sub_126_48_g1316/Y  -       B->Y   F     NAND2X2        3 11.7    93   129    4515    (-,-) 
  PC1/sub_126_48_g1314/Y  -       C->Y   R     NAND3X1        2  9.0   157   134    4649    (-,-) 
  PC1/sub_126_48_g1310/Y  -       B->Y   F     NOR2X1         1  4.7    98   105    4754    (-,-) 
  PC1/sub_126_48_g1307/Y  -       A0->Y  R     AOI21X1        4 17.2   431   392    5145    (-,-) 
  PC1/sub_126_48_g1301/Y  -       B->Y   F     NOR2X1         2  8.7   137   212    5357    (-,-) 
  PC1/sub_126_48_g1294/Y  -       A0->Y  R     AOI21X1        3 15.8   402   385    5742    (-,-) 
  PC1/sub_126_48_g1289/Y  -       B->Y   F     NOR2X2         3 12.9   115   179    5921    (-,-) 
  PC1/sub_126_48_g1286/Y  -       B->Y   R     NAND2X1        1  7.8   107   132    6053    (-,-) 
  PC1/sub_126_48_g1283/Y  -       B->Y   F     NAND2X2        4 18.3   133   150    6203    (-,-) 
  PC1/sub_126_48_g1274/Y  -       C->Y   R     NAND3X2        1  7.8   121   111    6314    (-,-) 
  PC1/sub_126_48_g1270/Y  -       B->Y   F     NAND2X2        4 17.0   127   152    6466    (-,-) 
  PC1/sub_126_48_g1264/Y  -       B->Y   R     NAND2X1        1  7.8   109   138    6604    (-,-) 
  PC1/sub_126_48_g1263/Y  -       B->Y   F     NAND2X2        2  9.0    86   111    6715    (-,-) 
  PC1/sub_126_48_g1255/Y  -       B->Y   R     NAND2X1        1  7.8   123   119    6834    (-,-) 
  PC1/sub_126_48_g1254/Y  -       B->Y   F     NAND2X2        3 15.9   114   148    6982    (-,-) 
  PC1/sub_126_48_g1251/Y  -       B->Y   R     NAND2X2        1  7.8    99    98    7080    (-,-) 
  PC1/sub_126_48_g1249/Y  -       B->Y   F     NAND2X2        3 15.9   115   136    7217    (-,-) 
  PC1/sub_126_48_g1246/Y  -       B->Y   R     NAND2X2        1  7.8   101    99    7316    (-,-) 
  PC1/sub_126_48_g1245/Y  -       B->Y   F     NAND2X2        3 15.9   115   138    7453    (-,-) 
  PC1/sub_126_48_g1242/Y  -       B->Y   R     NAND2X2        1 13.1   122   121    7574    (-,-) 
  PC1/sub_126_48_g1241/Y  -       B->Y   F     NAND2X4        3 18.7    90   121    7695    (-,-) 
  PC1/sub_126_48_g1239/Y  -       B->Y   R     NAND2X2        1  5.0    76    76    7771    (-,-) 
  PC1/sub_126_48_g1236/Y  -       B0->Y  F     OAI21X1        1  5.0   100   123    7894    (-,-) 
  PC1/g46013/Y            -       B->Y   R     NAND2X1        1  5.0   104   104    7998    (-,-) 
  PC1/g45578__6161/Y      -       B->Y   F     NAND2X1        1  5.0   101   114    8112    (-,-) 
  PC1/g45550__9315/Y      -       B->Y   R     NAND2X1        1  5.0   112   105    8217    (-,-) 
  PC1/g45531__5107/Y      -       C->Y   F     NAND3X1        2  8.8   188   192    8409    (-,-) 
  PC1/g26603/Y            -       A->Y   R     CLKINVX1       1  3.6    89   112    8522    (-,-) 
  PC1/g39894/Y            -       B->Y   R     AND2X2        16 63.2   351   482    9004    (-,-) 
  PC1/g38583/Y            -       A0->Y  F     OAI21X1        1  3.6   108   206    9210    (-,-) 
  PC1/RF_reg[13][30]/D    -       -      F     DFFRX1         1    -     -     0    9210    (-,-) 
#-------------------------------------------------------------------------------------------------



Path 4: MET (613 ps) Setup Check with Pin PC1/RF_reg[12][30]/CK->D
          Group: C2C
     Startpoint: (R) PC1/IR_reg[30]/CK
          Clock: (R) SYS_CLOCK
       Endpoint: (F) PC1/RF_reg[12][30]/D
          Clock: (R) SYS_CLOCK

                     Capture       Launch     
        Clock Edge:+   10000            0     
       Src Latency:+       0            0     
       Net Latency:+       0 (I)        0 (I) 
           Arrival:=   10000            0     
                                              
             Setup:-     177                  
     Required Time:=    9823                  
      Launch Clock:-       0                  
         Data Path:-    9210                  
             Slack:=     613                  

#-------------------------------------------------------------------------------------------------
#      Timing Point       Flags    Arc   Edge   Cell     Fanout Load Trans Delay Arrival Instance 
#                                                               (fF)  (ps)  (ps)   (ps)  Location 
#-------------------------------------------------------------------------------------------------
  PC1/IR_reg[30]/CK       -       -      R     (arrival)    587    -     0     0       0    (-,-) 
  PC1/IR_reg[30]/Q        -       CK->Q  F     DFFX1          3 12.3   102   491     491    (-,-) 
  PC1/g43941__4733/Y      -       A->Y   R     NOR2X2         2  8.3   130   160     651    (-,-) 
  PC1/g43922__8428/Y      -       B->Y   R     CLKAND2X2      2 16.7   106   224     875    (-,-) 
  PC1/g43628__2883/Y      -       A->Y   F     NAND2X4        7 37.0   132   157    1032    (-,-) 
  PC1/g43363__5115/Y      -       A1->Y  R     OAI21X2        2 14.1   225   235    1267    (-,-) 
  PC1/g43355/Y            -       A->Y   F     INVX2          3 26.4   116   177    1444    (-,-) 
  PC1/g43341__6417/Y      -       A->Y   R     NOR2X4         4 15.7   130   164    1608    (-,-) 
  PC1/g43308/Y            -       A->Y   F     CLKINVX1       1 12.9    92   136    1745    (-,-) 
  PC1/g43266__1881/Y      -       A->Y   R     NOR2X4        10 41.6   262   255    2000    (-,-) 
  PC1/g42958__2883/Y      -       B1->Y  F     AOI22X1        1  4.8   135   177    2177    (-,-) 
  PC1/g42702__4733/Y      -       A->Y   R     NAND2X1        1  7.6   115   150    2327    (-,-) 
  PC1/g42692__1617/Y      -       B->Y   F     NOR2X2         1 12.6    63    99    2426    (-,-) 
  PC1/g42616__5115/Y      -       A->Y   R     NAND2X4        6 25.4    91   106    2532    (-,-) 
  PC1/sub_126_48_g1462/Y  -       B->Y   F     NAND2X1        2 10.8   142   155    2687    (-,-) 
  PC1/sub_126_48_g1335/CO -       CI->CO F     ADDFX1         2 10.3   132   436    3123    (-,-) 
  PC1/sub_126_48_g1334/Y  -       B->Y   R     NAND2X1        1  5.0   101   118    3242    (-,-) 
  PC1/sub_126_48_g1329/Y  -       B->Y   F     NAND2X1        2  7.8   113   135    3377    (-,-) 
  PC1/sub_126_48_g1327/Y  -       B->Y   R     NAND2X1        1  7.8   124   131    3508    (-,-) 
  PC1/sub_126_48_g1326/Y  -       B->Y   F     NAND2X2        3 11.7    93   130    3638    (-,-) 
  PC1/sub_126_48_g1324/Y  -       B->Y   R     NAND2X1        1  5.0    79   101    3739    (-,-) 
  PC1/sub_126_48_g1323/Y  -       B->Y   F     NAND2X1        1  6.7   101   116    3856    (-,-) 
  PC1/sub_126_48_g1318/CO -       CI->CO F     ADDFX1         2  7.8   115   398    4254    (-,-) 
  PC1/sub_126_48_g1317/Y  -       B->Y   R     NAND2X1        1  7.8   121   132    4386    (-,-) 
  PC1/sub_126_48_g1316/Y  -       B->Y   F     NAND2X2        3 11.7    93   129    4515    (-,-) 
  PC1/sub_126_48_g1314/Y  -       C->Y   R     NAND3X1        2  9.0   157   134    4649    (-,-) 
  PC1/sub_126_48_g1310/Y  -       B->Y   F     NOR2X1         1  4.7    98   105    4754    (-,-) 
  PC1/sub_126_48_g1307/Y  -       A0->Y  R     AOI21X1        4 17.2   431   392    5145    (-,-) 
  PC1/sub_126_48_g1301/Y  -       B->Y   F     NOR2X1         2  8.7   137   212    5357    (-,-) 
  PC1/sub_126_48_g1294/Y  -       A0->Y  R     AOI21X1        3 15.8   402   385    5742    (-,-) 
  PC1/sub_126_48_g1289/Y  -       B->Y   F     NOR2X2         3 12.9   115   179    5921    (-,-) 
  PC1/sub_126_48_g1286/Y  -       B->Y   R     NAND2X1        1  7.8   107   132    6053    (-,-) 
  PC1/sub_126_48_g1283/Y  -       B->Y   F     NAND2X2        4 18.3   133   150    6203    (-,-) 
  PC1/sub_126_48_g1274/Y  -       C->Y   R     NAND3X2        1  7.8   121   111    6314    (-,-) 
  PC1/sub_126_48_g1270/Y  -       B->Y   F     NAND2X2        4 17.0   127   152    6466    (-,-) 
  PC1/sub_126_48_g1264/Y  -       B->Y   R     NAND2X1        1  7.8   109   138    6604    (-,-) 
  PC1/sub_126_48_g1263/Y  -       B->Y   F     NAND2X2        2  9.0    86   111    6715    (-,-) 
  PC1/sub_126_48_g1255/Y  -       B->Y   R     NAND2X1        1  7.8   123   119    6834    (-,-) 
  PC1/sub_126_48_g1254/Y  -       B->Y   F     NAND2X2        3 15.9   114   148    6982    (-,-) 
  PC1/sub_126_48_g1251/Y  -       B->Y   R     NAND2X2        1  7.8    99    98    7080    (-,-) 
  PC1/sub_126_48_g1249/Y  -       B->Y   F     NAND2X2        3 15.9   115   136    7217    (-,-) 
  PC1/sub_126_48_g1246/Y  -       B->Y   R     NAND2X2        1  7.8   101    99    7316    (-,-) 
  PC1/sub_126_48_g1245/Y  -       B->Y   F     NAND2X2        3 15.9   115   138    7453    (-,-) 
  PC1/sub_126_48_g1242/Y  -       B->Y   R     NAND2X2        1 13.1   122   121    7574    (-,-) 
  PC1/sub_126_48_g1241/Y  -       B->Y   F     NAND2X4        3 18.7    90   121    7695    (-,-) 
  PC1/sub_126_48_g1239/Y  -       B->Y   R     NAND2X2        1  5.0    76    76    7771    (-,-) 
  PC1/sub_126_48_g1236/Y  -       B0->Y  F     OAI21X1        1  5.0   100   123    7894    (-,-) 
  PC1/g46013/Y            -       B->Y   R     NAND2X1        1  5.0   104   104    7998    (-,-) 
  PC1/g45578__6161/Y      -       B->Y   F     NAND2X1        1  5.0   101   114    8112    (-,-) 
  PC1/g45550__9315/Y      -       B->Y   R     NAND2X1        1  5.0   112   105    8217    (-,-) 
  PC1/g45531__5107/Y      -       C->Y   F     NAND3X1        2  8.8   188   192    8409    (-,-) 
  PC1/g26603/Y            -       A->Y   R     CLKINVX1       1  3.6    89   112    8522    (-,-) 
  PC1/g39894/Y            -       B->Y   R     AND2X2        16 63.2   351   482    9004    (-,-) 
  PC1/g38582/Y            -       A0->Y  F     OAI21X1        1  3.6   108   206    9210    (-,-) 
  PC1/RF_reg[12][30]/D    -       -      F     DFFRX1         1    -     -     0    9210    (-,-) 
#-------------------------------------------------------------------------------------------------



Path 5: MET (613 ps) Setup Check with Pin PC1/RF_reg[11][30]/CK->D
          Group: C2C
     Startpoint: (R) PC1/IR_reg[30]/CK
          Clock: (R) SYS_CLOCK
       Endpoint: (F) PC1/RF_reg[11][30]/D
          Clock: (R) SYS_CLOCK

                     Capture       Launch     
        Clock Edge:+   10000            0     
       Src Latency:+       0            0     
       Net Latency:+       0 (I)        0 (I) 
           Arrival:=   10000            0     
                                              
             Setup:-     177                  
     Required Time:=    9823                  
      Launch Clock:-       0                  
         Data Path:-    9210                  
             Slack:=     613                  

#-------------------------------------------------------------------------------------------------
#      Timing Point       Flags    Arc   Edge   Cell     Fanout Load Trans Delay Arrival Instance 
#                                                               (fF)  (ps)  (ps)   (ps)  Location 
#-------------------------------------------------------------------------------------------------
  PC1/IR_reg[30]/CK       -       -      R     (arrival)    587    -     0     0       0    (-,-) 
  PC1/IR_reg[30]/Q        -       CK->Q  F     DFFX1          3 12.3   102   491     491    (-,-) 
  PC1/g43941__4733/Y      -       A->Y   R     NOR2X2         2  8.3   130   160     651    (-,-) 
  PC1/g43922__8428/Y      -       B->Y   R     CLKAND2X2      2 16.7   106   224     875    (-,-) 
  PC1/g43628__2883/Y      -       A->Y   F     NAND2X4        7 37.0   132   157    1032    (-,-) 
  PC1/g43363__5115/Y      -       A1->Y  R     OAI21X2        2 14.1   225   235    1267    (-,-) 
  PC1/g43355/Y            -       A->Y   F     INVX2          3 26.4   116   177    1444    (-,-) 
  PC1/g43341__6417/Y      -       A->Y   R     NOR2X4         4 15.7   130   164    1608    (-,-) 
  PC1/g43308/Y            -       A->Y   F     CLKINVX1       1 12.9    92   136    1745    (-,-) 
  PC1/g43266__1881/Y      -       A->Y   R     NOR2X4        10 41.6   262   255    2000    (-,-) 
  PC1/g42958__2883/Y      -       B1->Y  F     AOI22X1        1  4.8   135   177    2177    (-,-) 
  PC1/g42702__4733/Y      -       A->Y   R     NAND2X1        1  7.6   115   150    2327    (-,-) 
  PC1/g42692__1617/Y      -       B->Y   F     NOR2X2         1 12.6    63    99    2426    (-,-) 
  PC1/g42616__5115/Y      -       A->Y   R     NAND2X4        6 25.4    91   106    2532    (-,-) 
  PC1/sub_126_48_g1462/Y  -       B->Y   F     NAND2X1        2 10.8   142   155    2687    (-,-) 
  PC1/sub_126_48_g1335/CO -       CI->CO F     ADDFX1         2 10.3   132   436    3123    (-,-) 
  PC1/sub_126_48_g1334/Y  -       B->Y   R     NAND2X1        1  5.0   101   118    3242    (-,-) 
  PC1/sub_126_48_g1329/Y  -       B->Y   F     NAND2X1        2  7.8   113   135    3377    (-,-) 
  PC1/sub_126_48_g1327/Y  -       B->Y   R     NAND2X1        1  7.8   124   131    3508    (-,-) 
  PC1/sub_126_48_g1326/Y  -       B->Y   F     NAND2X2        3 11.7    93   130    3638    (-,-) 
  PC1/sub_126_48_g1324/Y  -       B->Y   R     NAND2X1        1  5.0    79   101    3739    (-,-) 
  PC1/sub_126_48_g1323/Y  -       B->Y   F     NAND2X1        1  6.7   101   116    3856    (-,-) 
  PC1/sub_126_48_g1318/CO -       CI->CO F     ADDFX1         2  7.8   115   398    4254    (-,-) 
  PC1/sub_126_48_g1317/Y  -       B->Y   R     NAND2X1        1  7.8   121   132    4386    (-,-) 
  PC1/sub_126_48_g1316/Y  -       B->Y   F     NAND2X2        3 11.7    93   129    4515    (-,-) 
  PC1/sub_126_48_g1314/Y  -       C->Y   R     NAND3X1        2  9.0   157   134    4649    (-,-) 
  PC1/sub_126_48_g1310/Y  -       B->Y   F     NOR2X1         1  4.7    98   105    4754    (-,-) 
  PC1/sub_126_48_g1307/Y  -       A0->Y  R     AOI21X1        4 17.2   431   392    5145    (-,-) 
  PC1/sub_126_48_g1301/Y  -       B->Y   F     NOR2X1         2  8.7   137   212    5357    (-,-) 
  PC1/sub_126_48_g1294/Y  -       A0->Y  R     AOI21X1        3 15.8   402   385    5742    (-,-) 
  PC1/sub_126_48_g1289/Y  -       B->Y   F     NOR2X2         3 12.9   115   179    5921    (-,-) 
  PC1/sub_126_48_g1286/Y  -       B->Y   R     NAND2X1        1  7.8   107   132    6053    (-,-) 
  PC1/sub_126_48_g1283/Y  -       B->Y   F     NAND2X2        4 18.3   133   150    6203    (-,-) 
  PC1/sub_126_48_g1274/Y  -       C->Y   R     NAND3X2        1  7.8   121   111    6314    (-,-) 
  PC1/sub_126_48_g1270/Y  -       B->Y   F     NAND2X2        4 17.0   127   152    6466    (-,-) 
  PC1/sub_126_48_g1264/Y  -       B->Y   R     NAND2X1        1  7.8   109   138    6604    (-,-) 
  PC1/sub_126_48_g1263/Y  -       B->Y   F     NAND2X2        2  9.0    86   111    6715    (-,-) 
  PC1/sub_126_48_g1255/Y  -       B->Y   R     NAND2X1        1  7.8   123   119    6834    (-,-) 
  PC1/sub_126_48_g1254/Y  -       B->Y   F     NAND2X2        3 15.9   114   148    6982    (-,-) 
  PC1/sub_126_48_g1251/Y  -       B->Y   R     NAND2X2        1  7.8    99    98    7080    (-,-) 
  PC1/sub_126_48_g1249/Y  -       B->Y   F     NAND2X2        3 15.9   115   136    7217    (-,-) 
  PC1/sub_126_48_g1246/Y  -       B->Y   R     NAND2X2        1  7.8   101    99    7316    (-,-) 
  PC1/sub_126_48_g1245/Y  -       B->Y   F     NAND2X2        3 15.9   115   138    7453    (-,-) 
  PC1/sub_126_48_g1242/Y  -       B->Y   R     NAND2X2        1 13.1   122   121    7574    (-,-) 
  PC1/sub_126_48_g1241/Y  -       B->Y   F     NAND2X4        3 18.7    90   121    7695    (-,-) 
  PC1/sub_126_48_g1239/Y  -       B->Y   R     NAND2X2        1  5.0    76    76    7771    (-,-) 
  PC1/sub_126_48_g1236/Y  -       B0->Y  F     OAI21X1        1  5.0   100   123    7894    (-,-) 
  PC1/g46013/Y            -       B->Y   R     NAND2X1        1  5.0   104   104    7998    (-,-) 
  PC1/g45578__6161/Y      -       B->Y   F     NAND2X1        1  5.0   101   114    8112    (-,-) 
  PC1/g45550__9315/Y      -       B->Y   R     NAND2X1        1  5.0   112   105    8217    (-,-) 
  PC1/g45531__5107/Y      -       C->Y   F     NAND3X1        2  8.8   188   192    8409    (-,-) 
  PC1/g26603/Y            -       A->Y   R     CLKINVX1       1  3.6    89   112    8522    (-,-) 
  PC1/g39894/Y            -       B->Y   R     AND2X2        16 63.2   351   482    9004    (-,-) 
  PC1/g38619/Y            -       A0->Y  F     OAI21X1        1  3.6   108   206    9210    (-,-) 
  PC1/RF_reg[11][30]/D    -       -      F     DFFRX1         1    -     -     0    9210    (-,-) 
#-------------------------------------------------------------------------------------------------



Path 6: MET (613 ps) Setup Check with Pin PC1/RF_reg[10][30]/CK->D
          Group: C2C
     Startpoint: (R) PC1/IR_reg[30]/CK
          Clock: (R) SYS_CLOCK
       Endpoint: (F) PC1/RF_reg[10][30]/D
          Clock: (R) SYS_CLOCK

                     Capture       Launch     
        Clock Edge:+   10000            0     
       Src Latency:+       0            0     
       Net Latency:+       0 (I)        0 (I) 
           Arrival:=   10000            0     
                                              
             Setup:-     177                  
     Required Time:=    9823                  
      Launch Clock:-       0                  
         Data Path:-    9210                  
             Slack:=     613                  

#-------------------------------------------------------------------------------------------------
#      Timing Point       Flags    Arc   Edge   Cell     Fanout Load Trans Delay Arrival Instance 
#                                                               (fF)  (ps)  (ps)   (ps)  Location 
#-------------------------------------------------------------------------------------------------
  PC1/IR_reg[30]/CK       -       -      R     (arrival)    587    -     0     0       0    (-,-) 
  PC1/IR_reg[30]/Q        -       CK->Q  F     DFFX1          3 12.3   102   491     491    (-,-) 
  PC1/g43941__4733/Y      -       A->Y   R     NOR2X2         2  8.3   130   160     651    (-,-) 
  PC1/g43922__8428/Y      -       B->Y   R     CLKAND2X2      2 16.7   106   224     875    (-,-) 
  PC1/g43628__2883/Y      -       A->Y   F     NAND2X4        7 37.0   132   157    1032    (-,-) 
  PC1/g43363__5115/Y      -       A1->Y  R     OAI21X2        2 14.1   225   235    1267    (-,-) 
  PC1/g43355/Y            -       A->Y   F     INVX2          3 26.4   116   177    1444    (-,-) 
  PC1/g43341__6417/Y      -       A->Y   R     NOR2X4         4 15.7   130   164    1608    (-,-) 
  PC1/g43308/Y            -       A->Y   F     CLKINVX1       1 12.9    92   136    1745    (-,-) 
  PC1/g43266__1881/Y      -       A->Y   R     NOR2X4        10 41.6   262   255    2000    (-,-) 
  PC1/g42958__2883/Y      -       B1->Y  F     AOI22X1        1  4.8   135   177    2177    (-,-) 
  PC1/g42702__4733/Y      -       A->Y   R     NAND2X1        1  7.6   115   150    2327    (-,-) 
  PC1/g42692__1617/Y      -       B->Y   F     NOR2X2         1 12.6    63    99    2426    (-,-) 
  PC1/g42616__5115/Y      -       A->Y   R     NAND2X4        6 25.4    91   106    2532    (-,-) 
  PC1/sub_126_48_g1462/Y  -       B->Y   F     NAND2X1        2 10.8   142   155    2687    (-,-) 
  PC1/sub_126_48_g1335/CO -       CI->CO F     ADDFX1         2 10.3   132   436    3123    (-,-) 
  PC1/sub_126_48_g1334/Y  -       B->Y   R     NAND2X1        1  5.0   101   118    3242    (-,-) 
  PC1/sub_126_48_g1329/Y  -       B->Y   F     NAND2X1        2  7.8   113   135    3377    (-,-) 
  PC1/sub_126_48_g1327/Y  -       B->Y   R     NAND2X1        1  7.8   124   131    3508    (-,-) 
  PC1/sub_126_48_g1326/Y  -       B->Y   F     NAND2X2        3 11.7    93   130    3638    (-,-) 
  PC1/sub_126_48_g1324/Y  -       B->Y   R     NAND2X1        1  5.0    79   101    3739    (-,-) 
  PC1/sub_126_48_g1323/Y  -       B->Y   F     NAND2X1        1  6.7   101   116    3856    (-,-) 
  PC1/sub_126_48_g1318/CO -       CI->CO F     ADDFX1         2  7.8   115   398    4254    (-,-) 
  PC1/sub_126_48_g1317/Y  -       B->Y   R     NAND2X1        1  7.8   121   132    4386    (-,-) 
  PC1/sub_126_48_g1316/Y  -       B->Y   F     NAND2X2        3 11.7    93   129    4515    (-,-) 
  PC1/sub_126_48_g1314/Y  -       C->Y   R     NAND3X1        2  9.0   157   134    4649    (-,-) 
  PC1/sub_126_48_g1310/Y  -       B->Y   F     NOR2X1         1  4.7    98   105    4754    (-,-) 
  PC1/sub_126_48_g1307/Y  -       A0->Y  R     AOI21X1        4 17.2   431   392    5145    (-,-) 
  PC1/sub_126_48_g1301/Y  -       B->Y   F     NOR2X1         2  8.7   137   212    5357    (-,-) 
  PC1/sub_126_48_g1294/Y  -       A0->Y  R     AOI21X1        3 15.8   402   385    5742    (-,-) 
  PC1/sub_126_48_g1289/Y  -       B->Y   F     NOR2X2         3 12.9   115   179    5921    (-,-) 
  PC1/sub_126_48_g1286/Y  -       B->Y   R     NAND2X1        1  7.8   107   132    6053    (-,-) 
  PC1/sub_126_48_g1283/Y  -       B->Y   F     NAND2X2        4 18.3   133   150    6203    (-,-) 
  PC1/sub_126_48_g1274/Y  -       C->Y   R     NAND3X2        1  7.8   121   111    6314    (-,-) 
  PC1/sub_126_48_g1270/Y  -       B->Y   F     NAND2X2        4 17.0   127   152    6466    (-,-) 
  PC1/sub_126_48_g1264/Y  -       B->Y   R     NAND2X1        1  7.8   109   138    6604    (-,-) 
  PC1/sub_126_48_g1263/Y  -       B->Y   F     NAND2X2        2  9.0    86   111    6715    (-,-) 
  PC1/sub_126_48_g1255/Y  -       B->Y   R     NAND2X1        1  7.8   123   119    6834    (-,-) 
  PC1/sub_126_48_g1254/Y  -       B->Y   F     NAND2X2        3 15.9   114   148    6982    (-,-) 
  PC1/sub_126_48_g1251/Y  -       B->Y   R     NAND2X2        1  7.8    99    98    7080    (-,-) 
  PC1/sub_126_48_g1249/Y  -       B->Y   F     NAND2X2        3 15.9   115   136    7217    (-,-) 
  PC1/sub_126_48_g1246/Y  -       B->Y   R     NAND2X2        1  7.8   101    99    7316    (-,-) 
  PC1/sub_126_48_g1245/Y  -       B->Y   F     NAND2X2        3 15.9   115   138    7453    (-,-) 
  PC1/sub_126_48_g1242/Y  -       B->Y   R     NAND2X2        1 13.1   122   121    7574    (-,-) 
  PC1/sub_126_48_g1241/Y  -       B->Y   F     NAND2X4        3 18.7    90   121    7695    (-,-) 
  PC1/sub_126_48_g1239/Y  -       B->Y   R     NAND2X2        1  5.0    76    76    7771    (-,-) 
  PC1/sub_126_48_g1236/Y  -       B0->Y  F     OAI21X1        1  5.0   100   123    7894    (-,-) 
  PC1/g46013/Y            -       B->Y   R     NAND2X1        1  5.0   104   104    7998    (-,-) 
  PC1/g45578__6161/Y      -       B->Y   F     NAND2X1        1  5.0   101   114    8112    (-,-) 
  PC1/g45550__9315/Y      -       B->Y   R     NAND2X1        1  5.0   112   105    8217    (-,-) 
  PC1/g45531__5107/Y      -       C->Y   F     NAND3X1        2  8.8   188   192    8409    (-,-) 
  PC1/g26603/Y            -       A->Y   R     CLKINVX1       1  3.6    89   112    8522    (-,-) 
  PC1/g39894/Y            -       B->Y   R     AND2X2        16 63.2   351   482    9004    (-,-) 
  PC1/g38618/Y            -       A0->Y  F     OAI21X1        1  3.6   108   206    9210    (-,-) 
  PC1/RF_reg[10][30]/D    -       -      F     DFFRX1         1    -     -     0    9210    (-,-) 
#-------------------------------------------------------------------------------------------------



Path 7: MET (613 ps) Setup Check with Pin PC1/RF_reg[9][30]/CK->D
          Group: C2C
     Startpoint: (R) PC1/IR_reg[30]/CK
          Clock: (R) SYS_CLOCK
       Endpoint: (F) PC1/RF_reg[9][30]/D
          Clock: (R) SYS_CLOCK

                     Capture       Launch     
        Clock Edge:+   10000            0     
       Src Latency:+       0            0     
       Net Latency:+       0 (I)        0 (I) 
           Arrival:=   10000            0     
                                              
             Setup:-     177                  
     Required Time:=    9823                  
      Launch Clock:-       0                  
         Data Path:-    9210                  
             Slack:=     613                  

#-------------------------------------------------------------------------------------------------
#      Timing Point       Flags    Arc   Edge   Cell     Fanout Load Trans Delay Arrival Instance 
#                                                               (fF)  (ps)  (ps)   (ps)  Location 
#-------------------------------------------------------------------------------------------------
  PC1/IR_reg[30]/CK       -       -      R     (arrival)    587    -     0     0       0    (-,-) 
  PC1/IR_reg[30]/Q        -       CK->Q  F     DFFX1          3 12.3   102   491     491    (-,-) 
  PC1/g43941__4733/Y      -       A->Y   R     NOR2X2         2  8.3   130   160     651    (-,-) 
  PC1/g43922__8428/Y      -       B->Y   R     CLKAND2X2      2 16.7   106   224     875    (-,-) 
  PC1/g43628__2883/Y      -       A->Y   F     NAND2X4        7 37.0   132   157    1032    (-,-) 
  PC1/g43363__5115/Y      -       A1->Y  R     OAI21X2        2 14.1   225   235    1267    (-,-) 
  PC1/g43355/Y            -       A->Y   F     INVX2          3 26.4   116   177    1444    (-,-) 
  PC1/g43341__6417/Y      -       A->Y   R     NOR2X4         4 15.7   130   164    1608    (-,-) 
  PC1/g43308/Y            -       A->Y   F     CLKINVX1       1 12.9    92   136    1745    (-,-) 
  PC1/g43266__1881/Y      -       A->Y   R     NOR2X4        10 41.6   262   255    2000    (-,-) 
  PC1/g42958__2883/Y      -       B1->Y  F     AOI22X1        1  4.8   135   177    2177    (-,-) 
  PC1/g42702__4733/Y      -       A->Y   R     NAND2X1        1  7.6   115   150    2327    (-,-) 
  PC1/g42692__1617/Y      -       B->Y   F     NOR2X2         1 12.6    63    99    2426    (-,-) 
  PC1/g42616__5115/Y      -       A->Y   R     NAND2X4        6 25.4    91   106    2532    (-,-) 
  PC1/sub_126_48_g1462/Y  -       B->Y   F     NAND2X1        2 10.8   142   155    2687    (-,-) 
  PC1/sub_126_48_g1335/CO -       CI->CO F     ADDFX1         2 10.3   132   436    3123    (-,-) 
  PC1/sub_126_48_g1334/Y  -       B->Y   R     NAND2X1        1  5.0   101   118    3242    (-,-) 
  PC1/sub_126_48_g1329/Y  -       B->Y   F     NAND2X1        2  7.8   113   135    3377    (-,-) 
  PC1/sub_126_48_g1327/Y  -       B->Y   R     NAND2X1        1  7.8   124   131    3508    (-,-) 
  PC1/sub_126_48_g1326/Y  -       B->Y   F     NAND2X2        3 11.7    93   130    3638    (-,-) 
  PC1/sub_126_48_g1324/Y  -       B->Y   R     NAND2X1        1  5.0    79   101    3739    (-,-) 
  PC1/sub_126_48_g1323/Y  -       B->Y   F     NAND2X1        1  6.7   101   116    3856    (-,-) 
  PC1/sub_126_48_g1318/CO -       CI->CO F     ADDFX1         2  7.8   115   398    4254    (-,-) 
  PC1/sub_126_48_g1317/Y  -       B->Y   R     NAND2X1        1  7.8   121   132    4386    (-,-) 
  PC1/sub_126_48_g1316/Y  -       B->Y   F     NAND2X2        3 11.7    93   129    4515    (-,-) 
  PC1/sub_126_48_g1314/Y  -       C->Y   R     NAND3X1        2  9.0   157   134    4649    (-,-) 
  PC1/sub_126_48_g1310/Y  -       B->Y   F     NOR2X1         1  4.7    98   105    4754    (-,-) 
  PC1/sub_126_48_g1307/Y  -       A0->Y  R     AOI21X1        4 17.2   431   392    5145    (-,-) 
  PC1/sub_126_48_g1301/Y  -       B->Y   F     NOR2X1         2  8.7   137   212    5357    (-,-) 
  PC1/sub_126_48_g1294/Y  -       A0->Y  R     AOI21X1        3 15.8   402   385    5742    (-,-) 
  PC1/sub_126_48_g1289/Y  -       B->Y   F     NOR2X2         3 12.9   115   179    5921    (-,-) 
  PC1/sub_126_48_g1286/Y  -       B->Y   R     NAND2X1        1  7.8   107   132    6053    (-,-) 
  PC1/sub_126_48_g1283/Y  -       B->Y   F     NAND2X2        4 18.3   133   150    6203    (-,-) 
  PC1/sub_126_48_g1274/Y  -       C->Y   R     NAND3X2        1  7.8   121   111    6314    (-,-) 
  PC1/sub_126_48_g1270/Y  -       B->Y   F     NAND2X2        4 17.0   127   152    6466    (-,-) 
  PC1/sub_126_48_g1264/Y  -       B->Y   R     NAND2X1        1  7.8   109   138    6604    (-,-) 
  PC1/sub_126_48_g1263/Y  -       B->Y   F     NAND2X2        2  9.0    86   111    6715    (-,-) 
  PC1/sub_126_48_g1255/Y  -       B->Y   R     NAND2X1        1  7.8   123   119    6834    (-,-) 
  PC1/sub_126_48_g1254/Y  -       B->Y   F     NAND2X2        3 15.9   114   148    6982    (-,-) 
  PC1/sub_126_48_g1251/Y  -       B->Y   R     NAND2X2        1  7.8    99    98    7080    (-,-) 
  PC1/sub_126_48_g1249/Y  -       B->Y   F     NAND2X2        3 15.9   115   136    7217    (-,-) 
  PC1/sub_126_48_g1246/Y  -       B->Y   R     NAND2X2        1  7.8   101    99    7316    (-,-) 
  PC1/sub_126_48_g1245/Y  -       B->Y   F     NAND2X2        3 15.9   115   138    7453    (-,-) 
  PC1/sub_126_48_g1242/Y  -       B->Y   R     NAND2X2        1 13.1   122   121    7574    (-,-) 
  PC1/sub_126_48_g1241/Y  -       B->Y   F     NAND2X4        3 18.7    90   121    7695    (-,-) 
  PC1/sub_126_48_g1239/Y  -       B->Y   R     NAND2X2        1  5.0    76    76    7771    (-,-) 
  PC1/sub_126_48_g1236/Y  -       B0->Y  F     OAI21X1        1  5.0   100   123    7894    (-,-) 
  PC1/g46013/Y            -       B->Y   R     NAND2X1        1  5.0   104   104    7998    (-,-) 
  PC1/g45578__6161/Y      -       B->Y   F     NAND2X1        1  5.0   101   114    8112    (-,-) 
  PC1/g45550__9315/Y      -       B->Y   R     NAND2X1        1  5.0   112   105    8217    (-,-) 
  PC1/g45531__5107/Y      -       C->Y   F     NAND3X1        2  8.8   188   192    8409    (-,-) 
  PC1/g26603/Y            -       A->Y   R     CLKINVX1       1  3.6    89   112    8522    (-,-) 
  PC1/g39894/Y            -       B->Y   R     AND2X2        16 63.2   351   482    9004    (-,-) 
  PC1/g38580/Y            -       A0->Y  F     OAI21X1        1  3.6   108   206    9210    (-,-) 
  PC1/RF_reg[9][30]/D     -       -      F     DFFRX1         1    -     -     0    9210    (-,-) 
#-------------------------------------------------------------------------------------------------



Path 8: MET (613 ps) Setup Check with Pin PC1/RF_reg[8][30]/CK->D
          Group: C2C
     Startpoint: (R) PC1/IR_reg[30]/CK
          Clock: (R) SYS_CLOCK
       Endpoint: (F) PC1/RF_reg[8][30]/D
          Clock: (R) SYS_CLOCK

                     Capture       Launch     
        Clock Edge:+   10000            0     
       Src Latency:+       0            0     
       Net Latency:+       0 (I)        0 (I) 
           Arrival:=   10000            0     
                                              
             Setup:-     177                  
     Required Time:=    9823                  
      Launch Clock:-       0                  
         Data Path:-    9210                  
             Slack:=     613                  

#-------------------------------------------------------------------------------------------------
#      Timing Point       Flags    Arc   Edge   Cell     Fanout Load Trans Delay Arrival Instance 
#                                                               (fF)  (ps)  (ps)   (ps)  Location 
#-------------------------------------------------------------------------------------------------
  PC1/IR_reg[30]/CK       -       -      R     (arrival)    587    -     0     0       0    (-,-) 
  PC1/IR_reg[30]/Q        -       CK->Q  F     DFFX1          3 12.3   102   491     491    (-,-) 
  PC1/g43941__4733/Y      -       A->Y   R     NOR2X2         2  8.3   130   160     651    (-,-) 
  PC1/g43922__8428/Y      -       B->Y   R     CLKAND2X2      2 16.7   106   224     875    (-,-) 
  PC1/g43628__2883/Y      -       A->Y   F     NAND2X4        7 37.0   132   157    1032    (-,-) 
  PC1/g43363__5115/Y      -       A1->Y  R     OAI21X2        2 14.1   225   235    1267    (-,-) 
  PC1/g43355/Y            -       A->Y   F     INVX2          3 26.4   116   177    1444    (-,-) 
  PC1/g43341__6417/Y      -       A->Y   R     NOR2X4         4 15.7   130   164    1608    (-,-) 
  PC1/g43308/Y            -       A->Y   F     CLKINVX1       1 12.9    92   136    1745    (-,-) 
  PC1/g43266__1881/Y      -       A->Y   R     NOR2X4        10 41.6   262   255    2000    (-,-) 
  PC1/g42958__2883/Y      -       B1->Y  F     AOI22X1        1  4.8   135   177    2177    (-,-) 
  PC1/g42702__4733/Y      -       A->Y   R     NAND2X1        1  7.6   115   150    2327    (-,-) 
  PC1/g42692__1617/Y      -       B->Y   F     NOR2X2         1 12.6    63    99    2426    (-,-) 
  PC1/g42616__5115/Y      -       A->Y   R     NAND2X4        6 25.4    91   106    2532    (-,-) 
  PC1/sub_126_48_g1462/Y  -       B->Y   F     NAND2X1        2 10.8   142   155    2687    (-,-) 
  PC1/sub_126_48_g1335/CO -       CI->CO F     ADDFX1         2 10.3   132   436    3123    (-,-) 
  PC1/sub_126_48_g1334/Y  -       B->Y   R     NAND2X1        1  5.0   101   118    3242    (-,-) 
  PC1/sub_126_48_g1329/Y  -       B->Y   F     NAND2X1        2  7.8   113   135    3377    (-,-) 
  PC1/sub_126_48_g1327/Y  -       B->Y   R     NAND2X1        1  7.8   124   131    3508    (-,-) 
  PC1/sub_126_48_g1326/Y  -       B->Y   F     NAND2X2        3 11.7    93   130    3638    (-,-) 
  PC1/sub_126_48_g1324/Y  -       B->Y   R     NAND2X1        1  5.0    79   101    3739    (-,-) 
  PC1/sub_126_48_g1323/Y  -       B->Y   F     NAND2X1        1  6.7   101   116    3856    (-,-) 
  PC1/sub_126_48_g1318/CO -       CI->CO F     ADDFX1         2  7.8   115   398    4254    (-,-) 
  PC1/sub_126_48_g1317/Y  -       B->Y   R     NAND2X1        1  7.8   121   132    4386    (-,-) 
  PC1/sub_126_48_g1316/Y  -       B->Y   F     NAND2X2        3 11.7    93   129    4515    (-,-) 
  PC1/sub_126_48_g1314/Y  -       C->Y   R     NAND3X1        2  9.0   157   134    4649    (-,-) 
  PC1/sub_126_48_g1310/Y  -       B->Y   F     NOR2X1         1  4.7    98   105    4754    (-,-) 
  PC1/sub_126_48_g1307/Y  -       A0->Y  R     AOI21X1        4 17.2   431   392    5145    (-,-) 
  PC1/sub_126_48_g1301/Y  -       B->Y   F     NOR2X1         2  8.7   137   212    5357    (-,-) 
  PC1/sub_126_48_g1294/Y  -       A0->Y  R     AOI21X1        3 15.8   402   385    5742    (-,-) 
  PC1/sub_126_48_g1289/Y  -       B->Y   F     NOR2X2         3 12.9   115   179    5921    (-,-) 
  PC1/sub_126_48_g1286/Y  -       B->Y   R     NAND2X1        1  7.8   107   132    6053    (-,-) 
  PC1/sub_126_48_g1283/Y  -       B->Y   F     NAND2X2        4 18.3   133   150    6203    (-,-) 
  PC1/sub_126_48_g1274/Y  -       C->Y   R     NAND3X2        1  7.8   121   111    6314    (-,-) 
  PC1/sub_126_48_g1270/Y  -       B->Y   F     NAND2X2        4 17.0   127   152    6466    (-,-) 
  PC1/sub_126_48_g1264/Y  -       B->Y   R     NAND2X1        1  7.8   109   138    6604    (-,-) 
  PC1/sub_126_48_g1263/Y  -       B->Y   F     NAND2X2        2  9.0    86   111    6715    (-,-) 
  PC1/sub_126_48_g1255/Y  -       B->Y   R     NAND2X1        1  7.8   123   119    6834    (-,-) 
  PC1/sub_126_48_g1254/Y  -       B->Y   F     NAND2X2        3 15.9   114   148    6982    (-,-) 
  PC1/sub_126_48_g1251/Y  -       B->Y   R     NAND2X2        1  7.8    99    98    7080    (-,-) 
  PC1/sub_126_48_g1249/Y  -       B->Y   F     NAND2X2        3 15.9   115   136    7217    (-,-) 
  PC1/sub_126_48_g1246/Y  -       B->Y   R     NAND2X2        1  7.8   101    99    7316    (-,-) 
  PC1/sub_126_48_g1245/Y  -       B->Y   F     NAND2X2        3 15.9   115   138    7453    (-,-) 
  PC1/sub_126_48_g1242/Y  -       B->Y   R     NAND2X2        1 13.1   122   121    7574    (-,-) 
  PC1/sub_126_48_g1241/Y  -       B->Y   F     NAND2X4        3 18.7    90   121    7695    (-,-) 
  PC1/sub_126_48_g1239/Y  -       B->Y   R     NAND2X2        1  5.0    76    76    7771    (-,-) 
  PC1/sub_126_48_g1236/Y  -       B0->Y  F     OAI21X1        1  5.0   100   123    7894    (-,-) 
  PC1/g46013/Y            -       B->Y   R     NAND2X1        1  5.0   104   104    7998    (-,-) 
  PC1/g45578__6161/Y      -       B->Y   F     NAND2X1        1  5.0   101   114    8112    (-,-) 
  PC1/g45550__9315/Y      -       B->Y   R     NAND2X1        1  5.0   112   105    8217    (-,-) 
  PC1/g45531__5107/Y      -       C->Y   F     NAND3X1        2  8.8   188   192    8409    (-,-) 
  PC1/g26603/Y            -       A->Y   R     CLKINVX1       1  3.6    89   112    8522    (-,-) 
  PC1/g39894/Y            -       B->Y   R     AND2X2        16 63.2   351   482    9004    (-,-) 
  PC1/g38578/Y            -       A0->Y  F     OAI21X1        1  3.6   108   206    9210    (-,-) 
  PC1/RF_reg[8][30]/D     -       -      F     DFFRX1         1    -     -     0    9210    (-,-) 
#-------------------------------------------------------------------------------------------------



Path 9: MET (613 ps) Setup Check with Pin PC1/RF_reg[7][30]/CK->D
          Group: C2C
     Startpoint: (R) PC1/IR_reg[30]/CK
          Clock: (R) SYS_CLOCK
       Endpoint: (F) PC1/RF_reg[7][30]/D
          Clock: (R) SYS_CLOCK

                     Capture       Launch     
        Clock Edge:+   10000            0     
       Src Latency:+       0            0     
       Net Latency:+       0 (I)        0 (I) 
           Arrival:=   10000            0     
                                              
             Setup:-     177                  
     Required Time:=    9823                  
      Launch Clock:-       0                  
         Data Path:-    9210                  
             Slack:=     613                  

#-------------------------------------------------------------------------------------------------
#      Timing Point       Flags    Arc   Edge   Cell     Fanout Load Trans Delay Arrival Instance 
#                                                               (fF)  (ps)  (ps)   (ps)  Location 
#-------------------------------------------------------------------------------------------------
  PC1/IR_reg[30]/CK       -       -      R     (arrival)    587    -     0     0       0    (-,-) 
  PC1/IR_reg[30]/Q        -       CK->Q  F     DFFX1          3 12.3   102   491     491    (-,-) 
  PC1/g43941__4733/Y      -       A->Y   R     NOR2X2         2  8.3   130   160     651    (-,-) 
  PC1/g43922__8428/Y      -       B->Y   R     CLKAND2X2      2 16.7   106   224     875    (-,-) 
  PC1/g43628__2883/Y      -       A->Y   F     NAND2X4        7 37.0   132   157    1032    (-,-) 
  PC1/g43363__5115/Y      -       A1->Y  R     OAI21X2        2 14.1   225   235    1267    (-,-) 
  PC1/g43355/Y            -       A->Y   F     INVX2          3 26.4   116   177    1444    (-,-) 
  PC1/g43341__6417/Y      -       A->Y   R     NOR2X4         4 15.7   130   164    1608    (-,-) 
  PC1/g43308/Y            -       A->Y   F     CLKINVX1       1 12.9    92   136    1745    (-,-) 
  PC1/g43266__1881/Y      -       A->Y   R     NOR2X4        10 41.6   262   255    2000    (-,-) 
  PC1/g42958__2883/Y      -       B1->Y  F     AOI22X1        1  4.8   135   177    2177    (-,-) 
  PC1/g42702__4733/Y      -       A->Y   R     NAND2X1        1  7.6   115   150    2327    (-,-) 
  PC1/g42692__1617/Y      -       B->Y   F     NOR2X2         1 12.6    63    99    2426    (-,-) 
  PC1/g42616__5115/Y      -       A->Y   R     NAND2X4        6 25.4    91   106    2532    (-,-) 
  PC1/sub_126_48_g1462/Y  -       B->Y   F     NAND2X1        2 10.8   142   155    2687    (-,-) 
  PC1/sub_126_48_g1335/CO -       CI->CO F     ADDFX1         2 10.3   132   436    3123    (-,-) 
  PC1/sub_126_48_g1334/Y  -       B->Y   R     NAND2X1        1  5.0   101   118    3242    (-,-) 
  PC1/sub_126_48_g1329/Y  -       B->Y   F     NAND2X1        2  7.8   113   135    3377    (-,-) 
  PC1/sub_126_48_g1327/Y  -       B->Y   R     NAND2X1        1  7.8   124   131    3508    (-,-) 
  PC1/sub_126_48_g1326/Y  -       B->Y   F     NAND2X2        3 11.7    93   130    3638    (-,-) 
  PC1/sub_126_48_g1324/Y  -       B->Y   R     NAND2X1        1  5.0    79   101    3739    (-,-) 
  PC1/sub_126_48_g1323/Y  -       B->Y   F     NAND2X1        1  6.7   101   116    3856    (-,-) 
  PC1/sub_126_48_g1318/CO -       CI->CO F     ADDFX1         2  7.8   115   398    4254    (-,-) 
  PC1/sub_126_48_g1317/Y  -       B->Y   R     NAND2X1        1  7.8   121   132    4386    (-,-) 
  PC1/sub_126_48_g1316/Y  -       B->Y   F     NAND2X2        3 11.7    93   129    4515    (-,-) 
  PC1/sub_126_48_g1314/Y  -       C->Y   R     NAND3X1        2  9.0   157   134    4649    (-,-) 
  PC1/sub_126_48_g1310/Y  -       B->Y   F     NOR2X1         1  4.7    98   105    4754    (-,-) 
  PC1/sub_126_48_g1307/Y  -       A0->Y  R     AOI21X1        4 17.2   431   392    5145    (-,-) 
  PC1/sub_126_48_g1301/Y  -       B->Y   F     NOR2X1         2  8.7   137   212    5357    (-,-) 
  PC1/sub_126_48_g1294/Y  -       A0->Y  R     AOI21X1        3 15.8   402   385    5742    (-,-) 
  PC1/sub_126_48_g1289/Y  -       B->Y   F     NOR2X2         3 12.9   115   179    5921    (-,-) 
  PC1/sub_126_48_g1286/Y  -       B->Y   R     NAND2X1        1  7.8   107   132    6053    (-,-) 
  PC1/sub_126_48_g1283/Y  -       B->Y   F     NAND2X2        4 18.3   133   150    6203    (-,-) 
  PC1/sub_126_48_g1274/Y  -       C->Y   R     NAND3X2        1  7.8   121   111    6314    (-,-) 
  PC1/sub_126_48_g1270/Y  -       B->Y   F     NAND2X2        4 17.0   127   152    6466    (-,-) 
  PC1/sub_126_48_g1264/Y  -       B->Y   R     NAND2X1        1  7.8   109   138    6604    (-,-) 
  PC1/sub_126_48_g1263/Y  -       B->Y   F     NAND2X2        2  9.0    86   111    6715    (-,-) 
  PC1/sub_126_48_g1255/Y  -       B->Y   R     NAND2X1        1  7.8   123   119    6834    (-,-) 
  PC1/sub_126_48_g1254/Y  -       B->Y   F     NAND2X2        3 15.9   114   148    6982    (-,-) 
  PC1/sub_126_48_g1251/Y  -       B->Y   R     NAND2X2        1  7.8    99    98    7080    (-,-) 
  PC1/sub_126_48_g1249/Y  -       B->Y   F     NAND2X2        3 15.9   115   136    7217    (-,-) 
  PC1/sub_126_48_g1246/Y  -       B->Y   R     NAND2X2        1  7.8   101    99    7316    (-,-) 
  PC1/sub_126_48_g1245/Y  -       B->Y   F     NAND2X2        3 15.9   115   138    7453    (-,-) 
  PC1/sub_126_48_g1242/Y  -       B->Y   R     NAND2X2        1 13.1   122   121    7574    (-,-) 
  PC1/sub_126_48_g1241/Y  -       B->Y   F     NAND2X4        3 18.7    90   121    7695    (-,-) 
  PC1/sub_126_48_g1239/Y  -       B->Y   R     NAND2X2        1  5.0    76    76    7771    (-,-) 
  PC1/sub_126_48_g1236/Y  -       B0->Y  F     OAI21X1        1  5.0   100   123    7894    (-,-) 
  PC1/g46013/Y            -       B->Y   R     NAND2X1        1  5.0   104   104    7998    (-,-) 
  PC1/g45578__6161/Y      -       B->Y   F     NAND2X1        1  5.0   101   114    8112    (-,-) 
  PC1/g45550__9315/Y      -       B->Y   R     NAND2X1        1  5.0   112   105    8217    (-,-) 
  PC1/g45531__5107/Y      -       C->Y   F     NAND3X1        2  8.8   188   192    8409    (-,-) 
  PC1/g26603/Y            -       A->Y   R     CLKINVX1       1  3.6    89   112    8522    (-,-) 
  PC1/g39894/Y            -       B->Y   R     AND2X2        16 63.2   351   482    9004    (-,-) 
  PC1/g38625/Y            -       A0->Y  F     OAI21X1        1  3.6   108   206    9210    (-,-) 
  PC1/RF_reg[7][30]/D     -       -      F     DFFRX1         1    -     -     0    9210    (-,-) 
#-------------------------------------------------------------------------------------------------



Path 10: MET (613 ps) Setup Check with Pin PC1/RF_reg[6][30]/CK->D
          Group: C2C
     Startpoint: (R) PC1/IR_reg[30]/CK
          Clock: (R) SYS_CLOCK
       Endpoint: (F) PC1/RF_reg[6][30]/D
          Clock: (R) SYS_CLOCK

                     Capture       Launch     
        Clock Edge:+   10000            0     
       Src Latency:+       0            0     
       Net Latency:+       0 (I)        0 (I) 
           Arrival:=   10000            0     
                                              
             Setup:-     177                  
     Required Time:=    9823                  
      Launch Clock:-       0                  
         Data Path:-    9210                  
             Slack:=     613                  

#-------------------------------------------------------------------------------------------------
#      Timing Point       Flags    Arc   Edge   Cell     Fanout Load Trans Delay Arrival Instance 
#                                                               (fF)  (ps)  (ps)   (ps)  Location 
#-------------------------------------------------------------------------------------------------
  PC1/IR_reg[30]/CK       -       -      R     (arrival)    587    -     0     0       0    (-,-) 
  PC1/IR_reg[30]/Q        -       CK->Q  F     DFFX1          3 12.3   102   491     491    (-,-) 
  PC1/g43941__4733/Y      -       A->Y   R     NOR2X2         2  8.3   130   160     651    (-,-) 
  PC1/g43922__8428/Y      -       B->Y   R     CLKAND2X2      2 16.7   106   224     875    (-,-) 
  PC1/g43628__2883/Y      -       A->Y   F     NAND2X4        7 37.0   132   157    1032    (-,-) 
  PC1/g43363__5115/Y      -       A1->Y  R     OAI21X2        2 14.1   225   235    1267    (-,-) 
  PC1/g43355/Y            -       A->Y   F     INVX2          3 26.4   116   177    1444    (-,-) 
  PC1/g43341__6417/Y      -       A->Y   R     NOR2X4         4 15.7   130   164    1608    (-,-) 
  PC1/g43308/Y            -       A->Y   F     CLKINVX1       1 12.9    92   136    1745    (-,-) 
  PC1/g43266__1881/Y      -       A->Y   R     NOR2X4        10 41.6   262   255    2000    (-,-) 
  PC1/g42958__2883/Y      -       B1->Y  F     AOI22X1        1  4.8   135   177    2177    (-,-) 
  PC1/g42702__4733/Y      -       A->Y   R     NAND2X1        1  7.6   115   150    2327    (-,-) 
  PC1/g42692__1617/Y      -       B->Y   F     NOR2X2         1 12.6    63    99    2426    (-,-) 
  PC1/g42616__5115/Y      -       A->Y   R     NAND2X4        6 25.4    91   106    2532    (-,-) 
  PC1/sub_126_48_g1462/Y  -       B->Y   F     NAND2X1        2 10.8   142   155    2687    (-,-) 
  PC1/sub_126_48_g1335/CO -       CI->CO F     ADDFX1         2 10.3   132   436    3123    (-,-) 
  PC1/sub_126_48_g1334/Y  -       B->Y   R     NAND2X1        1  5.0   101   118    3242    (-,-) 
  PC1/sub_126_48_g1329/Y  -       B->Y   F     NAND2X1        2  7.8   113   135    3377    (-,-) 
  PC1/sub_126_48_g1327/Y  -       B->Y   R     NAND2X1        1  7.8   124   131    3508    (-,-) 
  PC1/sub_126_48_g1326/Y  -       B->Y   F     NAND2X2        3 11.7    93   130    3638    (-,-) 
  PC1/sub_126_48_g1324/Y  -       B->Y   R     NAND2X1        1  5.0    79   101    3739    (-,-) 
  PC1/sub_126_48_g1323/Y  -       B->Y   F     NAND2X1        1  6.7   101   116    3856    (-,-) 
  PC1/sub_126_48_g1318/CO -       CI->CO F     ADDFX1         2  7.8   115   398    4254    (-,-) 
  PC1/sub_126_48_g1317/Y  -       B->Y   R     NAND2X1        1  7.8   121   132    4386    (-,-) 
  PC1/sub_126_48_g1316/Y  -       B->Y   F     NAND2X2        3 11.7    93   129    4515    (-,-) 
  PC1/sub_126_48_g1314/Y  -       C->Y   R     NAND3X1        2  9.0   157   134    4649    (-,-) 
  PC1/sub_126_48_g1310/Y  -       B->Y   F     NOR2X1         1  4.7    98   105    4754    (-,-) 
  PC1/sub_126_48_g1307/Y  -       A0->Y  R     AOI21X1        4 17.2   431   392    5145    (-,-) 
  PC1/sub_126_48_g1301/Y  -       B->Y   F     NOR2X1         2  8.7   137   212    5357    (-,-) 
  PC1/sub_126_48_g1294/Y  -       A0->Y  R     AOI21X1        3 15.8   402   385    5742    (-,-) 
  PC1/sub_126_48_g1289/Y  -       B->Y   F     NOR2X2         3 12.9   115   179    5921    (-,-) 
  PC1/sub_126_48_g1286/Y  -       B->Y   R     NAND2X1        1  7.8   107   132    6053    (-,-) 
  PC1/sub_126_48_g1283/Y  -       B->Y   F     NAND2X2        4 18.3   133   150    6203    (-,-) 
  PC1/sub_126_48_g1274/Y  -       C->Y   R     NAND3X2        1  7.8   121   111    6314    (-,-) 
  PC1/sub_126_48_g1270/Y  -       B->Y   F     NAND2X2        4 17.0   127   152    6466    (-,-) 
  PC1/sub_126_48_g1264/Y  -       B->Y   R     NAND2X1        1  7.8   109   138    6604    (-,-) 
  PC1/sub_126_48_g1263/Y  -       B->Y   F     NAND2X2        2  9.0    86   111    6715    (-,-) 
  PC1/sub_126_48_g1255/Y  -       B->Y   R     NAND2X1        1  7.8   123   119    6834    (-,-) 
  PC1/sub_126_48_g1254/Y  -       B->Y   F     NAND2X2        3 15.9   114   148    6982    (-,-) 
  PC1/sub_126_48_g1251/Y  -       B->Y   R     NAND2X2        1  7.8    99    98    7080    (-,-) 
  PC1/sub_126_48_g1249/Y  -       B->Y   F     NAND2X2        3 15.9   115   136    7217    (-,-) 
  PC1/sub_126_48_g1246/Y  -       B->Y   R     NAND2X2        1  7.8   101    99    7316    (-,-) 
  PC1/sub_126_48_g1245/Y  -       B->Y   F     NAND2X2        3 15.9   115   138    7453    (-,-) 
  PC1/sub_126_48_g1242/Y  -       B->Y   R     NAND2X2        1 13.1   122   121    7574    (-,-) 
  PC1/sub_126_48_g1241/Y  -       B->Y   F     NAND2X4        3 18.7    90   121    7695    (-,-) 
  PC1/sub_126_48_g1239/Y  -       B->Y   R     NAND2X2        1  5.0    76    76    7771    (-,-) 
  PC1/sub_126_48_g1236/Y  -       B0->Y  F     OAI21X1        1  5.0   100   123    7894    (-,-) 
  PC1/g46013/Y            -       B->Y   R     NAND2X1        1  5.0   104   104    7998    (-,-) 
  PC1/g45578__6161/Y      -       B->Y   F     NAND2X1        1  5.0   101   114    8112    (-,-) 
  PC1/g45550__9315/Y      -       B->Y   R     NAND2X1        1  5.0   112   105    8217    (-,-) 
  PC1/g45531__5107/Y      -       C->Y   F     NAND3X1        2  8.8   188   192    8409    (-,-) 
  PC1/g26603/Y            -       A->Y   R     CLKINVX1       1  3.6    89   112    8522    (-,-) 
  PC1/g39894/Y            -       B->Y   R     AND2X2        16 63.2   351   482    9004    (-,-) 
  PC1/g38624/Y            -       A0->Y  F     OAI21X1        1  3.6   108   206    9210    (-,-) 
  PC1/RF_reg[6][30]/D     -       -      F     DFFRX1         1    -     -     0    9210    (-,-) 
#-------------------------------------------------------------------------------------------------



Path 11: MET (613 ps) Setup Check with Pin PC1/RF_reg[5][30]/CK->D
          Group: C2C
     Startpoint: (R) PC1/IR_reg[30]/CK
          Clock: (R) SYS_CLOCK
       Endpoint: (F) PC1/RF_reg[5][30]/D
          Clock: (R) SYS_CLOCK

                     Capture       Launch     
        Clock Edge:+   10000            0     
       Src Latency:+       0            0     
       Net Latency:+       0 (I)        0 (I) 
           Arrival:=   10000            0     
                                              
             Setup:-     177                  
     Required Time:=    9823                  
      Launch Clock:-       0                  
         Data Path:-    9210                  
             Slack:=     613                  

#-------------------------------------------------------------------------------------------------
#      Timing Point       Flags    Arc   Edge   Cell     Fanout Load Trans Delay Arrival Instance 
#                                                               (fF)  (ps)  (ps)   (ps)  Location 
#-------------------------------------------------------------------------------------------------
  PC1/IR_reg[30]/CK       -       -      R     (arrival)    587    -     0     0       0    (-,-) 
  PC1/IR_reg[30]/Q        -       CK->Q  F     DFFX1          3 12.3   102   491     491    (-,-) 
  PC1/g43941__4733/Y      -       A->Y   R     NOR2X2         2  8.3   130   160     651    (-,-) 
  PC1/g43922__8428/Y      -       B->Y   R     CLKAND2X2      2 16.7   106   224     875    (-,-) 
  PC1/g43628__2883/Y      -       A->Y   F     NAND2X4        7 37.0   132   157    1032    (-,-) 
  PC1/g43363__5115/Y      -       A1->Y  R     OAI21X2        2 14.1   225   235    1267    (-,-) 
  PC1/g43355/Y            -       A->Y   F     INVX2          3 26.4   116   177    1444    (-,-) 
  PC1/g43341__6417/Y      -       A->Y   R     NOR2X4         4 15.7   130   164    1608    (-,-) 
  PC1/g43308/Y            -       A->Y   F     CLKINVX1       1 12.9    92   136    1745    (-,-) 
  PC1/g43266__1881/Y      -       A->Y   R     NOR2X4        10 41.6   262   255    2000    (-,-) 
  PC1/g42958__2883/Y      -       B1->Y  F     AOI22X1        1  4.8   135   177    2177    (-,-) 
  PC1/g42702__4733/Y      -       A->Y   R     NAND2X1        1  7.6   115   150    2327    (-,-) 
  PC1/g42692__1617/Y      -       B->Y   F     NOR2X2         1 12.6    63    99    2426    (-,-) 
  PC1/g42616__5115/Y      -       A->Y   R     NAND2X4        6 25.4    91   106    2532    (-,-) 
  PC1/sub_126_48_g1462/Y  -       B->Y   F     NAND2X1        2 10.8   142   155    2687    (-,-) 
  PC1/sub_126_48_g1335/CO -       CI->CO F     ADDFX1         2 10.3   132   436    3123    (-,-) 
  PC1/sub_126_48_g1334/Y  -       B->Y   R     NAND2X1        1  5.0   101   118    3242    (-,-) 
  PC1/sub_126_48_g1329/Y  -       B->Y   F     NAND2X1        2  7.8   113   135    3377    (-,-) 
  PC1/sub_126_48_g1327/Y  -       B->Y   R     NAND2X1        1  7.8   124   131    3508    (-,-) 
  PC1/sub_126_48_g1326/Y  -       B->Y   F     NAND2X2        3 11.7    93   130    3638    (-,-) 
  PC1/sub_126_48_g1324/Y  -       B->Y   R     NAND2X1        1  5.0    79   101    3739    (-,-) 
  PC1/sub_126_48_g1323/Y  -       B->Y   F     NAND2X1        1  6.7   101   116    3856    (-,-) 
  PC1/sub_126_48_g1318/CO -       CI->CO F     ADDFX1         2  7.8   115   398    4254    (-,-) 
  PC1/sub_126_48_g1317/Y  -       B->Y   R     NAND2X1        1  7.8   121   132    4386    (-,-) 
  PC1/sub_126_48_g1316/Y  -       B->Y   F     NAND2X2        3 11.7    93   129    4515    (-,-) 
  PC1/sub_126_48_g1314/Y  -       C->Y   R     NAND3X1        2  9.0   157   134    4649    (-,-) 
  PC1/sub_126_48_g1310/Y  -       B->Y   F     NOR2X1         1  4.7    98   105    4754    (-,-) 
  PC1/sub_126_48_g1307/Y  -       A0->Y  R     AOI21X1        4 17.2   431   392    5145    (-,-) 
  PC1/sub_126_48_g1301/Y  -       B->Y   F     NOR2X1         2  8.7   137   212    5357    (-,-) 
  PC1/sub_126_48_g1294/Y  -       A0->Y  R     AOI21X1        3 15.8   402   385    5742    (-,-) 
  PC1/sub_126_48_g1289/Y  -       B->Y   F     NOR2X2         3 12.9   115   179    5921    (-,-) 
  PC1/sub_126_48_g1286/Y  -       B->Y   R     NAND2X1        1  7.8   107   132    6053    (-,-) 
  PC1/sub_126_48_g1283/Y  -       B->Y   F     NAND2X2        4 18.3   133   150    6203    (-,-) 
  PC1/sub_126_48_g1274/Y  -       C->Y   R     NAND3X2        1  7.8   121   111    6314    (-,-) 
  PC1/sub_126_48_g1270/Y  -       B->Y   F     NAND2X2        4 17.0   127   152    6466    (-,-) 
  PC1/sub_126_48_g1264/Y  -       B->Y   R     NAND2X1        1  7.8   109   138    6604    (-,-) 
  PC1/sub_126_48_g1263/Y  -       B->Y   F     NAND2X2        2  9.0    86   111    6715    (-,-) 
  PC1/sub_126_48_g1255/Y  -       B->Y   R     NAND2X1        1  7.8   123   119    6834    (-,-) 
  PC1/sub_126_48_g1254/Y  -       B->Y   F     NAND2X2        3 15.9   114   148    6982    (-,-) 
  PC1/sub_126_48_g1251/Y  -       B->Y   R     NAND2X2        1  7.8    99    98    7080    (-,-) 
  PC1/sub_126_48_g1249/Y  -       B->Y   F     NAND2X2        3 15.9   115   136    7217    (-,-) 
  PC1/sub_126_48_g1246/Y  -       B->Y   R     NAND2X2        1  7.8   101    99    7316    (-,-) 
  PC1/sub_126_48_g1245/Y  -       B->Y   F     NAND2X2        3 15.9   115   138    7453    (-,-) 
  PC1/sub_126_48_g1242/Y  -       B->Y   R     NAND2X2        1 13.1   122   121    7574    (-,-) 
  PC1/sub_126_48_g1241/Y  -       B->Y   F     NAND2X4        3 18.7    90   121    7695    (-,-) 
  PC1/sub_126_48_g1239/Y  -       B->Y   R     NAND2X2        1  5.0    76    76    7771    (-,-) 
  PC1/sub_126_48_g1236/Y  -       B0->Y  F     OAI21X1        1  5.0   100   123    7894    (-,-) 
  PC1/g46013/Y            -       B->Y   R     NAND2X1        1  5.0   104   104    7998    (-,-) 
  PC1/g45578__6161/Y      -       B->Y   F     NAND2X1        1  5.0   101   114    8112    (-,-) 
  PC1/g45550__9315/Y      -       B->Y   R     NAND2X1        1  5.0   112   105    8217    (-,-) 
  PC1/g45531__5107/Y      -       C->Y   F     NAND3X1        2  8.8   188   192    8409    (-,-) 
  PC1/g26603/Y            -       A->Y   R     CLKINVX1       1  3.6    89   112    8522    (-,-) 
  PC1/g39894/Y            -       B->Y   R     AND2X2        16 63.2   351   482    9004    (-,-) 
  PC1/g38585/Y            -       A0->Y  F     OAI21X1        1  3.6   108   206    9210    (-,-) 
  PC1/RF_reg[5][30]/D     -       -      F     DFFRX1         1    -     -     0    9210    (-,-) 
#-------------------------------------------------------------------------------------------------



Path 12: MET (613 ps) Setup Check with Pin PC1/RF_reg[4][30]/CK->D
          Group: C2C
     Startpoint: (R) PC1/IR_reg[30]/CK
          Clock: (R) SYS_CLOCK
       Endpoint: (F) PC1/RF_reg[4][30]/D
          Clock: (R) SYS_CLOCK

                     Capture       Launch     
        Clock Edge:+   10000            0     
       Src Latency:+       0            0     
       Net Latency:+       0 (I)        0 (I) 
           Arrival:=   10000            0     
                                              
             Setup:-     177                  
     Required Time:=    9823                  
      Launch Clock:-       0                  
         Data Path:-    9210                  
             Slack:=     613                  

#-------------------------------------------------------------------------------------------------
#      Timing Point       Flags    Arc   Edge   Cell     Fanout Load Trans Delay Arrival Instance 
#                                                               (fF)  (ps)  (ps)   (ps)  Location 
#-------------------------------------------------------------------------------------------------
  PC1/IR_reg[30]/CK       -       -      R     (arrival)    587    -     0     0       0    (-,-) 
  PC1/IR_reg[30]/Q        -       CK->Q  F     DFFX1          3 12.3   102   491     491    (-,-) 
  PC1/g43941__4733/Y      -       A->Y   R     NOR2X2         2  8.3   130   160     651    (-,-) 
  PC1/g43922__8428/Y      -       B->Y   R     CLKAND2X2      2 16.7   106   224     875    (-,-) 
  PC1/g43628__2883/Y      -       A->Y   F     NAND2X4        7 37.0   132   157    1032    (-,-) 
  PC1/g43363__5115/Y      -       A1->Y  R     OAI21X2        2 14.1   225   235    1267    (-,-) 
  PC1/g43355/Y            -       A->Y   F     INVX2          3 26.4   116   177    1444    (-,-) 
  PC1/g43341__6417/Y      -       A->Y   R     NOR2X4         4 15.7   130   164    1608    (-,-) 
  PC1/g43308/Y            -       A->Y   F     CLKINVX1       1 12.9    92   136    1745    (-,-) 
  PC1/g43266__1881/Y      -       A->Y   R     NOR2X4        10 41.6   262   255    2000    (-,-) 
  PC1/g42958__2883/Y      -       B1->Y  F     AOI22X1        1  4.8   135   177    2177    (-,-) 
  PC1/g42702__4733/Y      -       A->Y   R     NAND2X1        1  7.6   115   150    2327    (-,-) 
  PC1/g42692__1617/Y      -       B->Y   F     NOR2X2         1 12.6    63    99    2426    (-,-) 
  PC1/g42616__5115/Y      -       A->Y   R     NAND2X4        6 25.4    91   106    2532    (-,-) 
  PC1/sub_126_48_g1462/Y  -       B->Y   F     NAND2X1        2 10.8   142   155    2687    (-,-) 
  PC1/sub_126_48_g1335/CO -       CI->CO F     ADDFX1         2 10.3   132   436    3123    (-,-) 
  PC1/sub_126_48_g1334/Y  -       B->Y   R     NAND2X1        1  5.0   101   118    3242    (-,-) 
  PC1/sub_126_48_g1329/Y  -       B->Y   F     NAND2X1        2  7.8   113   135    3377    (-,-) 
  PC1/sub_126_48_g1327/Y  -       B->Y   R     NAND2X1        1  7.8   124   131    3508    (-,-) 
  PC1/sub_126_48_g1326/Y  -       B->Y   F     NAND2X2        3 11.7    93   130    3638    (-,-) 
  PC1/sub_126_48_g1324/Y  -       B->Y   R     NAND2X1        1  5.0    79   101    3739    (-,-) 
  PC1/sub_126_48_g1323/Y  -       B->Y   F     NAND2X1        1  6.7   101   116    3856    (-,-) 
  PC1/sub_126_48_g1318/CO -       CI->CO F     ADDFX1         2  7.8   115   398    4254    (-,-) 
  PC1/sub_126_48_g1317/Y  -       B->Y   R     NAND2X1        1  7.8   121   132    4386    (-,-) 
  PC1/sub_126_48_g1316/Y  -       B->Y   F     NAND2X2        3 11.7    93   129    4515    (-,-) 
  PC1/sub_126_48_g1314/Y  -       C->Y   R     NAND3X1        2  9.0   157   134    4649    (-,-) 
  PC1/sub_126_48_g1310/Y  -       B->Y   F     NOR2X1         1  4.7    98   105    4754    (-,-) 
  PC1/sub_126_48_g1307/Y  -       A0->Y  R     AOI21X1        4 17.2   431   392    5145    (-,-) 
  PC1/sub_126_48_g1301/Y  -       B->Y   F     NOR2X1         2  8.7   137   212    5357    (-,-) 
  PC1/sub_126_48_g1294/Y  -       A0->Y  R     AOI21X1        3 15.8   402   385    5742    (-,-) 
  PC1/sub_126_48_g1289/Y  -       B->Y   F     NOR2X2         3 12.9   115   179    5921    (-,-) 
  PC1/sub_126_48_g1286/Y  -       B->Y   R     NAND2X1        1  7.8   107   132    6053    (-,-) 
  PC1/sub_126_48_g1283/Y  -       B->Y   F     NAND2X2        4 18.3   133   150    6203    (-,-) 
  PC1/sub_126_48_g1274/Y  -       C->Y   R     NAND3X2        1  7.8   121   111    6314    (-,-) 
  PC1/sub_126_48_g1270/Y  -       B->Y   F     NAND2X2        4 17.0   127   152    6466    (-,-) 
  PC1/sub_126_48_g1264/Y  -       B->Y   R     NAND2X1        1  7.8   109   138    6604    (-,-) 
  PC1/sub_126_48_g1263/Y  -       B->Y   F     NAND2X2        2  9.0    86   111    6715    (-,-) 
  PC1/sub_126_48_g1255/Y  -       B->Y   R     NAND2X1        1  7.8   123   119    6834    (-,-) 
  PC1/sub_126_48_g1254/Y  -       B->Y   F     NAND2X2        3 15.9   114   148    6982    (-,-) 
  PC1/sub_126_48_g1251/Y  -       B->Y   R     NAND2X2        1  7.8    99    98    7080    (-,-) 
  PC1/sub_126_48_g1249/Y  -       B->Y   F     NAND2X2        3 15.9   115   136    7217    (-,-) 
  PC1/sub_126_48_g1246/Y  -       B->Y   R     NAND2X2        1  7.8   101    99    7316    (-,-) 
  PC1/sub_126_48_g1245/Y  -       B->Y   F     NAND2X2        3 15.9   115   138    7453    (-,-) 
  PC1/sub_126_48_g1242/Y  -       B->Y   R     NAND2X2        1 13.1   122   121    7574    (-,-) 
  PC1/sub_126_48_g1241/Y  -       B->Y   F     NAND2X4        3 18.7    90   121    7695    (-,-) 
  PC1/sub_126_48_g1239/Y  -       B->Y   R     NAND2X2        1  5.0    76    76    7771    (-,-) 
  PC1/sub_126_48_g1236/Y  -       B0->Y  F     OAI21X1        1  5.0   100   123    7894    (-,-) 
  PC1/g46013/Y            -       B->Y   R     NAND2X1        1  5.0   104   104    7998    (-,-) 
  PC1/g45578__6161/Y      -       B->Y   F     NAND2X1        1  5.0   101   114    8112    (-,-) 
  PC1/g45550__9315/Y      -       B->Y   R     NAND2X1        1  5.0   112   105    8217    (-,-) 
  PC1/g45531__5107/Y      -       C->Y   F     NAND3X1        2  8.8   188   192    8409    (-,-) 
  PC1/g26603/Y            -       A->Y   R     CLKINVX1       1  3.6    89   112    8522    (-,-) 
  PC1/g39894/Y            -       B->Y   R     AND2X2        16 63.2   351   482    9004    (-,-) 
  PC1/g38584/Y            -       A0->Y  F     OAI21X1        1  3.6   108   206    9210    (-,-) 
  PC1/RF_reg[4][30]/D     -       -      F     DFFRX1         1    -     -     0    9210    (-,-) 
#-------------------------------------------------------------------------------------------------



Path 13: MET (613 ps) Setup Check with Pin PC1/RF_reg[3][30]/CK->D
          Group: C2C
     Startpoint: (R) PC1/IR_reg[30]/CK
          Clock: (R) SYS_CLOCK
       Endpoint: (F) PC1/RF_reg[3][30]/D
          Clock: (R) SYS_CLOCK

                     Capture       Launch     
        Clock Edge:+   10000            0     
       Src Latency:+       0            0     
       Net Latency:+       0 (I)        0 (I) 
           Arrival:=   10000            0     
                                              
             Setup:-     177                  
     Required Time:=    9823                  
      Launch Clock:-       0                  
         Data Path:-    9210                  
             Slack:=     613                  

#-------------------------------------------------------------------------------------------------
#      Timing Point       Flags    Arc   Edge   Cell     Fanout Load Trans Delay Arrival Instance 
#                                                               (fF)  (ps)  (ps)   (ps)  Location 
#-------------------------------------------------------------------------------------------------
  PC1/IR_reg[30]/CK       -       -      R     (arrival)    587    -     0     0       0    (-,-) 
  PC1/IR_reg[30]/Q        -       CK->Q  F     DFFX1          3 12.3   102   491     491    (-,-) 
  PC1/g43941__4733/Y      -       A->Y   R     NOR2X2         2  8.3   130   160     651    (-,-) 
  PC1/g43922__8428/Y      -       B->Y   R     CLKAND2X2      2 16.7   106   224     875    (-,-) 
  PC1/g43628__2883/Y      -       A->Y   F     NAND2X4        7 37.0   132   157    1032    (-,-) 
  PC1/g43363__5115/Y      -       A1->Y  R     OAI21X2        2 14.1   225   235    1267    (-,-) 
  PC1/g43355/Y            -       A->Y   F     INVX2          3 26.4   116   177    1444    (-,-) 
  PC1/g43341__6417/Y      -       A->Y   R     NOR2X4         4 15.7   130   164    1608    (-,-) 
  PC1/g43308/Y            -       A->Y   F     CLKINVX1       1 12.9    92   136    1745    (-,-) 
  PC1/g43266__1881/Y      -       A->Y   R     NOR2X4        10 41.6   262   255    2000    (-,-) 
  PC1/g42958__2883/Y      -       B1->Y  F     AOI22X1        1  4.8   135   177    2177    (-,-) 
  PC1/g42702__4733/Y      -       A->Y   R     NAND2X1        1  7.6   115   150    2327    (-,-) 
  PC1/g42692__1617/Y      -       B->Y   F     NOR2X2         1 12.6    63    99    2426    (-,-) 
  PC1/g42616__5115/Y      -       A->Y   R     NAND2X4        6 25.4    91   106    2532    (-,-) 
  PC1/sub_126_48_g1462/Y  -       B->Y   F     NAND2X1        2 10.8   142   155    2687    (-,-) 
  PC1/sub_126_48_g1335/CO -       CI->CO F     ADDFX1         2 10.3   132   436    3123    (-,-) 
  PC1/sub_126_48_g1334/Y  -       B->Y   R     NAND2X1        1  5.0   101   118    3242    (-,-) 
  PC1/sub_126_48_g1329/Y  -       B->Y   F     NAND2X1        2  7.8   113   135    3377    (-,-) 
  PC1/sub_126_48_g1327/Y  -       B->Y   R     NAND2X1        1  7.8   124   131    3508    (-,-) 
  PC1/sub_126_48_g1326/Y  -       B->Y   F     NAND2X2        3 11.7    93   130    3638    (-,-) 
  PC1/sub_126_48_g1324/Y  -       B->Y   R     NAND2X1        1  5.0    79   101    3739    (-,-) 
  PC1/sub_126_48_g1323/Y  -       B->Y   F     NAND2X1        1  6.7   101   116    3856    (-,-) 
  PC1/sub_126_48_g1318/CO -       CI->CO F     ADDFX1         2  7.8   115   398    4254    (-,-) 
  PC1/sub_126_48_g1317/Y  -       B->Y   R     NAND2X1        1  7.8   121   132    4386    (-,-) 
  PC1/sub_126_48_g1316/Y  -       B->Y   F     NAND2X2        3 11.7    93   129    4515    (-,-) 
  PC1/sub_126_48_g1314/Y  -       C->Y   R     NAND3X1        2  9.0   157   134    4649    (-,-) 
  PC1/sub_126_48_g1310/Y  -       B->Y   F     NOR2X1         1  4.7    98   105    4754    (-,-) 
  PC1/sub_126_48_g1307/Y  -       A0->Y  R     AOI21X1        4 17.2   431   392    5145    (-,-) 
  PC1/sub_126_48_g1301/Y  -       B->Y   F     NOR2X1         2  8.7   137   212    5357    (-,-) 
  PC1/sub_126_48_g1294/Y  -       A0->Y  R     AOI21X1        3 15.8   402   385    5742    (-,-) 
  PC1/sub_126_48_g1289/Y  -       B->Y   F     NOR2X2         3 12.9   115   179    5921    (-,-) 
  PC1/sub_126_48_g1286/Y  -       B->Y   R     NAND2X1        1  7.8   107   132    6053    (-,-) 
  PC1/sub_126_48_g1283/Y  -       B->Y   F     NAND2X2        4 18.3   133   150    6203    (-,-) 
  PC1/sub_126_48_g1274/Y  -       C->Y   R     NAND3X2        1  7.8   121   111    6314    (-,-) 
  PC1/sub_126_48_g1270/Y  -       B->Y   F     NAND2X2        4 17.0   127   152    6466    (-,-) 
  PC1/sub_126_48_g1264/Y  -       B->Y   R     NAND2X1        1  7.8   109   138    6604    (-,-) 
  PC1/sub_126_48_g1263/Y  -       B->Y   F     NAND2X2        2  9.0    86   111    6715    (-,-) 
  PC1/sub_126_48_g1255/Y  -       B->Y   R     NAND2X1        1  7.8   123   119    6834    (-,-) 
  PC1/sub_126_48_g1254/Y  -       B->Y   F     NAND2X2        3 15.9   114   148    6982    (-,-) 
  PC1/sub_126_48_g1251/Y  -       B->Y   R     NAND2X2        1  7.8    99    98    7080    (-,-) 
  PC1/sub_126_48_g1249/Y  -       B->Y   F     NAND2X2        3 15.9   115   136    7217    (-,-) 
  PC1/sub_126_48_g1246/Y  -       B->Y   R     NAND2X2        1  7.8   101    99    7316    (-,-) 
  PC1/sub_126_48_g1245/Y  -       B->Y   F     NAND2X2        3 15.9   115   138    7453    (-,-) 
  PC1/sub_126_48_g1242/Y  -       B->Y   R     NAND2X2        1 13.1   122   121    7574    (-,-) 
  PC1/sub_126_48_g1241/Y  -       B->Y   F     NAND2X4        3 18.7    90   121    7695    (-,-) 
  PC1/sub_126_48_g1239/Y  -       B->Y   R     NAND2X2        1  5.0    76    76    7771    (-,-) 
  PC1/sub_126_48_g1236/Y  -       B0->Y  F     OAI21X1        1  5.0   100   123    7894    (-,-) 
  PC1/g46013/Y            -       B->Y   R     NAND2X1        1  5.0   104   104    7998    (-,-) 
  PC1/g45578__6161/Y      -       B->Y   F     NAND2X1        1  5.0   101   114    8112    (-,-) 
  PC1/g45550__9315/Y      -       B->Y   R     NAND2X1        1  5.0   112   105    8217    (-,-) 
  PC1/g45531__5107/Y      -       C->Y   F     NAND3X1        2  8.8   188   192    8409    (-,-) 
  PC1/g26603/Y            -       A->Y   R     CLKINVX1       1  3.6    89   112    8522    (-,-) 
  PC1/g39894/Y            -       B->Y   R     AND2X2        16 63.2   351   482    9004    (-,-) 
  PC1/g38622/Y            -       A0->Y  F     OAI21X1        1  3.6   108   206    9210    (-,-) 
  PC1/RF_reg[3][30]/D     -       -      F     DFFRX1         1    -     -     0    9210    (-,-) 
#-------------------------------------------------------------------------------------------------



Path 14: MET (613 ps) Setup Check with Pin PC1/RF_reg[2][30]/CK->D
          Group: C2C
     Startpoint: (R) PC1/IR_reg[30]/CK
          Clock: (R) SYS_CLOCK
       Endpoint: (F) PC1/RF_reg[2][30]/D
          Clock: (R) SYS_CLOCK

                     Capture       Launch     
        Clock Edge:+   10000            0     
       Src Latency:+       0            0     
       Net Latency:+       0 (I)        0 (I) 
           Arrival:=   10000            0     
                                              
             Setup:-     177                  
     Required Time:=    9823                  
      Launch Clock:-       0                  
         Data Path:-    9210                  
             Slack:=     613                  

#-------------------------------------------------------------------------------------------------
#      Timing Point       Flags    Arc   Edge   Cell     Fanout Load Trans Delay Arrival Instance 
#                                                               (fF)  (ps)  (ps)   (ps)  Location 
#-------------------------------------------------------------------------------------------------
  PC1/IR_reg[30]/CK       -       -      R     (arrival)    587    -     0     0       0    (-,-) 
  PC1/IR_reg[30]/Q        -       CK->Q  F     DFFX1          3 12.3   102   491     491    (-,-) 
  PC1/g43941__4733/Y      -       A->Y   R     NOR2X2         2  8.3   130   160     651    (-,-) 
  PC1/g43922__8428/Y      -       B->Y   R     CLKAND2X2      2 16.7   106   224     875    (-,-) 
  PC1/g43628__2883/Y      -       A->Y   F     NAND2X4        7 37.0   132   157    1032    (-,-) 
  PC1/g43363__5115/Y      -       A1->Y  R     OAI21X2        2 14.1   225   235    1267    (-,-) 
  PC1/g43355/Y            -       A->Y   F     INVX2          3 26.4   116   177    1444    (-,-) 
  PC1/g43341__6417/Y      -       A->Y   R     NOR2X4         4 15.7   130   164    1608    (-,-) 
  PC1/g43308/Y            -       A->Y   F     CLKINVX1       1 12.9    92   136    1745    (-,-) 
  PC1/g43266__1881/Y      -       A->Y   R     NOR2X4        10 41.6   262   255    2000    (-,-) 
  PC1/g42958__2883/Y      -       B1->Y  F     AOI22X1        1  4.8   135   177    2177    (-,-) 
  PC1/g42702__4733/Y      -       A->Y   R     NAND2X1        1  7.6   115   150    2327    (-,-) 
  PC1/g42692__1617/Y      -       B->Y   F     NOR2X2         1 12.6    63    99    2426    (-,-) 
  PC1/g42616__5115/Y      -       A->Y   R     NAND2X4        6 25.4    91   106    2532    (-,-) 
  PC1/sub_126_48_g1462/Y  -       B->Y   F     NAND2X1        2 10.8   142   155    2687    (-,-) 
  PC1/sub_126_48_g1335/CO -       CI->CO F     ADDFX1         2 10.3   132   436    3123    (-,-) 
  PC1/sub_126_48_g1334/Y  -       B->Y   R     NAND2X1        1  5.0   101   118    3242    (-,-) 
  PC1/sub_126_48_g1329/Y  -       B->Y   F     NAND2X1        2  7.8   113   135    3377    (-,-) 
  PC1/sub_126_48_g1327/Y  -       B->Y   R     NAND2X1        1  7.8   124   131    3508    (-,-) 
  PC1/sub_126_48_g1326/Y  -       B->Y   F     NAND2X2        3 11.7    93   130    3638    (-,-) 
  PC1/sub_126_48_g1324/Y  -       B->Y   R     NAND2X1        1  5.0    79   101    3739    (-,-) 
  PC1/sub_126_48_g1323/Y  -       B->Y   F     NAND2X1        1  6.7   101   116    3856    (-,-) 
  PC1/sub_126_48_g1318/CO -       CI->CO F     ADDFX1         2  7.8   115   398    4254    (-,-) 
  PC1/sub_126_48_g1317/Y  -       B->Y   R     NAND2X1        1  7.8   121   132    4386    (-,-) 
  PC1/sub_126_48_g1316/Y  -       B->Y   F     NAND2X2        3 11.7    93   129    4515    (-,-) 
  PC1/sub_126_48_g1314/Y  -       C->Y   R     NAND3X1        2  9.0   157   134    4649    (-,-) 
  PC1/sub_126_48_g1310/Y  -       B->Y   F     NOR2X1         1  4.7    98   105    4754    (-,-) 
  PC1/sub_126_48_g1307/Y  -       A0->Y  R     AOI21X1        4 17.2   431   392    5145    (-,-) 
  PC1/sub_126_48_g1301/Y  -       B->Y   F     NOR2X1         2  8.7   137   212    5357    (-,-) 
  PC1/sub_126_48_g1294/Y  -       A0->Y  R     AOI21X1        3 15.8   402   385    5742    (-,-) 
  PC1/sub_126_48_g1289/Y  -       B->Y   F     NOR2X2         3 12.9   115   179    5921    (-,-) 
  PC1/sub_126_48_g1286/Y  -       B->Y   R     NAND2X1        1  7.8   107   132    6053    (-,-) 
  PC1/sub_126_48_g1283/Y  -       B->Y   F     NAND2X2        4 18.3   133   150    6203    (-,-) 
  PC1/sub_126_48_g1274/Y  -       C->Y   R     NAND3X2        1  7.8   121   111    6314    (-,-) 
  PC1/sub_126_48_g1270/Y  -       B->Y   F     NAND2X2        4 17.0   127   152    6466    (-,-) 
  PC1/sub_126_48_g1264/Y  -       B->Y   R     NAND2X1        1  7.8   109   138    6604    (-,-) 
  PC1/sub_126_48_g1263/Y  -       B->Y   F     NAND2X2        2  9.0    86   111    6715    (-,-) 
  PC1/sub_126_48_g1255/Y  -       B->Y   R     NAND2X1        1  7.8   123   119    6834    (-,-) 
  PC1/sub_126_48_g1254/Y  -       B->Y   F     NAND2X2        3 15.9   114   148    6982    (-,-) 
  PC1/sub_126_48_g1251/Y  -       B->Y   R     NAND2X2        1  7.8    99    98    7080    (-,-) 
  PC1/sub_126_48_g1249/Y  -       B->Y   F     NAND2X2        3 15.9   115   136    7217    (-,-) 
  PC1/sub_126_48_g1246/Y  -       B->Y   R     NAND2X2        1  7.8   101    99    7316    (-,-) 
  PC1/sub_126_48_g1245/Y  -       B->Y   F     NAND2X2        3 15.9   115   138    7453    (-,-) 
  PC1/sub_126_48_g1242/Y  -       B->Y   R     NAND2X2        1 13.1   122   121    7574    (-,-) 
  PC1/sub_126_48_g1241/Y  -       B->Y   F     NAND2X4        3 18.7    90   121    7695    (-,-) 
  PC1/sub_126_48_g1239/Y  -       B->Y   R     NAND2X2        1  5.0    76    76    7771    (-,-) 
  PC1/sub_126_48_g1236/Y  -       B0->Y  F     OAI21X1        1  5.0   100   123    7894    (-,-) 
  PC1/g46013/Y            -       B->Y   R     NAND2X1        1  5.0   104   104    7998    (-,-) 
  PC1/g45578__6161/Y      -       B->Y   F     NAND2X1        1  5.0   101   114    8112    (-,-) 
  PC1/g45550__9315/Y      -       B->Y   R     NAND2X1        1  5.0   112   105    8217    (-,-) 
  PC1/g45531__5107/Y      -       C->Y   F     NAND3X1        2  8.8   188   192    8409    (-,-) 
  PC1/g26603/Y            -       A->Y   R     CLKINVX1       1  3.6    89   112    8522    (-,-) 
  PC1/g39894/Y            -       B->Y   R     AND2X2        16 63.2   351   482    9004    (-,-) 
  PC1/g38620/Y            -       A0->Y  F     OAI21X1        1  3.6   108   206    9210    (-,-) 
  PC1/RF_reg[2][30]/D     -       -      F     DFFRX1         1    -     -     0    9210    (-,-) 
#-------------------------------------------------------------------------------------------------



Path 15: MET (613 ps) Setup Check with Pin PC1/RF_reg[1][30]/CK->D
          Group: C2C
     Startpoint: (R) PC1/IR_reg[30]/CK
          Clock: (R) SYS_CLOCK
       Endpoint: (F) PC1/RF_reg[1][30]/D
          Clock: (R) SYS_CLOCK

                     Capture       Launch     
        Clock Edge:+   10000            0     
       Src Latency:+       0            0     
       Net Latency:+       0 (I)        0 (I) 
           Arrival:=   10000            0     
                                              
             Setup:-     177                  
     Required Time:=    9823                  
      Launch Clock:-       0                  
         Data Path:-    9210                  
             Slack:=     613                  

#-------------------------------------------------------------------------------------------------
#      Timing Point       Flags    Arc   Edge   Cell     Fanout Load Trans Delay Arrival Instance 
#                                                               (fF)  (ps)  (ps)   (ps)  Location 
#-------------------------------------------------------------------------------------------------
  PC1/IR_reg[30]/CK       -       -      R     (arrival)    587    -     0     0       0    (-,-) 
  PC1/IR_reg[30]/Q        -       CK->Q  F     DFFX1          3 12.3   102   491     491    (-,-) 
  PC1/g43941__4733/Y      -       A->Y   R     NOR2X2         2  8.3   130   160     651    (-,-) 
  PC1/g43922__8428/Y      -       B->Y   R     CLKAND2X2      2 16.7   106   224     875    (-,-) 
  PC1/g43628__2883/Y      -       A->Y   F     NAND2X4        7 37.0   132   157    1032    (-,-) 
  PC1/g43363__5115/Y      -       A1->Y  R     OAI21X2        2 14.1   225   235    1267    (-,-) 
  PC1/g43355/Y            -       A->Y   F     INVX2          3 26.4   116   177    1444    (-,-) 
  PC1/g43341__6417/Y      -       A->Y   R     NOR2X4         4 15.7   130   164    1608    (-,-) 
  PC1/g43308/Y            -       A->Y   F     CLKINVX1       1 12.9    92   136    1745    (-,-) 
  PC1/g43266__1881/Y      -       A->Y   R     NOR2X4        10 41.6   262   255    2000    (-,-) 
  PC1/g42958__2883/Y      -       B1->Y  F     AOI22X1        1  4.8   135   177    2177    (-,-) 
  PC1/g42702__4733/Y      -       A->Y   R     NAND2X1        1  7.6   115   150    2327    (-,-) 
  PC1/g42692__1617/Y      -       B->Y   F     NOR2X2         1 12.6    63    99    2426    (-,-) 
  PC1/g42616__5115/Y      -       A->Y   R     NAND2X4        6 25.4    91   106    2532    (-,-) 
  PC1/sub_126_48_g1462/Y  -       B->Y   F     NAND2X1        2 10.8   142   155    2687    (-,-) 
  PC1/sub_126_48_g1335/CO -       CI->CO F     ADDFX1         2 10.3   132   436    3123    (-,-) 
  PC1/sub_126_48_g1334/Y  -       B->Y   R     NAND2X1        1  5.0   101   118    3242    (-,-) 
  PC1/sub_126_48_g1329/Y  -       B->Y   F     NAND2X1        2  7.8   113   135    3377    (-,-) 
  PC1/sub_126_48_g1327/Y  -       B->Y   R     NAND2X1        1  7.8   124   131    3508    (-,-) 
  PC1/sub_126_48_g1326/Y  -       B->Y   F     NAND2X2        3 11.7    93   130    3638    (-,-) 
  PC1/sub_126_48_g1324/Y  -       B->Y   R     NAND2X1        1  5.0    79   101    3739    (-,-) 
  PC1/sub_126_48_g1323/Y  -       B->Y   F     NAND2X1        1  6.7   101   116    3856    (-,-) 
  PC1/sub_126_48_g1318/CO -       CI->CO F     ADDFX1         2  7.8   115   398    4254    (-,-) 
  PC1/sub_126_48_g1317/Y  -       B->Y   R     NAND2X1        1  7.8   121   132    4386    (-,-) 
  PC1/sub_126_48_g1316/Y  -       B->Y   F     NAND2X2        3 11.7    93   129    4515    (-,-) 
  PC1/sub_126_48_g1314/Y  -       C->Y   R     NAND3X1        2  9.0   157   134    4649    (-,-) 
  PC1/sub_126_48_g1310/Y  -       B->Y   F     NOR2X1         1  4.7    98   105    4754    (-,-) 
  PC1/sub_126_48_g1307/Y  -       A0->Y  R     AOI21X1        4 17.2   431   392    5145    (-,-) 
  PC1/sub_126_48_g1301/Y  -       B->Y   F     NOR2X1         2  8.7   137   212    5357    (-,-) 
  PC1/sub_126_48_g1294/Y  -       A0->Y  R     AOI21X1        3 15.8   402   385    5742    (-,-) 
  PC1/sub_126_48_g1289/Y  -       B->Y   F     NOR2X2         3 12.9   115   179    5921    (-,-) 
  PC1/sub_126_48_g1286/Y  -       B->Y   R     NAND2X1        1  7.8   107   132    6053    (-,-) 
  PC1/sub_126_48_g1283/Y  -       B->Y   F     NAND2X2        4 18.3   133   150    6203    (-,-) 
  PC1/sub_126_48_g1274/Y  -       C->Y   R     NAND3X2        1  7.8   121   111    6314    (-,-) 
  PC1/sub_126_48_g1270/Y  -       B->Y   F     NAND2X2        4 17.0   127   152    6466    (-,-) 
  PC1/sub_126_48_g1264/Y  -       B->Y   R     NAND2X1        1  7.8   109   138    6604    (-,-) 
  PC1/sub_126_48_g1263/Y  -       B->Y   F     NAND2X2        2  9.0    86   111    6715    (-,-) 
  PC1/sub_126_48_g1255/Y  -       B->Y   R     NAND2X1        1  7.8   123   119    6834    (-,-) 
  PC1/sub_126_48_g1254/Y  -       B->Y   F     NAND2X2        3 15.9   114   148    6982    (-,-) 
  PC1/sub_126_48_g1251/Y  -       B->Y   R     NAND2X2        1  7.8    99    98    7080    (-,-) 
  PC1/sub_126_48_g1249/Y  -       B->Y   F     NAND2X2        3 15.9   115   136    7217    (-,-) 
  PC1/sub_126_48_g1246/Y  -       B->Y   R     NAND2X2        1  7.8   101    99    7316    (-,-) 
  PC1/sub_126_48_g1245/Y  -       B->Y   F     NAND2X2        3 15.9   115   138    7453    (-,-) 
  PC1/sub_126_48_g1242/Y  -       B->Y   R     NAND2X2        1 13.1   122   121    7574    (-,-) 
  PC1/sub_126_48_g1241/Y  -       B->Y   F     NAND2X4        3 18.7    90   121    7695    (-,-) 
  PC1/sub_126_48_g1239/Y  -       B->Y   R     NAND2X2        1  5.0    76    76    7771    (-,-) 
  PC1/sub_126_48_g1236/Y  -       B0->Y  F     OAI21X1        1  5.0   100   123    7894    (-,-) 
  PC1/g46013/Y            -       B->Y   R     NAND2X1        1  5.0   104   104    7998    (-,-) 
  PC1/g45578__6161/Y      -       B->Y   F     NAND2X1        1  5.0   101   114    8112    (-,-) 
  PC1/g45550__9315/Y      -       B->Y   R     NAND2X1        1  5.0   112   105    8217    (-,-) 
  PC1/g45531__5107/Y      -       C->Y   F     NAND3X1        2  8.8   188   192    8409    (-,-) 
  PC1/g26603/Y            -       A->Y   R     CLKINVX1       1  3.6    89   112    8522    (-,-) 
  PC1/g39894/Y            -       B->Y   R     AND2X2        16 63.2   351   482    9004    (-,-) 
  PC1/g38581/Y            -       A0->Y  F     OAI21X1        1  3.6   108   206    9210    (-,-) 
  PC1/RF_reg[1][30]/D     -       -      F     DFFRX1         1    -     -     0    9210    (-,-) 
#-------------------------------------------------------------------------------------------------



Path 16: MET (613 ps) Setup Check with Pin PC1/RF_reg[0][30]/CK->D
          Group: C2C
     Startpoint: (R) PC1/IR_reg[30]/CK
          Clock: (R) SYS_CLOCK
       Endpoint: (F) PC1/RF_reg[0][30]/D
          Clock: (R) SYS_CLOCK

                     Capture       Launch     
        Clock Edge:+   10000            0     
       Src Latency:+       0            0     
       Net Latency:+       0 (I)        0 (I) 
           Arrival:=   10000            0     
                                              
             Setup:-     177                  
     Required Time:=    9823                  
      Launch Clock:-       0                  
         Data Path:-    9210                  
             Slack:=     613                  

#-------------------------------------------------------------------------------------------------
#      Timing Point       Flags    Arc   Edge   Cell     Fanout Load Trans Delay Arrival Instance 
#                                                               (fF)  (ps)  (ps)   (ps)  Location 
#-------------------------------------------------------------------------------------------------
  PC1/IR_reg[30]/CK       -       -      R     (arrival)    587    -     0     0       0    (-,-) 
  PC1/IR_reg[30]/Q        -       CK->Q  F     DFFX1          3 12.3   102   491     491    (-,-) 
  PC1/g43941__4733/Y      -       A->Y   R     NOR2X2         2  8.3   130   160     651    (-,-) 
  PC1/g43922__8428/Y      -       B->Y   R     CLKAND2X2      2 16.7   106   224     875    (-,-) 
  PC1/g43628__2883/Y      -       A->Y   F     NAND2X4        7 37.0   132   157    1032    (-,-) 
  PC1/g43363__5115/Y      -       A1->Y  R     OAI21X2        2 14.1   225   235    1267    (-,-) 
  PC1/g43355/Y            -       A->Y   F     INVX2          3 26.4   116   177    1444    (-,-) 
  PC1/g43341__6417/Y      -       A->Y   R     NOR2X4         4 15.7   130   164    1608    (-,-) 
  PC1/g43308/Y            -       A->Y   F     CLKINVX1       1 12.9    92   136    1745    (-,-) 
  PC1/g43266__1881/Y      -       A->Y   R     NOR2X4        10 41.6   262   255    2000    (-,-) 
  PC1/g42958__2883/Y      -       B1->Y  F     AOI22X1        1  4.8   135   177    2177    (-,-) 
  PC1/g42702__4733/Y      -       A->Y   R     NAND2X1        1  7.6   115   150    2327    (-,-) 
  PC1/g42692__1617/Y      -       B->Y   F     NOR2X2         1 12.6    63    99    2426    (-,-) 
  PC1/g42616__5115/Y      -       A->Y   R     NAND2X4        6 25.4    91   106    2532    (-,-) 
  PC1/sub_126_48_g1462/Y  -       B->Y   F     NAND2X1        2 10.8   142   155    2687    (-,-) 
  PC1/sub_126_48_g1335/CO -       CI->CO F     ADDFX1         2 10.3   132   436    3123    (-,-) 
  PC1/sub_126_48_g1334/Y  -       B->Y   R     NAND2X1        1  5.0   101   118    3242    (-,-) 
  PC1/sub_126_48_g1329/Y  -       B->Y   F     NAND2X1        2  7.8   113   135    3377    (-,-) 
  PC1/sub_126_48_g1327/Y  -       B->Y   R     NAND2X1        1  7.8   124   131    3508    (-,-) 
  PC1/sub_126_48_g1326/Y  -       B->Y   F     NAND2X2        3 11.7    93   130    3638    (-,-) 
  PC1/sub_126_48_g1324/Y  -       B->Y   R     NAND2X1        1  5.0    79   101    3739    (-,-) 
  PC1/sub_126_48_g1323/Y  -       B->Y   F     NAND2X1        1  6.7   101   116    3856    (-,-) 
  PC1/sub_126_48_g1318/CO -       CI->CO F     ADDFX1         2  7.8   115   398    4254    (-,-) 
  PC1/sub_126_48_g1317/Y  -       B->Y   R     NAND2X1        1  7.8   121   132    4386    (-,-) 
  PC1/sub_126_48_g1316/Y  -       B->Y   F     NAND2X2        3 11.7    93   129    4515    (-,-) 
  PC1/sub_126_48_g1314/Y  -       C->Y   R     NAND3X1        2  9.0   157   134    4649    (-,-) 
  PC1/sub_126_48_g1310/Y  -       B->Y   F     NOR2X1         1  4.7    98   105    4754    (-,-) 
  PC1/sub_126_48_g1307/Y  -       A0->Y  R     AOI21X1        4 17.2   431   392    5145    (-,-) 
  PC1/sub_126_48_g1301/Y  -       B->Y   F     NOR2X1         2  8.7   137   212    5357    (-,-) 
  PC1/sub_126_48_g1294/Y  -       A0->Y  R     AOI21X1        3 15.8   402   385    5742    (-,-) 
  PC1/sub_126_48_g1289/Y  -       B->Y   F     NOR2X2         3 12.9   115   179    5921    (-,-) 
  PC1/sub_126_48_g1286/Y  -       B->Y   R     NAND2X1        1  7.8   107   132    6053    (-,-) 
  PC1/sub_126_48_g1283/Y  -       B->Y   F     NAND2X2        4 18.3   133   150    6203    (-,-) 
  PC1/sub_126_48_g1274/Y  -       C->Y   R     NAND3X2        1  7.8   121   111    6314    (-,-) 
  PC1/sub_126_48_g1270/Y  -       B->Y   F     NAND2X2        4 17.0   127   152    6466    (-,-) 
  PC1/sub_126_48_g1264/Y  -       B->Y   R     NAND2X1        1  7.8   109   138    6604    (-,-) 
  PC1/sub_126_48_g1263/Y  -       B->Y   F     NAND2X2        2  9.0    86   111    6715    (-,-) 
  PC1/sub_126_48_g1255/Y  -       B->Y   R     NAND2X1        1  7.8   123   119    6834    (-,-) 
  PC1/sub_126_48_g1254/Y  -       B->Y   F     NAND2X2        3 15.9   114   148    6982    (-,-) 
  PC1/sub_126_48_g1251/Y  -       B->Y   R     NAND2X2        1  7.8    99    98    7080    (-,-) 
  PC1/sub_126_48_g1249/Y  -       B->Y   F     NAND2X2        3 15.9   115   136    7217    (-,-) 
  PC1/sub_126_48_g1246/Y  -       B->Y   R     NAND2X2        1  7.8   101    99    7316    (-,-) 
  PC1/sub_126_48_g1245/Y  -       B->Y   F     NAND2X2        3 15.9   115   138    7453    (-,-) 
  PC1/sub_126_48_g1242/Y  -       B->Y   R     NAND2X2        1 13.1   122   121    7574    (-,-) 
  PC1/sub_126_48_g1241/Y  -       B->Y   F     NAND2X4        3 18.7    90   121    7695    (-,-) 
  PC1/sub_126_48_g1239/Y  -       B->Y   R     NAND2X2        1  5.0    76    76    7771    (-,-) 
  PC1/sub_126_48_g1236/Y  -       B0->Y  F     OAI21X1        1  5.0   100   123    7894    (-,-) 
  PC1/g46013/Y            -       B->Y   R     NAND2X1        1  5.0   104   104    7998    (-,-) 
  PC1/g45578__6161/Y      -       B->Y   F     NAND2X1        1  5.0   101   114    8112    (-,-) 
  PC1/g45550__9315/Y      -       B->Y   R     NAND2X1        1  5.0   112   105    8217    (-,-) 
  PC1/g45531__5107/Y      -       C->Y   F     NAND3X1        2  8.8   188   192    8409    (-,-) 
  PC1/g26603/Y            -       A->Y   R     CLKINVX1       1  3.6    89   112    8522    (-,-) 
  PC1/g39894/Y            -       B->Y   R     AND2X2        16 63.2   351   482    9004    (-,-) 
  PC1/g38579/Y            -       A0->Y  F     OAI21X1        1  3.6   108   206    9210    (-,-) 
  PC1/RF_reg[0][30]/D     -       -      F     DFFRX1         1    -     -     0    9210    (-,-) 
#-------------------------------------------------------------------------------------------------



Path 17: MET (614 ps) Setup Check with Pin PC1/RF_reg[15][31]/CK->D
          Group: C2C
     Startpoint: (R) PC1/IR_reg[30]/CK
          Clock: (R) SYS_CLOCK
       Endpoint: (F) PC1/RF_reg[15][31]/D
          Clock: (R) SYS_CLOCK

                     Capture       Launch     
        Clock Edge:+   10000            0     
       Src Latency:+       0            0     
       Net Latency:+       0 (I)        0 (I) 
           Arrival:=   10000            0     
                                              
             Setup:-     177                  
     Required Time:=    9823                  
      Launch Clock:-       0                  
         Data Path:-    9209                  
             Slack:=     614                  

#-------------------------------------------------------------------------------------------------
#      Timing Point       Flags    Arc   Edge   Cell     Fanout Load Trans Delay Arrival Instance 
#                                                               (fF)  (ps)  (ps)   (ps)  Location 
#-------------------------------------------------------------------------------------------------
  PC1/IR_reg[30]/CK       -       -      R     (arrival)    587    -     0     0       0    (-,-) 
  PC1/IR_reg[30]/Q        -       CK->Q  F     DFFX1          3 12.3   102   491     491    (-,-) 
  PC1/g43941__4733/Y      -       A->Y   R     NOR2X2         2  8.3   130   160     651    (-,-) 
  PC1/g43922__8428/Y      -       B->Y   R     CLKAND2X2      2 16.7   106   224     875    (-,-) 
  PC1/g43628__2883/Y      -       A->Y   F     NAND2X4        7 37.0   132   157    1032    (-,-) 
  PC1/g43363__5115/Y      -       A1->Y  R     OAI21X2        2 14.1   225   235    1267    (-,-) 
  PC1/g43355/Y            -       A->Y   F     INVX2          3 26.4   116   177    1444    (-,-) 
  PC1/g43341__6417/Y      -       A->Y   R     NOR2X4         4 15.7   130   164    1608    (-,-) 
  PC1/g43308/Y            -       A->Y   F     CLKINVX1       1 12.9    92   136    1745    (-,-) 
  PC1/g43266__1881/Y      -       A->Y   R     NOR2X4        10 41.6   262   255    2000    (-,-) 
  PC1/g42958__2883/Y      -       B1->Y  F     AOI22X1        1  4.8   135   177    2177    (-,-) 
  PC1/g42702__4733/Y      -       A->Y   R     NAND2X1        1  7.6   115   150    2327    (-,-) 
  PC1/g42692__1617/Y      -       B->Y   F     NOR2X2         1 12.6    63    99    2426    (-,-) 
  PC1/g42616__5115/Y      -       A->Y   R     NAND2X4        6 25.4    91   106    2532    (-,-) 
  PC1/sub_126_48_g1462/Y  -       B->Y   F     NAND2X1        2 10.8   142   155    2687    (-,-) 
  PC1/sub_126_48_g1335/CO -       CI->CO F     ADDFX1         2 10.3   132   436    3123    (-,-) 
  PC1/sub_126_48_g1334/Y  -       B->Y   R     NAND2X1        1  5.0   101   118    3242    (-,-) 
  PC1/sub_126_48_g1329/Y  -       B->Y   F     NAND2X1        2  7.8   113   135    3377    (-,-) 
  PC1/sub_126_48_g1327/Y  -       B->Y   R     NAND2X1        1  7.8   124   131    3508    (-,-) 
  PC1/sub_126_48_g1326/Y  -       B->Y   F     NAND2X2        3 11.7    93   130    3638    (-,-) 
  PC1/sub_126_48_g1324/Y  -       B->Y   R     NAND2X1        1  5.0    79   101    3739    (-,-) 
  PC1/sub_126_48_g1323/Y  -       B->Y   F     NAND2X1        1  6.7   101   116    3856    (-,-) 
  PC1/sub_126_48_g1318/CO -       CI->CO F     ADDFX1         2  7.8   115   398    4254    (-,-) 
  PC1/sub_126_48_g1317/Y  -       B->Y   R     NAND2X1        1  7.8   121   132    4386    (-,-) 
  PC1/sub_126_48_g1316/Y  -       B->Y   F     NAND2X2        3 11.7    93   129    4515    (-,-) 
  PC1/sub_126_48_g1314/Y  -       C->Y   R     NAND3X1        2  9.0   157   134    4649    (-,-) 
  PC1/sub_126_48_g1310/Y  -       B->Y   F     NOR2X1         1  4.7    98   105    4754    (-,-) 
  PC1/sub_126_48_g1307/Y  -       A0->Y  R     AOI21X1        4 17.2   431   392    5145    (-,-) 
  PC1/sub_126_48_g1301/Y  -       B->Y   F     NOR2X1         2  8.7   137   212    5357    (-,-) 
  PC1/sub_126_48_g1294/Y  -       A0->Y  R     AOI21X1        3 15.8   402   385    5742    (-,-) 
  PC1/sub_126_48_g1289/Y  -       B->Y   F     NOR2X2         3 12.9   115   179    5921    (-,-) 
  PC1/sub_126_48_g1286/Y  -       B->Y   R     NAND2X1        1  7.8   107   132    6053    (-,-) 
  PC1/sub_126_48_g1283/Y  -       B->Y   F     NAND2X2        4 18.3   133   150    6203    (-,-) 
  PC1/sub_126_48_g1274/Y  -       C->Y   R     NAND3X2        1  7.8   121   111    6314    (-,-) 
  PC1/sub_126_48_g1270/Y  -       B->Y   F     NAND2X2        4 17.0   127   152    6466    (-,-) 
  PC1/sub_126_48_g1264/Y  -       B->Y   R     NAND2X1        1  7.8   109   138    6604    (-,-) 
  PC1/sub_126_48_g1263/Y  -       B->Y   F     NAND2X2        2  9.0    86   111    6715    (-,-) 
  PC1/sub_126_48_g1255/Y  -       B->Y   R     NAND2X1        1  7.8   123   119    6834    (-,-) 
  PC1/sub_126_48_g1254/Y  -       B->Y   F     NAND2X2        3 15.9   114   148    6982    (-,-) 
  PC1/sub_126_48_g1251/Y  -       B->Y   R     NAND2X2        1  7.8    99    98    7080    (-,-) 
  PC1/sub_126_48_g1249/Y  -       B->Y   F     NAND2X2        3 15.9   115   136    7217    (-,-) 
  PC1/sub_126_48_g1246/Y  -       B->Y   R     NAND2X2        1  7.8   101    99    7316    (-,-) 
  PC1/sub_126_48_g1245/Y  -       B->Y   F     NAND2X2        3 15.9   115   138    7453    (-,-) 
  PC1/sub_126_48_g1242/Y  -       B->Y   R     NAND2X2        1 13.1   122   121    7574    (-,-) 
  PC1/sub_126_48_g1241/Y  -       B->Y   F     NAND2X4        3 18.7    90   121    7695    (-,-) 
  PC1/sub_126_48_g1238/Y  -       B->Y   R     NAND2X2        1  7.8    98    88    7784    (-,-) 
  PC1/sub_126_48_g1237/Y  -       B->Y   F     NAND2X2        2  9.0    81   106    7890    (-,-) 
  PC1/sub_126_48_g1235/Y  -       B->Y   R     NAND2X1        1  5.0    84    96    7986    (-,-) 
  PC1/sub_126_48_g1234/Y  -       B0->Y  F     OAI21X1        1  5.0    95   127    8112    (-,-) 
  PC1/g45794/Y            -       B->Y   R     NAND2X1        1  5.0   108   102    8214    (-,-) 
  PC1/g45723/Y            -       B->Y   F     NAND2X1        2  8.8   119   147    8361    (-,-) 
  PC1/g45490__4733/Y      -       B->Y   R     NOR2X1         1  3.6   127   141    8502    (-,-) 
  PC1/g46318/Y            -       B->Y   R     AND2X2        16 63.2   351   500    9003    (-,-) 
  PC1/g38560/Y            -       A0->Y  F     OAI21X1        1  3.6   108   206    9209    (-,-) 
  PC1/RF_reg[15][31]/D    -       -      F     DFFRX1         1    -     -     0    9209    (-,-) 
#-------------------------------------------------------------------------------------------------



Path 18: MET (614 ps) Setup Check with Pin PC1/RF_reg[14][31]/CK->D
          Group: C2C
     Startpoint: (R) PC1/IR_reg[30]/CK
          Clock: (R) SYS_CLOCK
       Endpoint: (F) PC1/RF_reg[14][31]/D
          Clock: (R) SYS_CLOCK

                     Capture       Launch     
        Clock Edge:+   10000            0     
       Src Latency:+       0            0     
       Net Latency:+       0 (I)        0 (I) 
           Arrival:=   10000            0     
                                              
             Setup:-     177                  
     Required Time:=    9823                  
      Launch Clock:-       0                  
         Data Path:-    9209                  
             Slack:=     614                  

#-------------------------------------------------------------------------------------------------
#      Timing Point       Flags    Arc   Edge   Cell     Fanout Load Trans Delay Arrival Instance 
#                                                               (fF)  (ps)  (ps)   (ps)  Location 
#-------------------------------------------------------------------------------------------------
  PC1/IR_reg[30]/CK       -       -      R     (arrival)    587    -     0     0       0    (-,-) 
  PC1/IR_reg[30]/Q        -       CK->Q  F     DFFX1          3 12.3   102   491     491    (-,-) 
  PC1/g43941__4733/Y      -       A->Y   R     NOR2X2         2  8.3   130   160     651    (-,-) 
  PC1/g43922__8428/Y      -       B->Y   R     CLKAND2X2      2 16.7   106   224     875    (-,-) 
  PC1/g43628__2883/Y      -       A->Y   F     NAND2X4        7 37.0   132   157    1032    (-,-) 
  PC1/g43363__5115/Y      -       A1->Y  R     OAI21X2        2 14.1   225   235    1267    (-,-) 
  PC1/g43355/Y            -       A->Y   F     INVX2          3 26.4   116   177    1444    (-,-) 
  PC1/g43341__6417/Y      -       A->Y   R     NOR2X4         4 15.7   130   164    1608    (-,-) 
  PC1/g43308/Y            -       A->Y   F     CLKINVX1       1 12.9    92   136    1745    (-,-) 
  PC1/g43266__1881/Y      -       A->Y   R     NOR2X4        10 41.6   262   255    2000    (-,-) 
  PC1/g42958__2883/Y      -       B1->Y  F     AOI22X1        1  4.8   135   177    2177    (-,-) 
  PC1/g42702__4733/Y      -       A->Y   R     NAND2X1        1  7.6   115   150    2327    (-,-) 
  PC1/g42692__1617/Y      -       B->Y   F     NOR2X2         1 12.6    63    99    2426    (-,-) 
  PC1/g42616__5115/Y      -       A->Y   R     NAND2X4        6 25.4    91   106    2532    (-,-) 
  PC1/sub_126_48_g1462/Y  -       B->Y   F     NAND2X1        2 10.8   142   155    2687    (-,-) 
  PC1/sub_126_48_g1335/CO -       CI->CO F     ADDFX1         2 10.3   132   436    3123    (-,-) 
  PC1/sub_126_48_g1334/Y  -       B->Y   R     NAND2X1        1  5.0   101   118    3242    (-,-) 
  PC1/sub_126_48_g1329/Y  -       B->Y   F     NAND2X1        2  7.8   113   135    3377    (-,-) 
  PC1/sub_126_48_g1327/Y  -       B->Y   R     NAND2X1        1  7.8   124   131    3508    (-,-) 
  PC1/sub_126_48_g1326/Y  -       B->Y   F     NAND2X2        3 11.7    93   130    3638    (-,-) 
  PC1/sub_126_48_g1324/Y  -       B->Y   R     NAND2X1        1  5.0    79   101    3739    (-,-) 
  PC1/sub_126_48_g1323/Y  -       B->Y   F     NAND2X1        1  6.7   101   116    3856    (-,-) 
  PC1/sub_126_48_g1318/CO -       CI->CO F     ADDFX1         2  7.8   115   398    4254    (-,-) 
  PC1/sub_126_48_g1317/Y  -       B->Y   R     NAND2X1        1  7.8   121   132    4386    (-,-) 
  PC1/sub_126_48_g1316/Y  -       B->Y   F     NAND2X2        3 11.7    93   129    4515    (-,-) 
  PC1/sub_126_48_g1314/Y  -       C->Y   R     NAND3X1        2  9.0   157   134    4649    (-,-) 
  PC1/sub_126_48_g1310/Y  -       B->Y   F     NOR2X1         1  4.7    98   105    4754    (-,-) 
  PC1/sub_126_48_g1307/Y  -       A0->Y  R     AOI21X1        4 17.2   431   392    5145    (-,-) 
  PC1/sub_126_48_g1301/Y  -       B->Y   F     NOR2X1         2  8.7   137   212    5357    (-,-) 
  PC1/sub_126_48_g1294/Y  -       A0->Y  R     AOI21X1        3 15.8   402   385    5742    (-,-) 
  PC1/sub_126_48_g1289/Y  -       B->Y   F     NOR2X2         3 12.9   115   179    5921    (-,-) 
  PC1/sub_126_48_g1286/Y  -       B->Y   R     NAND2X1        1  7.8   107   132    6053    (-,-) 
  PC1/sub_126_48_g1283/Y  -       B->Y   F     NAND2X2        4 18.3   133   150    6203    (-,-) 
  PC1/sub_126_48_g1274/Y  -       C->Y   R     NAND3X2        1  7.8   121   111    6314    (-,-) 
  PC1/sub_126_48_g1270/Y  -       B->Y   F     NAND2X2        4 17.0   127   152    6466    (-,-) 
  PC1/sub_126_48_g1264/Y  -       B->Y   R     NAND2X1        1  7.8   109   138    6604    (-,-) 
  PC1/sub_126_48_g1263/Y  -       B->Y   F     NAND2X2        2  9.0    86   111    6715    (-,-) 
  PC1/sub_126_48_g1255/Y  -       B->Y   R     NAND2X1        1  7.8   123   119    6834    (-,-) 
  PC1/sub_126_48_g1254/Y  -       B->Y   F     NAND2X2        3 15.9   114   148    6982    (-,-) 
  PC1/sub_126_48_g1251/Y  -       B->Y   R     NAND2X2        1  7.8    99    98    7080    (-,-) 
  PC1/sub_126_48_g1249/Y  -       B->Y   F     NAND2X2        3 15.9   115   136    7217    (-,-) 
  PC1/sub_126_48_g1246/Y  -       B->Y   R     NAND2X2        1  7.8   101    99    7316    (-,-) 
  PC1/sub_126_48_g1245/Y  -       B->Y   F     NAND2X2        3 15.9   115   138    7453    (-,-) 
  PC1/sub_126_48_g1242/Y  -       B->Y   R     NAND2X2        1 13.1   122   121    7574    (-,-) 
  PC1/sub_126_48_g1241/Y  -       B->Y   F     NAND2X4        3 18.7    90   121    7695    (-,-) 
  PC1/sub_126_48_g1238/Y  -       B->Y   R     NAND2X2        1  7.8    98    88    7784    (-,-) 
  PC1/sub_126_48_g1237/Y  -       B->Y   F     NAND2X2        2  9.0    81   106    7890    (-,-) 
  PC1/sub_126_48_g1235/Y  -       B->Y   R     NAND2X1        1  5.0    84    96    7986    (-,-) 
  PC1/sub_126_48_g1234/Y  -       B0->Y  F     OAI21X1        1  5.0    95   127    8112    (-,-) 
  PC1/g45794/Y            -       B->Y   R     NAND2X1        1  5.0   108   102    8214    (-,-) 
  PC1/g45723/Y            -       B->Y   F     NAND2X1        2  8.8   119   147    8361    (-,-) 
  PC1/g45490__4733/Y      -       B->Y   R     NOR2X1         1  3.6   127   141    8502    (-,-) 
  PC1/g46318/Y            -       B->Y   R     AND2X2        16 63.2   351   500    9003    (-,-) 
  PC1/g38558/Y            -       A0->Y  F     OAI21X1        1  3.6   108   206    9209    (-,-) 
  PC1/RF_reg[14][31]/D    -       -      F     DFFRX1         1    -     -     0    9209    (-,-) 
#-------------------------------------------------------------------------------------------------



Path 19: MET (614 ps) Setup Check with Pin PC1/RF_reg[13][31]/CK->D
          Group: C2C
     Startpoint: (R) PC1/IR_reg[30]/CK
          Clock: (R) SYS_CLOCK
       Endpoint: (F) PC1/RF_reg[13][31]/D
          Clock: (R) SYS_CLOCK

                     Capture       Launch     
        Clock Edge:+   10000            0     
       Src Latency:+       0            0     
       Net Latency:+       0 (I)        0 (I) 
           Arrival:=   10000            0     
                                              
             Setup:-     177                  
     Required Time:=    9823                  
      Launch Clock:-       0                  
         Data Path:-    9209                  
             Slack:=     614                  

#-------------------------------------------------------------------------------------------------
#      Timing Point       Flags    Arc   Edge   Cell     Fanout Load Trans Delay Arrival Instance 
#                                                               (fF)  (ps)  (ps)   (ps)  Location 
#-------------------------------------------------------------------------------------------------
  PC1/IR_reg[30]/CK       -       -      R     (arrival)    587    -     0     0       0    (-,-) 
  PC1/IR_reg[30]/Q        -       CK->Q  F     DFFX1          3 12.3   102   491     491    (-,-) 
  PC1/g43941__4733/Y      -       A->Y   R     NOR2X2         2  8.3   130   160     651    (-,-) 
  PC1/g43922__8428/Y      -       B->Y   R     CLKAND2X2      2 16.7   106   224     875    (-,-) 
  PC1/g43628__2883/Y      -       A->Y   F     NAND2X4        7 37.0   132   157    1032    (-,-) 
  PC1/g43363__5115/Y      -       A1->Y  R     OAI21X2        2 14.1   225   235    1267    (-,-) 
  PC1/g43355/Y            -       A->Y   F     INVX2          3 26.4   116   177    1444    (-,-) 
  PC1/g43341__6417/Y      -       A->Y   R     NOR2X4         4 15.7   130   164    1608    (-,-) 
  PC1/g43308/Y            -       A->Y   F     CLKINVX1       1 12.9    92   136    1745    (-,-) 
  PC1/g43266__1881/Y      -       A->Y   R     NOR2X4        10 41.6   262   255    2000    (-,-) 
  PC1/g42958__2883/Y      -       B1->Y  F     AOI22X1        1  4.8   135   177    2177    (-,-) 
  PC1/g42702__4733/Y      -       A->Y   R     NAND2X1        1  7.6   115   150    2327    (-,-) 
  PC1/g42692__1617/Y      -       B->Y   F     NOR2X2         1 12.6    63    99    2426    (-,-) 
  PC1/g42616__5115/Y      -       A->Y   R     NAND2X4        6 25.4    91   106    2532    (-,-) 
  PC1/sub_126_48_g1462/Y  -       B->Y   F     NAND2X1        2 10.8   142   155    2687    (-,-) 
  PC1/sub_126_48_g1335/CO -       CI->CO F     ADDFX1         2 10.3   132   436    3123    (-,-) 
  PC1/sub_126_48_g1334/Y  -       B->Y   R     NAND2X1        1  5.0   101   118    3242    (-,-) 
  PC1/sub_126_48_g1329/Y  -       B->Y   F     NAND2X1        2  7.8   113   135    3377    (-,-) 
  PC1/sub_126_48_g1327/Y  -       B->Y   R     NAND2X1        1  7.8   124   131    3508    (-,-) 
  PC1/sub_126_48_g1326/Y  -       B->Y   F     NAND2X2        3 11.7    93   130    3638    (-,-) 
  PC1/sub_126_48_g1324/Y  -       B->Y   R     NAND2X1        1  5.0    79   101    3739    (-,-) 
  PC1/sub_126_48_g1323/Y  -       B->Y   F     NAND2X1        1  6.7   101   116    3856    (-,-) 
  PC1/sub_126_48_g1318/CO -       CI->CO F     ADDFX1         2  7.8   115   398    4254    (-,-) 
  PC1/sub_126_48_g1317/Y  -       B->Y   R     NAND2X1        1  7.8   121   132    4386    (-,-) 
  PC1/sub_126_48_g1316/Y  -       B->Y   F     NAND2X2        3 11.7    93   129    4515    (-,-) 
  PC1/sub_126_48_g1314/Y  -       C->Y   R     NAND3X1        2  9.0   157   134    4649    (-,-) 
  PC1/sub_126_48_g1310/Y  -       B->Y   F     NOR2X1         1  4.7    98   105    4754    (-,-) 
  PC1/sub_126_48_g1307/Y  -       A0->Y  R     AOI21X1        4 17.2   431   392    5145    (-,-) 
  PC1/sub_126_48_g1301/Y  -       B->Y   F     NOR2X1         2  8.7   137   212    5357    (-,-) 
  PC1/sub_126_48_g1294/Y  -       A0->Y  R     AOI21X1        3 15.8   402   385    5742    (-,-) 
  PC1/sub_126_48_g1289/Y  -       B->Y   F     NOR2X2         3 12.9   115   179    5921    (-,-) 
  PC1/sub_126_48_g1286/Y  -       B->Y   R     NAND2X1        1  7.8   107   132    6053    (-,-) 
  PC1/sub_126_48_g1283/Y  -       B->Y   F     NAND2X2        4 18.3   133   150    6203    (-,-) 
  PC1/sub_126_48_g1274/Y  -       C->Y   R     NAND3X2        1  7.8   121   111    6314    (-,-) 
  PC1/sub_126_48_g1270/Y  -       B->Y   F     NAND2X2        4 17.0   127   152    6466    (-,-) 
  PC1/sub_126_48_g1264/Y  -       B->Y   R     NAND2X1        1  7.8   109   138    6604    (-,-) 
  PC1/sub_126_48_g1263/Y  -       B->Y   F     NAND2X2        2  9.0    86   111    6715    (-,-) 
  PC1/sub_126_48_g1255/Y  -       B->Y   R     NAND2X1        1  7.8   123   119    6834    (-,-) 
  PC1/sub_126_48_g1254/Y  -       B->Y   F     NAND2X2        3 15.9   114   148    6982    (-,-) 
  PC1/sub_126_48_g1251/Y  -       B->Y   R     NAND2X2        1  7.8    99    98    7080    (-,-) 
  PC1/sub_126_48_g1249/Y  -       B->Y   F     NAND2X2        3 15.9   115   136    7217    (-,-) 
  PC1/sub_126_48_g1246/Y  -       B->Y   R     NAND2X2        1  7.8   101    99    7316    (-,-) 
  PC1/sub_126_48_g1245/Y  -       B->Y   F     NAND2X2        3 15.9   115   138    7453    (-,-) 
  PC1/sub_126_48_g1242/Y  -       B->Y   R     NAND2X2        1 13.1   122   121    7574    (-,-) 
  PC1/sub_126_48_g1241/Y  -       B->Y   F     NAND2X4        3 18.7    90   121    7695    (-,-) 
  PC1/sub_126_48_g1238/Y  -       B->Y   R     NAND2X2        1  7.8    98    88    7784    (-,-) 
  PC1/sub_126_48_g1237/Y  -       B->Y   F     NAND2X2        2  9.0    81   106    7890    (-,-) 
  PC1/sub_126_48_g1235/Y  -       B->Y   R     NAND2X1        1  5.0    84    96    7986    (-,-) 
  PC1/sub_126_48_g1234/Y  -       B0->Y  F     OAI21X1        1  5.0    95   127    8112    (-,-) 
  PC1/g45794/Y            -       B->Y   R     NAND2X1        1  5.0   108   102    8214    (-,-) 
  PC1/g45723/Y            -       B->Y   F     NAND2X1        2  8.8   119   147    8361    (-,-) 
  PC1/g45490__4733/Y      -       B->Y   R     NOR2X1         1  3.6   127   141    8502    (-,-) 
  PC1/g46318/Y            -       B->Y   R     AND2X2        16 63.2   351   500    9003    (-,-) 
  PC1/g38551/Y            -       A0->Y  F     OAI21X1        1  3.6   108   206    9209    (-,-) 
  PC1/RF_reg[13][31]/D    -       -      F     DFFRX1         1    -     -     0    9209    (-,-) 
#-------------------------------------------------------------------------------------------------



Path 20: MET (614 ps) Setup Check with Pin PC1/RF_reg[12][31]/CK->D
          Group: C2C
     Startpoint: (R) PC1/IR_reg[30]/CK
          Clock: (R) SYS_CLOCK
       Endpoint: (F) PC1/RF_reg[12][31]/D
          Clock: (R) SYS_CLOCK

                     Capture       Launch     
        Clock Edge:+   10000            0     
       Src Latency:+       0            0     
       Net Latency:+       0 (I)        0 (I) 
           Arrival:=   10000            0     
                                              
             Setup:-     177                  
     Required Time:=    9823                  
      Launch Clock:-       0                  
         Data Path:-    9209                  
             Slack:=     614                  

#-------------------------------------------------------------------------------------------------
#      Timing Point       Flags    Arc   Edge   Cell     Fanout Load Trans Delay Arrival Instance 
#                                                               (fF)  (ps)  (ps)   (ps)  Location 
#-------------------------------------------------------------------------------------------------
  PC1/IR_reg[30]/CK       -       -      R     (arrival)    587    -     0     0       0    (-,-) 
  PC1/IR_reg[30]/Q        -       CK->Q  F     DFFX1          3 12.3   102   491     491    (-,-) 
  PC1/g43941__4733/Y      -       A->Y   R     NOR2X2         2  8.3   130   160     651    (-,-) 
  PC1/g43922__8428/Y      -       B->Y   R     CLKAND2X2      2 16.7   106   224     875    (-,-) 
  PC1/g43628__2883/Y      -       A->Y   F     NAND2X4        7 37.0   132   157    1032    (-,-) 
  PC1/g43363__5115/Y      -       A1->Y  R     OAI21X2        2 14.1   225   235    1267    (-,-) 
  PC1/g43355/Y            -       A->Y   F     INVX2          3 26.4   116   177    1444    (-,-) 
  PC1/g43341__6417/Y      -       A->Y   R     NOR2X4         4 15.7   130   164    1608    (-,-) 
  PC1/g43308/Y            -       A->Y   F     CLKINVX1       1 12.9    92   136    1745    (-,-) 
  PC1/g43266__1881/Y      -       A->Y   R     NOR2X4        10 41.6   262   255    2000    (-,-) 
  PC1/g42958__2883/Y      -       B1->Y  F     AOI22X1        1  4.8   135   177    2177    (-,-) 
  PC1/g42702__4733/Y      -       A->Y   R     NAND2X1        1  7.6   115   150    2327    (-,-) 
  PC1/g42692__1617/Y      -       B->Y   F     NOR2X2         1 12.6    63    99    2426    (-,-) 
  PC1/g42616__5115/Y      -       A->Y   R     NAND2X4        6 25.4    91   106    2532    (-,-) 
  PC1/sub_126_48_g1462/Y  -       B->Y   F     NAND2X1        2 10.8   142   155    2687    (-,-) 
  PC1/sub_126_48_g1335/CO -       CI->CO F     ADDFX1         2 10.3   132   436    3123    (-,-) 
  PC1/sub_126_48_g1334/Y  -       B->Y   R     NAND2X1        1  5.0   101   118    3242    (-,-) 
  PC1/sub_126_48_g1329/Y  -       B->Y   F     NAND2X1        2  7.8   113   135    3377    (-,-) 
  PC1/sub_126_48_g1327/Y  -       B->Y   R     NAND2X1        1  7.8   124   131    3508    (-,-) 
  PC1/sub_126_48_g1326/Y  -       B->Y   F     NAND2X2        3 11.7    93   130    3638    (-,-) 
  PC1/sub_126_48_g1324/Y  -       B->Y   R     NAND2X1        1  5.0    79   101    3739    (-,-) 
  PC1/sub_126_48_g1323/Y  -       B->Y   F     NAND2X1        1  6.7   101   116    3856    (-,-) 
  PC1/sub_126_48_g1318/CO -       CI->CO F     ADDFX1         2  7.8   115   398    4254    (-,-) 
  PC1/sub_126_48_g1317/Y  -       B->Y   R     NAND2X1        1  7.8   121   132    4386    (-,-) 
  PC1/sub_126_48_g1316/Y  -       B->Y   F     NAND2X2        3 11.7    93   129    4515    (-,-) 
  PC1/sub_126_48_g1314/Y  -       C->Y   R     NAND3X1        2  9.0   157   134    4649    (-,-) 
  PC1/sub_126_48_g1310/Y  -       B->Y   F     NOR2X1         1  4.7    98   105    4754    (-,-) 
  PC1/sub_126_48_g1307/Y  -       A0->Y  R     AOI21X1        4 17.2   431   392    5145    (-,-) 
  PC1/sub_126_48_g1301/Y  -       B->Y   F     NOR2X1         2  8.7   137   212    5357    (-,-) 
  PC1/sub_126_48_g1294/Y  -       A0->Y  R     AOI21X1        3 15.8   402   385    5742    (-,-) 
  PC1/sub_126_48_g1289/Y  -       B->Y   F     NOR2X2         3 12.9   115   179    5921    (-,-) 
  PC1/sub_126_48_g1286/Y  -       B->Y   R     NAND2X1        1  7.8   107   132    6053    (-,-) 
  PC1/sub_126_48_g1283/Y  -       B->Y   F     NAND2X2        4 18.3   133   150    6203    (-,-) 
  PC1/sub_126_48_g1274/Y  -       C->Y   R     NAND3X2        1  7.8   121   111    6314    (-,-) 
  PC1/sub_126_48_g1270/Y  -       B->Y   F     NAND2X2        4 17.0   127   152    6466    (-,-) 
  PC1/sub_126_48_g1264/Y  -       B->Y   R     NAND2X1        1  7.8   109   138    6604    (-,-) 
  PC1/sub_126_48_g1263/Y  -       B->Y   F     NAND2X2        2  9.0    86   111    6715    (-,-) 
  PC1/sub_126_48_g1255/Y  -       B->Y   R     NAND2X1        1  7.8   123   119    6834    (-,-) 
  PC1/sub_126_48_g1254/Y  -       B->Y   F     NAND2X2        3 15.9   114   148    6982    (-,-) 
  PC1/sub_126_48_g1251/Y  -       B->Y   R     NAND2X2        1  7.8    99    98    7080    (-,-) 
  PC1/sub_126_48_g1249/Y  -       B->Y   F     NAND2X2        3 15.9   115   136    7217    (-,-) 
  PC1/sub_126_48_g1246/Y  -       B->Y   R     NAND2X2        1  7.8   101    99    7316    (-,-) 
  PC1/sub_126_48_g1245/Y  -       B->Y   F     NAND2X2        3 15.9   115   138    7453    (-,-) 
  PC1/sub_126_48_g1242/Y  -       B->Y   R     NAND2X2        1 13.1   122   121    7574    (-,-) 
  PC1/sub_126_48_g1241/Y  -       B->Y   F     NAND2X4        3 18.7    90   121    7695    (-,-) 
  PC1/sub_126_48_g1238/Y  -       B->Y   R     NAND2X2        1  7.8    98    88    7784    (-,-) 
  PC1/sub_126_48_g1237/Y  -       B->Y   F     NAND2X2        2  9.0    81   106    7890    (-,-) 
  PC1/sub_126_48_g1235/Y  -       B->Y   R     NAND2X1        1  5.0    84    96    7986    (-,-) 
  PC1/sub_126_48_g1234/Y  -       B0->Y  F     OAI21X1        1  5.0    95   127    8112    (-,-) 
  PC1/g45794/Y            -       B->Y   R     NAND2X1        1  5.0   108   102    8214    (-,-) 
  PC1/g45723/Y            -       B->Y   F     NAND2X1        2  8.8   119   147    8361    (-,-) 
  PC1/g45490__4733/Y      -       B->Y   R     NOR2X1         1  3.6   127   141    8502    (-,-) 
  PC1/g46318/Y            -       B->Y   R     AND2X2        16 63.2   351   500    9003    (-,-) 
  PC1/g38550/Y            -       A0->Y  F     OAI21X1        1  3.6   108   206    9209    (-,-) 
  PC1/RF_reg[12][31]/D    -       -      F     DFFRX1         1    -     -     0    9209    (-,-) 
#-------------------------------------------------------------------------------------------------



Path 21: MET (614 ps) Setup Check with Pin PC1/RF_reg[11][31]/CK->D
          Group: C2C
     Startpoint: (R) PC1/IR_reg[30]/CK
          Clock: (R) SYS_CLOCK
       Endpoint: (F) PC1/RF_reg[11][31]/D
          Clock: (R) SYS_CLOCK

                     Capture       Launch     
        Clock Edge:+   10000            0     
       Src Latency:+       0            0     
       Net Latency:+       0 (I)        0 (I) 
           Arrival:=   10000            0     
                                              
             Setup:-     177                  
     Required Time:=    9823                  
      Launch Clock:-       0                  
         Data Path:-    9209                  
             Slack:=     614                  

#-------------------------------------------------------------------------------------------------
#      Timing Point       Flags    Arc   Edge   Cell     Fanout Load Trans Delay Arrival Instance 
#                                                               (fF)  (ps)  (ps)   (ps)  Location 
#-------------------------------------------------------------------------------------------------
  PC1/IR_reg[30]/CK       -       -      R     (arrival)    587    -     0     0       0    (-,-) 
  PC1/IR_reg[30]/Q        -       CK->Q  F     DFFX1          3 12.3   102   491     491    (-,-) 
  PC1/g43941__4733/Y      -       A->Y   R     NOR2X2         2  8.3   130   160     651    (-,-) 
  PC1/g43922__8428/Y      -       B->Y   R     CLKAND2X2      2 16.7   106   224     875    (-,-) 
  PC1/g43628__2883/Y      -       A->Y   F     NAND2X4        7 37.0   132   157    1032    (-,-) 
  PC1/g43363__5115/Y      -       A1->Y  R     OAI21X2        2 14.1   225   235    1267    (-,-) 
  PC1/g43355/Y            -       A->Y   F     INVX2          3 26.4   116   177    1444    (-,-) 
  PC1/g43341__6417/Y      -       A->Y   R     NOR2X4         4 15.7   130   164    1608    (-,-) 
  PC1/g43308/Y            -       A->Y   F     CLKINVX1       1 12.9    92   136    1745    (-,-) 
  PC1/g43266__1881/Y      -       A->Y   R     NOR2X4        10 41.6   262   255    2000    (-,-) 
  PC1/g42958__2883/Y      -       B1->Y  F     AOI22X1        1  4.8   135   177    2177    (-,-) 
  PC1/g42702__4733/Y      -       A->Y   R     NAND2X1        1  7.6   115   150    2327    (-,-) 
  PC1/g42692__1617/Y      -       B->Y   F     NOR2X2         1 12.6    63    99    2426    (-,-) 
  PC1/g42616__5115/Y      -       A->Y   R     NAND2X4        6 25.4    91   106    2532    (-,-) 
  PC1/sub_126_48_g1462/Y  -       B->Y   F     NAND2X1        2 10.8   142   155    2687    (-,-) 
  PC1/sub_126_48_g1335/CO -       CI->CO F     ADDFX1         2 10.3   132   436    3123    (-,-) 
  PC1/sub_126_48_g1334/Y  -       B->Y   R     NAND2X1        1  5.0   101   118    3242    (-,-) 
  PC1/sub_126_48_g1329/Y  -       B->Y   F     NAND2X1        2  7.8   113   135    3377    (-,-) 
  PC1/sub_126_48_g1327/Y  -       B->Y   R     NAND2X1        1  7.8   124   131    3508    (-,-) 
  PC1/sub_126_48_g1326/Y  -       B->Y   F     NAND2X2        3 11.7    93   130    3638    (-,-) 
  PC1/sub_126_48_g1324/Y  -       B->Y   R     NAND2X1        1  5.0    79   101    3739    (-,-) 
  PC1/sub_126_48_g1323/Y  -       B->Y   F     NAND2X1        1  6.7   101   116    3856    (-,-) 
  PC1/sub_126_48_g1318/CO -       CI->CO F     ADDFX1         2  7.8   115   398    4254    (-,-) 
  PC1/sub_126_48_g1317/Y  -       B->Y   R     NAND2X1        1  7.8   121   132    4386    (-,-) 
  PC1/sub_126_48_g1316/Y  -       B->Y   F     NAND2X2        3 11.7    93   129    4515    (-,-) 
  PC1/sub_126_48_g1314/Y  -       C->Y   R     NAND3X1        2  9.0   157   134    4649    (-,-) 
  PC1/sub_126_48_g1310/Y  -       B->Y   F     NOR2X1         1  4.7    98   105    4754    (-,-) 
  PC1/sub_126_48_g1307/Y  -       A0->Y  R     AOI21X1        4 17.2   431   392    5145    (-,-) 
  PC1/sub_126_48_g1301/Y  -       B->Y   F     NOR2X1         2  8.7   137   212    5357    (-,-) 
  PC1/sub_126_48_g1294/Y  -       A0->Y  R     AOI21X1        3 15.8   402   385    5742    (-,-) 
  PC1/sub_126_48_g1289/Y  -       B->Y   F     NOR2X2         3 12.9   115   179    5921    (-,-) 
  PC1/sub_126_48_g1286/Y  -       B->Y   R     NAND2X1        1  7.8   107   132    6053    (-,-) 
  PC1/sub_126_48_g1283/Y  -       B->Y   F     NAND2X2        4 18.3   133   150    6203    (-,-) 
  PC1/sub_126_48_g1274/Y  -       C->Y   R     NAND3X2        1  7.8   121   111    6314    (-,-) 
  PC1/sub_126_48_g1270/Y  -       B->Y   F     NAND2X2        4 17.0   127   152    6466    (-,-) 
  PC1/sub_126_48_g1264/Y  -       B->Y   R     NAND2X1        1  7.8   109   138    6604    (-,-) 
  PC1/sub_126_48_g1263/Y  -       B->Y   F     NAND2X2        2  9.0    86   111    6715    (-,-) 
  PC1/sub_126_48_g1255/Y  -       B->Y   R     NAND2X1        1  7.8   123   119    6834    (-,-) 
  PC1/sub_126_48_g1254/Y  -       B->Y   F     NAND2X2        3 15.9   114   148    6982    (-,-) 
  PC1/sub_126_48_g1251/Y  -       B->Y   R     NAND2X2        1  7.8    99    98    7080    (-,-) 
  PC1/sub_126_48_g1249/Y  -       B->Y   F     NAND2X2        3 15.9   115   136    7217    (-,-) 
  PC1/sub_126_48_g1246/Y  -       B->Y   R     NAND2X2        1  7.8   101    99    7316    (-,-) 
  PC1/sub_126_48_g1245/Y  -       B->Y   F     NAND2X2        3 15.9   115   138    7453    (-,-) 
  PC1/sub_126_48_g1242/Y  -       B->Y   R     NAND2X2        1 13.1   122   121    7574    (-,-) 
  PC1/sub_126_48_g1241/Y  -       B->Y   F     NAND2X4        3 18.7    90   121    7695    (-,-) 
  PC1/sub_126_48_g1238/Y  -       B->Y   R     NAND2X2        1  7.8    98    88    7784    (-,-) 
  PC1/sub_126_48_g1237/Y  -       B->Y   F     NAND2X2        2  9.0    81   106    7890    (-,-) 
  PC1/sub_126_48_g1235/Y  -       B->Y   R     NAND2X1        1  5.0    84    96    7986    (-,-) 
  PC1/sub_126_48_g1234/Y  -       B0->Y  F     OAI21X1        1  5.0    95   127    8112    (-,-) 
  PC1/g45794/Y            -       B->Y   R     NAND2X1        1  5.0   108   102    8214    (-,-) 
  PC1/g45723/Y            -       B->Y   F     NAND2X1        2  8.8   119   147    8361    (-,-) 
  PC1/g45490__4733/Y      -       B->Y   R     NOR2X1         1  3.6   127   141    8502    (-,-) 
  PC1/g46318/Y            -       B->Y   R     AND2X2        16 63.2   351   500    9003    (-,-) 
  PC1/g38557/Y            -       A0->Y  F     OAI21X1        1  3.6   108   206    9209    (-,-) 
  PC1/RF_reg[11][31]/D    -       -      F     DFFRX1         1    -     -     0    9209    (-,-) 
#-------------------------------------------------------------------------------------------------



Path 22: MET (614 ps) Setup Check with Pin PC1/RF_reg[10][31]/CK->D
          Group: C2C
     Startpoint: (R) PC1/IR_reg[30]/CK
          Clock: (R) SYS_CLOCK
       Endpoint: (F) PC1/RF_reg[10][31]/D
          Clock: (R) SYS_CLOCK

                     Capture       Launch     
        Clock Edge:+   10000            0     
       Src Latency:+       0            0     
       Net Latency:+       0 (I)        0 (I) 
           Arrival:=   10000            0     
                                              
             Setup:-     177                  
     Required Time:=    9823                  
      Launch Clock:-       0                  
         Data Path:-    9209                  
             Slack:=     614                  

#-------------------------------------------------------------------------------------------------
#      Timing Point       Flags    Arc   Edge   Cell     Fanout Load Trans Delay Arrival Instance 
#                                                               (fF)  (ps)  (ps)   (ps)  Location 
#-------------------------------------------------------------------------------------------------
  PC1/IR_reg[30]/CK       -       -      R     (arrival)    587    -     0     0       0    (-,-) 
  PC1/IR_reg[30]/Q        -       CK->Q  F     DFFX1          3 12.3   102   491     491    (-,-) 
  PC1/g43941__4733/Y      -       A->Y   R     NOR2X2         2  8.3   130   160     651    (-,-) 
  PC1/g43922__8428/Y      -       B->Y   R     CLKAND2X2      2 16.7   106   224     875    (-,-) 
  PC1/g43628__2883/Y      -       A->Y   F     NAND2X4        7 37.0   132   157    1032    (-,-) 
  PC1/g43363__5115/Y      -       A1->Y  R     OAI21X2        2 14.1   225   235    1267    (-,-) 
  PC1/g43355/Y            -       A->Y   F     INVX2          3 26.4   116   177    1444    (-,-) 
  PC1/g43341__6417/Y      -       A->Y   R     NOR2X4         4 15.7   130   164    1608    (-,-) 
  PC1/g43308/Y            -       A->Y   F     CLKINVX1       1 12.9    92   136    1745    (-,-) 
  PC1/g43266__1881/Y      -       A->Y   R     NOR2X4        10 41.6   262   255    2000    (-,-) 
  PC1/g42958__2883/Y      -       B1->Y  F     AOI22X1        1  4.8   135   177    2177    (-,-) 
  PC1/g42702__4733/Y      -       A->Y   R     NAND2X1        1  7.6   115   150    2327    (-,-) 
  PC1/g42692__1617/Y      -       B->Y   F     NOR2X2         1 12.6    63    99    2426    (-,-) 
  PC1/g42616__5115/Y      -       A->Y   R     NAND2X4        6 25.4    91   106    2532    (-,-) 
  PC1/sub_126_48_g1462/Y  -       B->Y   F     NAND2X1        2 10.8   142   155    2687    (-,-) 
  PC1/sub_126_48_g1335/CO -       CI->CO F     ADDFX1         2 10.3   132   436    3123    (-,-) 
  PC1/sub_126_48_g1334/Y  -       B->Y   R     NAND2X1        1  5.0   101   118    3242    (-,-) 
  PC1/sub_126_48_g1329/Y  -       B->Y   F     NAND2X1        2  7.8   113   135    3377    (-,-) 
  PC1/sub_126_48_g1327/Y  -       B->Y   R     NAND2X1        1  7.8   124   131    3508    (-,-) 
  PC1/sub_126_48_g1326/Y  -       B->Y   F     NAND2X2        3 11.7    93   130    3638    (-,-) 
  PC1/sub_126_48_g1324/Y  -       B->Y   R     NAND2X1        1  5.0    79   101    3739    (-,-) 
  PC1/sub_126_48_g1323/Y  -       B->Y   F     NAND2X1        1  6.7   101   116    3856    (-,-) 
  PC1/sub_126_48_g1318/CO -       CI->CO F     ADDFX1         2  7.8   115   398    4254    (-,-) 
  PC1/sub_126_48_g1317/Y  -       B->Y   R     NAND2X1        1  7.8   121   132    4386    (-,-) 
  PC1/sub_126_48_g1316/Y  -       B->Y   F     NAND2X2        3 11.7    93   129    4515    (-,-) 
  PC1/sub_126_48_g1314/Y  -       C->Y   R     NAND3X1        2  9.0   157   134    4649    (-,-) 
  PC1/sub_126_48_g1310/Y  -       B->Y   F     NOR2X1         1  4.7    98   105    4754    (-,-) 
  PC1/sub_126_48_g1307/Y  -       A0->Y  R     AOI21X1        4 17.2   431   392    5145    (-,-) 
  PC1/sub_126_48_g1301/Y  -       B->Y   F     NOR2X1         2  8.7   137   212    5357    (-,-) 
  PC1/sub_126_48_g1294/Y  -       A0->Y  R     AOI21X1        3 15.8   402   385    5742    (-,-) 
  PC1/sub_126_48_g1289/Y  -       B->Y   F     NOR2X2         3 12.9   115   179    5921    (-,-) 
  PC1/sub_126_48_g1286/Y  -       B->Y   R     NAND2X1        1  7.8   107   132    6053    (-,-) 
  PC1/sub_126_48_g1283/Y  -       B->Y   F     NAND2X2        4 18.3   133   150    6203    (-,-) 
  PC1/sub_126_48_g1274/Y  -       C->Y   R     NAND3X2        1  7.8   121   111    6314    (-,-) 
  PC1/sub_126_48_g1270/Y  -       B->Y   F     NAND2X2        4 17.0   127   152    6466    (-,-) 
  PC1/sub_126_48_g1264/Y  -       B->Y   R     NAND2X1        1  7.8   109   138    6604    (-,-) 
  PC1/sub_126_48_g1263/Y  -       B->Y   F     NAND2X2        2  9.0    86   111    6715    (-,-) 
  PC1/sub_126_48_g1255/Y  -       B->Y   R     NAND2X1        1  7.8   123   119    6834    (-,-) 
  PC1/sub_126_48_g1254/Y  -       B->Y   F     NAND2X2        3 15.9   114   148    6982    (-,-) 
  PC1/sub_126_48_g1251/Y  -       B->Y   R     NAND2X2        1  7.8    99    98    7080    (-,-) 
  PC1/sub_126_48_g1249/Y  -       B->Y   F     NAND2X2        3 15.9   115   136    7217    (-,-) 
  PC1/sub_126_48_g1246/Y  -       B->Y   R     NAND2X2        1  7.8   101    99    7316    (-,-) 
  PC1/sub_126_48_g1245/Y  -       B->Y   F     NAND2X2        3 15.9   115   138    7453    (-,-) 
  PC1/sub_126_48_g1242/Y  -       B->Y   R     NAND2X2        1 13.1   122   121    7574    (-,-) 
  PC1/sub_126_48_g1241/Y  -       B->Y   F     NAND2X4        3 18.7    90   121    7695    (-,-) 
  PC1/sub_126_48_g1238/Y  -       B->Y   R     NAND2X2        1  7.8    98    88    7784    (-,-) 
  PC1/sub_126_48_g1237/Y  -       B->Y   F     NAND2X2        2  9.0    81   106    7890    (-,-) 
  PC1/sub_126_48_g1235/Y  -       B->Y   R     NAND2X1        1  5.0    84    96    7986    (-,-) 
  PC1/sub_126_48_g1234/Y  -       B0->Y  F     OAI21X1        1  5.0    95   127    8112    (-,-) 
  PC1/g45794/Y            -       B->Y   R     NAND2X1        1  5.0   108   102    8214    (-,-) 
  PC1/g45723/Y            -       B->Y   F     NAND2X1        2  8.8   119   147    8361    (-,-) 
  PC1/g45490__4733/Y      -       B->Y   R     NOR2X1         1  3.6   127   141    8502    (-,-) 
  PC1/g46318/Y            -       B->Y   R     AND2X2        16 63.2   351   500    9003    (-,-) 
  PC1/g38556/Y            -       A0->Y  F     OAI21X1        1  3.6   108   206    9209    (-,-) 
  PC1/RF_reg[10][31]/D    -       -      F     DFFRX1         1    -     -     0    9209    (-,-) 
#-------------------------------------------------------------------------------------------------



Path 23: MET (614 ps) Setup Check with Pin PC1/RF_reg[9][31]/CK->D
          Group: C2C
     Startpoint: (R) PC1/IR_reg[30]/CK
          Clock: (R) SYS_CLOCK
       Endpoint: (F) PC1/RF_reg[9][31]/D
          Clock: (R) SYS_CLOCK

                     Capture       Launch     
        Clock Edge:+   10000            0     
       Src Latency:+       0            0     
       Net Latency:+       0 (I)        0 (I) 
           Arrival:=   10000            0     
                                              
             Setup:-     177                  
     Required Time:=    9823                  
      Launch Clock:-       0                  
         Data Path:-    9209                  
             Slack:=     614                  

#-------------------------------------------------------------------------------------------------
#      Timing Point       Flags    Arc   Edge   Cell     Fanout Load Trans Delay Arrival Instance 
#                                                               (fF)  (ps)  (ps)   (ps)  Location 
#-------------------------------------------------------------------------------------------------
  PC1/IR_reg[30]/CK       -       -      R     (arrival)    587    -     0     0       0    (-,-) 
  PC1/IR_reg[30]/Q        -       CK->Q  F     DFFX1          3 12.3   102   491     491    (-,-) 
  PC1/g43941__4733/Y      -       A->Y   R     NOR2X2         2  8.3   130   160     651    (-,-) 
  PC1/g43922__8428/Y      -       B->Y   R     CLKAND2X2      2 16.7   106   224     875    (-,-) 
  PC1/g43628__2883/Y      -       A->Y   F     NAND2X4        7 37.0   132   157    1032    (-,-) 
  PC1/g43363__5115/Y      -       A1->Y  R     OAI21X2        2 14.1   225   235    1267    (-,-) 
  PC1/g43355/Y            -       A->Y   F     INVX2          3 26.4   116   177    1444    (-,-) 
  PC1/g43341__6417/Y      -       A->Y   R     NOR2X4         4 15.7   130   164    1608    (-,-) 
  PC1/g43308/Y            -       A->Y   F     CLKINVX1       1 12.9    92   136    1745    (-,-) 
  PC1/g43266__1881/Y      -       A->Y   R     NOR2X4        10 41.6   262   255    2000    (-,-) 
  PC1/g42958__2883/Y      -       B1->Y  F     AOI22X1        1  4.8   135   177    2177    (-,-) 
  PC1/g42702__4733/Y      -       A->Y   R     NAND2X1        1  7.6   115   150    2327    (-,-) 
  PC1/g42692__1617/Y      -       B->Y   F     NOR2X2         1 12.6    63    99    2426    (-,-) 
  PC1/g42616__5115/Y      -       A->Y   R     NAND2X4        6 25.4    91   106    2532    (-,-) 
  PC1/sub_126_48_g1462/Y  -       B->Y   F     NAND2X1        2 10.8   142   155    2687    (-,-) 
  PC1/sub_126_48_g1335/CO -       CI->CO F     ADDFX1         2 10.3   132   436    3123    (-,-) 
  PC1/sub_126_48_g1334/Y  -       B->Y   R     NAND2X1        1  5.0   101   118    3242    (-,-) 
  PC1/sub_126_48_g1329/Y  -       B->Y   F     NAND2X1        2  7.8   113   135    3377    (-,-) 
  PC1/sub_126_48_g1327/Y  -       B->Y   R     NAND2X1        1  7.8   124   131    3508    (-,-) 
  PC1/sub_126_48_g1326/Y  -       B->Y   F     NAND2X2        3 11.7    93   130    3638    (-,-) 
  PC1/sub_126_48_g1324/Y  -       B->Y   R     NAND2X1        1  5.0    79   101    3739    (-,-) 
  PC1/sub_126_48_g1323/Y  -       B->Y   F     NAND2X1        1  6.7   101   116    3856    (-,-) 
  PC1/sub_126_48_g1318/CO -       CI->CO F     ADDFX1         2  7.8   115   398    4254    (-,-) 
  PC1/sub_126_48_g1317/Y  -       B->Y   R     NAND2X1        1  7.8   121   132    4386    (-,-) 
  PC1/sub_126_48_g1316/Y  -       B->Y   F     NAND2X2        3 11.7    93   129    4515    (-,-) 
  PC1/sub_126_48_g1314/Y  -       C->Y   R     NAND3X1        2  9.0   157   134    4649    (-,-) 
  PC1/sub_126_48_g1310/Y  -       B->Y   F     NOR2X1         1  4.7    98   105    4754    (-,-) 
  PC1/sub_126_48_g1307/Y  -       A0->Y  R     AOI21X1        4 17.2   431   392    5145    (-,-) 
  PC1/sub_126_48_g1301/Y  -       B->Y   F     NOR2X1         2  8.7   137   212    5357    (-,-) 
  PC1/sub_126_48_g1294/Y  -       A0->Y  R     AOI21X1        3 15.8   402   385    5742    (-,-) 
  PC1/sub_126_48_g1289/Y  -       B->Y   F     NOR2X2         3 12.9   115   179    5921    (-,-) 
  PC1/sub_126_48_g1286/Y  -       B->Y   R     NAND2X1        1  7.8   107   132    6053    (-,-) 
  PC1/sub_126_48_g1283/Y  -       B->Y   F     NAND2X2        4 18.3   133   150    6203    (-,-) 
  PC1/sub_126_48_g1274/Y  -       C->Y   R     NAND3X2        1  7.8   121   111    6314    (-,-) 
  PC1/sub_126_48_g1270/Y  -       B->Y   F     NAND2X2        4 17.0   127   152    6466    (-,-) 
  PC1/sub_126_48_g1264/Y  -       B->Y   R     NAND2X1        1  7.8   109   138    6604    (-,-) 
  PC1/sub_126_48_g1263/Y  -       B->Y   F     NAND2X2        2  9.0    86   111    6715    (-,-) 
  PC1/sub_126_48_g1255/Y  -       B->Y   R     NAND2X1        1  7.8   123   119    6834    (-,-) 
  PC1/sub_126_48_g1254/Y  -       B->Y   F     NAND2X2        3 15.9   114   148    6982    (-,-) 
  PC1/sub_126_48_g1251/Y  -       B->Y   R     NAND2X2        1  7.8    99    98    7080    (-,-) 
  PC1/sub_126_48_g1249/Y  -       B->Y   F     NAND2X2        3 15.9   115   136    7217    (-,-) 
  PC1/sub_126_48_g1246/Y  -       B->Y   R     NAND2X2        1  7.8   101    99    7316    (-,-) 
  PC1/sub_126_48_g1245/Y  -       B->Y   F     NAND2X2        3 15.9   115   138    7453    (-,-) 
  PC1/sub_126_48_g1242/Y  -       B->Y   R     NAND2X2        1 13.1   122   121    7574    (-,-) 
  PC1/sub_126_48_g1241/Y  -       B->Y   F     NAND2X4        3 18.7    90   121    7695    (-,-) 
  PC1/sub_126_48_g1238/Y  -       B->Y   R     NAND2X2        1  7.8    98    88    7784    (-,-) 
  PC1/sub_126_48_g1237/Y  -       B->Y   F     NAND2X2        2  9.0    81   106    7890    (-,-) 
  PC1/sub_126_48_g1235/Y  -       B->Y   R     NAND2X1        1  5.0    84    96    7986    (-,-) 
  PC1/sub_126_48_g1234/Y  -       B0->Y  F     OAI21X1        1  5.0    95   127    8112    (-,-) 
  PC1/g45794/Y            -       B->Y   R     NAND2X1        1  5.0   108   102    8214    (-,-) 
  PC1/g45723/Y            -       B->Y   F     NAND2X1        2  8.8   119   147    8361    (-,-) 
  PC1/g45490__4733/Y      -       B->Y   R     NOR2X1         1  3.6   127   141    8502    (-,-) 
  PC1/g46318/Y            -       B->Y   R     AND2X2        16 63.2   351   500    9003    (-,-) 
  PC1/g38548/Y            -       A0->Y  F     OAI21X1        1  3.6   108   206    9209    (-,-) 
  PC1/RF_reg[9][31]/D     -       -      F     DFFRX1         1    -     -     0    9209    (-,-) 
#-------------------------------------------------------------------------------------------------



Path 24: MET (614 ps) Setup Check with Pin PC1/RF_reg[8][31]/CK->D
          Group: C2C
     Startpoint: (R) PC1/IR_reg[30]/CK
          Clock: (R) SYS_CLOCK
       Endpoint: (F) PC1/RF_reg[8][31]/D
          Clock: (R) SYS_CLOCK

                     Capture       Launch     
        Clock Edge:+   10000            0     
       Src Latency:+       0            0     
       Net Latency:+       0 (I)        0 (I) 
           Arrival:=   10000            0     
                                              
             Setup:-     177                  
     Required Time:=    9823                  
      Launch Clock:-       0                  
         Data Path:-    9209                  
             Slack:=     614                  

#-------------------------------------------------------------------------------------------------
#      Timing Point       Flags    Arc   Edge   Cell     Fanout Load Trans Delay Arrival Instance 
#                                                               (fF)  (ps)  (ps)   (ps)  Location 
#-------------------------------------------------------------------------------------------------
  PC1/IR_reg[30]/CK       -       -      R     (arrival)    587    -     0     0       0    (-,-) 
  PC1/IR_reg[30]/Q        -       CK->Q  F     DFFX1          3 12.3   102   491     491    (-,-) 
  PC1/g43941__4733/Y      -       A->Y   R     NOR2X2         2  8.3   130   160     651    (-,-) 
  PC1/g43922__8428/Y      -       B->Y   R     CLKAND2X2      2 16.7   106   224     875    (-,-) 
  PC1/g43628__2883/Y      -       A->Y   F     NAND2X4        7 37.0   132   157    1032    (-,-) 
  PC1/g43363__5115/Y      -       A1->Y  R     OAI21X2        2 14.1   225   235    1267    (-,-) 
  PC1/g43355/Y            -       A->Y   F     INVX2          3 26.4   116   177    1444    (-,-) 
  PC1/g43341__6417/Y      -       A->Y   R     NOR2X4         4 15.7   130   164    1608    (-,-) 
  PC1/g43308/Y            -       A->Y   F     CLKINVX1       1 12.9    92   136    1745    (-,-) 
  PC1/g43266__1881/Y      -       A->Y   R     NOR2X4        10 41.6   262   255    2000    (-,-) 
  PC1/g42958__2883/Y      -       B1->Y  F     AOI22X1        1  4.8   135   177    2177    (-,-) 
  PC1/g42702__4733/Y      -       A->Y   R     NAND2X1        1  7.6   115   150    2327    (-,-) 
  PC1/g42692__1617/Y      -       B->Y   F     NOR2X2         1 12.6    63    99    2426    (-,-) 
  PC1/g42616__5115/Y      -       A->Y   R     NAND2X4        6 25.4    91   106    2532    (-,-) 
  PC1/sub_126_48_g1462/Y  -       B->Y   F     NAND2X1        2 10.8   142   155    2687    (-,-) 
  PC1/sub_126_48_g1335/CO -       CI->CO F     ADDFX1         2 10.3   132   436    3123    (-,-) 
  PC1/sub_126_48_g1334/Y  -       B->Y   R     NAND2X1        1  5.0   101   118    3242    (-,-) 
  PC1/sub_126_48_g1329/Y  -       B->Y   F     NAND2X1        2  7.8   113   135    3377    (-,-) 
  PC1/sub_126_48_g1327/Y  -       B->Y   R     NAND2X1        1  7.8   124   131    3508    (-,-) 
  PC1/sub_126_48_g1326/Y  -       B->Y   F     NAND2X2        3 11.7    93   130    3638    (-,-) 
  PC1/sub_126_48_g1324/Y  -       B->Y   R     NAND2X1        1  5.0    79   101    3739    (-,-) 
  PC1/sub_126_48_g1323/Y  -       B->Y   F     NAND2X1        1  6.7   101   116    3856    (-,-) 
  PC1/sub_126_48_g1318/CO -       CI->CO F     ADDFX1         2  7.8   115   398    4254    (-,-) 
  PC1/sub_126_48_g1317/Y  -       B->Y   R     NAND2X1        1  7.8   121   132    4386    (-,-) 
  PC1/sub_126_48_g1316/Y  -       B->Y   F     NAND2X2        3 11.7    93   129    4515    (-,-) 
  PC1/sub_126_48_g1314/Y  -       C->Y   R     NAND3X1        2  9.0   157   134    4649    (-,-) 
  PC1/sub_126_48_g1310/Y  -       B->Y   F     NOR2X1         1  4.7    98   105    4754    (-,-) 
  PC1/sub_126_48_g1307/Y  -       A0->Y  R     AOI21X1        4 17.2   431   392    5145    (-,-) 
  PC1/sub_126_48_g1301/Y  -       B->Y   F     NOR2X1         2  8.7   137   212    5357    (-,-) 
  PC1/sub_126_48_g1294/Y  -       A0->Y  R     AOI21X1        3 15.8   402   385    5742    (-,-) 
  PC1/sub_126_48_g1289/Y  -       B->Y   F     NOR2X2         3 12.9   115   179    5921    (-,-) 
  PC1/sub_126_48_g1286/Y  -       B->Y   R     NAND2X1        1  7.8   107   132    6053    (-,-) 
  PC1/sub_126_48_g1283/Y  -       B->Y   F     NAND2X2        4 18.3   133   150    6203    (-,-) 
  PC1/sub_126_48_g1274/Y  -       C->Y   R     NAND3X2        1  7.8   121   111    6314    (-,-) 
  PC1/sub_126_48_g1270/Y  -       B->Y   F     NAND2X2        4 17.0   127   152    6466    (-,-) 
  PC1/sub_126_48_g1264/Y  -       B->Y   R     NAND2X1        1  7.8   109   138    6604    (-,-) 
  PC1/sub_126_48_g1263/Y  -       B->Y   F     NAND2X2        2  9.0    86   111    6715    (-,-) 
  PC1/sub_126_48_g1255/Y  -       B->Y   R     NAND2X1        1  7.8   123   119    6834    (-,-) 
  PC1/sub_126_48_g1254/Y  -       B->Y   F     NAND2X2        3 15.9   114   148    6982    (-,-) 
  PC1/sub_126_48_g1251/Y  -       B->Y   R     NAND2X2        1  7.8    99    98    7080    (-,-) 
  PC1/sub_126_48_g1249/Y  -       B->Y   F     NAND2X2        3 15.9   115   136    7217    (-,-) 
  PC1/sub_126_48_g1246/Y  -       B->Y   R     NAND2X2        1  7.8   101    99    7316    (-,-) 
  PC1/sub_126_48_g1245/Y  -       B->Y   F     NAND2X2        3 15.9   115   138    7453    (-,-) 
  PC1/sub_126_48_g1242/Y  -       B->Y   R     NAND2X2        1 13.1   122   121    7574    (-,-) 
  PC1/sub_126_48_g1241/Y  -       B->Y   F     NAND2X4        3 18.7    90   121    7695    (-,-) 
  PC1/sub_126_48_g1238/Y  -       B->Y   R     NAND2X2        1  7.8    98    88    7784    (-,-) 
  PC1/sub_126_48_g1237/Y  -       B->Y   F     NAND2X2        2  9.0    81   106    7890    (-,-) 
  PC1/sub_126_48_g1235/Y  -       B->Y   R     NAND2X1        1  5.0    84    96    7986    (-,-) 
  PC1/sub_126_48_g1234/Y  -       B0->Y  F     OAI21X1        1  5.0    95   127    8112    (-,-) 
  PC1/g45794/Y            -       B->Y   R     NAND2X1        1  5.0   108   102    8214    (-,-) 
  PC1/g45723/Y            -       B->Y   F     NAND2X1        2  8.8   119   147    8361    (-,-) 
  PC1/g45490__4733/Y      -       B->Y   R     NOR2X1         1  3.6   127   141    8502    (-,-) 
  PC1/g46318/Y            -       B->Y   R     AND2X2        16 63.2   351   500    9003    (-,-) 
  PC1/g38546/Y            -       A0->Y  F     OAI21X1        1  3.6   108   206    9209    (-,-) 
  PC1/RF_reg[8][31]/D     -       -      F     DFFRX1         1    -     -     0    9209    (-,-) 
#-------------------------------------------------------------------------------------------------



Path 25: MET (614 ps) Setup Check with Pin PC1/RF_reg[7][31]/CK->D
          Group: C2C
     Startpoint: (R) PC1/IR_reg[30]/CK
          Clock: (R) SYS_CLOCK
       Endpoint: (F) PC1/RF_reg[7][31]/D
          Clock: (R) SYS_CLOCK

                     Capture       Launch     
        Clock Edge:+   10000            0     
       Src Latency:+       0            0     
       Net Latency:+       0 (I)        0 (I) 
           Arrival:=   10000            0     
                                              
             Setup:-     177                  
     Required Time:=    9823                  
      Launch Clock:-       0                  
         Data Path:-    9209                  
             Slack:=     614                  

#-------------------------------------------------------------------------------------------------
#      Timing Point       Flags    Arc   Edge   Cell     Fanout Load Trans Delay Arrival Instance 
#                                                               (fF)  (ps)  (ps)   (ps)  Location 
#-------------------------------------------------------------------------------------------------
  PC1/IR_reg[30]/CK       -       -      R     (arrival)    587    -     0     0       0    (-,-) 
  PC1/IR_reg[30]/Q        -       CK->Q  F     DFFX1          3 12.3   102   491     491    (-,-) 
  PC1/g43941__4733/Y      -       A->Y   R     NOR2X2         2  8.3   130   160     651    (-,-) 
  PC1/g43922__8428/Y      -       B->Y   R     CLKAND2X2      2 16.7   106   224     875    (-,-) 
  PC1/g43628__2883/Y      -       A->Y   F     NAND2X4        7 37.0   132   157    1032    (-,-) 
  PC1/g43363__5115/Y      -       A1->Y  R     OAI21X2        2 14.1   225   235    1267    (-,-) 
  PC1/g43355/Y            -       A->Y   F     INVX2          3 26.4   116   177    1444    (-,-) 
  PC1/g43341__6417/Y      -       A->Y   R     NOR2X4         4 15.7   130   164    1608    (-,-) 
  PC1/g43308/Y            -       A->Y   F     CLKINVX1       1 12.9    92   136    1745    (-,-) 
  PC1/g43266__1881/Y      -       A->Y   R     NOR2X4        10 41.6   262   255    2000    (-,-) 
  PC1/g42958__2883/Y      -       B1->Y  F     AOI22X1        1  4.8   135   177    2177    (-,-) 
  PC1/g42702__4733/Y      -       A->Y   R     NAND2X1        1  7.6   115   150    2327    (-,-) 
  PC1/g42692__1617/Y      -       B->Y   F     NOR2X2         1 12.6    63    99    2426    (-,-) 
  PC1/g42616__5115/Y      -       A->Y   R     NAND2X4        6 25.4    91   106    2532    (-,-) 
  PC1/sub_126_48_g1462/Y  -       B->Y   F     NAND2X1        2 10.8   142   155    2687    (-,-) 
  PC1/sub_126_48_g1335/CO -       CI->CO F     ADDFX1         2 10.3   132   436    3123    (-,-) 
  PC1/sub_126_48_g1334/Y  -       B->Y   R     NAND2X1        1  5.0   101   118    3242    (-,-) 
  PC1/sub_126_48_g1329/Y  -       B->Y   F     NAND2X1        2  7.8   113   135    3377    (-,-) 
  PC1/sub_126_48_g1327/Y  -       B->Y   R     NAND2X1        1  7.8   124   131    3508    (-,-) 
  PC1/sub_126_48_g1326/Y  -       B->Y   F     NAND2X2        3 11.7    93   130    3638    (-,-) 
  PC1/sub_126_48_g1324/Y  -       B->Y   R     NAND2X1        1  5.0    79   101    3739    (-,-) 
  PC1/sub_126_48_g1323/Y  -       B->Y   F     NAND2X1        1  6.7   101   116    3856    (-,-) 
  PC1/sub_126_48_g1318/CO -       CI->CO F     ADDFX1         2  7.8   115   398    4254    (-,-) 
  PC1/sub_126_48_g1317/Y  -       B->Y   R     NAND2X1        1  7.8   121   132    4386    (-,-) 
  PC1/sub_126_48_g1316/Y  -       B->Y   F     NAND2X2        3 11.7    93   129    4515    (-,-) 
  PC1/sub_126_48_g1314/Y  -       C->Y   R     NAND3X1        2  9.0   157   134    4649    (-,-) 
  PC1/sub_126_48_g1310/Y  -       B->Y   F     NOR2X1         1  4.7    98   105    4754    (-,-) 
  PC1/sub_126_48_g1307/Y  -       A0->Y  R     AOI21X1        4 17.2   431   392    5145    (-,-) 
  PC1/sub_126_48_g1301/Y  -       B->Y   F     NOR2X1         2  8.7   137   212    5357    (-,-) 
  PC1/sub_126_48_g1294/Y  -       A0->Y  R     AOI21X1        3 15.8   402   385    5742    (-,-) 
  PC1/sub_126_48_g1289/Y  -       B->Y   F     NOR2X2         3 12.9   115   179    5921    (-,-) 
  PC1/sub_126_48_g1286/Y  -       B->Y   R     NAND2X1        1  7.8   107   132    6053    (-,-) 
  PC1/sub_126_48_g1283/Y  -       B->Y   F     NAND2X2        4 18.3   133   150    6203    (-,-) 
  PC1/sub_126_48_g1274/Y  -       C->Y   R     NAND3X2        1  7.8   121   111    6314    (-,-) 
  PC1/sub_126_48_g1270/Y  -       B->Y   F     NAND2X2        4 17.0   127   152    6466    (-,-) 
  PC1/sub_126_48_g1264/Y  -       B->Y   R     NAND2X1        1  7.8   109   138    6604    (-,-) 
  PC1/sub_126_48_g1263/Y  -       B->Y   F     NAND2X2        2  9.0    86   111    6715    (-,-) 
  PC1/sub_126_48_g1255/Y  -       B->Y   R     NAND2X1        1  7.8   123   119    6834    (-,-) 
  PC1/sub_126_48_g1254/Y  -       B->Y   F     NAND2X2        3 15.9   114   148    6982    (-,-) 
  PC1/sub_126_48_g1251/Y  -       B->Y   R     NAND2X2        1  7.8    99    98    7080    (-,-) 
  PC1/sub_126_48_g1249/Y  -       B->Y   F     NAND2X2        3 15.9   115   136    7217    (-,-) 
  PC1/sub_126_48_g1246/Y  -       B->Y   R     NAND2X2        1  7.8   101    99    7316    (-,-) 
  PC1/sub_126_48_g1245/Y  -       B->Y   F     NAND2X2        3 15.9   115   138    7453    (-,-) 
  PC1/sub_126_48_g1242/Y  -       B->Y   R     NAND2X2        1 13.1   122   121    7574    (-,-) 
  PC1/sub_126_48_g1241/Y  -       B->Y   F     NAND2X4        3 18.7    90   121    7695    (-,-) 
  PC1/sub_126_48_g1238/Y  -       B->Y   R     NAND2X2        1  7.8    98    88    7784    (-,-) 
  PC1/sub_126_48_g1237/Y  -       B->Y   F     NAND2X2        2  9.0    81   106    7890    (-,-) 
  PC1/sub_126_48_g1235/Y  -       B->Y   R     NAND2X1        1  5.0    84    96    7986    (-,-) 
  PC1/sub_126_48_g1234/Y  -       B0->Y  F     OAI21X1        1  5.0    95   127    8112    (-,-) 
  PC1/g45794/Y            -       B->Y   R     NAND2X1        1  5.0   108   102    8214    (-,-) 
  PC1/g45723/Y            -       B->Y   F     NAND2X1        2  8.8   119   147    8361    (-,-) 
  PC1/g45490__4733/Y      -       B->Y   R     NOR2X1         1  3.6   127   141    8502    (-,-) 
  PC1/g46318/Y            -       B->Y   R     AND2X2        16 63.2   351   500    9003    (-,-) 
  PC1/g38561/Y            -       A0->Y  F     OAI21X1        1  3.6   108   206    9209    (-,-) 
  PC1/RF_reg[7][31]/D     -       -      F     DFFRX1         1    -     -     0    9209    (-,-) 
#-------------------------------------------------------------------------------------------------



Path 26: MET (614 ps) Setup Check with Pin PC1/RF_reg[6][31]/CK->D
          Group: C2C
     Startpoint: (R) PC1/IR_reg[30]/CK
          Clock: (R) SYS_CLOCK
       Endpoint: (F) PC1/RF_reg[6][31]/D
          Clock: (R) SYS_CLOCK

                     Capture       Launch     
        Clock Edge:+   10000            0     
       Src Latency:+       0            0     
       Net Latency:+       0 (I)        0 (I) 
           Arrival:=   10000            0     
                                              
             Setup:-     177                  
     Required Time:=    9823                  
      Launch Clock:-       0                  
         Data Path:-    9209                  
             Slack:=     614                  

#-------------------------------------------------------------------------------------------------
#      Timing Point       Flags    Arc   Edge   Cell     Fanout Load Trans Delay Arrival Instance 
#                                                               (fF)  (ps)  (ps)   (ps)  Location 
#-------------------------------------------------------------------------------------------------
  PC1/IR_reg[30]/CK       -       -      R     (arrival)    587    -     0     0       0    (-,-) 
  PC1/IR_reg[30]/Q        -       CK->Q  F     DFFX1          3 12.3   102   491     491    (-,-) 
  PC1/g43941__4733/Y      -       A->Y   R     NOR2X2         2  8.3   130   160     651    (-,-) 
  PC1/g43922__8428/Y      -       B->Y   R     CLKAND2X2      2 16.7   106   224     875    (-,-) 
  PC1/g43628__2883/Y      -       A->Y   F     NAND2X4        7 37.0   132   157    1032    (-,-) 
  PC1/g43363__5115/Y      -       A1->Y  R     OAI21X2        2 14.1   225   235    1267    (-,-) 
  PC1/g43355/Y            -       A->Y   F     INVX2          3 26.4   116   177    1444    (-,-) 
  PC1/g43341__6417/Y      -       A->Y   R     NOR2X4         4 15.7   130   164    1608    (-,-) 
  PC1/g43308/Y            -       A->Y   F     CLKINVX1       1 12.9    92   136    1745    (-,-) 
  PC1/g43266__1881/Y      -       A->Y   R     NOR2X4        10 41.6   262   255    2000    (-,-) 
  PC1/g42958__2883/Y      -       B1->Y  F     AOI22X1        1  4.8   135   177    2177    (-,-) 
  PC1/g42702__4733/Y      -       A->Y   R     NAND2X1        1  7.6   115   150    2327    (-,-) 
  PC1/g42692__1617/Y      -       B->Y   F     NOR2X2         1 12.6    63    99    2426    (-,-) 
  PC1/g42616__5115/Y      -       A->Y   R     NAND2X4        6 25.4    91   106    2532    (-,-) 
  PC1/sub_126_48_g1462/Y  -       B->Y   F     NAND2X1        2 10.8   142   155    2687    (-,-) 
  PC1/sub_126_48_g1335/CO -       CI->CO F     ADDFX1         2 10.3   132   436    3123    (-,-) 
  PC1/sub_126_48_g1334/Y  -       B->Y   R     NAND2X1        1  5.0   101   118    3242    (-,-) 
  PC1/sub_126_48_g1329/Y  -       B->Y   F     NAND2X1        2  7.8   113   135    3377    (-,-) 
  PC1/sub_126_48_g1327/Y  -       B->Y   R     NAND2X1        1  7.8   124   131    3508    (-,-) 
  PC1/sub_126_48_g1326/Y  -       B->Y   F     NAND2X2        3 11.7    93   130    3638    (-,-) 
  PC1/sub_126_48_g1324/Y  -       B->Y   R     NAND2X1        1  5.0    79   101    3739    (-,-) 
  PC1/sub_126_48_g1323/Y  -       B->Y   F     NAND2X1        1  6.7   101   116    3856    (-,-) 
  PC1/sub_126_48_g1318/CO -       CI->CO F     ADDFX1         2  7.8   115   398    4254    (-,-) 
  PC1/sub_126_48_g1317/Y  -       B->Y   R     NAND2X1        1  7.8   121   132    4386    (-,-) 
  PC1/sub_126_48_g1316/Y  -       B->Y   F     NAND2X2        3 11.7    93   129    4515    (-,-) 
  PC1/sub_126_48_g1314/Y  -       C->Y   R     NAND3X1        2  9.0   157   134    4649    (-,-) 
  PC1/sub_126_48_g1310/Y  -       B->Y   F     NOR2X1         1  4.7    98   105    4754    (-,-) 
  PC1/sub_126_48_g1307/Y  -       A0->Y  R     AOI21X1        4 17.2   431   392    5145    (-,-) 
  PC1/sub_126_48_g1301/Y  -       B->Y   F     NOR2X1         2  8.7   137   212    5357    (-,-) 
  PC1/sub_126_48_g1294/Y  -       A0->Y  R     AOI21X1        3 15.8   402   385    5742    (-,-) 
  PC1/sub_126_48_g1289/Y  -       B->Y   F     NOR2X2         3 12.9   115   179    5921    (-,-) 
  PC1/sub_126_48_g1286/Y  -       B->Y   R     NAND2X1        1  7.8   107   132    6053    (-,-) 
  PC1/sub_126_48_g1283/Y  -       B->Y   F     NAND2X2        4 18.3   133   150    6203    (-,-) 
  PC1/sub_126_48_g1274/Y  -       C->Y   R     NAND3X2        1  7.8   121   111    6314    (-,-) 
  PC1/sub_126_48_g1270/Y  -       B->Y   F     NAND2X2        4 17.0   127   152    6466    (-,-) 
  PC1/sub_126_48_g1264/Y  -       B->Y   R     NAND2X1        1  7.8   109   138    6604    (-,-) 
  PC1/sub_126_48_g1263/Y  -       B->Y   F     NAND2X2        2  9.0    86   111    6715    (-,-) 
  PC1/sub_126_48_g1255/Y  -       B->Y   R     NAND2X1        1  7.8   123   119    6834    (-,-) 
  PC1/sub_126_48_g1254/Y  -       B->Y   F     NAND2X2        3 15.9   114   148    6982    (-,-) 
  PC1/sub_126_48_g1251/Y  -       B->Y   R     NAND2X2        1  7.8    99    98    7080    (-,-) 
  PC1/sub_126_48_g1249/Y  -       B->Y   F     NAND2X2        3 15.9   115   136    7217    (-,-) 
  PC1/sub_126_48_g1246/Y  -       B->Y   R     NAND2X2        1  7.8   101    99    7316    (-,-) 
  PC1/sub_126_48_g1245/Y  -       B->Y   F     NAND2X2        3 15.9   115   138    7453    (-,-) 
  PC1/sub_126_48_g1242/Y  -       B->Y   R     NAND2X2        1 13.1   122   121    7574    (-,-) 
  PC1/sub_126_48_g1241/Y  -       B->Y   F     NAND2X4        3 18.7    90   121    7695    (-,-) 
  PC1/sub_126_48_g1238/Y  -       B->Y   R     NAND2X2        1  7.8    98    88    7784    (-,-) 
  PC1/sub_126_48_g1237/Y  -       B->Y   F     NAND2X2        2  9.0    81   106    7890    (-,-) 
  PC1/sub_126_48_g1235/Y  -       B->Y   R     NAND2X1        1  5.0    84    96    7986    (-,-) 
  PC1/sub_126_48_g1234/Y  -       B0->Y  F     OAI21X1        1  5.0    95   127    8112    (-,-) 
  PC1/g45794/Y            -       B->Y   R     NAND2X1        1  5.0   108   102    8214    (-,-) 
  PC1/g45723/Y            -       B->Y   F     NAND2X1        2  8.8   119   147    8361    (-,-) 
  PC1/g45490__4733/Y      -       B->Y   R     NOR2X1         1  3.6   127   141    8502    (-,-) 
  PC1/g46318/Y            -       B->Y   R     AND2X2        16 63.2   351   500    9003    (-,-) 
  PC1/g38555/Y            -       A0->Y  F     OAI21X1        1  3.6   108   206    9209    (-,-) 
  PC1/RF_reg[6][31]/D     -       -      F     DFFRX1         1    -     -     0    9209    (-,-) 
#-------------------------------------------------------------------------------------------------



Path 27: MET (614 ps) Setup Check with Pin PC1/RF_reg[5][31]/CK->D
          Group: C2C
     Startpoint: (R) PC1/IR_reg[30]/CK
          Clock: (R) SYS_CLOCK
       Endpoint: (F) PC1/RF_reg[5][31]/D
          Clock: (R) SYS_CLOCK

                     Capture       Launch     
        Clock Edge:+   10000            0     
       Src Latency:+       0            0     
       Net Latency:+       0 (I)        0 (I) 
           Arrival:=   10000            0     
                                              
             Setup:-     177                  
     Required Time:=    9823                  
      Launch Clock:-       0                  
         Data Path:-    9209                  
             Slack:=     614                  

#-------------------------------------------------------------------------------------------------
#      Timing Point       Flags    Arc   Edge   Cell     Fanout Load Trans Delay Arrival Instance 
#                                                               (fF)  (ps)  (ps)   (ps)  Location 
#-------------------------------------------------------------------------------------------------
  PC1/IR_reg[30]/CK       -       -      R     (arrival)    587    -     0     0       0    (-,-) 
  PC1/IR_reg[30]/Q        -       CK->Q  F     DFFX1          3 12.3   102   491     491    (-,-) 
  PC1/g43941__4733/Y      -       A->Y   R     NOR2X2         2  8.3   130   160     651    (-,-) 
  PC1/g43922__8428/Y      -       B->Y   R     CLKAND2X2      2 16.7   106   224     875    (-,-) 
  PC1/g43628__2883/Y      -       A->Y   F     NAND2X4        7 37.0   132   157    1032    (-,-) 
  PC1/g43363__5115/Y      -       A1->Y  R     OAI21X2        2 14.1   225   235    1267    (-,-) 
  PC1/g43355/Y            -       A->Y   F     INVX2          3 26.4   116   177    1444    (-,-) 
  PC1/g43341__6417/Y      -       A->Y   R     NOR2X4         4 15.7   130   164    1608    (-,-) 
  PC1/g43308/Y            -       A->Y   F     CLKINVX1       1 12.9    92   136    1745    (-,-) 
  PC1/g43266__1881/Y      -       A->Y   R     NOR2X4        10 41.6   262   255    2000    (-,-) 
  PC1/g42958__2883/Y      -       B1->Y  F     AOI22X1        1  4.8   135   177    2177    (-,-) 
  PC1/g42702__4733/Y      -       A->Y   R     NAND2X1        1  7.6   115   150    2327    (-,-) 
  PC1/g42692__1617/Y      -       B->Y   F     NOR2X2         1 12.6    63    99    2426    (-,-) 
  PC1/g42616__5115/Y      -       A->Y   R     NAND2X4        6 25.4    91   106    2532    (-,-) 
  PC1/sub_126_48_g1462/Y  -       B->Y   F     NAND2X1        2 10.8   142   155    2687    (-,-) 
  PC1/sub_126_48_g1335/CO -       CI->CO F     ADDFX1         2 10.3   132   436    3123    (-,-) 
  PC1/sub_126_48_g1334/Y  -       B->Y   R     NAND2X1        1  5.0   101   118    3242    (-,-) 
  PC1/sub_126_48_g1329/Y  -       B->Y   F     NAND2X1        2  7.8   113   135    3377    (-,-) 
  PC1/sub_126_48_g1327/Y  -       B->Y   R     NAND2X1        1  7.8   124   131    3508    (-,-) 
  PC1/sub_126_48_g1326/Y  -       B->Y   F     NAND2X2        3 11.7    93   130    3638    (-,-) 
  PC1/sub_126_48_g1324/Y  -       B->Y   R     NAND2X1        1  5.0    79   101    3739    (-,-) 
  PC1/sub_126_48_g1323/Y  -       B->Y   F     NAND2X1        1  6.7   101   116    3856    (-,-) 
  PC1/sub_126_48_g1318/CO -       CI->CO F     ADDFX1         2  7.8   115   398    4254    (-,-) 
  PC1/sub_126_48_g1317/Y  -       B->Y   R     NAND2X1        1  7.8   121   132    4386    (-,-) 
  PC1/sub_126_48_g1316/Y  -       B->Y   F     NAND2X2        3 11.7    93   129    4515    (-,-) 
  PC1/sub_126_48_g1314/Y  -       C->Y   R     NAND3X1        2  9.0   157   134    4649    (-,-) 
  PC1/sub_126_48_g1310/Y  -       B->Y   F     NOR2X1         1  4.7    98   105    4754    (-,-) 
  PC1/sub_126_48_g1307/Y  -       A0->Y  R     AOI21X1        4 17.2   431   392    5145    (-,-) 
  PC1/sub_126_48_g1301/Y  -       B->Y   F     NOR2X1         2  8.7   137   212    5357    (-,-) 
  PC1/sub_126_48_g1294/Y  -       A0->Y  R     AOI21X1        3 15.8   402   385    5742    (-,-) 
  PC1/sub_126_48_g1289/Y  -       B->Y   F     NOR2X2         3 12.9   115   179    5921    (-,-) 
  PC1/sub_126_48_g1286/Y  -       B->Y   R     NAND2X1        1  7.8   107   132    6053    (-,-) 
  PC1/sub_126_48_g1283/Y  -       B->Y   F     NAND2X2        4 18.3   133   150    6203    (-,-) 
  PC1/sub_126_48_g1274/Y  -       C->Y   R     NAND3X2        1  7.8   121   111    6314    (-,-) 
  PC1/sub_126_48_g1270/Y  -       B->Y   F     NAND2X2        4 17.0   127   152    6466    (-,-) 
  PC1/sub_126_48_g1264/Y  -       B->Y   R     NAND2X1        1  7.8   109   138    6604    (-,-) 
  PC1/sub_126_48_g1263/Y  -       B->Y   F     NAND2X2        2  9.0    86   111    6715    (-,-) 
  PC1/sub_126_48_g1255/Y  -       B->Y   R     NAND2X1        1  7.8   123   119    6834    (-,-) 
  PC1/sub_126_48_g1254/Y  -       B->Y   F     NAND2X2        3 15.9   114   148    6982    (-,-) 
  PC1/sub_126_48_g1251/Y  -       B->Y   R     NAND2X2        1  7.8    99    98    7080    (-,-) 
  PC1/sub_126_48_g1249/Y  -       B->Y   F     NAND2X2        3 15.9   115   136    7217    (-,-) 
  PC1/sub_126_48_g1246/Y  -       B->Y   R     NAND2X2        1  7.8   101    99    7316    (-,-) 
  PC1/sub_126_48_g1245/Y  -       B->Y   F     NAND2X2        3 15.9   115   138    7453    (-,-) 
  PC1/sub_126_48_g1242/Y  -       B->Y   R     NAND2X2        1 13.1   122   121    7574    (-,-) 
  PC1/sub_126_48_g1241/Y  -       B->Y   F     NAND2X4        3 18.7    90   121    7695    (-,-) 
  PC1/sub_126_48_g1238/Y  -       B->Y   R     NAND2X2        1  7.8    98    88    7784    (-,-) 
  PC1/sub_126_48_g1237/Y  -       B->Y   F     NAND2X2        2  9.0    81   106    7890    (-,-) 
  PC1/sub_126_48_g1235/Y  -       B->Y   R     NAND2X1        1  5.0    84    96    7986    (-,-) 
  PC1/sub_126_48_g1234/Y  -       B0->Y  F     OAI21X1        1  5.0    95   127    8112    (-,-) 
  PC1/g45794/Y            -       B->Y   R     NAND2X1        1  5.0   108   102    8214    (-,-) 
  PC1/g45723/Y            -       B->Y   F     NAND2X1        2  8.8   119   147    8361    (-,-) 
  PC1/g45490__4733/Y      -       B->Y   R     NOR2X1         1  3.6   127   141    8502    (-,-) 
  PC1/g46318/Y            -       B->Y   R     AND2X2        16 63.2   351   500    9003    (-,-) 
  PC1/g38553/Y            -       A0->Y  F     OAI21X1        1  3.6   108   206    9209    (-,-) 
  PC1/RF_reg[5][31]/D     -       -      F     DFFRX1         1    -     -     0    9209    (-,-) 
#-------------------------------------------------------------------------------------------------



Path 28: MET (614 ps) Setup Check with Pin PC1/RF_reg[4][31]/CK->D
          Group: C2C
     Startpoint: (R) PC1/IR_reg[30]/CK
          Clock: (R) SYS_CLOCK
       Endpoint: (F) PC1/RF_reg[4][31]/D
          Clock: (R) SYS_CLOCK

                     Capture       Launch     
        Clock Edge:+   10000            0     
       Src Latency:+       0            0     
       Net Latency:+       0 (I)        0 (I) 
           Arrival:=   10000            0     
                                              
             Setup:-     177                  
     Required Time:=    9823                  
      Launch Clock:-       0                  
         Data Path:-    9209                  
             Slack:=     614                  

#-------------------------------------------------------------------------------------------------
#      Timing Point       Flags    Arc   Edge   Cell     Fanout Load Trans Delay Arrival Instance 
#                                                               (fF)  (ps)  (ps)   (ps)  Location 
#-------------------------------------------------------------------------------------------------
  PC1/IR_reg[30]/CK       -       -      R     (arrival)    587    -     0     0       0    (-,-) 
  PC1/IR_reg[30]/Q        -       CK->Q  F     DFFX1          3 12.3   102   491     491    (-,-) 
  PC1/g43941__4733/Y      -       A->Y   R     NOR2X2         2  8.3   130   160     651    (-,-) 
  PC1/g43922__8428/Y      -       B->Y   R     CLKAND2X2      2 16.7   106   224     875    (-,-) 
  PC1/g43628__2883/Y      -       A->Y   F     NAND2X4        7 37.0   132   157    1032    (-,-) 
  PC1/g43363__5115/Y      -       A1->Y  R     OAI21X2        2 14.1   225   235    1267    (-,-) 
  PC1/g43355/Y            -       A->Y   F     INVX2          3 26.4   116   177    1444    (-,-) 
  PC1/g43341__6417/Y      -       A->Y   R     NOR2X4         4 15.7   130   164    1608    (-,-) 
  PC1/g43308/Y            -       A->Y   F     CLKINVX1       1 12.9    92   136    1745    (-,-) 
  PC1/g43266__1881/Y      -       A->Y   R     NOR2X4        10 41.6   262   255    2000    (-,-) 
  PC1/g42958__2883/Y      -       B1->Y  F     AOI22X1        1  4.8   135   177    2177    (-,-) 
  PC1/g42702__4733/Y      -       A->Y   R     NAND2X1        1  7.6   115   150    2327    (-,-) 
  PC1/g42692__1617/Y      -       B->Y   F     NOR2X2         1 12.6    63    99    2426    (-,-) 
  PC1/g42616__5115/Y      -       A->Y   R     NAND2X4        6 25.4    91   106    2532    (-,-) 
  PC1/sub_126_48_g1462/Y  -       B->Y   F     NAND2X1        2 10.8   142   155    2687    (-,-) 
  PC1/sub_126_48_g1335/CO -       CI->CO F     ADDFX1         2 10.3   132   436    3123    (-,-) 
  PC1/sub_126_48_g1334/Y  -       B->Y   R     NAND2X1        1  5.0   101   118    3242    (-,-) 
  PC1/sub_126_48_g1329/Y  -       B->Y   F     NAND2X1        2  7.8   113   135    3377    (-,-) 
  PC1/sub_126_48_g1327/Y  -       B->Y   R     NAND2X1        1  7.8   124   131    3508    (-,-) 
  PC1/sub_126_48_g1326/Y  -       B->Y   F     NAND2X2        3 11.7    93   130    3638    (-,-) 
  PC1/sub_126_48_g1324/Y  -       B->Y   R     NAND2X1        1  5.0    79   101    3739    (-,-) 
  PC1/sub_126_48_g1323/Y  -       B->Y   F     NAND2X1        1  6.7   101   116    3856    (-,-) 
  PC1/sub_126_48_g1318/CO -       CI->CO F     ADDFX1         2  7.8   115   398    4254    (-,-) 
  PC1/sub_126_48_g1317/Y  -       B->Y   R     NAND2X1        1  7.8   121   132    4386    (-,-) 
  PC1/sub_126_48_g1316/Y  -       B->Y   F     NAND2X2        3 11.7    93   129    4515    (-,-) 
  PC1/sub_126_48_g1314/Y  -       C->Y   R     NAND3X1        2  9.0   157   134    4649    (-,-) 
  PC1/sub_126_48_g1310/Y  -       B->Y   F     NOR2X1         1  4.7    98   105    4754    (-,-) 
  PC1/sub_126_48_g1307/Y  -       A0->Y  R     AOI21X1        4 17.2   431   392    5145    (-,-) 
  PC1/sub_126_48_g1301/Y  -       B->Y   F     NOR2X1         2  8.7   137   212    5357    (-,-) 
  PC1/sub_126_48_g1294/Y  -       A0->Y  R     AOI21X1        3 15.8   402   385    5742    (-,-) 
  PC1/sub_126_48_g1289/Y  -       B->Y   F     NOR2X2         3 12.9   115   179    5921    (-,-) 
  PC1/sub_126_48_g1286/Y  -       B->Y   R     NAND2X1        1  7.8   107   132    6053    (-,-) 
  PC1/sub_126_48_g1283/Y  -       B->Y   F     NAND2X2        4 18.3   133   150    6203    (-,-) 
  PC1/sub_126_48_g1274/Y  -       C->Y   R     NAND3X2        1  7.8   121   111    6314    (-,-) 
  PC1/sub_126_48_g1270/Y  -       B->Y   F     NAND2X2        4 17.0   127   152    6466    (-,-) 
  PC1/sub_126_48_g1264/Y  -       B->Y   R     NAND2X1        1  7.8   109   138    6604    (-,-) 
  PC1/sub_126_48_g1263/Y  -       B->Y   F     NAND2X2        2  9.0    86   111    6715    (-,-) 
  PC1/sub_126_48_g1255/Y  -       B->Y   R     NAND2X1        1  7.8   123   119    6834    (-,-) 
  PC1/sub_126_48_g1254/Y  -       B->Y   F     NAND2X2        3 15.9   114   148    6982    (-,-) 
  PC1/sub_126_48_g1251/Y  -       B->Y   R     NAND2X2        1  7.8    99    98    7080    (-,-) 
  PC1/sub_126_48_g1249/Y  -       B->Y   F     NAND2X2        3 15.9   115   136    7217    (-,-) 
  PC1/sub_126_48_g1246/Y  -       B->Y   R     NAND2X2        1  7.8   101    99    7316    (-,-) 
  PC1/sub_126_48_g1245/Y  -       B->Y   F     NAND2X2        3 15.9   115   138    7453    (-,-) 
  PC1/sub_126_48_g1242/Y  -       B->Y   R     NAND2X2        1 13.1   122   121    7574    (-,-) 
  PC1/sub_126_48_g1241/Y  -       B->Y   F     NAND2X4        3 18.7    90   121    7695    (-,-) 
  PC1/sub_126_48_g1238/Y  -       B->Y   R     NAND2X2        1  7.8    98    88    7784    (-,-) 
  PC1/sub_126_48_g1237/Y  -       B->Y   F     NAND2X2        2  9.0    81   106    7890    (-,-) 
  PC1/sub_126_48_g1235/Y  -       B->Y   R     NAND2X1        1  5.0    84    96    7986    (-,-) 
  PC1/sub_126_48_g1234/Y  -       B0->Y  F     OAI21X1        1  5.0    95   127    8112    (-,-) 
  PC1/g45794/Y            -       B->Y   R     NAND2X1        1  5.0   108   102    8214    (-,-) 
  PC1/g45723/Y            -       B->Y   F     NAND2X1        2  8.8   119   147    8361    (-,-) 
  PC1/g45490__4733/Y      -       B->Y   R     NOR2X1         1  3.6   127   141    8502    (-,-) 
  PC1/g46318/Y            -       B->Y   R     AND2X2        16 63.2   351   500    9003    (-,-) 
  PC1/g38552/Y            -       A0->Y  F     OAI21X1        1  3.6   108   206    9209    (-,-) 
  PC1/RF_reg[4][31]/D     -       -      F     DFFRX1         1    -     -     0    9209    (-,-) 
#-------------------------------------------------------------------------------------------------



Path 29: MET (614 ps) Setup Check with Pin PC1/RF_reg[3][31]/CK->D
          Group: C2C
     Startpoint: (R) PC1/IR_reg[30]/CK
          Clock: (R) SYS_CLOCK
       Endpoint: (F) PC1/RF_reg[3][31]/D
          Clock: (R) SYS_CLOCK

                     Capture       Launch     
        Clock Edge:+   10000            0     
       Src Latency:+       0            0     
       Net Latency:+       0 (I)        0 (I) 
           Arrival:=   10000            0     
                                              
             Setup:-     177                  
     Required Time:=    9823                  
      Launch Clock:-       0                  
         Data Path:-    9209                  
             Slack:=     614                  

#-------------------------------------------------------------------------------------------------
#      Timing Point       Flags    Arc   Edge   Cell     Fanout Load Trans Delay Arrival Instance 
#                                                               (fF)  (ps)  (ps)   (ps)  Location 
#-------------------------------------------------------------------------------------------------
  PC1/IR_reg[30]/CK       -       -      R     (arrival)    587    -     0     0       0    (-,-) 
  PC1/IR_reg[30]/Q        -       CK->Q  F     DFFX1          3 12.3   102   491     491    (-,-) 
  PC1/g43941__4733/Y      -       A->Y   R     NOR2X2         2  8.3   130   160     651    (-,-) 
  PC1/g43922__8428/Y      -       B->Y   R     CLKAND2X2      2 16.7   106   224     875    (-,-) 
  PC1/g43628__2883/Y      -       A->Y   F     NAND2X4        7 37.0   132   157    1032    (-,-) 
  PC1/g43363__5115/Y      -       A1->Y  R     OAI21X2        2 14.1   225   235    1267    (-,-) 
  PC1/g43355/Y            -       A->Y   F     INVX2          3 26.4   116   177    1444    (-,-) 
  PC1/g43341__6417/Y      -       A->Y   R     NOR2X4         4 15.7   130   164    1608    (-,-) 
  PC1/g43308/Y            -       A->Y   F     CLKINVX1       1 12.9    92   136    1745    (-,-) 
  PC1/g43266__1881/Y      -       A->Y   R     NOR2X4        10 41.6   262   255    2000    (-,-) 
  PC1/g42958__2883/Y      -       B1->Y  F     AOI22X1        1  4.8   135   177    2177    (-,-) 
  PC1/g42702__4733/Y      -       A->Y   R     NAND2X1        1  7.6   115   150    2327    (-,-) 
  PC1/g42692__1617/Y      -       B->Y   F     NOR2X2         1 12.6    63    99    2426    (-,-) 
  PC1/g42616__5115/Y      -       A->Y   R     NAND2X4        6 25.4    91   106    2532    (-,-) 
  PC1/sub_126_48_g1462/Y  -       B->Y   F     NAND2X1        2 10.8   142   155    2687    (-,-) 
  PC1/sub_126_48_g1335/CO -       CI->CO F     ADDFX1         2 10.3   132   436    3123    (-,-) 
  PC1/sub_126_48_g1334/Y  -       B->Y   R     NAND2X1        1  5.0   101   118    3242    (-,-) 
  PC1/sub_126_48_g1329/Y  -       B->Y   F     NAND2X1        2  7.8   113   135    3377    (-,-) 
  PC1/sub_126_48_g1327/Y  -       B->Y   R     NAND2X1        1  7.8   124   131    3508    (-,-) 
  PC1/sub_126_48_g1326/Y  -       B->Y   F     NAND2X2        3 11.7    93   130    3638    (-,-) 
  PC1/sub_126_48_g1324/Y  -       B->Y   R     NAND2X1        1  5.0    79   101    3739    (-,-) 
  PC1/sub_126_48_g1323/Y  -       B->Y   F     NAND2X1        1  6.7   101   116    3856    (-,-) 
  PC1/sub_126_48_g1318/CO -       CI->CO F     ADDFX1         2  7.8   115   398    4254    (-,-) 
  PC1/sub_126_48_g1317/Y  -       B->Y   R     NAND2X1        1  7.8   121   132    4386    (-,-) 
  PC1/sub_126_48_g1316/Y  -       B->Y   F     NAND2X2        3 11.7    93   129    4515    (-,-) 
  PC1/sub_126_48_g1314/Y  -       C->Y   R     NAND3X1        2  9.0   157   134    4649    (-,-) 
  PC1/sub_126_48_g1310/Y  -       B->Y   F     NOR2X1         1  4.7    98   105    4754    (-,-) 
  PC1/sub_126_48_g1307/Y  -       A0->Y  R     AOI21X1        4 17.2   431   392    5145    (-,-) 
  PC1/sub_126_48_g1301/Y  -       B->Y   F     NOR2X1         2  8.7   137   212    5357    (-,-) 
  PC1/sub_126_48_g1294/Y  -       A0->Y  R     AOI21X1        3 15.8   402   385    5742    (-,-) 
  PC1/sub_126_48_g1289/Y  -       B->Y   F     NOR2X2         3 12.9   115   179    5921    (-,-) 
  PC1/sub_126_48_g1286/Y  -       B->Y   R     NAND2X1        1  7.8   107   132    6053    (-,-) 
  PC1/sub_126_48_g1283/Y  -       B->Y   F     NAND2X2        4 18.3   133   150    6203    (-,-) 
  PC1/sub_126_48_g1274/Y  -       C->Y   R     NAND3X2        1  7.8   121   111    6314    (-,-) 
  PC1/sub_126_48_g1270/Y  -       B->Y   F     NAND2X2        4 17.0   127   152    6466    (-,-) 
  PC1/sub_126_48_g1264/Y  -       B->Y   R     NAND2X1        1  7.8   109   138    6604    (-,-) 
  PC1/sub_126_48_g1263/Y  -       B->Y   F     NAND2X2        2  9.0    86   111    6715    (-,-) 
  PC1/sub_126_48_g1255/Y  -       B->Y   R     NAND2X1        1  7.8   123   119    6834    (-,-) 
  PC1/sub_126_48_g1254/Y  -       B->Y   F     NAND2X2        3 15.9   114   148    6982    (-,-) 
  PC1/sub_126_48_g1251/Y  -       B->Y   R     NAND2X2        1  7.8    99    98    7080    (-,-) 
  PC1/sub_126_48_g1249/Y  -       B->Y   F     NAND2X2        3 15.9   115   136    7217    (-,-) 
  PC1/sub_126_48_g1246/Y  -       B->Y   R     NAND2X2        1  7.8   101    99    7316    (-,-) 
  PC1/sub_126_48_g1245/Y  -       B->Y   F     NAND2X2        3 15.9   115   138    7453    (-,-) 
  PC1/sub_126_48_g1242/Y  -       B->Y   R     NAND2X2        1 13.1   122   121    7574    (-,-) 
  PC1/sub_126_48_g1241/Y  -       B->Y   F     NAND2X4        3 18.7    90   121    7695    (-,-) 
  PC1/sub_126_48_g1238/Y  -       B->Y   R     NAND2X2        1  7.8    98    88    7784    (-,-) 
  PC1/sub_126_48_g1237/Y  -       B->Y   F     NAND2X2        2  9.0    81   106    7890    (-,-) 
  PC1/sub_126_48_g1235/Y  -       B->Y   R     NAND2X1        1  5.0    84    96    7986    (-,-) 
  PC1/sub_126_48_g1234/Y  -       B0->Y  F     OAI21X1        1  5.0    95   127    8112    (-,-) 
  PC1/g45794/Y            -       B->Y   R     NAND2X1        1  5.0   108   102    8214    (-,-) 
  PC1/g45723/Y            -       B->Y   F     NAND2X1        2  8.8   119   147    8361    (-,-) 
  PC1/g45490__4733/Y      -       B->Y   R     NOR2X1         1  3.6   127   141    8502    (-,-) 
  PC1/g46318/Y            -       B->Y   R     AND2X2        16 63.2   351   500    9003    (-,-) 
  PC1/g38559/Y            -       A0->Y  F     OAI21X1        1  3.6   108   206    9209    (-,-) 
  PC1/RF_reg[3][31]/D     -       -      F     DFFRX1         1    -     -     0    9209    (-,-) 
#-------------------------------------------------------------------------------------------------



Path 30: MET (614 ps) Setup Check with Pin PC1/RF_reg[2][31]/CK->D
          Group: C2C
     Startpoint: (R) PC1/IR_reg[30]/CK
          Clock: (R) SYS_CLOCK
       Endpoint: (F) PC1/RF_reg[2][31]/D
          Clock: (R) SYS_CLOCK

                     Capture       Launch     
        Clock Edge:+   10000            0     
       Src Latency:+       0            0     
       Net Latency:+       0 (I)        0 (I) 
           Arrival:=   10000            0     
                                              
             Setup:-     177                  
     Required Time:=    9823                  
      Launch Clock:-       0                  
         Data Path:-    9209                  
             Slack:=     614                  

#-------------------------------------------------------------------------------------------------
#      Timing Point       Flags    Arc   Edge   Cell     Fanout Load Trans Delay Arrival Instance 
#                                                               (fF)  (ps)  (ps)   (ps)  Location 
#-------------------------------------------------------------------------------------------------
  PC1/IR_reg[30]/CK       -       -      R     (arrival)    587    -     0     0       0    (-,-) 
  PC1/IR_reg[30]/Q        -       CK->Q  F     DFFX1          3 12.3   102   491     491    (-,-) 
  PC1/g43941__4733/Y      -       A->Y   R     NOR2X2         2  8.3   130   160     651    (-,-) 
  PC1/g43922__8428/Y      -       B->Y   R     CLKAND2X2      2 16.7   106   224     875    (-,-) 
  PC1/g43628__2883/Y      -       A->Y   F     NAND2X4        7 37.0   132   157    1032    (-,-) 
  PC1/g43363__5115/Y      -       A1->Y  R     OAI21X2        2 14.1   225   235    1267    (-,-) 
  PC1/g43355/Y            -       A->Y   F     INVX2          3 26.4   116   177    1444    (-,-) 
  PC1/g43341__6417/Y      -       A->Y   R     NOR2X4         4 15.7   130   164    1608    (-,-) 
  PC1/g43308/Y            -       A->Y   F     CLKINVX1       1 12.9    92   136    1745    (-,-) 
  PC1/g43266__1881/Y      -       A->Y   R     NOR2X4        10 41.6   262   255    2000    (-,-) 
  PC1/g42958__2883/Y      -       B1->Y  F     AOI22X1        1  4.8   135   177    2177    (-,-) 
  PC1/g42702__4733/Y      -       A->Y   R     NAND2X1        1  7.6   115   150    2327    (-,-) 
  PC1/g42692__1617/Y      -       B->Y   F     NOR2X2         1 12.6    63    99    2426    (-,-) 
  PC1/g42616__5115/Y      -       A->Y   R     NAND2X4        6 25.4    91   106    2532    (-,-) 
  PC1/sub_126_48_g1462/Y  -       B->Y   F     NAND2X1        2 10.8   142   155    2687    (-,-) 
  PC1/sub_126_48_g1335/CO -       CI->CO F     ADDFX1         2 10.3   132   436    3123    (-,-) 
  PC1/sub_126_48_g1334/Y  -       B->Y   R     NAND2X1        1  5.0   101   118    3242    (-,-) 
  PC1/sub_126_48_g1329/Y  -       B->Y   F     NAND2X1        2  7.8   113   135    3377    (-,-) 
  PC1/sub_126_48_g1327/Y  -       B->Y   R     NAND2X1        1  7.8   124   131    3508    (-,-) 
  PC1/sub_126_48_g1326/Y  -       B->Y   F     NAND2X2        3 11.7    93   130    3638    (-,-) 
  PC1/sub_126_48_g1324/Y  -       B->Y   R     NAND2X1        1  5.0    79   101    3739    (-,-) 
  PC1/sub_126_48_g1323/Y  -       B->Y   F     NAND2X1        1  6.7   101   116    3856    (-,-) 
  PC1/sub_126_48_g1318/CO -       CI->CO F     ADDFX1         2  7.8   115   398    4254    (-,-) 
  PC1/sub_126_48_g1317/Y  -       B->Y   R     NAND2X1        1  7.8   121   132    4386    (-,-) 
  PC1/sub_126_48_g1316/Y  -       B->Y   F     NAND2X2        3 11.7    93   129    4515    (-,-) 
  PC1/sub_126_48_g1314/Y  -       C->Y   R     NAND3X1        2  9.0   157   134    4649    (-,-) 
  PC1/sub_126_48_g1310/Y  -       B->Y   F     NOR2X1         1  4.7    98   105    4754    (-,-) 
  PC1/sub_126_48_g1307/Y  -       A0->Y  R     AOI21X1        4 17.2   431   392    5145    (-,-) 
  PC1/sub_126_48_g1301/Y  -       B->Y   F     NOR2X1         2  8.7   137   212    5357    (-,-) 
  PC1/sub_126_48_g1294/Y  -       A0->Y  R     AOI21X1        3 15.8   402   385    5742    (-,-) 
  PC1/sub_126_48_g1289/Y  -       B->Y   F     NOR2X2         3 12.9   115   179    5921    (-,-) 
  PC1/sub_126_48_g1286/Y  -       B->Y   R     NAND2X1        1  7.8   107   132    6053    (-,-) 
  PC1/sub_126_48_g1283/Y  -       B->Y   F     NAND2X2        4 18.3   133   150    6203    (-,-) 
  PC1/sub_126_48_g1274/Y  -       C->Y   R     NAND3X2        1  7.8   121   111    6314    (-,-) 
  PC1/sub_126_48_g1270/Y  -       B->Y   F     NAND2X2        4 17.0   127   152    6466    (-,-) 
  PC1/sub_126_48_g1264/Y  -       B->Y   R     NAND2X1        1  7.8   109   138    6604    (-,-) 
  PC1/sub_126_48_g1263/Y  -       B->Y   F     NAND2X2        2  9.0    86   111    6715    (-,-) 
  PC1/sub_126_48_g1255/Y  -       B->Y   R     NAND2X1        1  7.8   123   119    6834    (-,-) 
  PC1/sub_126_48_g1254/Y  -       B->Y   F     NAND2X2        3 15.9   114   148    6982    (-,-) 
  PC1/sub_126_48_g1251/Y  -       B->Y   R     NAND2X2        1  7.8    99    98    7080    (-,-) 
  PC1/sub_126_48_g1249/Y  -       B->Y   F     NAND2X2        3 15.9   115   136    7217    (-,-) 
  PC1/sub_126_48_g1246/Y  -       B->Y   R     NAND2X2        1  7.8   101    99    7316    (-,-) 
  PC1/sub_126_48_g1245/Y  -       B->Y   F     NAND2X2        3 15.9   115   138    7453    (-,-) 
  PC1/sub_126_48_g1242/Y  -       B->Y   R     NAND2X2        1 13.1   122   121    7574    (-,-) 
  PC1/sub_126_48_g1241/Y  -       B->Y   F     NAND2X4        3 18.7    90   121    7695    (-,-) 
  PC1/sub_126_48_g1238/Y  -       B->Y   R     NAND2X2        1  7.8    98    88    7784    (-,-) 
  PC1/sub_126_48_g1237/Y  -       B->Y   F     NAND2X2        2  9.0    81   106    7890    (-,-) 
  PC1/sub_126_48_g1235/Y  -       B->Y   R     NAND2X1        1  5.0    84    96    7986    (-,-) 
  PC1/sub_126_48_g1234/Y  -       B0->Y  F     OAI21X1        1  5.0    95   127    8112    (-,-) 
  PC1/g45794/Y            -       B->Y   R     NAND2X1        1  5.0   108   102    8214    (-,-) 
  PC1/g45723/Y            -       B->Y   F     NAND2X1        2  8.8   119   147    8361    (-,-) 
  PC1/g45490__4733/Y      -       B->Y   R     NOR2X1         1  3.6   127   141    8502    (-,-) 
  PC1/g46318/Y            -       B->Y   R     AND2X2        16 63.2   351   500    9003    (-,-) 
  PC1/g38554/Y            -       A0->Y  F     OAI21X1        1  3.6   108   206    9209    (-,-) 
  PC1/RF_reg[2][31]/D     -       -      F     DFFRX1         1    -     -     0    9209    (-,-) 
#-------------------------------------------------------------------------------------------------



Path 31: MET (614 ps) Setup Check with Pin PC1/RF_reg[1][31]/CK->D
          Group: C2C
     Startpoint: (R) PC1/IR_reg[30]/CK
          Clock: (R) SYS_CLOCK
       Endpoint: (F) PC1/RF_reg[1][31]/D
          Clock: (R) SYS_CLOCK

                     Capture       Launch     
        Clock Edge:+   10000            0     
       Src Latency:+       0            0     
       Net Latency:+       0 (I)        0 (I) 
           Arrival:=   10000            0     
                                              
             Setup:-     177                  
     Required Time:=    9823                  
      Launch Clock:-       0                  
         Data Path:-    9209                  
             Slack:=     614                  

#-------------------------------------------------------------------------------------------------
#      Timing Point       Flags    Arc   Edge   Cell     Fanout Load Trans Delay Arrival Instance 
#                                                               (fF)  (ps)  (ps)   (ps)  Location 
#-------------------------------------------------------------------------------------------------
  PC1/IR_reg[30]/CK       -       -      R     (arrival)    587    -     0     0       0    (-,-) 
  PC1/IR_reg[30]/Q        -       CK->Q  F     DFFX1          3 12.3   102   491     491    (-,-) 
  PC1/g43941__4733/Y      -       A->Y   R     NOR2X2         2  8.3   130   160     651    (-,-) 
  PC1/g43922__8428/Y      -       B->Y   R     CLKAND2X2      2 16.7   106   224     875    (-,-) 
  PC1/g43628__2883/Y      -       A->Y   F     NAND2X4        7 37.0   132   157    1032    (-,-) 
  PC1/g43363__5115/Y      -       A1->Y  R     OAI21X2        2 14.1   225   235    1267    (-,-) 
  PC1/g43355/Y            -       A->Y   F     INVX2          3 26.4   116   177    1444    (-,-) 
  PC1/g43341__6417/Y      -       A->Y   R     NOR2X4         4 15.7   130   164    1608    (-,-) 
  PC1/g43308/Y            -       A->Y   F     CLKINVX1       1 12.9    92   136    1745    (-,-) 
  PC1/g43266__1881/Y      -       A->Y   R     NOR2X4        10 41.6   262   255    2000    (-,-) 
  PC1/g42958__2883/Y      -       B1->Y  F     AOI22X1        1  4.8   135   177    2177    (-,-) 
  PC1/g42702__4733/Y      -       A->Y   R     NAND2X1        1  7.6   115   150    2327    (-,-) 
  PC1/g42692__1617/Y      -       B->Y   F     NOR2X2         1 12.6    63    99    2426    (-,-) 
  PC1/g42616__5115/Y      -       A->Y   R     NAND2X4        6 25.4    91   106    2532    (-,-) 
  PC1/sub_126_48_g1462/Y  -       B->Y   F     NAND2X1        2 10.8   142   155    2687    (-,-) 
  PC1/sub_126_48_g1335/CO -       CI->CO F     ADDFX1         2 10.3   132   436    3123    (-,-) 
  PC1/sub_126_48_g1334/Y  -       B->Y   R     NAND2X1        1  5.0   101   118    3242    (-,-) 
  PC1/sub_126_48_g1329/Y  -       B->Y   F     NAND2X1        2  7.8   113   135    3377    (-,-) 
  PC1/sub_126_48_g1327/Y  -       B->Y   R     NAND2X1        1  7.8   124   131    3508    (-,-) 
  PC1/sub_126_48_g1326/Y  -       B->Y   F     NAND2X2        3 11.7    93   130    3638    (-,-) 
  PC1/sub_126_48_g1324/Y  -       B->Y   R     NAND2X1        1  5.0    79   101    3739    (-,-) 
  PC1/sub_126_48_g1323/Y  -       B->Y   F     NAND2X1        1  6.7   101   116    3856    (-,-) 
  PC1/sub_126_48_g1318/CO -       CI->CO F     ADDFX1         2  7.8   115   398    4254    (-,-) 
  PC1/sub_126_48_g1317/Y  -       B->Y   R     NAND2X1        1  7.8   121   132    4386    (-,-) 
  PC1/sub_126_48_g1316/Y  -       B->Y   F     NAND2X2        3 11.7    93   129    4515    (-,-) 
  PC1/sub_126_48_g1314/Y  -       C->Y   R     NAND3X1        2  9.0   157   134    4649    (-,-) 
  PC1/sub_126_48_g1310/Y  -       B->Y   F     NOR2X1         1  4.7    98   105    4754    (-,-) 
  PC1/sub_126_48_g1307/Y  -       A0->Y  R     AOI21X1        4 17.2   431   392    5145    (-,-) 
  PC1/sub_126_48_g1301/Y  -       B->Y   F     NOR2X1         2  8.7   137   212    5357    (-,-) 
  PC1/sub_126_48_g1294/Y  -       A0->Y  R     AOI21X1        3 15.8   402   385    5742    (-,-) 
  PC1/sub_126_48_g1289/Y  -       B->Y   F     NOR2X2         3 12.9   115   179    5921    (-,-) 
  PC1/sub_126_48_g1286/Y  -       B->Y   R     NAND2X1        1  7.8   107   132    6053    (-,-) 
  PC1/sub_126_48_g1283/Y  -       B->Y   F     NAND2X2        4 18.3   133   150    6203    (-,-) 
  PC1/sub_126_48_g1274/Y  -       C->Y   R     NAND3X2        1  7.8   121   111    6314    (-,-) 
  PC1/sub_126_48_g1270/Y  -       B->Y   F     NAND2X2        4 17.0   127   152    6466    (-,-) 
  PC1/sub_126_48_g1264/Y  -       B->Y   R     NAND2X1        1  7.8   109   138    6604    (-,-) 
  PC1/sub_126_48_g1263/Y  -       B->Y   F     NAND2X2        2  9.0    86   111    6715    (-,-) 
  PC1/sub_126_48_g1255/Y  -       B->Y   R     NAND2X1        1  7.8   123   119    6834    (-,-) 
  PC1/sub_126_48_g1254/Y  -       B->Y   F     NAND2X2        3 15.9   114   148    6982    (-,-) 
  PC1/sub_126_48_g1251/Y  -       B->Y   R     NAND2X2        1  7.8    99    98    7080    (-,-) 
  PC1/sub_126_48_g1249/Y  -       B->Y   F     NAND2X2        3 15.9   115   136    7217    (-,-) 
  PC1/sub_126_48_g1246/Y  -       B->Y   R     NAND2X2        1  7.8   101    99    7316    (-,-) 
  PC1/sub_126_48_g1245/Y  -       B->Y   F     NAND2X2        3 15.9   115   138    7453    (-,-) 
  PC1/sub_126_48_g1242/Y  -       B->Y   R     NAND2X2        1 13.1   122   121    7574    (-,-) 
  PC1/sub_126_48_g1241/Y  -       B->Y   F     NAND2X4        3 18.7    90   121    7695    (-,-) 
  PC1/sub_126_48_g1238/Y  -       B->Y   R     NAND2X2        1  7.8    98    88    7784    (-,-) 
  PC1/sub_126_48_g1237/Y  -       B->Y   F     NAND2X2        2  9.0    81   106    7890    (-,-) 
  PC1/sub_126_48_g1235/Y  -       B->Y   R     NAND2X1        1  5.0    84    96    7986    (-,-) 
  PC1/sub_126_48_g1234/Y  -       B0->Y  F     OAI21X1        1  5.0    95   127    8112    (-,-) 
  PC1/g45794/Y            -       B->Y   R     NAND2X1        1  5.0   108   102    8214    (-,-) 
  PC1/g45723/Y            -       B->Y   F     NAND2X1        2  8.8   119   147    8361    (-,-) 
  PC1/g45490__4733/Y      -       B->Y   R     NOR2X1         1  3.6   127   141    8502    (-,-) 
  PC1/g46318/Y            -       B->Y   R     AND2X2        16 63.2   351   500    9003    (-,-) 
  PC1/g38549/Y            -       A0->Y  F     OAI21X1        1  3.6   108   206    9209    (-,-) 
  PC1/RF_reg[1][31]/D     -       -      F     DFFRX1         1    -     -     0    9209    (-,-) 
#-------------------------------------------------------------------------------------------------



Path 32: MET (614 ps) Setup Check with Pin PC1/RF_reg[0][31]/CK->D
          Group: C2C
     Startpoint: (R) PC1/IR_reg[30]/CK
          Clock: (R) SYS_CLOCK
       Endpoint: (F) PC1/RF_reg[0][31]/D
          Clock: (R) SYS_CLOCK

                     Capture       Launch     
        Clock Edge:+   10000            0     
       Src Latency:+       0            0     
       Net Latency:+       0 (I)        0 (I) 
           Arrival:=   10000            0     
                                              
             Setup:-     177                  
     Required Time:=    9823                  
      Launch Clock:-       0                  
         Data Path:-    9209                  
             Slack:=     614                  

#-------------------------------------------------------------------------------------------------
#      Timing Point       Flags    Arc   Edge   Cell     Fanout Load Trans Delay Arrival Instance 
#                                                               (fF)  (ps)  (ps)   (ps)  Location 
#-------------------------------------------------------------------------------------------------
  PC1/IR_reg[30]/CK       -       -      R     (arrival)    587    -     0     0       0    (-,-) 
  PC1/IR_reg[30]/Q        -       CK->Q  F     DFFX1          3 12.3   102   491     491    (-,-) 
  PC1/g43941__4733/Y      -       A->Y   R     NOR2X2         2  8.3   130   160     651    (-,-) 
  PC1/g43922__8428/Y      -       B->Y   R     CLKAND2X2      2 16.7   106   224     875    (-,-) 
  PC1/g43628__2883/Y      -       A->Y   F     NAND2X4        7 37.0   132   157    1032    (-,-) 
  PC1/g43363__5115/Y      -       A1->Y  R     OAI21X2        2 14.1   225   235    1267    (-,-) 
  PC1/g43355/Y            -       A->Y   F     INVX2          3 26.4   116   177    1444    (-,-) 
  PC1/g43341__6417/Y      -       A->Y   R     NOR2X4         4 15.7   130   164    1608    (-,-) 
  PC1/g43308/Y            -       A->Y   F     CLKINVX1       1 12.9    92   136    1745    (-,-) 
  PC1/g43266__1881/Y      -       A->Y   R     NOR2X4        10 41.6   262   255    2000    (-,-) 
  PC1/g42958__2883/Y      -       B1->Y  F     AOI22X1        1  4.8   135   177    2177    (-,-) 
  PC1/g42702__4733/Y      -       A->Y   R     NAND2X1        1  7.6   115   150    2327    (-,-) 
  PC1/g42692__1617/Y      -       B->Y   F     NOR2X2         1 12.6    63    99    2426    (-,-) 
  PC1/g42616__5115/Y      -       A->Y   R     NAND2X4        6 25.4    91   106    2532    (-,-) 
  PC1/sub_126_48_g1462/Y  -       B->Y   F     NAND2X1        2 10.8   142   155    2687    (-,-) 
  PC1/sub_126_48_g1335/CO -       CI->CO F     ADDFX1         2 10.3   132   436    3123    (-,-) 
  PC1/sub_126_48_g1334/Y  -       B->Y   R     NAND2X1        1  5.0   101   118    3242    (-,-) 
  PC1/sub_126_48_g1329/Y  -       B->Y   F     NAND2X1        2  7.8   113   135    3377    (-,-) 
  PC1/sub_126_48_g1327/Y  -       B->Y   R     NAND2X1        1  7.8   124   131    3508    (-,-) 
  PC1/sub_126_48_g1326/Y  -       B->Y   F     NAND2X2        3 11.7    93   130    3638    (-,-) 
  PC1/sub_126_48_g1324/Y  -       B->Y   R     NAND2X1        1  5.0    79   101    3739    (-,-) 
  PC1/sub_126_48_g1323/Y  -       B->Y   F     NAND2X1        1  6.7   101   116    3856    (-,-) 
  PC1/sub_126_48_g1318/CO -       CI->CO F     ADDFX1         2  7.8   115   398    4254    (-,-) 
  PC1/sub_126_48_g1317/Y  -       B->Y   R     NAND2X1        1  7.8   121   132    4386    (-,-) 
  PC1/sub_126_48_g1316/Y  -       B->Y   F     NAND2X2        3 11.7    93   129    4515    (-,-) 
  PC1/sub_126_48_g1314/Y  -       C->Y   R     NAND3X1        2  9.0   157   134    4649    (-,-) 
  PC1/sub_126_48_g1310/Y  -       B->Y   F     NOR2X1         1  4.7    98   105    4754    (-,-) 
  PC1/sub_126_48_g1307/Y  -       A0->Y  R     AOI21X1        4 17.2   431   392    5145    (-,-) 
  PC1/sub_126_48_g1301/Y  -       B->Y   F     NOR2X1         2  8.7   137   212    5357    (-,-) 
  PC1/sub_126_48_g1294/Y  -       A0->Y  R     AOI21X1        3 15.8   402   385    5742    (-,-) 
  PC1/sub_126_48_g1289/Y  -       B->Y   F     NOR2X2         3 12.9   115   179    5921    (-,-) 
  PC1/sub_126_48_g1286/Y  -       B->Y   R     NAND2X1        1  7.8   107   132    6053    (-,-) 
  PC1/sub_126_48_g1283/Y  -       B->Y   F     NAND2X2        4 18.3   133   150    6203    (-,-) 
  PC1/sub_126_48_g1274/Y  -       C->Y   R     NAND3X2        1  7.8   121   111    6314    (-,-) 
  PC1/sub_126_48_g1270/Y  -       B->Y   F     NAND2X2        4 17.0   127   152    6466    (-,-) 
  PC1/sub_126_48_g1264/Y  -       B->Y   R     NAND2X1        1  7.8   109   138    6604    (-,-) 
  PC1/sub_126_48_g1263/Y  -       B->Y   F     NAND2X2        2  9.0    86   111    6715    (-,-) 
  PC1/sub_126_48_g1255/Y  -       B->Y   R     NAND2X1        1  7.8   123   119    6834    (-,-) 
  PC1/sub_126_48_g1254/Y  -       B->Y   F     NAND2X2        3 15.9   114   148    6982    (-,-) 
  PC1/sub_126_48_g1251/Y  -       B->Y   R     NAND2X2        1  7.8    99    98    7080    (-,-) 
  PC1/sub_126_48_g1249/Y  -       B->Y   F     NAND2X2        3 15.9   115   136    7217    (-,-) 
  PC1/sub_126_48_g1246/Y  -       B->Y   R     NAND2X2        1  7.8   101    99    7316    (-,-) 
  PC1/sub_126_48_g1245/Y  -       B->Y   F     NAND2X2        3 15.9   115   138    7453    (-,-) 
  PC1/sub_126_48_g1242/Y  -       B->Y   R     NAND2X2        1 13.1   122   121    7574    (-,-) 
  PC1/sub_126_48_g1241/Y  -       B->Y   F     NAND2X4        3 18.7    90   121    7695    (-,-) 
  PC1/sub_126_48_g1238/Y  -       B->Y   R     NAND2X2        1  7.8    98    88    7784    (-,-) 
  PC1/sub_126_48_g1237/Y  -       B->Y   F     NAND2X2        2  9.0    81   106    7890    (-,-) 
  PC1/sub_126_48_g1235/Y  -       B->Y   R     NAND2X1        1  5.0    84    96    7986    (-,-) 
  PC1/sub_126_48_g1234/Y  -       B0->Y  F     OAI21X1        1  5.0    95   127    8112    (-,-) 
  PC1/g45794/Y            -       B->Y   R     NAND2X1        1  5.0   108   102    8214    (-,-) 
  PC1/g45723/Y            -       B->Y   F     NAND2X1        2  8.8   119   147    8361    (-,-) 
  PC1/g45490__4733/Y      -       B->Y   R     NOR2X1         1  3.6   127   141    8502    (-,-) 
  PC1/g46318/Y            -       B->Y   R     AND2X2        16 63.2   351   500    9003    (-,-) 
  PC1/g38547/Y            -       A0->Y  F     OAI21X1        1  3.6   108   206    9209    (-,-) 
  PC1/RF_reg[0][31]/D     -       -      F     DFFRX1         1    -     -     0    9209    (-,-) 
#-------------------------------------------------------------------------------------------------



Path 33: MET (679 ps) Setup Check with Pin PC1/RF_reg[15][29]/CK->D
          Group: C2C
     Startpoint: (R) PC1/IR_reg[30]/CK
          Clock: (R) SYS_CLOCK
       Endpoint: (F) PC1/RF_reg[15][29]/D
          Clock: (R) SYS_CLOCK

                     Capture       Launch     
        Clock Edge:+   10000            0     
       Src Latency:+       0            0     
       Net Latency:+       0 (I)        0 (I) 
           Arrival:=   10000            0     
                                              
             Setup:-     177                  
     Required Time:=    9823                  
      Launch Clock:-       0                  
         Data Path:-    9144                  
             Slack:=     679                  

#-------------------------------------------------------------------------------------------------
#      Timing Point       Flags    Arc   Edge   Cell     Fanout Load Trans Delay Arrival Instance 
#                                                               (fF)  (ps)  (ps)   (ps)  Location 
#-------------------------------------------------------------------------------------------------
  PC1/IR_reg[30]/CK       -       -      R     (arrival)    587    -     0     0       0    (-,-) 
  PC1/IR_reg[30]/Q        -       CK->Q  F     DFFX1          3 12.3   102   491     491    (-,-) 
  PC1/g43941__4733/Y      -       A->Y   R     NOR2X2         2  8.3   130   160     651    (-,-) 
  PC1/g43922__8428/Y      -       B->Y   R     CLKAND2X2      2 16.7   106   224     875    (-,-) 
  PC1/g43628__2883/Y      -       A->Y   F     NAND2X4        7 37.0   132   157    1032    (-,-) 
  PC1/g43363__5115/Y      -       A1->Y  R     OAI21X2        2 14.1   225   235    1267    (-,-) 
  PC1/g43355/Y            -       A->Y   F     INVX2          3 26.4   116   177    1444    (-,-) 
  PC1/g43341__6417/Y      -       A->Y   R     NOR2X4         4 15.7   130   164    1608    (-,-) 
  PC1/g43308/Y            -       A->Y   F     CLKINVX1       1 12.9    92   136    1745    (-,-) 
  PC1/g43266__1881/Y      -       A->Y   R     NOR2X4        10 41.6   262   255    2000    (-,-) 
  PC1/g42958__2883/Y      -       B1->Y  F     AOI22X1        1  4.8   135   177    2177    (-,-) 
  PC1/g42702__4733/Y      -       A->Y   R     NAND2X1        1  7.6   115   150    2327    (-,-) 
  PC1/g42692__1617/Y      -       B->Y   F     NOR2X2         1 12.6    63    99    2426    (-,-) 
  PC1/g42616__5115/Y      -       A->Y   R     NAND2X4        6 25.4    91   106    2532    (-,-) 
  PC1/sub_126_48_g1462/Y  -       B->Y   F     NAND2X1        2 10.8   142   155    2687    (-,-) 
  PC1/sub_126_48_g1335/CO -       CI->CO F     ADDFX1         2 10.3   132   436    3123    (-,-) 
  PC1/sub_126_48_g1334/Y  -       B->Y   R     NAND2X1        1  5.0   101   118    3242    (-,-) 
  PC1/sub_126_48_g1329/Y  -       B->Y   F     NAND2X1        2  7.8   113   135    3377    (-,-) 
  PC1/sub_126_48_g1327/Y  -       B->Y   R     NAND2X1        1  7.8   124   131    3508    (-,-) 
  PC1/sub_126_48_g1326/Y  -       B->Y   F     NAND2X2        3 11.7    93   130    3638    (-,-) 
  PC1/sub_126_48_g1324/Y  -       B->Y   R     NAND2X1        1  5.0    79   101    3739    (-,-) 
  PC1/sub_126_48_g1323/Y  -       B->Y   F     NAND2X1        1  6.7   101   116    3856    (-,-) 
  PC1/sub_126_48_g1318/CO -       CI->CO F     ADDFX1         2  7.8   115   398    4254    (-,-) 
  PC1/sub_126_48_g1317/Y  -       B->Y   R     NAND2X1        1  7.8   121   132    4386    (-,-) 
  PC1/sub_126_48_g1316/Y  -       B->Y   F     NAND2X2        3 11.7    93   129    4515    (-,-) 
  PC1/sub_126_48_g1314/Y  -       C->Y   R     NAND3X1        2  9.0   157   134    4649    (-,-) 
  PC1/sub_126_48_g1310/Y  -       B->Y   F     NOR2X1         1  4.7    98   105    4754    (-,-) 
  PC1/sub_126_48_g1307/Y  -       A0->Y  R     AOI21X1        4 17.2   431   392    5145    (-,-) 
  PC1/sub_126_48_g1301/Y  -       B->Y   F     NOR2X1         2  8.7   137   212    5357    (-,-) 
  PC1/sub_126_48_g1294/Y  -       A0->Y  R     AOI21X1        3 15.8   402   385    5742    (-,-) 
  PC1/sub_126_48_g1289/Y  -       B->Y   F     NOR2X2         3 12.9   115   179    5921    (-,-) 
  PC1/sub_126_48_g1286/Y  -       B->Y   R     NAND2X1        1  7.8   107   132    6053    (-,-) 
  PC1/sub_126_48_g1283/Y  -       B->Y   F     NAND2X2        4 18.3   133   150    6203    (-,-) 
  PC1/sub_126_48_g1274/Y  -       C->Y   R     NAND3X2        1  7.8   121   111    6314    (-,-) 
  PC1/sub_126_48_g1270/Y  -       B->Y   F     NAND2X2        4 17.0   127   152    6466    (-,-) 
  PC1/sub_126_48_g1264/Y  -       B->Y   R     NAND2X1        1  7.8   109   138    6604    (-,-) 
  PC1/sub_126_48_g1263/Y  -       B->Y   F     NAND2X2        2  9.0    86   111    6715    (-,-) 
  PC1/sub_126_48_g1255/Y  -       B->Y   R     NAND2X1        1  7.8   123   119    6834    (-,-) 
  PC1/sub_126_48_g1254/Y  -       B->Y   F     NAND2X2        3 15.9   114   148    6982    (-,-) 
  PC1/sub_126_48_g1251/Y  -       B->Y   R     NAND2X2        1  7.8    99    98    7080    (-,-) 
  PC1/sub_126_48_g1249/Y  -       B->Y   F     NAND2X2        3 15.9   115   136    7217    (-,-) 
  PC1/sub_126_48_g1246/Y  -       B->Y   R     NAND2X2        1  7.8   101    99    7316    (-,-) 
  PC1/sub_126_48_g1245/Y  -       B->Y   F     NAND2X2        3 15.9   115   138    7453    (-,-) 
  PC1/sub_126_48_g1243/Y  -       B->Y   R     NAND2X1        1  5.0    94   111    7564    (-,-) 
  PC1/sub_126_48_g1240/Y  -       B0->Y  F     OAI21X1        1  5.0    98   131    7695    (-,-) 
  PC1/g46016/Y            -       B->Y   R     NAND2X1        1  5.0   104   103    7798    (-,-) 
  PC1/g45581__2883/Y      -       B->Y   F     NAND2X1        1  5.0   101   114    7912    (-,-) 
  PC1/g45553__2346/Y      -       B->Y   R     NAND2X1        1  3.8   102    94    8007    (-,-) 
  PC1/g2/Y                -       B->Y   R     AND2X1         1  5.0    85   230    8236    (-,-) 
  PC1/g45501__5107/Y      -       B->Y   F     NAND2X1        2  8.8   115   136    8372    (-,-) 
  PC1/g26604/Y            -       A->Y   R     CLKINVX1       1  3.6    70    93    8466    (-,-) 
  PC1/g39895/Y            -       B->Y   R     AND2X2        16 63.2   351   473    8938    (-,-) 
  PC1/g38600/Y            -       A0->Y  F     OAI21X1        1  3.6   108   206    9144    (-,-) 
  PC1/RF_reg[15][29]/D    -       -      F     DFFRX1         1    -     -     0    9144    (-,-) 
#-------------------------------------------------------------------------------------------------



Path 34: MET (679 ps) Setup Check with Pin PC1/RF_reg[14][29]/CK->D
          Group: C2C
     Startpoint: (R) PC1/IR_reg[30]/CK
          Clock: (R) SYS_CLOCK
       Endpoint: (F) PC1/RF_reg[14][29]/D
          Clock: (R) SYS_CLOCK

                     Capture       Launch     
        Clock Edge:+   10000            0     
       Src Latency:+       0            0     
       Net Latency:+       0 (I)        0 (I) 
           Arrival:=   10000            0     
                                              
             Setup:-     177                  
     Required Time:=    9823                  
      Launch Clock:-       0                  
         Data Path:-    9144                  
             Slack:=     679                  

#-------------------------------------------------------------------------------------------------
#      Timing Point       Flags    Arc   Edge   Cell     Fanout Load Trans Delay Arrival Instance 
#                                                               (fF)  (ps)  (ps)   (ps)  Location 
#-------------------------------------------------------------------------------------------------
  PC1/IR_reg[30]/CK       -       -      R     (arrival)    587    -     0     0       0    (-,-) 
  PC1/IR_reg[30]/Q        -       CK->Q  F     DFFX1          3 12.3   102   491     491    (-,-) 
  PC1/g43941__4733/Y      -       A->Y   R     NOR2X2         2  8.3   130   160     651    (-,-) 
  PC1/g43922__8428/Y      -       B->Y   R     CLKAND2X2      2 16.7   106   224     875    (-,-) 
  PC1/g43628__2883/Y      -       A->Y   F     NAND2X4        7 37.0   132   157    1032    (-,-) 
  PC1/g43363__5115/Y      -       A1->Y  R     OAI21X2        2 14.1   225   235    1267    (-,-) 
  PC1/g43355/Y            -       A->Y   F     INVX2          3 26.4   116   177    1444    (-,-) 
  PC1/g43341__6417/Y      -       A->Y   R     NOR2X4         4 15.7   130   164    1608    (-,-) 
  PC1/g43308/Y            -       A->Y   F     CLKINVX1       1 12.9    92   136    1745    (-,-) 
  PC1/g43266__1881/Y      -       A->Y   R     NOR2X4        10 41.6   262   255    2000    (-,-) 
  PC1/g42958__2883/Y      -       B1->Y  F     AOI22X1        1  4.8   135   177    2177    (-,-) 
  PC1/g42702__4733/Y      -       A->Y   R     NAND2X1        1  7.6   115   150    2327    (-,-) 
  PC1/g42692__1617/Y      -       B->Y   F     NOR2X2         1 12.6    63    99    2426    (-,-) 
  PC1/g42616__5115/Y      -       A->Y   R     NAND2X4        6 25.4    91   106    2532    (-,-) 
  PC1/sub_126_48_g1462/Y  -       B->Y   F     NAND2X1        2 10.8   142   155    2687    (-,-) 
  PC1/sub_126_48_g1335/CO -       CI->CO F     ADDFX1         2 10.3   132   436    3123    (-,-) 
  PC1/sub_126_48_g1334/Y  -       B->Y   R     NAND2X1        1  5.0   101   118    3242    (-,-) 
  PC1/sub_126_48_g1329/Y  -       B->Y   F     NAND2X1        2  7.8   113   135    3377    (-,-) 
  PC1/sub_126_48_g1327/Y  -       B->Y   R     NAND2X1        1  7.8   124   131    3508    (-,-) 
  PC1/sub_126_48_g1326/Y  -       B->Y   F     NAND2X2        3 11.7    93   130    3638    (-,-) 
  PC1/sub_126_48_g1324/Y  -       B->Y   R     NAND2X1        1  5.0    79   101    3739    (-,-) 
  PC1/sub_126_48_g1323/Y  -       B->Y   F     NAND2X1        1  6.7   101   116    3856    (-,-) 
  PC1/sub_126_48_g1318/CO -       CI->CO F     ADDFX1         2  7.8   115   398    4254    (-,-) 
  PC1/sub_126_48_g1317/Y  -       B->Y   R     NAND2X1        1  7.8   121   132    4386    (-,-) 
  PC1/sub_126_48_g1316/Y  -       B->Y   F     NAND2X2        3 11.7    93   129    4515    (-,-) 
  PC1/sub_126_48_g1314/Y  -       C->Y   R     NAND3X1        2  9.0   157   134    4649    (-,-) 
  PC1/sub_126_48_g1310/Y  -       B->Y   F     NOR2X1         1  4.7    98   105    4754    (-,-) 
  PC1/sub_126_48_g1307/Y  -       A0->Y  R     AOI21X1        4 17.2   431   392    5145    (-,-) 
  PC1/sub_126_48_g1301/Y  -       B->Y   F     NOR2X1         2  8.7   137   212    5357    (-,-) 
  PC1/sub_126_48_g1294/Y  -       A0->Y  R     AOI21X1        3 15.8   402   385    5742    (-,-) 
  PC1/sub_126_48_g1289/Y  -       B->Y   F     NOR2X2         3 12.9   115   179    5921    (-,-) 
  PC1/sub_126_48_g1286/Y  -       B->Y   R     NAND2X1        1  7.8   107   132    6053    (-,-) 
  PC1/sub_126_48_g1283/Y  -       B->Y   F     NAND2X2        4 18.3   133   150    6203    (-,-) 
  PC1/sub_126_48_g1274/Y  -       C->Y   R     NAND3X2        1  7.8   121   111    6314    (-,-) 
  PC1/sub_126_48_g1270/Y  -       B->Y   F     NAND2X2        4 17.0   127   152    6466    (-,-) 
  PC1/sub_126_48_g1264/Y  -       B->Y   R     NAND2X1        1  7.8   109   138    6604    (-,-) 
  PC1/sub_126_48_g1263/Y  -       B->Y   F     NAND2X2        2  9.0    86   111    6715    (-,-) 
  PC1/sub_126_48_g1255/Y  -       B->Y   R     NAND2X1        1  7.8   123   119    6834    (-,-) 
  PC1/sub_126_48_g1254/Y  -       B->Y   F     NAND2X2        3 15.9   114   148    6982    (-,-) 
  PC1/sub_126_48_g1251/Y  -       B->Y   R     NAND2X2        1  7.8    99    98    7080    (-,-) 
  PC1/sub_126_48_g1249/Y  -       B->Y   F     NAND2X2        3 15.9   115   136    7217    (-,-) 
  PC1/sub_126_48_g1246/Y  -       B->Y   R     NAND2X2        1  7.8   101    99    7316    (-,-) 
  PC1/sub_126_48_g1245/Y  -       B->Y   F     NAND2X2        3 15.9   115   138    7453    (-,-) 
  PC1/sub_126_48_g1243/Y  -       B->Y   R     NAND2X1        1  5.0    94   111    7564    (-,-) 
  PC1/sub_126_48_g1240/Y  -       B0->Y  F     OAI21X1        1  5.0    98   131    7695    (-,-) 
  PC1/g46016/Y            -       B->Y   R     NAND2X1        1  5.0   104   103    7798    (-,-) 
  PC1/g45581__2883/Y      -       B->Y   F     NAND2X1        1  5.0   101   114    7912    (-,-) 
  PC1/g45553__2346/Y      -       B->Y   R     NAND2X1        1  3.8   102    94    8007    (-,-) 
  PC1/g2/Y                -       B->Y   R     AND2X1         1  5.0    85   230    8236    (-,-) 
  PC1/g45501__5107/Y      -       B->Y   F     NAND2X1        2  8.8   115   136    8372    (-,-) 
  PC1/g26604/Y            -       A->Y   R     CLKINVX1       1  3.6    70    93    8466    (-,-) 
  PC1/g39895/Y            -       B->Y   R     AND2X2        16 63.2   351   473    8938    (-,-) 
  PC1/g38598/Y            -       A0->Y  F     OAI21X1        1  3.6   108   206    9144    (-,-) 
  PC1/RF_reg[14][29]/D    -       -      F     DFFRX1         1    -     -     0    9144    (-,-) 
#-------------------------------------------------------------------------------------------------



Path 35: MET (679 ps) Setup Check with Pin PC1/RF_reg[13][29]/CK->D
          Group: C2C
     Startpoint: (R) PC1/IR_reg[30]/CK
          Clock: (R) SYS_CLOCK
       Endpoint: (F) PC1/RF_reg[13][29]/D
          Clock: (R) SYS_CLOCK

                     Capture       Launch     
        Clock Edge:+   10000            0     
       Src Latency:+       0            0     
       Net Latency:+       0 (I)        0 (I) 
           Arrival:=   10000            0     
                                              
             Setup:-     177                  
     Required Time:=    9823                  
      Launch Clock:-       0                  
         Data Path:-    9144                  
             Slack:=     679                  

#-------------------------------------------------------------------------------------------------
#      Timing Point       Flags    Arc   Edge   Cell     Fanout Load Trans Delay Arrival Instance 
#                                                               (fF)  (ps)  (ps)   (ps)  Location 
#-------------------------------------------------------------------------------------------------
  PC1/IR_reg[30]/CK       -       -      R     (arrival)    587    -     0     0       0    (-,-) 
  PC1/IR_reg[30]/Q        -       CK->Q  F     DFFX1          3 12.3   102   491     491    (-,-) 
  PC1/g43941__4733/Y      -       A->Y   R     NOR2X2         2  8.3   130   160     651    (-,-) 
  PC1/g43922__8428/Y      -       B->Y   R     CLKAND2X2      2 16.7   106   224     875    (-,-) 
  PC1/g43628__2883/Y      -       A->Y   F     NAND2X4        7 37.0   132   157    1032    (-,-) 
  PC1/g43363__5115/Y      -       A1->Y  R     OAI21X2        2 14.1   225   235    1267    (-,-) 
  PC1/g43355/Y            -       A->Y   F     INVX2          3 26.4   116   177    1444    (-,-) 
  PC1/g43341__6417/Y      -       A->Y   R     NOR2X4         4 15.7   130   164    1608    (-,-) 
  PC1/g43308/Y            -       A->Y   F     CLKINVX1       1 12.9    92   136    1745    (-,-) 
  PC1/g43266__1881/Y      -       A->Y   R     NOR2X4        10 41.6   262   255    2000    (-,-) 
  PC1/g42958__2883/Y      -       B1->Y  F     AOI22X1        1  4.8   135   177    2177    (-,-) 
  PC1/g42702__4733/Y      -       A->Y   R     NAND2X1        1  7.6   115   150    2327    (-,-) 
  PC1/g42692__1617/Y      -       B->Y   F     NOR2X2         1 12.6    63    99    2426    (-,-) 
  PC1/g42616__5115/Y      -       A->Y   R     NAND2X4        6 25.4    91   106    2532    (-,-) 
  PC1/sub_126_48_g1462/Y  -       B->Y   F     NAND2X1        2 10.8   142   155    2687    (-,-) 
  PC1/sub_126_48_g1335/CO -       CI->CO F     ADDFX1         2 10.3   132   436    3123    (-,-) 
  PC1/sub_126_48_g1334/Y  -       B->Y   R     NAND2X1        1  5.0   101   118    3242    (-,-) 
  PC1/sub_126_48_g1329/Y  -       B->Y   F     NAND2X1        2  7.8   113   135    3377    (-,-) 
  PC1/sub_126_48_g1327/Y  -       B->Y   R     NAND2X1        1  7.8   124   131    3508    (-,-) 
  PC1/sub_126_48_g1326/Y  -       B->Y   F     NAND2X2        3 11.7    93   130    3638    (-,-) 
  PC1/sub_126_48_g1324/Y  -       B->Y   R     NAND2X1        1  5.0    79   101    3739    (-,-) 
  PC1/sub_126_48_g1323/Y  -       B->Y   F     NAND2X1        1  6.7   101   116    3856    (-,-) 
  PC1/sub_126_48_g1318/CO -       CI->CO F     ADDFX1         2  7.8   115   398    4254    (-,-) 
  PC1/sub_126_48_g1317/Y  -       B->Y   R     NAND2X1        1  7.8   121   132    4386    (-,-) 
  PC1/sub_126_48_g1316/Y  -       B->Y   F     NAND2X2        3 11.7    93   129    4515    (-,-) 
  PC1/sub_126_48_g1314/Y  -       C->Y   R     NAND3X1        2  9.0   157   134    4649    (-,-) 
  PC1/sub_126_48_g1310/Y  -       B->Y   F     NOR2X1         1  4.7    98   105    4754    (-,-) 
  PC1/sub_126_48_g1307/Y  -       A0->Y  R     AOI21X1        4 17.2   431   392    5145    (-,-) 
  PC1/sub_126_48_g1301/Y  -       B->Y   F     NOR2X1         2  8.7   137   212    5357    (-,-) 
  PC1/sub_126_48_g1294/Y  -       A0->Y  R     AOI21X1        3 15.8   402   385    5742    (-,-) 
  PC1/sub_126_48_g1289/Y  -       B->Y   F     NOR2X2         3 12.9   115   179    5921    (-,-) 
  PC1/sub_126_48_g1286/Y  -       B->Y   R     NAND2X1        1  7.8   107   132    6053    (-,-) 
  PC1/sub_126_48_g1283/Y  -       B->Y   F     NAND2X2        4 18.3   133   150    6203    (-,-) 
  PC1/sub_126_48_g1274/Y  -       C->Y   R     NAND3X2        1  7.8   121   111    6314    (-,-) 
  PC1/sub_126_48_g1270/Y  -       B->Y   F     NAND2X2        4 17.0   127   152    6466    (-,-) 
  PC1/sub_126_48_g1264/Y  -       B->Y   R     NAND2X1        1  7.8   109   138    6604    (-,-) 
  PC1/sub_126_48_g1263/Y  -       B->Y   F     NAND2X2        2  9.0    86   111    6715    (-,-) 
  PC1/sub_126_48_g1255/Y  -       B->Y   R     NAND2X1        1  7.8   123   119    6834    (-,-) 
  PC1/sub_126_48_g1254/Y  -       B->Y   F     NAND2X2        3 15.9   114   148    6982    (-,-) 
  PC1/sub_126_48_g1251/Y  -       B->Y   R     NAND2X2        1  7.8    99    98    7080    (-,-) 
  PC1/sub_126_48_g1249/Y  -       B->Y   F     NAND2X2        3 15.9   115   136    7217    (-,-) 
  PC1/sub_126_48_g1246/Y  -       B->Y   R     NAND2X2        1  7.8   101    99    7316    (-,-) 
  PC1/sub_126_48_g1245/Y  -       B->Y   F     NAND2X2        3 15.9   115   138    7453    (-,-) 
  PC1/sub_126_48_g1243/Y  -       B->Y   R     NAND2X1        1  5.0    94   111    7564    (-,-) 
  PC1/sub_126_48_g1240/Y  -       B0->Y  F     OAI21X1        1  5.0    98   131    7695    (-,-) 
  PC1/g46016/Y            -       B->Y   R     NAND2X1        1  5.0   104   103    7798    (-,-) 
  PC1/g45581__2883/Y      -       B->Y   F     NAND2X1        1  5.0   101   114    7912    (-,-) 
  PC1/g45553__2346/Y      -       B->Y   R     NAND2X1        1  3.8   102    94    8007    (-,-) 
  PC1/g2/Y                -       B->Y   R     AND2X1         1  5.0    85   230    8236    (-,-) 
  PC1/g45501__5107/Y      -       B->Y   F     NAND2X1        2  8.8   115   136    8372    (-,-) 
  PC1/g26604/Y            -       A->Y   R     CLKINVX1       1  3.6    70    93    8466    (-,-) 
  PC1/g39895/Y            -       B->Y   R     AND2X2        16 63.2   351   473    8938    (-,-) 
  PC1/g38591/Y            -       A0->Y  F     OAI21X1        1  3.6   108   206    9144    (-,-) 
  PC1/RF_reg[13][29]/D    -       -      F     DFFRX1         1    -     -     0    9144    (-,-) 
#-------------------------------------------------------------------------------------------------



Path 36: MET (679 ps) Setup Check with Pin PC1/RF_reg[12][29]/CK->D
          Group: C2C
     Startpoint: (R) PC1/IR_reg[30]/CK
          Clock: (R) SYS_CLOCK
       Endpoint: (F) PC1/RF_reg[12][29]/D
          Clock: (R) SYS_CLOCK

                     Capture       Launch     
        Clock Edge:+   10000            0     
       Src Latency:+       0            0     
       Net Latency:+       0 (I)        0 (I) 
           Arrival:=   10000            0     
                                              
             Setup:-     177                  
     Required Time:=    9823                  
      Launch Clock:-       0                  
         Data Path:-    9144                  
             Slack:=     679                  

#-------------------------------------------------------------------------------------------------
#      Timing Point       Flags    Arc   Edge   Cell     Fanout Load Trans Delay Arrival Instance 
#                                                               (fF)  (ps)  (ps)   (ps)  Location 
#-------------------------------------------------------------------------------------------------
  PC1/IR_reg[30]/CK       -       -      R     (arrival)    587    -     0     0       0    (-,-) 
  PC1/IR_reg[30]/Q        -       CK->Q  F     DFFX1          3 12.3   102   491     491    (-,-) 
  PC1/g43941__4733/Y      -       A->Y   R     NOR2X2         2  8.3   130   160     651    (-,-) 
  PC1/g43922__8428/Y      -       B->Y   R     CLKAND2X2      2 16.7   106   224     875    (-,-) 
  PC1/g43628__2883/Y      -       A->Y   F     NAND2X4        7 37.0   132   157    1032    (-,-) 
  PC1/g43363__5115/Y      -       A1->Y  R     OAI21X2        2 14.1   225   235    1267    (-,-) 
  PC1/g43355/Y            -       A->Y   F     INVX2          3 26.4   116   177    1444    (-,-) 
  PC1/g43341__6417/Y      -       A->Y   R     NOR2X4         4 15.7   130   164    1608    (-,-) 
  PC1/g43308/Y            -       A->Y   F     CLKINVX1       1 12.9    92   136    1745    (-,-) 
  PC1/g43266__1881/Y      -       A->Y   R     NOR2X4        10 41.6   262   255    2000    (-,-) 
  PC1/g42958__2883/Y      -       B1->Y  F     AOI22X1        1  4.8   135   177    2177    (-,-) 
  PC1/g42702__4733/Y      -       A->Y   R     NAND2X1        1  7.6   115   150    2327    (-,-) 
  PC1/g42692__1617/Y      -       B->Y   F     NOR2X2         1 12.6    63    99    2426    (-,-) 
  PC1/g42616__5115/Y      -       A->Y   R     NAND2X4        6 25.4    91   106    2532    (-,-) 
  PC1/sub_126_48_g1462/Y  -       B->Y   F     NAND2X1        2 10.8   142   155    2687    (-,-) 
  PC1/sub_126_48_g1335/CO -       CI->CO F     ADDFX1         2 10.3   132   436    3123    (-,-) 
  PC1/sub_126_48_g1334/Y  -       B->Y   R     NAND2X1        1  5.0   101   118    3242    (-,-) 
  PC1/sub_126_48_g1329/Y  -       B->Y   F     NAND2X1        2  7.8   113   135    3377    (-,-) 
  PC1/sub_126_48_g1327/Y  -       B->Y   R     NAND2X1        1  7.8   124   131    3508    (-,-) 
  PC1/sub_126_48_g1326/Y  -       B->Y   F     NAND2X2        3 11.7    93   130    3638    (-,-) 
  PC1/sub_126_48_g1324/Y  -       B->Y   R     NAND2X1        1  5.0    79   101    3739    (-,-) 
  PC1/sub_126_48_g1323/Y  -       B->Y   F     NAND2X1        1  6.7   101   116    3856    (-,-) 
  PC1/sub_126_48_g1318/CO -       CI->CO F     ADDFX1         2  7.8   115   398    4254    (-,-) 
  PC1/sub_126_48_g1317/Y  -       B->Y   R     NAND2X1        1  7.8   121   132    4386    (-,-) 
  PC1/sub_126_48_g1316/Y  -       B->Y   F     NAND2X2        3 11.7    93   129    4515    (-,-) 
  PC1/sub_126_48_g1314/Y  -       C->Y   R     NAND3X1        2  9.0   157   134    4649    (-,-) 
  PC1/sub_126_48_g1310/Y  -       B->Y   F     NOR2X1         1  4.7    98   105    4754    (-,-) 
  PC1/sub_126_48_g1307/Y  -       A0->Y  R     AOI21X1        4 17.2   431   392    5145    (-,-) 
  PC1/sub_126_48_g1301/Y  -       B->Y   F     NOR2X1         2  8.7   137   212    5357    (-,-) 
  PC1/sub_126_48_g1294/Y  -       A0->Y  R     AOI21X1        3 15.8   402   385    5742    (-,-) 
  PC1/sub_126_48_g1289/Y  -       B->Y   F     NOR2X2         3 12.9   115   179    5921    (-,-) 
  PC1/sub_126_48_g1286/Y  -       B->Y   R     NAND2X1        1  7.8   107   132    6053    (-,-) 
  PC1/sub_126_48_g1283/Y  -       B->Y   F     NAND2X2        4 18.3   133   150    6203    (-,-) 
  PC1/sub_126_48_g1274/Y  -       C->Y   R     NAND3X2        1  7.8   121   111    6314    (-,-) 
  PC1/sub_126_48_g1270/Y  -       B->Y   F     NAND2X2        4 17.0   127   152    6466    (-,-) 
  PC1/sub_126_48_g1264/Y  -       B->Y   R     NAND2X1        1  7.8   109   138    6604    (-,-) 
  PC1/sub_126_48_g1263/Y  -       B->Y   F     NAND2X2        2  9.0    86   111    6715    (-,-) 
  PC1/sub_126_48_g1255/Y  -       B->Y   R     NAND2X1        1  7.8   123   119    6834    (-,-) 
  PC1/sub_126_48_g1254/Y  -       B->Y   F     NAND2X2        3 15.9   114   148    6982    (-,-) 
  PC1/sub_126_48_g1251/Y  -       B->Y   R     NAND2X2        1  7.8    99    98    7080    (-,-) 
  PC1/sub_126_48_g1249/Y  -       B->Y   F     NAND2X2        3 15.9   115   136    7217    (-,-) 
  PC1/sub_126_48_g1246/Y  -       B->Y   R     NAND2X2        1  7.8   101    99    7316    (-,-) 
  PC1/sub_126_48_g1245/Y  -       B->Y   F     NAND2X2        3 15.9   115   138    7453    (-,-) 
  PC1/sub_126_48_g1243/Y  -       B->Y   R     NAND2X1        1  5.0    94   111    7564    (-,-) 
  PC1/sub_126_48_g1240/Y  -       B0->Y  F     OAI21X1        1  5.0    98   131    7695    (-,-) 
  PC1/g46016/Y            -       B->Y   R     NAND2X1        1  5.0   104   103    7798    (-,-) 
  PC1/g45581__2883/Y      -       B->Y   F     NAND2X1        1  5.0   101   114    7912    (-,-) 
  PC1/g45553__2346/Y      -       B->Y   R     NAND2X1        1  3.8   102    94    8007    (-,-) 
  PC1/g2/Y                -       B->Y   R     AND2X1         1  5.0    85   230    8236    (-,-) 
  PC1/g45501__5107/Y      -       B->Y   F     NAND2X1        2  8.8   115   136    8372    (-,-) 
  PC1/g26604/Y            -       A->Y   R     CLKINVX1       1  3.6    70    93    8466    (-,-) 
  PC1/g39895/Y            -       B->Y   R     AND2X2        16 63.2   351   473    8938    (-,-) 
  PC1/g38590/Y            -       A0->Y  F     OAI21X1        1  3.6   108   206    9144    (-,-) 
  PC1/RF_reg[12][29]/D    -       -      F     DFFRX1         1    -     -     0    9144    (-,-) 
#-------------------------------------------------------------------------------------------------



Path 37: MET (679 ps) Setup Check with Pin PC1/RF_reg[11][29]/CK->D
          Group: C2C
     Startpoint: (R) PC1/IR_reg[30]/CK
          Clock: (R) SYS_CLOCK
       Endpoint: (F) PC1/RF_reg[11][29]/D
          Clock: (R) SYS_CLOCK

                     Capture       Launch     
        Clock Edge:+   10000            0     
       Src Latency:+       0            0     
       Net Latency:+       0 (I)        0 (I) 
           Arrival:=   10000            0     
                                              
             Setup:-     177                  
     Required Time:=    9823                  
      Launch Clock:-       0                  
         Data Path:-    9144                  
             Slack:=     679                  

#-------------------------------------------------------------------------------------------------
#      Timing Point       Flags    Arc   Edge   Cell     Fanout Load Trans Delay Arrival Instance 
#                                                               (fF)  (ps)  (ps)   (ps)  Location 
#-------------------------------------------------------------------------------------------------
  PC1/IR_reg[30]/CK       -       -      R     (arrival)    587    -     0     0       0    (-,-) 
  PC1/IR_reg[30]/Q        -       CK->Q  F     DFFX1          3 12.3   102   491     491    (-,-) 
  PC1/g43941__4733/Y      -       A->Y   R     NOR2X2         2  8.3   130   160     651    (-,-) 
  PC1/g43922__8428/Y      -       B->Y   R     CLKAND2X2      2 16.7   106   224     875    (-,-) 
  PC1/g43628__2883/Y      -       A->Y   F     NAND2X4        7 37.0   132   157    1032    (-,-) 
  PC1/g43363__5115/Y      -       A1->Y  R     OAI21X2        2 14.1   225   235    1267    (-,-) 
  PC1/g43355/Y            -       A->Y   F     INVX2          3 26.4   116   177    1444    (-,-) 
  PC1/g43341__6417/Y      -       A->Y   R     NOR2X4         4 15.7   130   164    1608    (-,-) 
  PC1/g43308/Y            -       A->Y   F     CLKINVX1       1 12.9    92   136    1745    (-,-) 
  PC1/g43266__1881/Y      -       A->Y   R     NOR2X4        10 41.6   262   255    2000    (-,-) 
  PC1/g42958__2883/Y      -       B1->Y  F     AOI22X1        1  4.8   135   177    2177    (-,-) 
  PC1/g42702__4733/Y      -       A->Y   R     NAND2X1        1  7.6   115   150    2327    (-,-) 
  PC1/g42692__1617/Y      -       B->Y   F     NOR2X2         1 12.6    63    99    2426    (-,-) 
  PC1/g42616__5115/Y      -       A->Y   R     NAND2X4        6 25.4    91   106    2532    (-,-) 
  PC1/sub_126_48_g1462/Y  -       B->Y   F     NAND2X1        2 10.8   142   155    2687    (-,-) 
  PC1/sub_126_48_g1335/CO -       CI->CO F     ADDFX1         2 10.3   132   436    3123    (-,-) 
  PC1/sub_126_48_g1334/Y  -       B->Y   R     NAND2X1        1  5.0   101   118    3242    (-,-) 
  PC1/sub_126_48_g1329/Y  -       B->Y   F     NAND2X1        2  7.8   113   135    3377    (-,-) 
  PC1/sub_126_48_g1327/Y  -       B->Y   R     NAND2X1        1  7.8   124   131    3508    (-,-) 
  PC1/sub_126_48_g1326/Y  -       B->Y   F     NAND2X2        3 11.7    93   130    3638    (-,-) 
  PC1/sub_126_48_g1324/Y  -       B->Y   R     NAND2X1        1  5.0    79   101    3739    (-,-) 
  PC1/sub_126_48_g1323/Y  -       B->Y   F     NAND2X1        1  6.7   101   116    3856    (-,-) 
  PC1/sub_126_48_g1318/CO -       CI->CO F     ADDFX1         2  7.8   115   398    4254    (-,-) 
  PC1/sub_126_48_g1317/Y  -       B->Y   R     NAND2X1        1  7.8   121   132    4386    (-,-) 
  PC1/sub_126_48_g1316/Y  -       B->Y   F     NAND2X2        3 11.7    93   129    4515    (-,-) 
  PC1/sub_126_48_g1314/Y  -       C->Y   R     NAND3X1        2  9.0   157   134    4649    (-,-) 
  PC1/sub_126_48_g1310/Y  -       B->Y   F     NOR2X1         1  4.7    98   105    4754    (-,-) 
  PC1/sub_126_48_g1307/Y  -       A0->Y  R     AOI21X1        4 17.2   431   392    5145    (-,-) 
  PC1/sub_126_48_g1301/Y  -       B->Y   F     NOR2X1         2  8.7   137   212    5357    (-,-) 
  PC1/sub_126_48_g1294/Y  -       A0->Y  R     AOI21X1        3 15.8   402   385    5742    (-,-) 
  PC1/sub_126_48_g1289/Y  -       B->Y   F     NOR2X2         3 12.9   115   179    5921    (-,-) 
  PC1/sub_126_48_g1286/Y  -       B->Y   R     NAND2X1        1  7.8   107   132    6053    (-,-) 
  PC1/sub_126_48_g1283/Y  -       B->Y   F     NAND2X2        4 18.3   133   150    6203    (-,-) 
  PC1/sub_126_48_g1274/Y  -       C->Y   R     NAND3X2        1  7.8   121   111    6314    (-,-) 
  PC1/sub_126_48_g1270/Y  -       B->Y   F     NAND2X2        4 17.0   127   152    6466    (-,-) 
  PC1/sub_126_48_g1264/Y  -       B->Y   R     NAND2X1        1  7.8   109   138    6604    (-,-) 
  PC1/sub_126_48_g1263/Y  -       B->Y   F     NAND2X2        2  9.0    86   111    6715    (-,-) 
  PC1/sub_126_48_g1255/Y  -       B->Y   R     NAND2X1        1  7.8   123   119    6834    (-,-) 
  PC1/sub_126_48_g1254/Y  -       B->Y   F     NAND2X2        3 15.9   114   148    6982    (-,-) 
  PC1/sub_126_48_g1251/Y  -       B->Y   R     NAND2X2        1  7.8    99    98    7080    (-,-) 
  PC1/sub_126_48_g1249/Y  -       B->Y   F     NAND2X2        3 15.9   115   136    7217    (-,-) 
  PC1/sub_126_48_g1246/Y  -       B->Y   R     NAND2X2        1  7.8   101    99    7316    (-,-) 
  PC1/sub_126_48_g1245/Y  -       B->Y   F     NAND2X2        3 15.9   115   138    7453    (-,-) 
  PC1/sub_126_48_g1243/Y  -       B->Y   R     NAND2X1        1  5.0    94   111    7564    (-,-) 
  PC1/sub_126_48_g1240/Y  -       B0->Y  F     OAI21X1        1  5.0    98   131    7695    (-,-) 
  PC1/g46016/Y            -       B->Y   R     NAND2X1        1  5.0   104   103    7798    (-,-) 
  PC1/g45581__2883/Y      -       B->Y   F     NAND2X1        1  5.0   101   114    7912    (-,-) 
  PC1/g45553__2346/Y      -       B->Y   R     NAND2X1        1  3.8   102    94    8007    (-,-) 
  PC1/g2/Y                -       B->Y   R     AND2X1         1  5.0    85   230    8236    (-,-) 
  PC1/g45501__5107/Y      -       B->Y   F     NAND2X1        2  8.8   115   136    8372    (-,-) 
  PC1/g26604/Y            -       A->Y   R     CLKINVX1       1  3.6    70    93    8466    (-,-) 
  PC1/g39895/Y            -       B->Y   R     AND2X2        16 63.2   351   473    8938    (-,-) 
  PC1/g38597/Y            -       A0->Y  F     OAI21X1        1  3.6   108   206    9144    (-,-) 
  PC1/RF_reg[11][29]/D    -       -      F     DFFRX1         1    -     -     0    9144    (-,-) 
#-------------------------------------------------------------------------------------------------



Path 38: MET (679 ps) Setup Check with Pin PC1/RF_reg[10][29]/CK->D
          Group: C2C
     Startpoint: (R) PC1/IR_reg[30]/CK
          Clock: (R) SYS_CLOCK
       Endpoint: (F) PC1/RF_reg[10][29]/D
          Clock: (R) SYS_CLOCK

                     Capture       Launch     
        Clock Edge:+   10000            0     
       Src Latency:+       0            0     
       Net Latency:+       0 (I)        0 (I) 
           Arrival:=   10000            0     
                                              
             Setup:-     177                  
     Required Time:=    9823                  
      Launch Clock:-       0                  
         Data Path:-    9144                  
             Slack:=     679                  

#-------------------------------------------------------------------------------------------------
#      Timing Point       Flags    Arc   Edge   Cell     Fanout Load Trans Delay Arrival Instance 
#                                                               (fF)  (ps)  (ps)   (ps)  Location 
#-------------------------------------------------------------------------------------------------
  PC1/IR_reg[30]/CK       -       -      R     (arrival)    587    -     0     0       0    (-,-) 
  PC1/IR_reg[30]/Q        -       CK->Q  F     DFFX1          3 12.3   102   491     491    (-,-) 
  PC1/g43941__4733/Y      -       A->Y   R     NOR2X2         2  8.3   130   160     651    (-,-) 
  PC1/g43922__8428/Y      -       B->Y   R     CLKAND2X2      2 16.7   106   224     875    (-,-) 
  PC1/g43628__2883/Y      -       A->Y   F     NAND2X4        7 37.0   132   157    1032    (-,-) 
  PC1/g43363__5115/Y      -       A1->Y  R     OAI21X2        2 14.1   225   235    1267    (-,-) 
  PC1/g43355/Y            -       A->Y   F     INVX2          3 26.4   116   177    1444    (-,-) 
  PC1/g43341__6417/Y      -       A->Y   R     NOR2X4         4 15.7   130   164    1608    (-,-) 
  PC1/g43308/Y            -       A->Y   F     CLKINVX1       1 12.9    92   136    1745    (-,-) 
  PC1/g43266__1881/Y      -       A->Y   R     NOR2X4        10 41.6   262   255    2000    (-,-) 
  PC1/g42958__2883/Y      -       B1->Y  F     AOI22X1        1  4.8   135   177    2177    (-,-) 
  PC1/g42702__4733/Y      -       A->Y   R     NAND2X1        1  7.6   115   150    2327    (-,-) 
  PC1/g42692__1617/Y      -       B->Y   F     NOR2X2         1 12.6    63    99    2426    (-,-) 
  PC1/g42616__5115/Y      -       A->Y   R     NAND2X4        6 25.4    91   106    2532    (-,-) 
  PC1/sub_126_48_g1462/Y  -       B->Y   F     NAND2X1        2 10.8   142   155    2687    (-,-) 
  PC1/sub_126_48_g1335/CO -       CI->CO F     ADDFX1         2 10.3   132   436    3123    (-,-) 
  PC1/sub_126_48_g1334/Y  -       B->Y   R     NAND2X1        1  5.0   101   118    3242    (-,-) 
  PC1/sub_126_48_g1329/Y  -       B->Y   F     NAND2X1        2  7.8   113   135    3377    (-,-) 
  PC1/sub_126_48_g1327/Y  -       B->Y   R     NAND2X1        1  7.8   124   131    3508    (-,-) 
  PC1/sub_126_48_g1326/Y  -       B->Y   F     NAND2X2        3 11.7    93   130    3638    (-,-) 
  PC1/sub_126_48_g1324/Y  -       B->Y   R     NAND2X1        1  5.0    79   101    3739    (-,-) 
  PC1/sub_126_48_g1323/Y  -       B->Y   F     NAND2X1        1  6.7   101   116    3856    (-,-) 
  PC1/sub_126_48_g1318/CO -       CI->CO F     ADDFX1         2  7.8   115   398    4254    (-,-) 
  PC1/sub_126_48_g1317/Y  -       B->Y   R     NAND2X1        1  7.8   121   132    4386    (-,-) 
  PC1/sub_126_48_g1316/Y  -       B->Y   F     NAND2X2        3 11.7    93   129    4515    (-,-) 
  PC1/sub_126_48_g1314/Y  -       C->Y   R     NAND3X1        2  9.0   157   134    4649    (-,-) 
  PC1/sub_126_48_g1310/Y  -       B->Y   F     NOR2X1         1  4.7    98   105    4754    (-,-) 
  PC1/sub_126_48_g1307/Y  -       A0->Y  R     AOI21X1        4 17.2   431   392    5145    (-,-) 
  PC1/sub_126_48_g1301/Y  -       B->Y   F     NOR2X1         2  8.7   137   212    5357    (-,-) 
  PC1/sub_126_48_g1294/Y  -       A0->Y  R     AOI21X1        3 15.8   402   385    5742    (-,-) 
  PC1/sub_126_48_g1289/Y  -       B->Y   F     NOR2X2         3 12.9   115   179    5921    (-,-) 
  PC1/sub_126_48_g1286/Y  -       B->Y   R     NAND2X1        1  7.8   107   132    6053    (-,-) 
  PC1/sub_126_48_g1283/Y  -       B->Y   F     NAND2X2        4 18.3   133   150    6203    (-,-) 
  PC1/sub_126_48_g1274/Y  -       C->Y   R     NAND3X2        1  7.8   121   111    6314    (-,-) 
  PC1/sub_126_48_g1270/Y  -       B->Y   F     NAND2X2        4 17.0   127   152    6466    (-,-) 
  PC1/sub_126_48_g1264/Y  -       B->Y   R     NAND2X1        1  7.8   109   138    6604    (-,-) 
  PC1/sub_126_48_g1263/Y  -       B->Y   F     NAND2X2        2  9.0    86   111    6715    (-,-) 
  PC1/sub_126_48_g1255/Y  -       B->Y   R     NAND2X1        1  7.8   123   119    6834    (-,-) 
  PC1/sub_126_48_g1254/Y  -       B->Y   F     NAND2X2        3 15.9   114   148    6982    (-,-) 
  PC1/sub_126_48_g1251/Y  -       B->Y   R     NAND2X2        1  7.8    99    98    7080    (-,-) 
  PC1/sub_126_48_g1249/Y  -       B->Y   F     NAND2X2        3 15.9   115   136    7217    (-,-) 
  PC1/sub_126_48_g1246/Y  -       B->Y   R     NAND2X2        1  7.8   101    99    7316    (-,-) 
  PC1/sub_126_48_g1245/Y  -       B->Y   F     NAND2X2        3 15.9   115   138    7453    (-,-) 
  PC1/sub_126_48_g1243/Y  -       B->Y   R     NAND2X1        1  5.0    94   111    7564    (-,-) 
  PC1/sub_126_48_g1240/Y  -       B0->Y  F     OAI21X1        1  5.0    98   131    7695    (-,-) 
  PC1/g46016/Y            -       B->Y   R     NAND2X1        1  5.0   104   103    7798    (-,-) 
  PC1/g45581__2883/Y      -       B->Y   F     NAND2X1        1  5.0   101   114    7912    (-,-) 
  PC1/g45553__2346/Y      -       B->Y   R     NAND2X1        1  3.8   102    94    8007    (-,-) 
  PC1/g2/Y                -       B->Y   R     AND2X1         1  5.0    85   230    8236    (-,-) 
  PC1/g45501__5107/Y      -       B->Y   F     NAND2X1        2  8.8   115   136    8372    (-,-) 
  PC1/g26604/Y            -       A->Y   R     CLKINVX1       1  3.6    70    93    8466    (-,-) 
  PC1/g39895/Y            -       B->Y   R     AND2X2        16 63.2   351   473    8938    (-,-) 
  PC1/g38596/Y            -       A0->Y  F     OAI21X1        1  3.6   108   206    9144    (-,-) 
  PC1/RF_reg[10][29]/D    -       -      F     DFFRX1         1    -     -     0    9144    (-,-) 
#-------------------------------------------------------------------------------------------------



Path 39: MET (679 ps) Setup Check with Pin PC1/RF_reg[9][29]/CK->D
          Group: C2C
     Startpoint: (R) PC1/IR_reg[30]/CK
          Clock: (R) SYS_CLOCK
       Endpoint: (F) PC1/RF_reg[9][29]/D
          Clock: (R) SYS_CLOCK

                     Capture       Launch     
        Clock Edge:+   10000            0     
       Src Latency:+       0            0     
       Net Latency:+       0 (I)        0 (I) 
           Arrival:=   10000            0     
                                              
             Setup:-     177                  
     Required Time:=    9823                  
      Launch Clock:-       0                  
         Data Path:-    9144                  
             Slack:=     679                  

#-------------------------------------------------------------------------------------------------
#      Timing Point       Flags    Arc   Edge   Cell     Fanout Load Trans Delay Arrival Instance 
#                                                               (fF)  (ps)  (ps)   (ps)  Location 
#-------------------------------------------------------------------------------------------------
  PC1/IR_reg[30]/CK       -       -      R     (arrival)    587    -     0     0       0    (-,-) 
  PC1/IR_reg[30]/Q        -       CK->Q  F     DFFX1          3 12.3   102   491     491    (-,-) 
  PC1/g43941__4733/Y      -       A->Y   R     NOR2X2         2  8.3   130   160     651    (-,-) 
  PC1/g43922__8428/Y      -       B->Y   R     CLKAND2X2      2 16.7   106   224     875    (-,-) 
  PC1/g43628__2883/Y      -       A->Y   F     NAND2X4        7 37.0   132   157    1032    (-,-) 
  PC1/g43363__5115/Y      -       A1->Y  R     OAI21X2        2 14.1   225   235    1267    (-,-) 
  PC1/g43355/Y            -       A->Y   F     INVX2          3 26.4   116   177    1444    (-,-) 
  PC1/g43341__6417/Y      -       A->Y   R     NOR2X4         4 15.7   130   164    1608    (-,-) 
  PC1/g43308/Y            -       A->Y   F     CLKINVX1       1 12.9    92   136    1745    (-,-) 
  PC1/g43266__1881/Y      -       A->Y   R     NOR2X4        10 41.6   262   255    2000    (-,-) 
  PC1/g42958__2883/Y      -       B1->Y  F     AOI22X1        1  4.8   135   177    2177    (-,-) 
  PC1/g42702__4733/Y      -       A->Y   R     NAND2X1        1  7.6   115   150    2327    (-,-) 
  PC1/g42692__1617/Y      -       B->Y   F     NOR2X2         1 12.6    63    99    2426    (-,-) 
  PC1/g42616__5115/Y      -       A->Y   R     NAND2X4        6 25.4    91   106    2532    (-,-) 
  PC1/sub_126_48_g1462/Y  -       B->Y   F     NAND2X1        2 10.8   142   155    2687    (-,-) 
  PC1/sub_126_48_g1335/CO -       CI->CO F     ADDFX1         2 10.3   132   436    3123    (-,-) 
  PC1/sub_126_48_g1334/Y  -       B->Y   R     NAND2X1        1  5.0   101   118    3242    (-,-) 
  PC1/sub_126_48_g1329/Y  -       B->Y   F     NAND2X1        2  7.8   113   135    3377    (-,-) 
  PC1/sub_126_48_g1327/Y  -       B->Y   R     NAND2X1        1  7.8   124   131    3508    (-,-) 
  PC1/sub_126_48_g1326/Y  -       B->Y   F     NAND2X2        3 11.7    93   130    3638    (-,-) 
  PC1/sub_126_48_g1324/Y  -       B->Y   R     NAND2X1        1  5.0    79   101    3739    (-,-) 
  PC1/sub_126_48_g1323/Y  -       B->Y   F     NAND2X1        1  6.7   101   116    3856    (-,-) 
  PC1/sub_126_48_g1318/CO -       CI->CO F     ADDFX1         2  7.8   115   398    4254    (-,-) 
  PC1/sub_126_48_g1317/Y  -       B->Y   R     NAND2X1        1  7.8   121   132    4386    (-,-) 
  PC1/sub_126_48_g1316/Y  -       B->Y   F     NAND2X2        3 11.7    93   129    4515    (-,-) 
  PC1/sub_126_48_g1314/Y  -       C->Y   R     NAND3X1        2  9.0   157   134    4649    (-,-) 
  PC1/sub_126_48_g1310/Y  -       B->Y   F     NOR2X1         1  4.7    98   105    4754    (-,-) 
  PC1/sub_126_48_g1307/Y  -       A0->Y  R     AOI21X1        4 17.2   431   392    5145    (-,-) 
  PC1/sub_126_48_g1301/Y  -       B->Y   F     NOR2X1         2  8.7   137   212    5357    (-,-) 
  PC1/sub_126_48_g1294/Y  -       A0->Y  R     AOI21X1        3 15.8   402   385    5742    (-,-) 
  PC1/sub_126_48_g1289/Y  -       B->Y   F     NOR2X2         3 12.9   115   179    5921    (-,-) 
  PC1/sub_126_48_g1286/Y  -       B->Y   R     NAND2X1        1  7.8   107   132    6053    (-,-) 
  PC1/sub_126_48_g1283/Y  -       B->Y   F     NAND2X2        4 18.3   133   150    6203    (-,-) 
  PC1/sub_126_48_g1274/Y  -       C->Y   R     NAND3X2        1  7.8   121   111    6314    (-,-) 
  PC1/sub_126_48_g1270/Y  -       B->Y   F     NAND2X2        4 17.0   127   152    6466    (-,-) 
  PC1/sub_126_48_g1264/Y  -       B->Y   R     NAND2X1        1  7.8   109   138    6604    (-,-) 
  PC1/sub_126_48_g1263/Y  -       B->Y   F     NAND2X2        2  9.0    86   111    6715    (-,-) 
  PC1/sub_126_48_g1255/Y  -       B->Y   R     NAND2X1        1  7.8   123   119    6834    (-,-) 
  PC1/sub_126_48_g1254/Y  -       B->Y   F     NAND2X2        3 15.9   114   148    6982    (-,-) 
  PC1/sub_126_48_g1251/Y  -       B->Y   R     NAND2X2        1  7.8    99    98    7080    (-,-) 
  PC1/sub_126_48_g1249/Y  -       B->Y   F     NAND2X2        3 15.9   115   136    7217    (-,-) 
  PC1/sub_126_48_g1246/Y  -       B->Y   R     NAND2X2        1  7.8   101    99    7316    (-,-) 
  PC1/sub_126_48_g1245/Y  -       B->Y   F     NAND2X2        3 15.9   115   138    7453    (-,-) 
  PC1/sub_126_48_g1243/Y  -       B->Y   R     NAND2X1        1  5.0    94   111    7564    (-,-) 
  PC1/sub_126_48_g1240/Y  -       B0->Y  F     OAI21X1        1  5.0    98   131    7695    (-,-) 
  PC1/g46016/Y            -       B->Y   R     NAND2X1        1  5.0   104   103    7798    (-,-) 
  PC1/g45581__2883/Y      -       B->Y   F     NAND2X1        1  5.0   101   114    7912    (-,-) 
  PC1/g45553__2346/Y      -       B->Y   R     NAND2X1        1  3.8   102    94    8007    (-,-) 
  PC1/g2/Y                -       B->Y   R     AND2X1         1  5.0    85   230    8236    (-,-) 
  PC1/g45501__5107/Y      -       B->Y   F     NAND2X1        2  8.8   115   136    8372    (-,-) 
  PC1/g26604/Y            -       A->Y   R     CLKINVX1       1  3.6    70    93    8466    (-,-) 
  PC1/g39895/Y            -       B->Y   R     AND2X2        16 63.2   351   473    8938    (-,-) 
  PC1/g38588/Y            -       A0->Y  F     OAI21X1        1  3.6   108   206    9144    (-,-) 
  PC1/RF_reg[9][29]/D     -       -      F     DFFRX1         1    -     -     0    9144    (-,-) 
#-------------------------------------------------------------------------------------------------



Path 40: MET (679 ps) Setup Check with Pin PC1/RF_reg[8][29]/CK->D
          Group: C2C
     Startpoint: (R) PC1/IR_reg[30]/CK
          Clock: (R) SYS_CLOCK
       Endpoint: (F) PC1/RF_reg[8][29]/D
          Clock: (R) SYS_CLOCK

                     Capture       Launch     
        Clock Edge:+   10000            0     
       Src Latency:+       0            0     
       Net Latency:+       0 (I)        0 (I) 
           Arrival:=   10000            0     
                                              
             Setup:-     177                  
     Required Time:=    9823                  
      Launch Clock:-       0                  
         Data Path:-    9144                  
             Slack:=     679                  

#-------------------------------------------------------------------------------------------------
#      Timing Point       Flags    Arc   Edge   Cell     Fanout Load Trans Delay Arrival Instance 
#                                                               (fF)  (ps)  (ps)   (ps)  Location 
#-------------------------------------------------------------------------------------------------
  PC1/IR_reg[30]/CK       -       -      R     (arrival)    587    -     0     0       0    (-,-) 
  PC1/IR_reg[30]/Q        -       CK->Q  F     DFFX1          3 12.3   102   491     491    (-,-) 
  PC1/g43941__4733/Y      -       A->Y   R     NOR2X2         2  8.3   130   160     651    (-,-) 
  PC1/g43922__8428/Y      -       B->Y   R     CLKAND2X2      2 16.7   106   224     875    (-,-) 
  PC1/g43628__2883/Y      -       A->Y   F     NAND2X4        7 37.0   132   157    1032    (-,-) 
  PC1/g43363__5115/Y      -       A1->Y  R     OAI21X2        2 14.1   225   235    1267    (-,-) 
  PC1/g43355/Y            -       A->Y   F     INVX2          3 26.4   116   177    1444    (-,-) 
  PC1/g43341__6417/Y      -       A->Y   R     NOR2X4         4 15.7   130   164    1608    (-,-) 
  PC1/g43308/Y            -       A->Y   F     CLKINVX1       1 12.9    92   136    1745    (-,-) 
  PC1/g43266__1881/Y      -       A->Y   R     NOR2X4        10 41.6   262   255    2000    (-,-) 
  PC1/g42958__2883/Y      -       B1->Y  F     AOI22X1        1  4.8   135   177    2177    (-,-) 
  PC1/g42702__4733/Y      -       A->Y   R     NAND2X1        1  7.6   115   150    2327    (-,-) 
  PC1/g42692__1617/Y      -       B->Y   F     NOR2X2         1 12.6    63    99    2426    (-,-) 
  PC1/g42616__5115/Y      -       A->Y   R     NAND2X4        6 25.4    91   106    2532    (-,-) 
  PC1/sub_126_48_g1462/Y  -       B->Y   F     NAND2X1        2 10.8   142   155    2687    (-,-) 
  PC1/sub_126_48_g1335/CO -       CI->CO F     ADDFX1         2 10.3   132   436    3123    (-,-) 
  PC1/sub_126_48_g1334/Y  -       B->Y   R     NAND2X1        1  5.0   101   118    3242    (-,-) 
  PC1/sub_126_48_g1329/Y  -       B->Y   F     NAND2X1        2  7.8   113   135    3377    (-,-) 
  PC1/sub_126_48_g1327/Y  -       B->Y   R     NAND2X1        1  7.8   124   131    3508    (-,-) 
  PC1/sub_126_48_g1326/Y  -       B->Y   F     NAND2X2        3 11.7    93   130    3638    (-,-) 
  PC1/sub_126_48_g1324/Y  -       B->Y   R     NAND2X1        1  5.0    79   101    3739    (-,-) 
  PC1/sub_126_48_g1323/Y  -       B->Y   F     NAND2X1        1  6.7   101   116    3856    (-,-) 
  PC1/sub_126_48_g1318/CO -       CI->CO F     ADDFX1         2  7.8   115   398    4254    (-,-) 
  PC1/sub_126_48_g1317/Y  -       B->Y   R     NAND2X1        1  7.8   121   132    4386    (-,-) 
  PC1/sub_126_48_g1316/Y  -       B->Y   F     NAND2X2        3 11.7    93   129    4515    (-,-) 
  PC1/sub_126_48_g1314/Y  -       C->Y   R     NAND3X1        2  9.0   157   134    4649    (-,-) 
  PC1/sub_126_48_g1310/Y  -       B->Y   F     NOR2X1         1  4.7    98   105    4754    (-,-) 
  PC1/sub_126_48_g1307/Y  -       A0->Y  R     AOI21X1        4 17.2   431   392    5145    (-,-) 
  PC1/sub_126_48_g1301/Y  -       B->Y   F     NOR2X1         2  8.7   137   212    5357    (-,-) 
  PC1/sub_126_48_g1294/Y  -       A0->Y  R     AOI21X1        3 15.8   402   385    5742    (-,-) 
  PC1/sub_126_48_g1289/Y  -       B->Y   F     NOR2X2         3 12.9   115   179    5921    (-,-) 
  PC1/sub_126_48_g1286/Y  -       B->Y   R     NAND2X1        1  7.8   107   132    6053    (-,-) 
  PC1/sub_126_48_g1283/Y  -       B->Y   F     NAND2X2        4 18.3   133   150    6203    (-,-) 
  PC1/sub_126_48_g1274/Y  -       C->Y   R     NAND3X2        1  7.8   121   111    6314    (-,-) 
  PC1/sub_126_48_g1270/Y  -       B->Y   F     NAND2X2        4 17.0   127   152    6466    (-,-) 
  PC1/sub_126_48_g1264/Y  -       B->Y   R     NAND2X1        1  7.8   109   138    6604    (-,-) 
  PC1/sub_126_48_g1263/Y  -       B->Y   F     NAND2X2        2  9.0    86   111    6715    (-,-) 
  PC1/sub_126_48_g1255/Y  -       B->Y   R     NAND2X1        1  7.8   123   119    6834    (-,-) 
  PC1/sub_126_48_g1254/Y  -       B->Y   F     NAND2X2        3 15.9   114   148    6982    (-,-) 
  PC1/sub_126_48_g1251/Y  -       B->Y   R     NAND2X2        1  7.8    99    98    7080    (-,-) 
  PC1/sub_126_48_g1249/Y  -       B->Y   F     NAND2X2        3 15.9   115   136    7217    (-,-) 
  PC1/sub_126_48_g1246/Y  -       B->Y   R     NAND2X2        1  7.8   101    99    7316    (-,-) 
  PC1/sub_126_48_g1245/Y  -       B->Y   F     NAND2X2        3 15.9   115   138    7453    (-,-) 
  PC1/sub_126_48_g1243/Y  -       B->Y   R     NAND2X1        1  5.0    94   111    7564    (-,-) 
  PC1/sub_126_48_g1240/Y  -       B0->Y  F     OAI21X1        1  5.0    98   131    7695    (-,-) 
  PC1/g46016/Y            -       B->Y   R     NAND2X1        1  5.0   104   103    7798    (-,-) 
  PC1/g45581__2883/Y      -       B->Y   F     NAND2X1        1  5.0   101   114    7912    (-,-) 
  PC1/g45553__2346/Y      -       B->Y   R     NAND2X1        1  3.8   102    94    8007    (-,-) 
  PC1/g2/Y                -       B->Y   R     AND2X1         1  5.0    85   230    8236    (-,-) 
  PC1/g45501__5107/Y      -       B->Y   F     NAND2X1        2  8.8   115   136    8372    (-,-) 
  PC1/g26604/Y            -       A->Y   R     CLKINVX1       1  3.6    70    93    8466    (-,-) 
  PC1/g39895/Y            -       B->Y   R     AND2X2        16 63.2   351   473    8938    (-,-) 
  PC1/g38587/Y            -       A0->Y  F     OAI21X1        1  3.6   108   206    9144    (-,-) 
  PC1/RF_reg[8][29]/D     -       -      F     DFFRX1         1    -     -     0    9144    (-,-) 
#-------------------------------------------------------------------------------------------------



Path 41: MET (679 ps) Setup Check with Pin PC1/RF_reg[7][29]/CK->D
          Group: C2C
     Startpoint: (R) PC1/IR_reg[30]/CK
          Clock: (R) SYS_CLOCK
       Endpoint: (F) PC1/RF_reg[7][29]/D
          Clock: (R) SYS_CLOCK

                     Capture       Launch     
        Clock Edge:+   10000            0     
       Src Latency:+       0            0     
       Net Latency:+       0 (I)        0 (I) 
           Arrival:=   10000            0     
                                              
             Setup:-     177                  
     Required Time:=    9823                  
      Launch Clock:-       0                  
         Data Path:-    9144                  
             Slack:=     679                  

#-------------------------------------------------------------------------------------------------
#      Timing Point       Flags    Arc   Edge   Cell     Fanout Load Trans Delay Arrival Instance 
#                                                               (fF)  (ps)  (ps)   (ps)  Location 
#-------------------------------------------------------------------------------------------------
  PC1/IR_reg[30]/CK       -       -      R     (arrival)    587    -     0     0       0    (-,-) 
  PC1/IR_reg[30]/Q        -       CK->Q  F     DFFX1          3 12.3   102   491     491    (-,-) 
  PC1/g43941__4733/Y      -       A->Y   R     NOR2X2         2  8.3   130   160     651    (-,-) 
  PC1/g43922__8428/Y      -       B->Y   R     CLKAND2X2      2 16.7   106   224     875    (-,-) 
  PC1/g43628__2883/Y      -       A->Y   F     NAND2X4        7 37.0   132   157    1032    (-,-) 
  PC1/g43363__5115/Y      -       A1->Y  R     OAI21X2        2 14.1   225   235    1267    (-,-) 
  PC1/g43355/Y            -       A->Y   F     INVX2          3 26.4   116   177    1444    (-,-) 
  PC1/g43341__6417/Y      -       A->Y   R     NOR2X4         4 15.7   130   164    1608    (-,-) 
  PC1/g43308/Y            -       A->Y   F     CLKINVX1       1 12.9    92   136    1745    (-,-) 
  PC1/g43266__1881/Y      -       A->Y   R     NOR2X4        10 41.6   262   255    2000    (-,-) 
  PC1/g42958__2883/Y      -       B1->Y  F     AOI22X1        1  4.8   135   177    2177    (-,-) 
  PC1/g42702__4733/Y      -       A->Y   R     NAND2X1        1  7.6   115   150    2327    (-,-) 
  PC1/g42692__1617/Y      -       B->Y   F     NOR2X2         1 12.6    63    99    2426    (-,-) 
  PC1/g42616__5115/Y      -       A->Y   R     NAND2X4        6 25.4    91   106    2532    (-,-) 
  PC1/sub_126_48_g1462/Y  -       B->Y   F     NAND2X1        2 10.8   142   155    2687    (-,-) 
  PC1/sub_126_48_g1335/CO -       CI->CO F     ADDFX1         2 10.3   132   436    3123    (-,-) 
  PC1/sub_126_48_g1334/Y  -       B->Y   R     NAND2X1        1  5.0   101   118    3242    (-,-) 
  PC1/sub_126_48_g1329/Y  -       B->Y   F     NAND2X1        2  7.8   113   135    3377    (-,-) 
  PC1/sub_126_48_g1327/Y  -       B->Y   R     NAND2X1        1  7.8   124   131    3508    (-,-) 
  PC1/sub_126_48_g1326/Y  -       B->Y   F     NAND2X2        3 11.7    93   130    3638    (-,-) 
  PC1/sub_126_48_g1324/Y  -       B->Y   R     NAND2X1        1  5.0    79   101    3739    (-,-) 
  PC1/sub_126_48_g1323/Y  -       B->Y   F     NAND2X1        1  6.7   101   116    3856    (-,-) 
  PC1/sub_126_48_g1318/CO -       CI->CO F     ADDFX1         2  7.8   115   398    4254    (-,-) 
  PC1/sub_126_48_g1317/Y  -       B->Y   R     NAND2X1        1  7.8   121   132    4386    (-,-) 
  PC1/sub_126_48_g1316/Y  -       B->Y   F     NAND2X2        3 11.7    93   129    4515    (-,-) 
  PC1/sub_126_48_g1314/Y  -       C->Y   R     NAND3X1        2  9.0   157   134    4649    (-,-) 
  PC1/sub_126_48_g1310/Y  -       B->Y   F     NOR2X1         1  4.7    98   105    4754    (-,-) 
  PC1/sub_126_48_g1307/Y  -       A0->Y  R     AOI21X1        4 17.2   431   392    5145    (-,-) 
  PC1/sub_126_48_g1301/Y  -       B->Y   F     NOR2X1         2  8.7   137   212    5357    (-,-) 
  PC1/sub_126_48_g1294/Y  -       A0->Y  R     AOI21X1        3 15.8   402   385    5742    (-,-) 
  PC1/sub_126_48_g1289/Y  -       B->Y   F     NOR2X2         3 12.9   115   179    5921    (-,-) 
  PC1/sub_126_48_g1286/Y  -       B->Y   R     NAND2X1        1  7.8   107   132    6053    (-,-) 
  PC1/sub_126_48_g1283/Y  -       B->Y   F     NAND2X2        4 18.3   133   150    6203    (-,-) 
  PC1/sub_126_48_g1274/Y  -       C->Y   R     NAND3X2        1  7.8   121   111    6314    (-,-) 
  PC1/sub_126_48_g1270/Y  -       B->Y   F     NAND2X2        4 17.0   127   152    6466    (-,-) 
  PC1/sub_126_48_g1264/Y  -       B->Y   R     NAND2X1        1  7.8   109   138    6604    (-,-) 
  PC1/sub_126_48_g1263/Y  -       B->Y   F     NAND2X2        2  9.0    86   111    6715    (-,-) 
  PC1/sub_126_48_g1255/Y  -       B->Y   R     NAND2X1        1  7.8   123   119    6834    (-,-) 
  PC1/sub_126_48_g1254/Y  -       B->Y   F     NAND2X2        3 15.9   114   148    6982    (-,-) 
  PC1/sub_126_48_g1251/Y  -       B->Y   R     NAND2X2        1  7.8    99    98    7080    (-,-) 
  PC1/sub_126_48_g1249/Y  -       B->Y   F     NAND2X2        3 15.9   115   136    7217    (-,-) 
  PC1/sub_126_48_g1246/Y  -       B->Y   R     NAND2X2        1  7.8   101    99    7316    (-,-) 
  PC1/sub_126_48_g1245/Y  -       B->Y   F     NAND2X2        3 15.9   115   138    7453    (-,-) 
  PC1/sub_126_48_g1243/Y  -       B->Y   R     NAND2X1        1  5.0    94   111    7564    (-,-) 
  PC1/sub_126_48_g1240/Y  -       B0->Y  F     OAI21X1        1  5.0    98   131    7695    (-,-) 
  PC1/g46016/Y            -       B->Y   R     NAND2X1        1  5.0   104   103    7798    (-,-) 
  PC1/g45581__2883/Y      -       B->Y   F     NAND2X1        1  5.0   101   114    7912    (-,-) 
  PC1/g45553__2346/Y      -       B->Y   R     NAND2X1        1  3.8   102    94    8007    (-,-) 
  PC1/g2/Y                -       B->Y   R     AND2X1         1  5.0    85   230    8236    (-,-) 
  PC1/g45501__5107/Y      -       B->Y   F     NAND2X1        2  8.8   115   136    8372    (-,-) 
  PC1/g26604/Y            -       A->Y   R     CLKINVX1       1  3.6    70    93    8466    (-,-) 
  PC1/g39895/Y            -       B->Y   R     AND2X2        16 63.2   351   473    8938    (-,-) 
  PC1/g38601/Y            -       A0->Y  F     OAI21X1        1  3.6   108   206    9144    (-,-) 
  PC1/RF_reg[7][29]/D     -       -      F     DFFRX1         1    -     -     0    9144    (-,-) 
#-------------------------------------------------------------------------------------------------



Path 42: MET (679 ps) Setup Check with Pin PC1/RF_reg[6][29]/CK->D
          Group: C2C
     Startpoint: (R) PC1/IR_reg[30]/CK
          Clock: (R) SYS_CLOCK
       Endpoint: (F) PC1/RF_reg[6][29]/D
          Clock: (R) SYS_CLOCK

                     Capture       Launch     
        Clock Edge:+   10000            0     
       Src Latency:+       0            0     
       Net Latency:+       0 (I)        0 (I) 
           Arrival:=   10000            0     
                                              
             Setup:-     177                  
     Required Time:=    9823                  
      Launch Clock:-       0                  
         Data Path:-    9144                  
             Slack:=     679                  

#-------------------------------------------------------------------------------------------------
#      Timing Point       Flags    Arc   Edge   Cell     Fanout Load Trans Delay Arrival Instance 
#                                                               (fF)  (ps)  (ps)   (ps)  Location 
#-------------------------------------------------------------------------------------------------
  PC1/IR_reg[30]/CK       -       -      R     (arrival)    587    -     0     0       0    (-,-) 
  PC1/IR_reg[30]/Q        -       CK->Q  F     DFFX1          3 12.3   102   491     491    (-,-) 
  PC1/g43941__4733/Y      -       A->Y   R     NOR2X2         2  8.3   130   160     651    (-,-) 
  PC1/g43922__8428/Y      -       B->Y   R     CLKAND2X2      2 16.7   106   224     875    (-,-) 
  PC1/g43628__2883/Y      -       A->Y   F     NAND2X4        7 37.0   132   157    1032    (-,-) 
  PC1/g43363__5115/Y      -       A1->Y  R     OAI21X2        2 14.1   225   235    1267    (-,-) 
  PC1/g43355/Y            -       A->Y   F     INVX2          3 26.4   116   177    1444    (-,-) 
  PC1/g43341__6417/Y      -       A->Y   R     NOR2X4         4 15.7   130   164    1608    (-,-) 
  PC1/g43308/Y            -       A->Y   F     CLKINVX1       1 12.9    92   136    1745    (-,-) 
  PC1/g43266__1881/Y      -       A->Y   R     NOR2X4        10 41.6   262   255    2000    (-,-) 
  PC1/g42958__2883/Y      -       B1->Y  F     AOI22X1        1  4.8   135   177    2177    (-,-) 
  PC1/g42702__4733/Y      -       A->Y   R     NAND2X1        1  7.6   115   150    2327    (-,-) 
  PC1/g42692__1617/Y      -       B->Y   F     NOR2X2         1 12.6    63    99    2426    (-,-) 
  PC1/g42616__5115/Y      -       A->Y   R     NAND2X4        6 25.4    91   106    2532    (-,-) 
  PC1/sub_126_48_g1462/Y  -       B->Y   F     NAND2X1        2 10.8   142   155    2687    (-,-) 
  PC1/sub_126_48_g1335/CO -       CI->CO F     ADDFX1         2 10.3   132   436    3123    (-,-) 
  PC1/sub_126_48_g1334/Y  -       B->Y   R     NAND2X1        1  5.0   101   118    3242    (-,-) 
  PC1/sub_126_48_g1329/Y  -       B->Y   F     NAND2X1        2  7.8   113   135    3377    (-,-) 
  PC1/sub_126_48_g1327/Y  -       B->Y   R     NAND2X1        1  7.8   124   131    3508    (-,-) 
  PC1/sub_126_48_g1326/Y  -       B->Y   F     NAND2X2        3 11.7    93   130    3638    (-,-) 
  PC1/sub_126_48_g1324/Y  -       B->Y   R     NAND2X1        1  5.0    79   101    3739    (-,-) 
  PC1/sub_126_48_g1323/Y  -       B->Y   F     NAND2X1        1  6.7   101   116    3856    (-,-) 
  PC1/sub_126_48_g1318/CO -       CI->CO F     ADDFX1         2  7.8   115   398    4254    (-,-) 
  PC1/sub_126_48_g1317/Y  -       B->Y   R     NAND2X1        1  7.8   121   132    4386    (-,-) 
  PC1/sub_126_48_g1316/Y  -       B->Y   F     NAND2X2        3 11.7    93   129    4515    (-,-) 
  PC1/sub_126_48_g1314/Y  -       C->Y   R     NAND3X1        2  9.0   157   134    4649    (-,-) 
  PC1/sub_126_48_g1310/Y  -       B->Y   F     NOR2X1         1  4.7    98   105    4754    (-,-) 
  PC1/sub_126_48_g1307/Y  -       A0->Y  R     AOI21X1        4 17.2   431   392    5145    (-,-) 
  PC1/sub_126_48_g1301/Y  -       B->Y   F     NOR2X1         2  8.7   137   212    5357    (-,-) 
  PC1/sub_126_48_g1294/Y  -       A0->Y  R     AOI21X1        3 15.8   402   385    5742    (-,-) 
  PC1/sub_126_48_g1289/Y  -       B->Y   F     NOR2X2         3 12.9   115   179    5921    (-,-) 
  PC1/sub_126_48_g1286/Y  -       B->Y   R     NAND2X1        1  7.8   107   132    6053    (-,-) 
  PC1/sub_126_48_g1283/Y  -       B->Y   F     NAND2X2        4 18.3   133   150    6203    (-,-) 
  PC1/sub_126_48_g1274/Y  -       C->Y   R     NAND3X2        1  7.8   121   111    6314    (-,-) 
  PC1/sub_126_48_g1270/Y  -       B->Y   F     NAND2X2        4 17.0   127   152    6466    (-,-) 
  PC1/sub_126_48_g1264/Y  -       B->Y   R     NAND2X1        1  7.8   109   138    6604    (-,-) 
  PC1/sub_126_48_g1263/Y  -       B->Y   F     NAND2X2        2  9.0    86   111    6715    (-,-) 
  PC1/sub_126_48_g1255/Y  -       B->Y   R     NAND2X1        1  7.8   123   119    6834    (-,-) 
  PC1/sub_126_48_g1254/Y  -       B->Y   F     NAND2X2        3 15.9   114   148    6982    (-,-) 
  PC1/sub_126_48_g1251/Y  -       B->Y   R     NAND2X2        1  7.8    99    98    7080    (-,-) 
  PC1/sub_126_48_g1249/Y  -       B->Y   F     NAND2X2        3 15.9   115   136    7217    (-,-) 
  PC1/sub_126_48_g1246/Y  -       B->Y   R     NAND2X2        1  7.8   101    99    7316    (-,-) 
  PC1/sub_126_48_g1245/Y  -       B->Y   F     NAND2X2        3 15.9   115   138    7453    (-,-) 
  PC1/sub_126_48_g1243/Y  -       B->Y   R     NAND2X1        1  5.0    94   111    7564    (-,-) 
  PC1/sub_126_48_g1240/Y  -       B0->Y  F     OAI21X1        1  5.0    98   131    7695    (-,-) 
  PC1/g46016/Y            -       B->Y   R     NAND2X1        1  5.0   104   103    7798    (-,-) 
  PC1/g45581__2883/Y      -       B->Y   F     NAND2X1        1  5.0   101   114    7912    (-,-) 
  PC1/g45553__2346/Y      -       B->Y   R     NAND2X1        1  3.8   102    94    8007    (-,-) 
  PC1/g2/Y                -       B->Y   R     AND2X1         1  5.0    85   230    8236    (-,-) 
  PC1/g45501__5107/Y      -       B->Y   F     NAND2X1        2  8.8   115   136    8372    (-,-) 
  PC1/g26604/Y            -       A->Y   R     CLKINVX1       1  3.6    70    93    8466    (-,-) 
  PC1/g39895/Y            -       B->Y   R     AND2X2        16 63.2   351   473    8938    (-,-) 
  PC1/g38595/Y            -       A0->Y  F     OAI21X1        1  3.6   108   206    9144    (-,-) 
  PC1/RF_reg[6][29]/D     -       -      F     DFFRX1         1    -     -     0    9144    (-,-) 
#-------------------------------------------------------------------------------------------------



Path 43: MET (679 ps) Setup Check with Pin PC1/RF_reg[5][29]/CK->D
          Group: C2C
     Startpoint: (R) PC1/IR_reg[30]/CK
          Clock: (R) SYS_CLOCK
       Endpoint: (F) PC1/RF_reg[5][29]/D
          Clock: (R) SYS_CLOCK

                     Capture       Launch     
        Clock Edge:+   10000            0     
       Src Latency:+       0            0     
       Net Latency:+       0 (I)        0 (I) 
           Arrival:=   10000            0     
                                              
             Setup:-     177                  
     Required Time:=    9823                  
      Launch Clock:-       0                  
         Data Path:-    9144                  
             Slack:=     679                  

#-------------------------------------------------------------------------------------------------
#      Timing Point       Flags    Arc   Edge   Cell     Fanout Load Trans Delay Arrival Instance 
#                                                               (fF)  (ps)  (ps)   (ps)  Location 
#-------------------------------------------------------------------------------------------------
  PC1/IR_reg[30]/CK       -       -      R     (arrival)    587    -     0     0       0    (-,-) 
  PC1/IR_reg[30]/Q        -       CK->Q  F     DFFX1          3 12.3   102   491     491    (-,-) 
  PC1/g43941__4733/Y      -       A->Y   R     NOR2X2         2  8.3   130   160     651    (-,-) 
  PC1/g43922__8428/Y      -       B->Y   R     CLKAND2X2      2 16.7   106   224     875    (-,-) 
  PC1/g43628__2883/Y      -       A->Y   F     NAND2X4        7 37.0   132   157    1032    (-,-) 
  PC1/g43363__5115/Y      -       A1->Y  R     OAI21X2        2 14.1   225   235    1267    (-,-) 
  PC1/g43355/Y            -       A->Y   F     INVX2          3 26.4   116   177    1444    (-,-) 
  PC1/g43341__6417/Y      -       A->Y   R     NOR2X4         4 15.7   130   164    1608    (-,-) 
  PC1/g43308/Y            -       A->Y   F     CLKINVX1       1 12.9    92   136    1745    (-,-) 
  PC1/g43266__1881/Y      -       A->Y   R     NOR2X4        10 41.6   262   255    2000    (-,-) 
  PC1/g42958__2883/Y      -       B1->Y  F     AOI22X1        1  4.8   135   177    2177    (-,-) 
  PC1/g42702__4733/Y      -       A->Y   R     NAND2X1        1  7.6   115   150    2327    (-,-) 
  PC1/g42692__1617/Y      -       B->Y   F     NOR2X2         1 12.6    63    99    2426    (-,-) 
  PC1/g42616__5115/Y      -       A->Y   R     NAND2X4        6 25.4    91   106    2532    (-,-) 
  PC1/sub_126_48_g1462/Y  -       B->Y   F     NAND2X1        2 10.8   142   155    2687    (-,-) 
  PC1/sub_126_48_g1335/CO -       CI->CO F     ADDFX1         2 10.3   132   436    3123    (-,-) 
  PC1/sub_126_48_g1334/Y  -       B->Y   R     NAND2X1        1  5.0   101   118    3242    (-,-) 
  PC1/sub_126_48_g1329/Y  -       B->Y   F     NAND2X1        2  7.8   113   135    3377    (-,-) 
  PC1/sub_126_48_g1327/Y  -       B->Y   R     NAND2X1        1  7.8   124   131    3508    (-,-) 
  PC1/sub_126_48_g1326/Y  -       B->Y   F     NAND2X2        3 11.7    93   130    3638    (-,-) 
  PC1/sub_126_48_g1324/Y  -       B->Y   R     NAND2X1        1  5.0    79   101    3739    (-,-) 
  PC1/sub_126_48_g1323/Y  -       B->Y   F     NAND2X1        1  6.7   101   116    3856    (-,-) 
  PC1/sub_126_48_g1318/CO -       CI->CO F     ADDFX1         2  7.8   115   398    4254    (-,-) 
  PC1/sub_126_48_g1317/Y  -       B->Y   R     NAND2X1        1  7.8   121   132    4386    (-,-) 
  PC1/sub_126_48_g1316/Y  -       B->Y   F     NAND2X2        3 11.7    93   129    4515    (-,-) 
  PC1/sub_126_48_g1314/Y  -       C->Y   R     NAND3X1        2  9.0   157   134    4649    (-,-) 
  PC1/sub_126_48_g1310/Y  -       B->Y   F     NOR2X1         1  4.7    98   105    4754    (-,-) 
  PC1/sub_126_48_g1307/Y  -       A0->Y  R     AOI21X1        4 17.2   431   392    5145    (-,-) 
  PC1/sub_126_48_g1301/Y  -       B->Y   F     NOR2X1         2  8.7   137   212    5357    (-,-) 
  PC1/sub_126_48_g1294/Y  -       A0->Y  R     AOI21X1        3 15.8   402   385    5742    (-,-) 
  PC1/sub_126_48_g1289/Y  -       B->Y   F     NOR2X2         3 12.9   115   179    5921    (-,-) 
  PC1/sub_126_48_g1286/Y  -       B->Y   R     NAND2X1        1  7.8   107   132    6053    (-,-) 
  PC1/sub_126_48_g1283/Y  -       B->Y   F     NAND2X2        4 18.3   133   150    6203    (-,-) 
  PC1/sub_126_48_g1274/Y  -       C->Y   R     NAND3X2        1  7.8   121   111    6314    (-,-) 
  PC1/sub_126_48_g1270/Y  -       B->Y   F     NAND2X2        4 17.0   127   152    6466    (-,-) 
  PC1/sub_126_48_g1264/Y  -       B->Y   R     NAND2X1        1  7.8   109   138    6604    (-,-) 
  PC1/sub_126_48_g1263/Y  -       B->Y   F     NAND2X2        2  9.0    86   111    6715    (-,-) 
  PC1/sub_126_48_g1255/Y  -       B->Y   R     NAND2X1        1  7.8   123   119    6834    (-,-) 
  PC1/sub_126_48_g1254/Y  -       B->Y   F     NAND2X2        3 15.9   114   148    6982    (-,-) 
  PC1/sub_126_48_g1251/Y  -       B->Y   R     NAND2X2        1  7.8    99    98    7080    (-,-) 
  PC1/sub_126_48_g1249/Y  -       B->Y   F     NAND2X2        3 15.9   115   136    7217    (-,-) 
  PC1/sub_126_48_g1246/Y  -       B->Y   R     NAND2X2        1  7.8   101    99    7316    (-,-) 
  PC1/sub_126_48_g1245/Y  -       B->Y   F     NAND2X2        3 15.9   115   138    7453    (-,-) 
  PC1/sub_126_48_g1243/Y  -       B->Y   R     NAND2X1        1  5.0    94   111    7564    (-,-) 
  PC1/sub_126_48_g1240/Y  -       B0->Y  F     OAI21X1        1  5.0    98   131    7695    (-,-) 
  PC1/g46016/Y            -       B->Y   R     NAND2X1        1  5.0   104   103    7798    (-,-) 
  PC1/g45581__2883/Y      -       B->Y   F     NAND2X1        1  5.0   101   114    7912    (-,-) 
  PC1/g45553__2346/Y      -       B->Y   R     NAND2X1        1  3.8   102    94    8007    (-,-) 
  PC1/g2/Y                -       B->Y   R     AND2X1         1  5.0    85   230    8236    (-,-) 
  PC1/g45501__5107/Y      -       B->Y   F     NAND2X1        2  8.8   115   136    8372    (-,-) 
  PC1/g26604/Y            -       A->Y   R     CLKINVX1       1  3.6    70    93    8466    (-,-) 
  PC1/g39895/Y            -       B->Y   R     AND2X2        16 63.2   351   473    8938    (-,-) 
  PC1/g38593/Y            -       A0->Y  F     OAI21X1        1  3.6   108   206    9144    (-,-) 
  PC1/RF_reg[5][29]/D     -       -      F     DFFRX1         1    -     -     0    9144    (-,-) 
#-------------------------------------------------------------------------------------------------



Path 44: MET (679 ps) Setup Check with Pin PC1/RF_reg[4][29]/CK->D
          Group: C2C
     Startpoint: (R) PC1/IR_reg[30]/CK
          Clock: (R) SYS_CLOCK
       Endpoint: (F) PC1/RF_reg[4][29]/D
          Clock: (R) SYS_CLOCK

                     Capture       Launch     
        Clock Edge:+   10000            0     
       Src Latency:+       0            0     
       Net Latency:+       0 (I)        0 (I) 
           Arrival:=   10000            0     
                                              
             Setup:-     177                  
     Required Time:=    9823                  
      Launch Clock:-       0                  
         Data Path:-    9144                  
             Slack:=     679                  

#-------------------------------------------------------------------------------------------------
#      Timing Point       Flags    Arc   Edge   Cell     Fanout Load Trans Delay Arrival Instance 
#                                                               (fF)  (ps)  (ps)   (ps)  Location 
#-------------------------------------------------------------------------------------------------
  PC1/IR_reg[30]/CK       -       -      R     (arrival)    587    -     0     0       0    (-,-) 
  PC1/IR_reg[30]/Q        -       CK->Q  F     DFFX1          3 12.3   102   491     491    (-,-) 
  PC1/g43941__4733/Y      -       A->Y   R     NOR2X2         2  8.3   130   160     651    (-,-) 
  PC1/g43922__8428/Y      -       B->Y   R     CLKAND2X2      2 16.7   106   224     875    (-,-) 
  PC1/g43628__2883/Y      -       A->Y   F     NAND2X4        7 37.0   132   157    1032    (-,-) 
  PC1/g43363__5115/Y      -       A1->Y  R     OAI21X2        2 14.1   225   235    1267    (-,-) 
  PC1/g43355/Y            -       A->Y   F     INVX2          3 26.4   116   177    1444    (-,-) 
  PC1/g43341__6417/Y      -       A->Y   R     NOR2X4         4 15.7   130   164    1608    (-,-) 
  PC1/g43308/Y            -       A->Y   F     CLKINVX1       1 12.9    92   136    1745    (-,-) 
  PC1/g43266__1881/Y      -       A->Y   R     NOR2X4        10 41.6   262   255    2000    (-,-) 
  PC1/g42958__2883/Y      -       B1->Y  F     AOI22X1        1  4.8   135   177    2177    (-,-) 
  PC1/g42702__4733/Y      -       A->Y   R     NAND2X1        1  7.6   115   150    2327    (-,-) 
  PC1/g42692__1617/Y      -       B->Y   F     NOR2X2         1 12.6    63    99    2426    (-,-) 
  PC1/g42616__5115/Y      -       A->Y   R     NAND2X4        6 25.4    91   106    2532    (-,-) 
  PC1/sub_126_48_g1462/Y  -       B->Y   F     NAND2X1        2 10.8   142   155    2687    (-,-) 
  PC1/sub_126_48_g1335/CO -       CI->CO F     ADDFX1         2 10.3   132   436    3123    (-,-) 
  PC1/sub_126_48_g1334/Y  -       B->Y   R     NAND2X1        1  5.0   101   118    3242    (-,-) 
  PC1/sub_126_48_g1329/Y  -       B->Y   F     NAND2X1        2  7.8   113   135    3377    (-,-) 
  PC1/sub_126_48_g1327/Y  -       B->Y   R     NAND2X1        1  7.8   124   131    3508    (-,-) 
  PC1/sub_126_48_g1326/Y  -       B->Y   F     NAND2X2        3 11.7    93   130    3638    (-,-) 
  PC1/sub_126_48_g1324/Y  -       B->Y   R     NAND2X1        1  5.0    79   101    3739    (-,-) 
  PC1/sub_126_48_g1323/Y  -       B->Y   F     NAND2X1        1  6.7   101   116    3856    (-,-) 
  PC1/sub_126_48_g1318/CO -       CI->CO F     ADDFX1         2  7.8   115   398    4254    (-,-) 
  PC1/sub_126_48_g1317/Y  -       B->Y   R     NAND2X1        1  7.8   121   132    4386    (-,-) 
  PC1/sub_126_48_g1316/Y  -       B->Y   F     NAND2X2        3 11.7    93   129    4515    (-,-) 
  PC1/sub_126_48_g1314/Y  -       C->Y   R     NAND3X1        2  9.0   157   134    4649    (-,-) 
  PC1/sub_126_48_g1310/Y  -       B->Y   F     NOR2X1         1  4.7    98   105    4754    (-,-) 
  PC1/sub_126_48_g1307/Y  -       A0->Y  R     AOI21X1        4 17.2   431   392    5145    (-,-) 
  PC1/sub_126_48_g1301/Y  -       B->Y   F     NOR2X1         2  8.7   137   212    5357    (-,-) 
  PC1/sub_126_48_g1294/Y  -       A0->Y  R     AOI21X1        3 15.8   402   385    5742    (-,-) 
  PC1/sub_126_48_g1289/Y  -       B->Y   F     NOR2X2         3 12.9   115   179    5921    (-,-) 
  PC1/sub_126_48_g1286/Y  -       B->Y   R     NAND2X1        1  7.8   107   132    6053    (-,-) 
  PC1/sub_126_48_g1283/Y  -       B->Y   F     NAND2X2        4 18.3   133   150    6203    (-,-) 
  PC1/sub_126_48_g1274/Y  -       C->Y   R     NAND3X2        1  7.8   121   111    6314    (-,-) 
  PC1/sub_126_48_g1270/Y  -       B->Y   F     NAND2X2        4 17.0   127   152    6466    (-,-) 
  PC1/sub_126_48_g1264/Y  -       B->Y   R     NAND2X1        1  7.8   109   138    6604    (-,-) 
  PC1/sub_126_48_g1263/Y  -       B->Y   F     NAND2X2        2  9.0    86   111    6715    (-,-) 
  PC1/sub_126_48_g1255/Y  -       B->Y   R     NAND2X1        1  7.8   123   119    6834    (-,-) 
  PC1/sub_126_48_g1254/Y  -       B->Y   F     NAND2X2        3 15.9   114   148    6982    (-,-) 
  PC1/sub_126_48_g1251/Y  -       B->Y   R     NAND2X2        1  7.8    99    98    7080    (-,-) 
  PC1/sub_126_48_g1249/Y  -       B->Y   F     NAND2X2        3 15.9   115   136    7217    (-,-) 
  PC1/sub_126_48_g1246/Y  -       B->Y   R     NAND2X2        1  7.8   101    99    7316    (-,-) 
  PC1/sub_126_48_g1245/Y  -       B->Y   F     NAND2X2        3 15.9   115   138    7453    (-,-) 
  PC1/sub_126_48_g1243/Y  -       B->Y   R     NAND2X1        1  5.0    94   111    7564    (-,-) 
  PC1/sub_126_48_g1240/Y  -       B0->Y  F     OAI21X1        1  5.0    98   131    7695    (-,-) 
  PC1/g46016/Y            -       B->Y   R     NAND2X1        1  5.0   104   103    7798    (-,-) 
  PC1/g45581__2883/Y      -       B->Y   F     NAND2X1        1  5.0   101   114    7912    (-,-) 
  PC1/g45553__2346/Y      -       B->Y   R     NAND2X1        1  3.8   102    94    8007    (-,-) 
  PC1/g2/Y                -       B->Y   R     AND2X1         1  5.0    85   230    8236    (-,-) 
  PC1/g45501__5107/Y      -       B->Y   F     NAND2X1        2  8.8   115   136    8372    (-,-) 
  PC1/g26604/Y            -       A->Y   R     CLKINVX1       1  3.6    70    93    8466    (-,-) 
  PC1/g39895/Y            -       B->Y   R     AND2X2        16 63.2   351   473    8938    (-,-) 
  PC1/g38592/Y            -       A0->Y  F     OAI21X1        1  3.6   108   206    9144    (-,-) 
  PC1/RF_reg[4][29]/D     -       -      F     DFFRX1         1    -     -     0    9144    (-,-) 
#-------------------------------------------------------------------------------------------------



Path 45: MET (679 ps) Setup Check with Pin PC1/RF_reg[3][29]/CK->D
          Group: C2C
     Startpoint: (R) PC1/IR_reg[30]/CK
          Clock: (R) SYS_CLOCK
       Endpoint: (F) PC1/RF_reg[3][29]/D
          Clock: (R) SYS_CLOCK

                     Capture       Launch     
        Clock Edge:+   10000            0     
       Src Latency:+       0            0     
       Net Latency:+       0 (I)        0 (I) 
           Arrival:=   10000            0     
                                              
             Setup:-     177                  
     Required Time:=    9823                  
      Launch Clock:-       0                  
         Data Path:-    9144                  
             Slack:=     679                  

#-------------------------------------------------------------------------------------------------
#      Timing Point       Flags    Arc   Edge   Cell     Fanout Load Trans Delay Arrival Instance 
#                                                               (fF)  (ps)  (ps)   (ps)  Location 
#-------------------------------------------------------------------------------------------------
  PC1/IR_reg[30]/CK       -       -      R     (arrival)    587    -     0     0       0    (-,-) 
  PC1/IR_reg[30]/Q        -       CK->Q  F     DFFX1          3 12.3   102   491     491    (-,-) 
  PC1/g43941__4733/Y      -       A->Y   R     NOR2X2         2  8.3   130   160     651    (-,-) 
  PC1/g43922__8428/Y      -       B->Y   R     CLKAND2X2      2 16.7   106   224     875    (-,-) 
  PC1/g43628__2883/Y      -       A->Y   F     NAND2X4        7 37.0   132   157    1032    (-,-) 
  PC1/g43363__5115/Y      -       A1->Y  R     OAI21X2        2 14.1   225   235    1267    (-,-) 
  PC1/g43355/Y            -       A->Y   F     INVX2          3 26.4   116   177    1444    (-,-) 
  PC1/g43341__6417/Y      -       A->Y   R     NOR2X4         4 15.7   130   164    1608    (-,-) 
  PC1/g43308/Y            -       A->Y   F     CLKINVX1       1 12.9    92   136    1745    (-,-) 
  PC1/g43266__1881/Y      -       A->Y   R     NOR2X4        10 41.6   262   255    2000    (-,-) 
  PC1/g42958__2883/Y      -       B1->Y  F     AOI22X1        1  4.8   135   177    2177    (-,-) 
  PC1/g42702__4733/Y      -       A->Y   R     NAND2X1        1  7.6   115   150    2327    (-,-) 
  PC1/g42692__1617/Y      -       B->Y   F     NOR2X2         1 12.6    63    99    2426    (-,-) 
  PC1/g42616__5115/Y      -       A->Y   R     NAND2X4        6 25.4    91   106    2532    (-,-) 
  PC1/sub_126_48_g1462/Y  -       B->Y   F     NAND2X1        2 10.8   142   155    2687    (-,-) 
  PC1/sub_126_48_g1335/CO -       CI->CO F     ADDFX1         2 10.3   132   436    3123    (-,-) 
  PC1/sub_126_48_g1334/Y  -       B->Y   R     NAND2X1        1  5.0   101   118    3242    (-,-) 
  PC1/sub_126_48_g1329/Y  -       B->Y   F     NAND2X1        2  7.8   113   135    3377    (-,-) 
  PC1/sub_126_48_g1327/Y  -       B->Y   R     NAND2X1        1  7.8   124   131    3508    (-,-) 
  PC1/sub_126_48_g1326/Y  -       B->Y   F     NAND2X2        3 11.7    93   130    3638    (-,-) 
  PC1/sub_126_48_g1324/Y  -       B->Y   R     NAND2X1        1  5.0    79   101    3739    (-,-) 
  PC1/sub_126_48_g1323/Y  -       B->Y   F     NAND2X1        1  6.7   101   116    3856    (-,-) 
  PC1/sub_126_48_g1318/CO -       CI->CO F     ADDFX1         2  7.8   115   398    4254    (-,-) 
  PC1/sub_126_48_g1317/Y  -       B->Y   R     NAND2X1        1  7.8   121   132    4386    (-,-) 
  PC1/sub_126_48_g1316/Y  -       B->Y   F     NAND2X2        3 11.7    93   129    4515    (-,-) 
  PC1/sub_126_48_g1314/Y  -       C->Y   R     NAND3X1        2  9.0   157   134    4649    (-,-) 
  PC1/sub_126_48_g1310/Y  -       B->Y   F     NOR2X1         1  4.7    98   105    4754    (-,-) 
  PC1/sub_126_48_g1307/Y  -       A0->Y  R     AOI21X1        4 17.2   431   392    5145    (-,-) 
  PC1/sub_126_48_g1301/Y  -       B->Y   F     NOR2X1         2  8.7   137   212    5357    (-,-) 
  PC1/sub_126_48_g1294/Y  -       A0->Y  R     AOI21X1        3 15.8   402   385    5742    (-,-) 
  PC1/sub_126_48_g1289/Y  -       B->Y   F     NOR2X2         3 12.9   115   179    5921    (-,-) 
  PC1/sub_126_48_g1286/Y  -       B->Y   R     NAND2X1        1  7.8   107   132    6053    (-,-) 
  PC1/sub_126_48_g1283/Y  -       B->Y   F     NAND2X2        4 18.3   133   150    6203    (-,-) 
  PC1/sub_126_48_g1274/Y  -       C->Y   R     NAND3X2        1  7.8   121   111    6314    (-,-) 
  PC1/sub_126_48_g1270/Y  -       B->Y   F     NAND2X2        4 17.0   127   152    6466    (-,-) 
  PC1/sub_126_48_g1264/Y  -       B->Y   R     NAND2X1        1  7.8   109   138    6604    (-,-) 
  PC1/sub_126_48_g1263/Y  -       B->Y   F     NAND2X2        2  9.0    86   111    6715    (-,-) 
  PC1/sub_126_48_g1255/Y  -       B->Y   R     NAND2X1        1  7.8   123   119    6834    (-,-) 
  PC1/sub_126_48_g1254/Y  -       B->Y   F     NAND2X2        3 15.9   114   148    6982    (-,-) 
  PC1/sub_126_48_g1251/Y  -       B->Y   R     NAND2X2        1  7.8    99    98    7080    (-,-) 
  PC1/sub_126_48_g1249/Y  -       B->Y   F     NAND2X2        3 15.9   115   136    7217    (-,-) 
  PC1/sub_126_48_g1246/Y  -       B->Y   R     NAND2X2        1  7.8   101    99    7316    (-,-) 
  PC1/sub_126_48_g1245/Y  -       B->Y   F     NAND2X2        3 15.9   115   138    7453    (-,-) 
  PC1/sub_126_48_g1243/Y  -       B->Y   R     NAND2X1        1  5.0    94   111    7564    (-,-) 
  PC1/sub_126_48_g1240/Y  -       B0->Y  F     OAI21X1        1  5.0    98   131    7695    (-,-) 
  PC1/g46016/Y            -       B->Y   R     NAND2X1        1  5.0   104   103    7798    (-,-) 
  PC1/g45581__2883/Y      -       B->Y   F     NAND2X1        1  5.0   101   114    7912    (-,-) 
  PC1/g45553__2346/Y      -       B->Y   R     NAND2X1        1  3.8   102    94    8007    (-,-) 
  PC1/g2/Y                -       B->Y   R     AND2X1         1  5.0    85   230    8236    (-,-) 
  PC1/g45501__5107/Y      -       B->Y   F     NAND2X1        2  8.8   115   136    8372    (-,-) 
  PC1/g26604/Y            -       A->Y   R     CLKINVX1       1  3.6    70    93    8466    (-,-) 
  PC1/g39895/Y            -       B->Y   R     AND2X2        16 63.2   351   473    8938    (-,-) 
  PC1/g38599/Y            -       A0->Y  F     OAI21X1        1  3.6   108   206    9144    (-,-) 
  PC1/RF_reg[3][29]/D     -       -      F     DFFRX1         1    -     -     0    9144    (-,-) 
#-------------------------------------------------------------------------------------------------



Path 46: MET (679 ps) Setup Check with Pin PC1/RF_reg[2][29]/CK->D
          Group: C2C
     Startpoint: (R) PC1/IR_reg[30]/CK
          Clock: (R) SYS_CLOCK
       Endpoint: (F) PC1/RF_reg[2][29]/D
          Clock: (R) SYS_CLOCK

                     Capture       Launch     
        Clock Edge:+   10000            0     
       Src Latency:+       0            0     
       Net Latency:+       0 (I)        0 (I) 
           Arrival:=   10000            0     
                                              
             Setup:-     177                  
     Required Time:=    9823                  
      Launch Clock:-       0                  
         Data Path:-    9144                  
             Slack:=     679                  

#-------------------------------------------------------------------------------------------------
#      Timing Point       Flags    Arc   Edge   Cell     Fanout Load Trans Delay Arrival Instance 
#                                                               (fF)  (ps)  (ps)   (ps)  Location 
#-------------------------------------------------------------------------------------------------
  PC1/IR_reg[30]/CK       -       -      R     (arrival)    587    -     0     0       0    (-,-) 
  PC1/IR_reg[30]/Q        -       CK->Q  F     DFFX1          3 12.3   102   491     491    (-,-) 
  PC1/g43941__4733/Y      -       A->Y   R     NOR2X2         2  8.3   130   160     651    (-,-) 
  PC1/g43922__8428/Y      -       B->Y   R     CLKAND2X2      2 16.7   106   224     875    (-,-) 
  PC1/g43628__2883/Y      -       A->Y   F     NAND2X4        7 37.0   132   157    1032    (-,-) 
  PC1/g43363__5115/Y      -       A1->Y  R     OAI21X2        2 14.1   225   235    1267    (-,-) 
  PC1/g43355/Y            -       A->Y   F     INVX2          3 26.4   116   177    1444    (-,-) 
  PC1/g43341__6417/Y      -       A->Y   R     NOR2X4         4 15.7   130   164    1608    (-,-) 
  PC1/g43308/Y            -       A->Y   F     CLKINVX1       1 12.9    92   136    1745    (-,-) 
  PC1/g43266__1881/Y      -       A->Y   R     NOR2X4        10 41.6   262   255    2000    (-,-) 
  PC1/g42958__2883/Y      -       B1->Y  F     AOI22X1        1  4.8   135   177    2177    (-,-) 
  PC1/g42702__4733/Y      -       A->Y   R     NAND2X1        1  7.6   115   150    2327    (-,-) 
  PC1/g42692__1617/Y      -       B->Y   F     NOR2X2         1 12.6    63    99    2426    (-,-) 
  PC1/g42616__5115/Y      -       A->Y   R     NAND2X4        6 25.4    91   106    2532    (-,-) 
  PC1/sub_126_48_g1462/Y  -       B->Y   F     NAND2X1        2 10.8   142   155    2687    (-,-) 
  PC1/sub_126_48_g1335/CO -       CI->CO F     ADDFX1         2 10.3   132   436    3123    (-,-) 
  PC1/sub_126_48_g1334/Y  -       B->Y   R     NAND2X1        1  5.0   101   118    3242    (-,-) 
  PC1/sub_126_48_g1329/Y  -       B->Y   F     NAND2X1        2  7.8   113   135    3377    (-,-) 
  PC1/sub_126_48_g1327/Y  -       B->Y   R     NAND2X1        1  7.8   124   131    3508    (-,-) 
  PC1/sub_126_48_g1326/Y  -       B->Y   F     NAND2X2        3 11.7    93   130    3638    (-,-) 
  PC1/sub_126_48_g1324/Y  -       B->Y   R     NAND2X1        1  5.0    79   101    3739    (-,-) 
  PC1/sub_126_48_g1323/Y  -       B->Y   F     NAND2X1        1  6.7   101   116    3856    (-,-) 
  PC1/sub_126_48_g1318/CO -       CI->CO F     ADDFX1         2  7.8   115   398    4254    (-,-) 
  PC1/sub_126_48_g1317/Y  -       B->Y   R     NAND2X1        1  7.8   121   132    4386    (-,-) 
  PC1/sub_126_48_g1316/Y  -       B->Y   F     NAND2X2        3 11.7    93   129    4515    (-,-) 
  PC1/sub_126_48_g1314/Y  -       C->Y   R     NAND3X1        2  9.0   157   134    4649    (-,-) 
  PC1/sub_126_48_g1310/Y  -       B->Y   F     NOR2X1         1  4.7    98   105    4754    (-,-) 
  PC1/sub_126_48_g1307/Y  -       A0->Y  R     AOI21X1        4 17.2   431   392    5145    (-,-) 
  PC1/sub_126_48_g1301/Y  -       B->Y   F     NOR2X1         2  8.7   137   212    5357    (-,-) 
  PC1/sub_126_48_g1294/Y  -       A0->Y  R     AOI21X1        3 15.8   402   385    5742    (-,-) 
  PC1/sub_126_48_g1289/Y  -       B->Y   F     NOR2X2         3 12.9   115   179    5921    (-,-) 
  PC1/sub_126_48_g1286/Y  -       B->Y   R     NAND2X1        1  7.8   107   132    6053    (-,-) 
  PC1/sub_126_48_g1283/Y  -       B->Y   F     NAND2X2        4 18.3   133   150    6203    (-,-) 
  PC1/sub_126_48_g1274/Y  -       C->Y   R     NAND3X2        1  7.8   121   111    6314    (-,-) 
  PC1/sub_126_48_g1270/Y  -       B->Y   F     NAND2X2        4 17.0   127   152    6466    (-,-) 
  PC1/sub_126_48_g1264/Y  -       B->Y   R     NAND2X1        1  7.8   109   138    6604    (-,-) 
  PC1/sub_126_48_g1263/Y  -       B->Y   F     NAND2X2        2  9.0    86   111    6715    (-,-) 
  PC1/sub_126_48_g1255/Y  -       B->Y   R     NAND2X1        1  7.8   123   119    6834    (-,-) 
  PC1/sub_126_48_g1254/Y  -       B->Y   F     NAND2X2        3 15.9   114   148    6982    (-,-) 
  PC1/sub_126_48_g1251/Y  -       B->Y   R     NAND2X2        1  7.8    99    98    7080    (-,-) 
  PC1/sub_126_48_g1249/Y  -       B->Y   F     NAND2X2        3 15.9   115   136    7217    (-,-) 
  PC1/sub_126_48_g1246/Y  -       B->Y   R     NAND2X2        1  7.8   101    99    7316    (-,-) 
  PC1/sub_126_48_g1245/Y  -       B->Y   F     NAND2X2        3 15.9   115   138    7453    (-,-) 
  PC1/sub_126_48_g1243/Y  -       B->Y   R     NAND2X1        1  5.0    94   111    7564    (-,-) 
  PC1/sub_126_48_g1240/Y  -       B0->Y  F     OAI21X1        1  5.0    98   131    7695    (-,-) 
  PC1/g46016/Y            -       B->Y   R     NAND2X1        1  5.0   104   103    7798    (-,-) 
  PC1/g45581__2883/Y      -       B->Y   F     NAND2X1        1  5.0   101   114    7912    (-,-) 
  PC1/g45553__2346/Y      -       B->Y   R     NAND2X1        1  3.8   102    94    8007    (-,-) 
  PC1/g2/Y                -       B->Y   R     AND2X1         1  5.0    85   230    8236    (-,-) 
  PC1/g45501__5107/Y      -       B->Y   F     NAND2X1        2  8.8   115   136    8372    (-,-) 
  PC1/g26604/Y            -       A->Y   R     CLKINVX1       1  3.6    70    93    8466    (-,-) 
  PC1/g39895/Y            -       B->Y   R     AND2X2        16 63.2   351   473    8938    (-,-) 
  PC1/g38594/Y            -       A0->Y  F     OAI21X1        1  3.6   108   206    9144    (-,-) 
  PC1/RF_reg[2][29]/D     -       -      F     DFFRX1         1    -     -     0    9144    (-,-) 
#-------------------------------------------------------------------------------------------------



Path 47: MET (679 ps) Setup Check with Pin PC1/RF_reg[1][29]/CK->D
          Group: C2C
     Startpoint: (R) PC1/IR_reg[30]/CK
          Clock: (R) SYS_CLOCK
       Endpoint: (F) PC1/RF_reg[1][29]/D
          Clock: (R) SYS_CLOCK

                     Capture       Launch     
        Clock Edge:+   10000            0     
       Src Latency:+       0            0     
       Net Latency:+       0 (I)        0 (I) 
           Arrival:=   10000            0     
                                              
             Setup:-     177                  
     Required Time:=    9823                  
      Launch Clock:-       0                  
         Data Path:-    9144                  
             Slack:=     679                  

#-------------------------------------------------------------------------------------------------
#      Timing Point       Flags    Arc   Edge   Cell     Fanout Load Trans Delay Arrival Instance 
#                                                               (fF)  (ps)  (ps)   (ps)  Location 
#-------------------------------------------------------------------------------------------------
  PC1/IR_reg[30]/CK       -       -      R     (arrival)    587    -     0     0       0    (-,-) 
  PC1/IR_reg[30]/Q        -       CK->Q  F     DFFX1          3 12.3   102   491     491    (-,-) 
  PC1/g43941__4733/Y      -       A->Y   R     NOR2X2         2  8.3   130   160     651    (-,-) 
  PC1/g43922__8428/Y      -       B->Y   R     CLKAND2X2      2 16.7   106   224     875    (-,-) 
  PC1/g43628__2883/Y      -       A->Y   F     NAND2X4        7 37.0   132   157    1032    (-,-) 
  PC1/g43363__5115/Y      -       A1->Y  R     OAI21X2        2 14.1   225   235    1267    (-,-) 
  PC1/g43355/Y            -       A->Y   F     INVX2          3 26.4   116   177    1444    (-,-) 
  PC1/g43341__6417/Y      -       A->Y   R     NOR2X4         4 15.7   130   164    1608    (-,-) 
  PC1/g43308/Y            -       A->Y   F     CLKINVX1       1 12.9    92   136    1745    (-,-) 
  PC1/g43266__1881/Y      -       A->Y   R     NOR2X4        10 41.6   262   255    2000    (-,-) 
  PC1/g42958__2883/Y      -       B1->Y  F     AOI22X1        1  4.8   135   177    2177    (-,-) 
  PC1/g42702__4733/Y      -       A->Y   R     NAND2X1        1  7.6   115   150    2327    (-,-) 
  PC1/g42692__1617/Y      -       B->Y   F     NOR2X2         1 12.6    63    99    2426    (-,-) 
  PC1/g42616__5115/Y      -       A->Y   R     NAND2X4        6 25.4    91   106    2532    (-,-) 
  PC1/sub_126_48_g1462/Y  -       B->Y   F     NAND2X1        2 10.8   142   155    2687    (-,-) 
  PC1/sub_126_48_g1335/CO -       CI->CO F     ADDFX1         2 10.3   132   436    3123    (-,-) 
  PC1/sub_126_48_g1334/Y  -       B->Y   R     NAND2X1        1  5.0   101   118    3242    (-,-) 
  PC1/sub_126_48_g1329/Y  -       B->Y   F     NAND2X1        2  7.8   113   135    3377    (-,-) 
  PC1/sub_126_48_g1327/Y  -       B->Y   R     NAND2X1        1  7.8   124   131    3508    (-,-) 
  PC1/sub_126_48_g1326/Y  -       B->Y   F     NAND2X2        3 11.7    93   130    3638    (-,-) 
  PC1/sub_126_48_g1324/Y  -       B->Y   R     NAND2X1        1  5.0    79   101    3739    (-,-) 
  PC1/sub_126_48_g1323/Y  -       B->Y   F     NAND2X1        1  6.7   101   116    3856    (-,-) 
  PC1/sub_126_48_g1318/CO -       CI->CO F     ADDFX1         2  7.8   115   398    4254    (-,-) 
  PC1/sub_126_48_g1317/Y  -       B->Y   R     NAND2X1        1  7.8   121   132    4386    (-,-) 
  PC1/sub_126_48_g1316/Y  -       B->Y   F     NAND2X2        3 11.7    93   129    4515    (-,-) 
  PC1/sub_126_48_g1314/Y  -       C->Y   R     NAND3X1        2  9.0   157   134    4649    (-,-) 
  PC1/sub_126_48_g1310/Y  -       B->Y   F     NOR2X1         1  4.7    98   105    4754    (-,-) 
  PC1/sub_126_48_g1307/Y  -       A0->Y  R     AOI21X1        4 17.2   431   392    5145    (-,-) 
  PC1/sub_126_48_g1301/Y  -       B->Y   F     NOR2X1         2  8.7   137   212    5357    (-,-) 
  PC1/sub_126_48_g1294/Y  -       A0->Y  R     AOI21X1        3 15.8   402   385    5742    (-,-) 
  PC1/sub_126_48_g1289/Y  -       B->Y   F     NOR2X2         3 12.9   115   179    5921    (-,-) 
  PC1/sub_126_48_g1286/Y  -       B->Y   R     NAND2X1        1  7.8   107   132    6053    (-,-) 
  PC1/sub_126_48_g1283/Y  -       B->Y   F     NAND2X2        4 18.3   133   150    6203    (-,-) 
  PC1/sub_126_48_g1274/Y  -       C->Y   R     NAND3X2        1  7.8   121   111    6314    (-,-) 
  PC1/sub_126_48_g1270/Y  -       B->Y   F     NAND2X2        4 17.0   127   152    6466    (-,-) 
  PC1/sub_126_48_g1264/Y  -       B->Y   R     NAND2X1        1  7.8   109   138    6604    (-,-) 
  PC1/sub_126_48_g1263/Y  -       B->Y   F     NAND2X2        2  9.0    86   111    6715    (-,-) 
  PC1/sub_126_48_g1255/Y  -       B->Y   R     NAND2X1        1  7.8   123   119    6834    (-,-) 
  PC1/sub_126_48_g1254/Y  -       B->Y   F     NAND2X2        3 15.9   114   148    6982    (-,-) 
  PC1/sub_126_48_g1251/Y  -       B->Y   R     NAND2X2        1  7.8    99    98    7080    (-,-) 
  PC1/sub_126_48_g1249/Y  -       B->Y   F     NAND2X2        3 15.9   115   136    7217    (-,-) 
  PC1/sub_126_48_g1246/Y  -       B->Y   R     NAND2X2        1  7.8   101    99    7316    (-,-) 
  PC1/sub_126_48_g1245/Y  -       B->Y   F     NAND2X2        3 15.9   115   138    7453    (-,-) 
  PC1/sub_126_48_g1243/Y  -       B->Y   R     NAND2X1        1  5.0    94   111    7564    (-,-) 
  PC1/sub_126_48_g1240/Y  -       B0->Y  F     OAI21X1        1  5.0    98   131    7695    (-,-) 
  PC1/g46016/Y            -       B->Y   R     NAND2X1        1  5.0   104   103    7798    (-,-) 
  PC1/g45581__2883/Y      -       B->Y   F     NAND2X1        1  5.0   101   114    7912    (-,-) 
  PC1/g45553__2346/Y      -       B->Y   R     NAND2X1        1  3.8   102    94    8007    (-,-) 
  PC1/g2/Y                -       B->Y   R     AND2X1         1  5.0    85   230    8236    (-,-) 
  PC1/g45501__5107/Y      -       B->Y   F     NAND2X1        2  8.8   115   136    8372    (-,-) 
  PC1/g26604/Y            -       A->Y   R     CLKINVX1       1  3.6    70    93    8466    (-,-) 
  PC1/g39895/Y            -       B->Y   R     AND2X2        16 63.2   351   473    8938    (-,-) 
  PC1/g38589/Y            -       A0->Y  F     OAI21X1        1  3.6   108   206    9144    (-,-) 
  PC1/RF_reg[1][29]/D     -       -      F     DFFRX1         1    -     -     0    9144    (-,-) 
#-------------------------------------------------------------------------------------------------



Path 48: MET (679 ps) Setup Check with Pin PC1/RF_reg[0][29]/CK->D
          Group: C2C
     Startpoint: (R) PC1/IR_reg[30]/CK
          Clock: (R) SYS_CLOCK
       Endpoint: (F) PC1/RF_reg[0][29]/D
          Clock: (R) SYS_CLOCK

                     Capture       Launch     
        Clock Edge:+   10000            0     
       Src Latency:+       0            0     
       Net Latency:+       0 (I)        0 (I) 
           Arrival:=   10000            0     
                                              
             Setup:-     177                  
     Required Time:=    9823                  
      Launch Clock:-       0                  
         Data Path:-    9144                  
             Slack:=     679                  

#-------------------------------------------------------------------------------------------------
#      Timing Point       Flags    Arc   Edge   Cell     Fanout Load Trans Delay Arrival Instance 
#                                                               (fF)  (ps)  (ps)   (ps)  Location 
#-------------------------------------------------------------------------------------------------
  PC1/IR_reg[30]/CK       -       -      R     (arrival)    587    -     0     0       0    (-,-) 
  PC1/IR_reg[30]/Q        -       CK->Q  F     DFFX1          3 12.3   102   491     491    (-,-) 
  PC1/g43941__4733/Y      -       A->Y   R     NOR2X2         2  8.3   130   160     651    (-,-) 
  PC1/g43922__8428/Y      -       B->Y   R     CLKAND2X2      2 16.7   106   224     875    (-,-) 
  PC1/g43628__2883/Y      -       A->Y   F     NAND2X4        7 37.0   132   157    1032    (-,-) 
  PC1/g43363__5115/Y      -       A1->Y  R     OAI21X2        2 14.1   225   235    1267    (-,-) 
  PC1/g43355/Y            -       A->Y   F     INVX2          3 26.4   116   177    1444    (-,-) 
  PC1/g43341__6417/Y      -       A->Y   R     NOR2X4         4 15.7   130   164    1608    (-,-) 
  PC1/g43308/Y            -       A->Y   F     CLKINVX1       1 12.9    92   136    1745    (-,-) 
  PC1/g43266__1881/Y      -       A->Y   R     NOR2X4        10 41.6   262   255    2000    (-,-) 
  PC1/g42958__2883/Y      -       B1->Y  F     AOI22X1        1  4.8   135   177    2177    (-,-) 
  PC1/g42702__4733/Y      -       A->Y   R     NAND2X1        1  7.6   115   150    2327    (-,-) 
  PC1/g42692__1617/Y      -       B->Y   F     NOR2X2         1 12.6    63    99    2426    (-,-) 
  PC1/g42616__5115/Y      -       A->Y   R     NAND2X4        6 25.4    91   106    2532    (-,-) 
  PC1/sub_126_48_g1462/Y  -       B->Y   F     NAND2X1        2 10.8   142   155    2687    (-,-) 
  PC1/sub_126_48_g1335/CO -       CI->CO F     ADDFX1         2 10.3   132   436    3123    (-,-) 
  PC1/sub_126_48_g1334/Y  -       B->Y   R     NAND2X1        1  5.0   101   118    3242    (-,-) 
  PC1/sub_126_48_g1329/Y  -       B->Y   F     NAND2X1        2  7.8   113   135    3377    (-,-) 
  PC1/sub_126_48_g1327/Y  -       B->Y   R     NAND2X1        1  7.8   124   131    3508    (-,-) 
  PC1/sub_126_48_g1326/Y  -       B->Y   F     NAND2X2        3 11.7    93   130    3638    (-,-) 
  PC1/sub_126_48_g1324/Y  -       B->Y   R     NAND2X1        1  5.0    79   101    3739    (-,-) 
  PC1/sub_126_48_g1323/Y  -       B->Y   F     NAND2X1        1  6.7   101   116    3856    (-,-) 
  PC1/sub_126_48_g1318/CO -       CI->CO F     ADDFX1         2  7.8   115   398    4254    (-,-) 
  PC1/sub_126_48_g1317/Y  -       B->Y   R     NAND2X1        1  7.8   121   132    4386    (-,-) 
  PC1/sub_126_48_g1316/Y  -       B->Y   F     NAND2X2        3 11.7    93   129    4515    (-,-) 
  PC1/sub_126_48_g1314/Y  -       C->Y   R     NAND3X1        2  9.0   157   134    4649    (-,-) 
  PC1/sub_126_48_g1310/Y  -       B->Y   F     NOR2X1         1  4.7    98   105    4754    (-,-) 
  PC1/sub_126_48_g1307/Y  -       A0->Y  R     AOI21X1        4 17.2   431   392    5145    (-,-) 
  PC1/sub_126_48_g1301/Y  -       B->Y   F     NOR2X1         2  8.7   137   212    5357    (-,-) 
  PC1/sub_126_48_g1294/Y  -       A0->Y  R     AOI21X1        3 15.8   402   385    5742    (-,-) 
  PC1/sub_126_48_g1289/Y  -       B->Y   F     NOR2X2         3 12.9   115   179    5921    (-,-) 
  PC1/sub_126_48_g1286/Y  -       B->Y   R     NAND2X1        1  7.8   107   132    6053    (-,-) 
  PC1/sub_126_48_g1283/Y  -       B->Y   F     NAND2X2        4 18.3   133   150    6203    (-,-) 
  PC1/sub_126_48_g1274/Y  -       C->Y   R     NAND3X2        1  7.8   121   111    6314    (-,-) 
  PC1/sub_126_48_g1270/Y  -       B->Y   F     NAND2X2        4 17.0   127   152    6466    (-,-) 
  PC1/sub_126_48_g1264/Y  -       B->Y   R     NAND2X1        1  7.8   109   138    6604    (-,-) 
  PC1/sub_126_48_g1263/Y  -       B->Y   F     NAND2X2        2  9.0    86   111    6715    (-,-) 
  PC1/sub_126_48_g1255/Y  -       B->Y   R     NAND2X1        1  7.8   123   119    6834    (-,-) 
  PC1/sub_126_48_g1254/Y  -       B->Y   F     NAND2X2        3 15.9   114   148    6982    (-,-) 
  PC1/sub_126_48_g1251/Y  -       B->Y   R     NAND2X2        1  7.8    99    98    7080    (-,-) 
  PC1/sub_126_48_g1249/Y  -       B->Y   F     NAND2X2        3 15.9   115   136    7217    (-,-) 
  PC1/sub_126_48_g1246/Y  -       B->Y   R     NAND2X2        1  7.8   101    99    7316    (-,-) 
  PC1/sub_126_48_g1245/Y  -       B->Y   F     NAND2X2        3 15.9   115   138    7453    (-,-) 
  PC1/sub_126_48_g1243/Y  -       B->Y   R     NAND2X1        1  5.0    94   111    7564    (-,-) 
  PC1/sub_126_48_g1240/Y  -       B0->Y  F     OAI21X1        1  5.0    98   131    7695    (-,-) 
  PC1/g46016/Y            -       B->Y   R     NAND2X1        1  5.0   104   103    7798    (-,-) 
  PC1/g45581__2883/Y      -       B->Y   F     NAND2X1        1  5.0   101   114    7912    (-,-) 
  PC1/g45553__2346/Y      -       B->Y   R     NAND2X1        1  3.8   102    94    8007    (-,-) 
  PC1/g2/Y                -       B->Y   R     AND2X1         1  5.0    85   230    8236    (-,-) 
  PC1/g45501__5107/Y      -       B->Y   F     NAND2X1        2  8.8   115   136    8372    (-,-) 
  PC1/g26604/Y            -       A->Y   R     CLKINVX1       1  3.6    70    93    8466    (-,-) 
  PC1/g39895/Y            -       B->Y   R     AND2X2        16 63.2   351   473    8938    (-,-) 
  PC1/g38586/Y            -       A0->Y  F     OAI21X1        1  3.6   108   206    9144    (-,-) 
  PC1/RF_reg[0][29]/D     -       -      F     DFFRX1         1    -     -     0    9144    (-,-) 
#-------------------------------------------------------------------------------------------------



Path 49: MET (942 ps) Setup Check with Pin PC1/RF_reg[15][28]/CK->D
          Group: C2C
     Startpoint: (R) PC1/IR_reg[30]/CK
          Clock: (R) SYS_CLOCK
       Endpoint: (F) PC1/RF_reg[15][28]/D
          Clock: (R) SYS_CLOCK

                     Capture       Launch     
        Clock Edge:+   10000            0     
       Src Latency:+       0            0     
       Net Latency:+       0 (I)        0 (I) 
           Arrival:=   10000            0     
                                              
             Setup:-     177                  
     Required Time:=    9823                  
      Launch Clock:-       0                  
         Data Path:-    8881                  
             Slack:=     942                  

#--------------------------------------------------------------------------------------------------------------------------------------
#                         Timing Point                          Flags   Arc   Edge   Cell     Fanout Load Trans Delay Arrival Instance 
#                                                                                                    (fF)  (ps)  (ps)   (ps)  Location 
#--------------------------------------------------------------------------------------------------------------------------------------
  PC1/IR_reg[30]/CK                                             -       -     R     (arrival)    587    -     0     0       0    (-,-) 
  PC1/IR_reg[30]/Q                                              -       CK->Q F     DFFX1          3 12.3   102   491     491    (-,-) 
  PC1/g43941__4733/Y                                            -       A->Y  R     NOR2X2         2  8.3   130   160     651    (-,-) 
  PC1/g43922__8428/Y                                            -       B->Y  R     CLKAND2X2      2 16.7   106   224     875    (-,-) 
  PC1/g43628__2883/Y                                            -       A->Y  F     NAND2X4        7 37.0   132   157    1032    (-,-) 
  PC1/g43627/Y                                                  -       A->Y  R     CLKINVX2       2 14.7   103   132    1164    (-,-) 
  PC1/g43621__5115/Y                                            -       B->Y  F     NAND2X2        1 13.1    94   126    1290    (-,-) 
  PC1/g43362__1881/Y                                            -       B->Y  R     NAND2X4        3 23.1   104   107    1397    (-,-) 
  PC1/g43354/Y                                                  -       A->Y  F     CLKINVX2       2 19.5    71   108    1505    (-,-) 
  PC1/g43342__5477/Y                                            -       A->Y  R     NAND2X2        3 20.8   133   139    1644    (-,-) 
  PC1/g43309/Y                                                  -       A->Y  F     CLKINVX2       2  9.1    53    91    1735    (-,-) 
  PC1/g43268__7482/Y                                            -       B->Y  R     NAND2X1        1  7.6   109   102    1836    (-,-) 
  PC1/g43210/Y                                                  -       A->Y  F     CLKINVX2       4 22.1    78   116    1952    (-,-) 
  PC1/g42954__4733/Y                                            -       A1->Y R     AOI22X2        1  5.0   149   177    2129    (-,-) 
  PC1/g42701__7482/Y                                            -       B->Y  F     NAND2X1        1  4.8    87   130    2259    (-,-) 
  PC1/g42693__2802/Y                                            -       A->Y  R     NOR2X1         1  7.5   200   205    2465    (-,-) 
  PC1/g42630__6260/Y                                            -       A->Y  F     NAND2X2        6 23.4   155   209    2674    (-,-) 
  PC1/g27306__5526/Y                                            -       B->Y  F     MX2X1          2  7.7    90   358    3032    (-,-) 
  PC1/sub_150_48_Y_sub_128_48_Y_add_149_48_Y_add_127_48_g1385/Y -       B->Y  F     OR2X1          2  8.9    94   302    3334    (-,-) 
  PC1/sub_150_48_Y_sub_128_48_Y_add_149_48_Y_add_127_48_g1340/Y -       A->Y  R     NAND2X1        1  5.0    92   112    3446    (-,-) 
  PC1/sub_150_48_Y_sub_128_48_Y_add_149_48_Y_add_127_48_g1338/Y -       B->Y  F     NAND2X1        3 13.1   159   174    3619    (-,-) 
  PC1/sub_150_48_Y_sub_128_48_Y_add_149_48_Y_add_127_48_g1336/Y -       B->Y  R     NAND2X1        1  5.0    96   126    3746    (-,-) 
  PC1/sub_150_48_Y_sub_128_48_Y_add_149_48_Y_add_127_48_g1334/Y -       B->Y  F     NAND2X1        3 13.1   159   176    3921    (-,-) 
  PC1/sub_150_48_Y_sub_128_48_Y_add_149_48_Y_add_127_48_g1332/Y -       B->Y  R     NAND2X1        1  7.8   118   150    4071    (-,-) 
  PC1/sub_150_48_Y_sub_128_48_Y_add_149_48_Y_add_127_48_g1330/Y -       B->Y  F     NAND2X2        4 17.0   116   150    4222    (-,-) 
  PC1/sub_150_48_Y_sub_128_48_Y_add_149_48_Y_add_127_48_g1326/Y -       B->Y  R     NAND2X1        1  5.0    85   111    4333    (-,-) 
  PC1/sub_150_48_Y_sub_128_48_Y_add_149_48_Y_add_127_48_g1325/Y -       B->Y  F     NAND2X1        3 13.1   159   170    4503    (-,-) 
  PC1/sub_150_48_Y_sub_128_48_Y_add_149_48_Y_add_127_48_g1321/Y -       B->Y  R     NAND2X1        1  7.8   118   150    4653    (-,-) 
  PC1/sub_150_48_Y_sub_128_48_Y_add_149_48_Y_add_127_48_g1319/Y -       B->Y  F     NAND2X2        3 15.9   110   146    4799    (-,-) 
  PC1/sub_150_48_Y_sub_128_48_Y_add_149_48_Y_add_127_48_g1315/Y -       B->Y  R     NAND2X2        1  7.8    77    97    4896    (-,-) 
  PC1/sub_150_48_Y_sub_128_48_Y_add_149_48_Y_add_127_48_g1314/Y -       B->Y  F     NAND2X2        4 17.2   117   131    5027    (-,-) 
  PC1/sub_150_48_Y_sub_128_48_Y_add_149_48_Y_add_127_48_g1309/Y -       B->Y  R     NAND2X1        1  7.8   111   133    5160    (-,-) 
  PC1/sub_150_48_Y_sub_128_48_Y_add_149_48_Y_add_127_48_g1308/Y -       B->Y  F     NAND2X2        2 11.7   100   124    5285    (-,-) 
  PC1/sub_150_48_Y_sub_128_48_Y_add_149_48_Y_add_127_48_g1304/Y -       B->Y  R     NAND2X2        2 11.7    95   108    5393    (-,-) 
  PC1/sub_150_48_Y_sub_128_48_Y_add_149_48_Y_add_127_48_g1299/Y -       B->Y  F     NOR2X2         1  7.5    49    75    5468    (-,-) 
  PC1/sub_150_48_Y_sub_128_48_Y_add_149_48_Y_add_127_48_g1294/Y -       B->Y  R     NOR2X2         2  8.9   135   123    5591    (-,-) 
  PC1/sub_150_48_Y_sub_128_48_Y_add_149_48_Y_add_127_48_g1289/Y -       B->Y  F     NOR2X1         3 12.8   122   142    5733    (-,-) 
  PC1/sub_150_48_Y_sub_128_48_Y_add_149_48_Y_add_127_48_g1282/Y -       B->Y  R     NAND2X1        1  7.8   111   136    5868    (-,-) 
  PC1/sub_150_48_Y_sub_128_48_Y_add_149_48_Y_add_127_48_g1278/Y -       B->Y  F     NAND2X2        5 21.0   143   163    6031    (-,-) 
  PC1/sub_150_48_Y_sub_128_48_Y_add_149_48_Y_add_127_48_g1268/Y -       C->Y  R     NAND3X1        1  7.8   123   149    6180    (-,-) 
  PC1/sub_150_48_Y_sub_128_48_Y_add_149_48_Y_add_127_48_g1265/Y -       B->Y  F     NAND2X2        4 17.0   123   153    6333    (-,-) 
  PC1/sub_150_48_Y_sub_128_48_Y_add_149_48_Y_add_127_48_g1259/Y -       B->Y  R     NAND2X1        1  7.8   111   136    6469    (-,-) 
  PC1/sub_150_48_Y_sub_128_48_Y_add_149_48_Y_add_127_48_g1254/Y -       B->Y  F     NAND2X2        3 13.1    95   130    6600    (-,-) 
  PC1/sub_150_48_Y_sub_128_48_Y_add_149_48_Y_add_127_48_g1249/Y -       B->Y  R     NAND2X1        1  7.8   110   123    6723    (-,-) 
  PC1/sub_150_48_Y_sub_128_48_Y_add_149_48_Y_add_127_48_g1244/Y -       B->Y  F     NAND2X2        3 15.9   112   142    6865    (-,-) 
  PC1/sub_150_48_Y_sub_128_48_Y_add_149_48_Y_add_127_48_g1242/Y -       B->Y  R     NAND2X2        1  7.8    77    98    6962    (-,-) 
  PC1/sub_150_48_Y_sub_128_48_Y_add_149_48_Y_add_127_48_g1240/Y -       B->Y  F     NAND2X2        3 15.9   112   126    7089    (-,-) 
  PC1/sub_150_48_Y_sub_128_48_Y_add_149_48_Y_add_127_48_g1238/Y -       B->Y  R     NAND2X1        1  5.0    89   110    7198    (-,-) 
  PC1/sub_150_48_Y_sub_128_48_Y_add_149_48_Y_add_127_48_g1236/Y -       B0->Y F     OAI21X1        1  4.8    94   127    7326    (-,-) 
  PC1/g45620__7410/Y                                            -       A1->Y R     AOI211X1       1  4.8   292   287    7613    (-,-) 
  PC1/g45607/Y                                                  -       A->Y  F     CLKINVX1       1  4.9    88   138    7751    (-,-) 
  PC1/g45579__9315/Y                                            -       B0->Y R     AOI21X1        1  5.0   172   176    7926    (-,-) 
  PC1/g45557__5477/Y                                            -       B->Y  F     NAND2X1        2  8.8   128   175    8102    (-,-) 
  PC1/g26607/Y                                                  -       A->Y  R     CLKINVX1       1  3.6    74    98    8200    (-,-) 
  PC1/g39898/Y                                                  -       B->Y  R     AND2X2        16 63.2   351   475    8674    (-,-) 
  PC1/g38655/Y                                                  -       A0->Y F     OAI21X1        1  3.6   108   206    8881    (-,-) 
  PC1/RF_reg[15][28]/D                                          -       -     F     DFFRX1         1    -     -     0    8881    (-,-) 
#--------------------------------------------------------------------------------------------------------------------------------------



Path 50: MET (942 ps) Setup Check with Pin PC1/RF_reg[14][28]/CK->D
          Group: C2C
     Startpoint: (R) PC1/IR_reg[30]/CK
          Clock: (R) SYS_CLOCK
       Endpoint: (F) PC1/RF_reg[14][28]/D
          Clock: (R) SYS_CLOCK

                     Capture       Launch     
        Clock Edge:+   10000            0     
       Src Latency:+       0            0     
       Net Latency:+       0 (I)        0 (I) 
           Arrival:=   10000            0     
                                              
             Setup:-     177                  
     Required Time:=    9823                  
      Launch Clock:-       0                  
         Data Path:-    8881                  
             Slack:=     942                  

#--------------------------------------------------------------------------------------------------------------------------------------
#                         Timing Point                          Flags   Arc   Edge   Cell     Fanout Load Trans Delay Arrival Instance 
#                                                                                                    (fF)  (ps)  (ps)   (ps)  Location 
#--------------------------------------------------------------------------------------------------------------------------------------
  PC1/IR_reg[30]/CK                                             -       -     R     (arrival)    587    -     0     0       0    (-,-) 
  PC1/IR_reg[30]/Q                                              -       CK->Q F     DFFX1          3 12.3   102   491     491    (-,-) 
  PC1/g43941__4733/Y                                            -       A->Y  R     NOR2X2         2  8.3   130   160     651    (-,-) 
  PC1/g43922__8428/Y                                            -       B->Y  R     CLKAND2X2      2 16.7   106   224     875    (-,-) 
  PC1/g43628__2883/Y                                            -       A->Y  F     NAND2X4        7 37.0   132   157    1032    (-,-) 
  PC1/g43627/Y                                                  -       A->Y  R     CLKINVX2       2 14.7   103   132    1164    (-,-) 
  PC1/g43621__5115/Y                                            -       B->Y  F     NAND2X2        1 13.1    94   126    1290    (-,-) 
  PC1/g43362__1881/Y                                            -       B->Y  R     NAND2X4        3 23.1   104   107    1397    (-,-) 
  PC1/g43354/Y                                                  -       A->Y  F     CLKINVX2       2 19.5    71   108    1505    (-,-) 
  PC1/g43342__5477/Y                                            -       A->Y  R     NAND2X2        3 20.8   133   139    1644    (-,-) 
  PC1/g43309/Y                                                  -       A->Y  F     CLKINVX2       2  9.1    53    91    1735    (-,-) 
  PC1/g43268__7482/Y                                            -       B->Y  R     NAND2X1        1  7.6   109   102    1836    (-,-) 
  PC1/g43210/Y                                                  -       A->Y  F     CLKINVX2       4 22.1    78   116    1952    (-,-) 
  PC1/g42954__4733/Y                                            -       A1->Y R     AOI22X2        1  5.0   149   177    2129    (-,-) 
  PC1/g42701__7482/Y                                            -       B->Y  F     NAND2X1        1  4.8    87   130    2259    (-,-) 
  PC1/g42693__2802/Y                                            -       A->Y  R     NOR2X1         1  7.5   200   205    2465    (-,-) 
  PC1/g42630__6260/Y                                            -       A->Y  F     NAND2X2        6 23.4   155   209    2674    (-,-) 
  PC1/g27306__5526/Y                                            -       B->Y  F     MX2X1          2  7.7    90   358    3032    (-,-) 
  PC1/sub_150_48_Y_sub_128_48_Y_add_149_48_Y_add_127_48_g1385/Y -       B->Y  F     OR2X1          2  8.9    94   302    3334    (-,-) 
  PC1/sub_150_48_Y_sub_128_48_Y_add_149_48_Y_add_127_48_g1340/Y -       A->Y  R     NAND2X1        1  5.0    92   112    3446    (-,-) 
  PC1/sub_150_48_Y_sub_128_48_Y_add_149_48_Y_add_127_48_g1338/Y -       B->Y  F     NAND2X1        3 13.1   159   174    3619    (-,-) 
  PC1/sub_150_48_Y_sub_128_48_Y_add_149_48_Y_add_127_48_g1336/Y -       B->Y  R     NAND2X1        1  5.0    96   126    3746    (-,-) 
  PC1/sub_150_48_Y_sub_128_48_Y_add_149_48_Y_add_127_48_g1334/Y -       B->Y  F     NAND2X1        3 13.1   159   176    3921    (-,-) 
  PC1/sub_150_48_Y_sub_128_48_Y_add_149_48_Y_add_127_48_g1332/Y -       B->Y  R     NAND2X1        1  7.8   118   150    4071    (-,-) 
  PC1/sub_150_48_Y_sub_128_48_Y_add_149_48_Y_add_127_48_g1330/Y -       B->Y  F     NAND2X2        4 17.0   116   150    4222    (-,-) 
  PC1/sub_150_48_Y_sub_128_48_Y_add_149_48_Y_add_127_48_g1326/Y -       B->Y  R     NAND2X1        1  5.0    85   111    4333    (-,-) 
  PC1/sub_150_48_Y_sub_128_48_Y_add_149_48_Y_add_127_48_g1325/Y -       B->Y  F     NAND2X1        3 13.1   159   170    4503    (-,-) 
  PC1/sub_150_48_Y_sub_128_48_Y_add_149_48_Y_add_127_48_g1321/Y -       B->Y  R     NAND2X1        1  7.8   118   150    4653    (-,-) 
  PC1/sub_150_48_Y_sub_128_48_Y_add_149_48_Y_add_127_48_g1319/Y -       B->Y  F     NAND2X2        3 15.9   110   146    4799    (-,-) 
  PC1/sub_150_48_Y_sub_128_48_Y_add_149_48_Y_add_127_48_g1315/Y -       B->Y  R     NAND2X2        1  7.8    77    97    4896    (-,-) 
  PC1/sub_150_48_Y_sub_128_48_Y_add_149_48_Y_add_127_48_g1314/Y -       B->Y  F     NAND2X2        4 17.2   117   131    5027    (-,-) 
  PC1/sub_150_48_Y_sub_128_48_Y_add_149_48_Y_add_127_48_g1309/Y -       B->Y  R     NAND2X1        1  7.8   111   133    5160    (-,-) 
  PC1/sub_150_48_Y_sub_128_48_Y_add_149_48_Y_add_127_48_g1308/Y -       B->Y  F     NAND2X2        2 11.7   100   124    5285    (-,-) 
  PC1/sub_150_48_Y_sub_128_48_Y_add_149_48_Y_add_127_48_g1304/Y -       B->Y  R     NAND2X2        2 11.7    95   108    5393    (-,-) 
  PC1/sub_150_48_Y_sub_128_48_Y_add_149_48_Y_add_127_48_g1299/Y -       B->Y  F     NOR2X2         1  7.5    49    75    5468    (-,-) 
  PC1/sub_150_48_Y_sub_128_48_Y_add_149_48_Y_add_127_48_g1294/Y -       B->Y  R     NOR2X2         2  8.9   135   123    5591    (-,-) 
  PC1/sub_150_48_Y_sub_128_48_Y_add_149_48_Y_add_127_48_g1289/Y -       B->Y  F     NOR2X1         3 12.8   122   142    5733    (-,-) 
  PC1/sub_150_48_Y_sub_128_48_Y_add_149_48_Y_add_127_48_g1282/Y -       B->Y  R     NAND2X1        1  7.8   111   136    5868    (-,-) 
  PC1/sub_150_48_Y_sub_128_48_Y_add_149_48_Y_add_127_48_g1278/Y -       B->Y  F     NAND2X2        5 21.0   143   163    6031    (-,-) 
  PC1/sub_150_48_Y_sub_128_48_Y_add_149_48_Y_add_127_48_g1268/Y -       C->Y  R     NAND3X1        1  7.8   123   149    6180    (-,-) 
  PC1/sub_150_48_Y_sub_128_48_Y_add_149_48_Y_add_127_48_g1265/Y -       B->Y  F     NAND2X2        4 17.0   123   153    6333    (-,-) 
  PC1/sub_150_48_Y_sub_128_48_Y_add_149_48_Y_add_127_48_g1259/Y -       B->Y  R     NAND2X1        1  7.8   111   136    6469    (-,-) 
  PC1/sub_150_48_Y_sub_128_48_Y_add_149_48_Y_add_127_48_g1254/Y -       B->Y  F     NAND2X2        3 13.1    95   130    6600    (-,-) 
  PC1/sub_150_48_Y_sub_128_48_Y_add_149_48_Y_add_127_48_g1249/Y -       B->Y  R     NAND2X1        1  7.8   110   123    6723    (-,-) 
  PC1/sub_150_48_Y_sub_128_48_Y_add_149_48_Y_add_127_48_g1244/Y -       B->Y  F     NAND2X2        3 15.9   112   142    6865    (-,-) 
  PC1/sub_150_48_Y_sub_128_48_Y_add_149_48_Y_add_127_48_g1242/Y -       B->Y  R     NAND2X2        1  7.8    77    98    6962    (-,-) 
  PC1/sub_150_48_Y_sub_128_48_Y_add_149_48_Y_add_127_48_g1240/Y -       B->Y  F     NAND2X2        3 15.9   112   126    7089    (-,-) 
  PC1/sub_150_48_Y_sub_128_48_Y_add_149_48_Y_add_127_48_g1238/Y -       B->Y  R     NAND2X1        1  5.0    89   110    7198    (-,-) 
  PC1/sub_150_48_Y_sub_128_48_Y_add_149_48_Y_add_127_48_g1236/Y -       B0->Y F     OAI21X1        1  4.8    94   127    7326    (-,-) 
  PC1/g45620__7410/Y                                            -       A1->Y R     AOI211X1       1  4.8   292   287    7613    (-,-) 
  PC1/g45607/Y                                                  -       A->Y  F     CLKINVX1       1  4.9    88   138    7751    (-,-) 
  PC1/g45579__9315/Y                                            -       B0->Y R     AOI21X1        1  5.0   172   176    7926    (-,-) 
  PC1/g45557__5477/Y                                            -       B->Y  F     NAND2X1        2  8.8   128   175    8102    (-,-) 
  PC1/g26607/Y                                                  -       A->Y  R     CLKINVX1       1  3.6    74    98    8200    (-,-) 
  PC1/g39898/Y                                                  -       B->Y  R     AND2X2        16 63.2   351   475    8674    (-,-) 
  PC1/g38653/Y                                                  -       A0->Y F     OAI21X1        1  3.6   108   206    8881    (-,-) 
  PC1/RF_reg[14][28]/D                                          -       -     F     DFFRX1         1    -     -     0    8881    (-,-) 
#--------------------------------------------------------------------------------------------------------------------------------------

