============================================================
  Generated by:           Genus(TM) Synthesis Solution 21.18-s082_1
  Generated on:           Jul 11 2026  04:43:52 pm
  Module:                 RISC_V3
  Operating conditions:   ss_1.62_125 
  Interconnect mode:      global
  Area mode:              physical library
============================================================


Path 1: MET (4 ps) Setup Check with Pin PC1/RF_reg[13][30]/CK->D
          Group: C2C
     Startpoint: (R) PC1/IR_reg[30]/CK
          Clock: (R) SYS_CLOCK
       Endpoint: (R) PC1/RF_reg[13][30]/D
          Clock: (R) SYS_CLOCK

                     Capture       Launch     
        Clock Edge:+   10000            0     
       Src Latency:+       0            0     
       Net Latency:+       0 (I)        0 (I) 
           Arrival:=   10000            0     
                                              
             Setup:-     256                  
     Required Time:=    9744                  
      Launch Clock:-       0                  
         Data Path:-    9741                  
             Slack:=       4                  

#------------------------------------------------------------------------------------------------
#     Timing Point       Flags   Arc   Edge   Cell     Fanout  Load Trans Delay Arrival Instance 
#                                                              (fF)  (ps)  (ps)   (ps)  Location 
#------------------------------------------------------------------------------------------------
  PC1/IR_reg[30]/CK      -       -     R     (arrival)    587     -     0     0       0    (-,-) 
  PC1/IR_reg[30]/Q       -       CK->Q F     DFFX1          3  12.3   102   491     491    (-,-) 
  PC1/g43941__4733/Y     -       A->Y  R     NOR2X2         2   8.3   130   160     651    (-,-) 
  PC1/g43922__8428/Y     -       B->Y  R     CLKAND2X2      2  16.7   106   224     875    (-,-) 
  PC1/g43628__2883/Y     -       A->Y  F     NAND2X4        7  29.1   112   140    1015    (-,-) 
  PC1/g43624__6161/Y     -       B->Y  R     NAND2X1        1   5.0    83   110    1125    (-,-) 
  PC1/g43363__5115/Y     -       B0->Y F     OAI21X1        2   8.8   136   159    1283    (-,-) 
  PC1/g43355/Y           -       A->Y  R     INVX1          3  12.9   153   175    1458    (-,-) 
  PC1/g43343__2398/Y     -       B->Y  F     NAND2X1        3  26.3   298   307    1765    (-,-) 
  PC1/g43310/Y           -       A->Y  R     CLKINVX2       2   9.1   123   147    1912    (-,-) 
  PC1/g43267__5115/Y     -       B->Y  F     NAND2X1        1  12.8   162   186    2099    (-,-) 
  PC1/g43193/Y           -       A->Y  R     CLKINVX4      32 128.6   347   324    2423    (-,-) 
  PC1/g42949__7098/Y     -       A1->Y F     AOI22X1        1   5.0   164   256    2678    (-,-) 
  PC1/g42706__2883/Y     -       B->Y  R     NAND2X1        1   7.4   125   148    2827    (-,-) 
  PC1/g42695__5122/Y     -       A->Y  F     NOR2X2         1  13.1    67   115    2942    (-,-) 
  PC1/g42616__5115/Y     -       B->Y  R     NAND2X4        9  37.3   122   120    3061    (-,-) 
  PC1/add_174_42_g1369/Y -       B->Y  F     NAND2X1        3  14.2   188   196    3258    (-,-) 
  PC1/add_174_42_g1237/Y -       A->Y  R     CLKINVX1       1   4.9   100   128    3385    (-,-) 
  PC1/add_174_42_g1236/Y -       A->Y  F     NAND2X1        1   5.0    84   115    3500    (-,-) 
  PC1/add_174_42_g1233/Y -       B->Y  R     NAND2X1        3  13.2   164   156    3656    (-,-) 
  PC1/add_174_42_g1226/Y -       B->Y  F     NAND2X1        1   7.8   117   163    3819    (-,-) 
  PC1/add_174_42_g1221/Y -       B->Y  R     NAND2X2        3  16.0   133   133    3952    (-,-) 
  PC1/add_174_42_g1219/Y -       B->Y  F     NAND2X2        1   7.8    75   116    4068    (-,-) 
  PC1/add_174_42_g1217/Y -       B->Y  R     NAND2X2        4  19.5   147   125    4193    (-,-) 
  PC1/g46347/Y           -       A1->Y F     AOI21X2        1   4.8    84   137    4330    (-,-) 
  PC1/g46346/Y           -       A->Y  R     CLKINVX1       3  13.2   150   152    4482    (-,-) 
  PC1/add_174_42_g1209/Y -       B->Y  F     NAND2X1        1   5.0    88   133    4615    (-,-) 
  PC1/add_174_42_g1206/Y -       B->Y  R     NAND2X1        3  16.0   198   178    4792    (-,-) 
  PC1/add_174_42_g1202/Y -       B->Y  F     NAND2X2        1   7.8    88   135    4928    (-,-) 
  PC1/add_174_42_g1201/Y -       B->Y  R     NAND2X2        5  21.0   153   137    5065    (-,-) 
  PC1/add_174_42_g1197/Y -       B->Y  F     NAND2X1        1   7.8   123   158    5223    (-,-) 
  PC1/add_174_42_g1196/Y -       B->Y  R     NAND2X2        4  17.1   122   140    5364    (-,-) 
  PC1/add_174_42_g1191/Y -       B->Y  F     NAND2X1        2   8.9   118   154    5518    (-,-) 
  PC1/add_174_42_g1190/Y -       A->Y  R     CLKINVX1       1   5.0    82   108    5625    (-,-) 
  PC1/add_174_42_g1186/Y -       B->Y  F     NAND2X1        1   5.0    96   104    5729    (-,-) 
  PC1/add_174_42_g1181/Y -       B->Y  R     NAND2X1        3  13.2   161   162    5891    (-,-) 
  PC1/add_174_42_g1177/Y -       B->Y  F     NAND2X1        2   9.0   127   172    6063    (-,-) 
  PC1/add_174_42_g1176/Y -       A->Y  R     INVX1          2   8.9   115   142    6205    (-,-) 
  PC1/add_174_42_g1170/Y -       B->Y  F     NAND2X1        1   7.7   122   141    6347    (-,-) 
  PC1/add_174_42_g1167/Y -       C->Y  R     NAND3X2        4  17.1   149   144    6490    (-,-) 
  PC1/add_174_42_g1162/Y -       B->Y  F     NAND2X1        2   9.0   124   167    6657    (-,-) 
  PC1/g46352/Y           -       A1->Y R     OAI21X1        4  17.1   421   374    7031    (-,-) 
  PC1/add_174_42_g1146/Y -       B->Y  F     NAND2X1        1   7.6   169   244    7275    (-,-) 
  PC1/g46345/Y           -       C0->Y R     OAI211X2       3  13.2   237   148    7424    (-,-) 
  PC1/add_174_42_g1137/Y -       B->Y  F     NAND2X1        1   7.8   133   192    7616    (-,-) 
  PC1/add_174_42_g1132/Y -       B->Y  R     NAND2X2        3  13.2   120   130    7746    (-,-) 
  PC1/add_174_42_g1131/Y -       B->Y  F     NAND2X1        1   7.8   108   144    7890    (-,-) 
  PC1/add_174_42_g1129/Y -       B->Y  R     NAND2X2        3  16.0   132   129    8019    (-,-) 
  PC1/add_174_42_g1126/Y -       B->Y  F     NAND2X2        1   5.0    62   100    8119    (-,-) 
  PC1/add_174_42_g1125/Y -       B->Y  R     NAND2X1        2   9.7   142   120    8239    (-,-) 
  PC1/add_174_42_g1123/Y -       B->Y  F     NAND2X1        1   7.8   112   154    8393    (-,-) 
  PC1/add_174_42_g1122/Y -       B->Y  R     NAND2X2        3  16.0   132   131    8524    (-,-) 
  PC1/add_174_42_g1120/Y -       B->Y  F     NAND2X1        1   5.0    84   126    8651    (-,-) 
  PC1/add_174_42_g1117/Y -       B0->Y R     OAI21X1        2   8.9   252   128    8779    (-,-) 
  PC1/g45797/Y           -       B->Y  F     NAND2X1        1   4.9   111   166    8945    (-,-) 
  PC1/g45531__5107/Y     -       B->Y  R     NAND3X1        2   8.8   136   151    9096    (-,-) 
  PC1/g26603/Y           -       A->Y  F     CLKINVX1       1   3.6    50    86    9182    (-,-) 
  PC1/g39894/Y           -       B->Y  F     AND2X2        16  63.2   205   342    9524    (-,-) 
  PC1/g38583/Y           -       A0->Y R     OAI21X1        1   3.6   214   217    9741    (-,-) 
  PC1/RF_reg[13][30]/D   -       -     R     DFFRX1         1     -     -     0    9741    (-,-) 
#------------------------------------------------------------------------------------------------



Path 2: MET (4 ps) Setup Check with Pin PC1/RF_reg[12][30]/CK->D
          Group: C2C
     Startpoint: (R) PC1/IR_reg[30]/CK
          Clock: (R) SYS_CLOCK
       Endpoint: (R) PC1/RF_reg[12][30]/D
          Clock: (R) SYS_CLOCK

                     Capture       Launch     
        Clock Edge:+   10000            0     
       Src Latency:+       0            0     
       Net Latency:+       0 (I)        0 (I) 
           Arrival:=   10000            0     
                                              
             Setup:-     256                  
     Required Time:=    9744                  
      Launch Clock:-       0                  
         Data Path:-    9741                  
             Slack:=       4                  

#------------------------------------------------------------------------------------------------
#     Timing Point       Flags   Arc   Edge   Cell     Fanout  Load Trans Delay Arrival Instance 
#                                                              (fF)  (ps)  (ps)   (ps)  Location 
#------------------------------------------------------------------------------------------------
  PC1/IR_reg[30]/CK      -       -     R     (arrival)    587     -     0     0       0    (-,-) 
  PC1/IR_reg[30]/Q       -       CK->Q F     DFFX1          3  12.3   102   491     491    (-,-) 
  PC1/g43941__4733/Y     -       A->Y  R     NOR2X2         2   8.3   130   160     651    (-,-) 
  PC1/g43922__8428/Y     -       B->Y  R     CLKAND2X2      2  16.7   106   224     875    (-,-) 
  PC1/g43628__2883/Y     -       A->Y  F     NAND2X4        7  29.1   112   140    1015    (-,-) 
  PC1/g43624__6161/Y     -       B->Y  R     NAND2X1        1   5.0    83   110    1125    (-,-) 
  PC1/g43363__5115/Y     -       B0->Y F     OAI21X1        2   8.8   136   159    1283    (-,-) 
  PC1/g43355/Y           -       A->Y  R     INVX1          3  12.9   153   175    1458    (-,-) 
  PC1/g43343__2398/Y     -       B->Y  F     NAND2X1        3  26.3   298   307    1765    (-,-) 
  PC1/g43310/Y           -       A->Y  R     CLKINVX2       2   9.1   123   147    1912    (-,-) 
  PC1/g43267__5115/Y     -       B->Y  F     NAND2X1        1  12.8   162   186    2099    (-,-) 
  PC1/g43193/Y           -       A->Y  R     CLKINVX4      32 128.6   347   324    2423    (-,-) 
  PC1/g42949__7098/Y     -       A1->Y F     AOI22X1        1   5.0   164   256    2678    (-,-) 
  PC1/g42706__2883/Y     -       B->Y  R     NAND2X1        1   7.4   125   148    2827    (-,-) 
  PC1/g42695__5122/Y     -       A->Y  F     NOR2X2         1  13.1    67   115    2942    (-,-) 
  PC1/g42616__5115/Y     -       B->Y  R     NAND2X4        9  37.3   122   120    3061    (-,-) 
  PC1/add_174_42_g1369/Y -       B->Y  F     NAND2X1        3  14.2   188   196    3258    (-,-) 
  PC1/add_174_42_g1237/Y -       A->Y  R     CLKINVX1       1   4.9   100   128    3385    (-,-) 
  PC1/add_174_42_g1236/Y -       A->Y  F     NAND2X1        1   5.0    84   115    3500    (-,-) 
  PC1/add_174_42_g1233/Y -       B->Y  R     NAND2X1        3  13.2   164   156    3656    (-,-) 
  PC1/add_174_42_g1226/Y -       B->Y  F     NAND2X1        1   7.8   117   163    3819    (-,-) 
  PC1/add_174_42_g1221/Y -       B->Y  R     NAND2X2        3  16.0   133   133    3952    (-,-) 
  PC1/add_174_42_g1219/Y -       B->Y  F     NAND2X2        1   7.8    75   116    4068    (-,-) 
  PC1/add_174_42_g1217/Y -       B->Y  R     NAND2X2        4  19.5   147   125    4193    (-,-) 
  PC1/g46347/Y           -       A1->Y F     AOI21X2        1   4.8    84   137    4330    (-,-) 
  PC1/g46346/Y           -       A->Y  R     CLKINVX1       3  13.2   150   152    4482    (-,-) 
  PC1/add_174_42_g1209/Y -       B->Y  F     NAND2X1        1   5.0    88   133    4615    (-,-) 
  PC1/add_174_42_g1206/Y -       B->Y  R     NAND2X1        3  16.0   198   178    4792    (-,-) 
  PC1/add_174_42_g1202/Y -       B->Y  F     NAND2X2        1   7.8    88   135    4928    (-,-) 
  PC1/add_174_42_g1201/Y -       B->Y  R     NAND2X2        5  21.0   153   137    5065    (-,-) 
  PC1/add_174_42_g1197/Y -       B->Y  F     NAND2X1        1   7.8   123   158    5223    (-,-) 
  PC1/add_174_42_g1196/Y -       B->Y  R     NAND2X2        4  17.1   122   140    5364    (-,-) 
  PC1/add_174_42_g1191/Y -       B->Y  F     NAND2X1        2   8.9   118   154    5518    (-,-) 
  PC1/add_174_42_g1190/Y -       A->Y  R     CLKINVX1       1   5.0    82   108    5625    (-,-) 
  PC1/add_174_42_g1186/Y -       B->Y  F     NAND2X1        1   5.0    96   104    5729    (-,-) 
  PC1/add_174_42_g1181/Y -       B->Y  R     NAND2X1        3  13.2   161   162    5891    (-,-) 
  PC1/add_174_42_g1177/Y -       B->Y  F     NAND2X1        2   9.0   127   172    6063    (-,-) 
  PC1/add_174_42_g1176/Y -       A->Y  R     INVX1          2   8.9   115   142    6205    (-,-) 
  PC1/add_174_42_g1170/Y -       B->Y  F     NAND2X1        1   7.7   122   141    6347    (-,-) 
  PC1/add_174_42_g1167/Y -       C->Y  R     NAND3X2        4  17.1   149   144    6490    (-,-) 
  PC1/add_174_42_g1162/Y -       B->Y  F     NAND2X1        2   9.0   124   167    6657    (-,-) 
  PC1/g46352/Y           -       A1->Y R     OAI21X1        4  17.1   421   374    7031    (-,-) 
  PC1/add_174_42_g1146/Y -       B->Y  F     NAND2X1        1   7.6   169   244    7275    (-,-) 
  PC1/g46345/Y           -       C0->Y R     OAI211X2       3  13.2   237   148    7424    (-,-) 
  PC1/add_174_42_g1137/Y -       B->Y  F     NAND2X1        1   7.8   133   192    7616    (-,-) 
  PC1/add_174_42_g1132/Y -       B->Y  R     NAND2X2        3  13.2   120   130    7746    (-,-) 
  PC1/add_174_42_g1131/Y -       B->Y  F     NAND2X1        1   7.8   108   144    7890    (-,-) 
  PC1/add_174_42_g1129/Y -       B->Y  R     NAND2X2        3  16.0   132   129    8019    (-,-) 
  PC1/add_174_42_g1126/Y -       B->Y  F     NAND2X2        1   5.0    62   100    8119    (-,-) 
  PC1/add_174_42_g1125/Y -       B->Y  R     NAND2X1        2   9.7   142   120    8239    (-,-) 
  PC1/add_174_42_g1123/Y -       B->Y  F     NAND2X1        1   7.8   112   154    8393    (-,-) 
  PC1/add_174_42_g1122/Y -       B->Y  R     NAND2X2        3  16.0   132   131    8524    (-,-) 
  PC1/add_174_42_g1120/Y -       B->Y  F     NAND2X1        1   5.0    84   126    8651    (-,-) 
  PC1/add_174_42_g1117/Y -       B0->Y R     OAI21X1        2   8.9   252   128    8779    (-,-) 
  PC1/g45797/Y           -       B->Y  F     NAND2X1        1   4.9   111   166    8945    (-,-) 
  PC1/g45531__5107/Y     -       B->Y  R     NAND3X1        2   8.8   136   151    9096    (-,-) 
  PC1/g26603/Y           -       A->Y  F     CLKINVX1       1   3.6    50    86    9182    (-,-) 
  PC1/g39894/Y           -       B->Y  F     AND2X2        16  63.2   205   342    9524    (-,-) 
  PC1/g38582/Y           -       A0->Y R     OAI21X1        1   3.6   214   217    9741    (-,-) 
  PC1/RF_reg[12][30]/D   -       -     R     DFFRX1         1     -     -     0    9741    (-,-) 
#------------------------------------------------------------------------------------------------



Path 3: MET (4 ps) Setup Check with Pin PC1/RF_reg[9][30]/CK->D
          Group: C2C
     Startpoint: (R) PC1/IR_reg[30]/CK
          Clock: (R) SYS_CLOCK
       Endpoint: (R) PC1/RF_reg[9][30]/D
          Clock: (R) SYS_CLOCK

                     Capture       Launch     
        Clock Edge:+   10000            0     
       Src Latency:+       0            0     
       Net Latency:+       0 (I)        0 (I) 
           Arrival:=   10000            0     
                                              
             Setup:-     256                  
     Required Time:=    9744                  
      Launch Clock:-       0                  
         Data Path:-    9741                  
             Slack:=       4                  

#------------------------------------------------------------------------------------------------
#     Timing Point       Flags   Arc   Edge   Cell     Fanout  Load Trans Delay Arrival Instance 
#                                                              (fF)  (ps)  (ps)   (ps)  Location 
#------------------------------------------------------------------------------------------------
  PC1/IR_reg[30]/CK      -       -     R     (arrival)    587     -     0     0       0    (-,-) 
  PC1/IR_reg[30]/Q       -       CK->Q F     DFFX1          3  12.3   102   491     491    (-,-) 
  PC1/g43941__4733/Y     -       A->Y  R     NOR2X2         2   8.3   130   160     651    (-,-) 
  PC1/g43922__8428/Y     -       B->Y  R     CLKAND2X2      2  16.7   106   224     875    (-,-) 
  PC1/g43628__2883/Y     -       A->Y  F     NAND2X4        7  29.1   112   140    1015    (-,-) 
  PC1/g43624__6161/Y     -       B->Y  R     NAND2X1        1   5.0    83   110    1125    (-,-) 
  PC1/g43363__5115/Y     -       B0->Y F     OAI21X1        2   8.8   136   159    1283    (-,-) 
  PC1/g43355/Y           -       A->Y  R     INVX1          3  12.9   153   175    1458    (-,-) 
  PC1/g43343__2398/Y     -       B->Y  F     NAND2X1        3  26.3   298   307    1765    (-,-) 
  PC1/g43310/Y           -       A->Y  R     CLKINVX2       2   9.1   123   147    1912    (-,-) 
  PC1/g43267__5115/Y     -       B->Y  F     NAND2X1        1  12.8   162   186    2099    (-,-) 
  PC1/g43193/Y           -       A->Y  R     CLKINVX4      32 128.6   347   324    2423    (-,-) 
  PC1/g42949__7098/Y     -       A1->Y F     AOI22X1        1   5.0   164   256    2678    (-,-) 
  PC1/g42706__2883/Y     -       B->Y  R     NAND2X1        1   7.4   125   148    2827    (-,-) 
  PC1/g42695__5122/Y     -       A->Y  F     NOR2X2         1  13.1    67   115    2942    (-,-) 
  PC1/g42616__5115/Y     -       B->Y  R     NAND2X4        9  37.3   122   120    3061    (-,-) 
  PC1/add_174_42_g1369/Y -       B->Y  F     NAND2X1        3  14.2   188   196    3258    (-,-) 
  PC1/add_174_42_g1237/Y -       A->Y  R     CLKINVX1       1   4.9   100   128    3385    (-,-) 
  PC1/add_174_42_g1236/Y -       A->Y  F     NAND2X1        1   5.0    84   115    3500    (-,-) 
  PC1/add_174_42_g1233/Y -       B->Y  R     NAND2X1        3  13.2   164   156    3656    (-,-) 
  PC1/add_174_42_g1226/Y -       B->Y  F     NAND2X1        1   7.8   117   163    3819    (-,-) 
  PC1/add_174_42_g1221/Y -       B->Y  R     NAND2X2        3  16.0   133   133    3952    (-,-) 
  PC1/add_174_42_g1219/Y -       B->Y  F     NAND2X2        1   7.8    75   116    4068    (-,-) 
  PC1/add_174_42_g1217/Y -       B->Y  R     NAND2X2        4  19.5   147   125    4193    (-,-) 
  PC1/g46347/Y           -       A1->Y F     AOI21X2        1   4.8    84   137    4330    (-,-) 
  PC1/g46346/Y           -       A->Y  R     CLKINVX1       3  13.2   150   152    4482    (-,-) 
  PC1/add_174_42_g1209/Y -       B->Y  F     NAND2X1        1   5.0    88   133    4615    (-,-) 
  PC1/add_174_42_g1206/Y -       B->Y  R     NAND2X1        3  16.0   198   178    4792    (-,-) 
  PC1/add_174_42_g1202/Y -       B->Y  F     NAND2X2        1   7.8    88   135    4928    (-,-) 
  PC1/add_174_42_g1201/Y -       B->Y  R     NAND2X2        5  21.0   153   137    5065    (-,-) 
  PC1/add_174_42_g1197/Y -       B->Y  F     NAND2X1        1   7.8   123   158    5223    (-,-) 
  PC1/add_174_42_g1196/Y -       B->Y  R     NAND2X2        4  17.1   122   140    5364    (-,-) 
  PC1/add_174_42_g1191/Y -       B->Y  F     NAND2X1        2   8.9   118   154    5518    (-,-) 
  PC1/add_174_42_g1190/Y -       A->Y  R     CLKINVX1       1   5.0    82   108    5625    (-,-) 
  PC1/add_174_42_g1186/Y -       B->Y  F     NAND2X1        1   5.0    96   104    5729    (-,-) 
  PC1/add_174_42_g1181/Y -       B->Y  R     NAND2X1        3  13.2   161   162    5891    (-,-) 
  PC1/add_174_42_g1177/Y -       B->Y  F     NAND2X1        2   9.0   127   172    6063    (-,-) 
  PC1/add_174_42_g1176/Y -       A->Y  R     INVX1          2   8.9   115   142    6205    (-,-) 
  PC1/add_174_42_g1170/Y -       B->Y  F     NAND2X1        1   7.7   122   141    6347    (-,-) 
  PC1/add_174_42_g1167/Y -       C->Y  R     NAND3X2        4  17.1   149   144    6490    (-,-) 
  PC1/add_174_42_g1162/Y -       B->Y  F     NAND2X1        2   9.0   124   167    6657    (-,-) 
  PC1/g46352/Y           -       A1->Y R     OAI21X1        4  17.1   421   374    7031    (-,-) 
  PC1/add_174_42_g1146/Y -       B->Y  F     NAND2X1        1   7.6   169   244    7275    (-,-) 
  PC1/g46345/Y           -       C0->Y R     OAI211X2       3  13.2   237   148    7424    (-,-) 
  PC1/add_174_42_g1137/Y -       B->Y  F     NAND2X1        1   7.8   133   192    7616    (-,-) 
  PC1/add_174_42_g1132/Y -       B->Y  R     NAND2X2        3  13.2   120   130    7746    (-,-) 
  PC1/add_174_42_g1131/Y -       B->Y  F     NAND2X1        1   7.8   108   144    7890    (-,-) 
  PC1/add_174_42_g1129/Y -       B->Y  R     NAND2X2        3  16.0   132   129    8019    (-,-) 
  PC1/add_174_42_g1126/Y -       B->Y  F     NAND2X2        1   5.0    62   100    8119    (-,-) 
  PC1/add_174_42_g1125/Y -       B->Y  R     NAND2X1        2   9.7   142   120    8239    (-,-) 
  PC1/add_174_42_g1123/Y -       B->Y  F     NAND2X1        1   7.8   112   154    8393    (-,-) 
  PC1/add_174_42_g1122/Y -       B->Y  R     NAND2X2        3  16.0   132   131    8524    (-,-) 
  PC1/add_174_42_g1120/Y -       B->Y  F     NAND2X1        1   5.0    84   126    8651    (-,-) 
  PC1/add_174_42_g1117/Y -       B0->Y R     OAI21X1        2   8.9   252   128    8779    (-,-) 
  PC1/g45797/Y           -       B->Y  F     NAND2X1        1   4.9   111   166    8945    (-,-) 
  PC1/g45531__5107/Y     -       B->Y  R     NAND3X1        2   8.8   136   151    9096    (-,-) 
  PC1/g26603/Y           -       A->Y  F     CLKINVX1       1   3.6    50    86    9182    (-,-) 
  PC1/g39894/Y           -       B->Y  F     AND2X2        16  63.2   205   342    9524    (-,-) 
  PC1/g38580/Y           -       A0->Y R     OAI21X1        1   3.6   214   217    9741    (-,-) 
  PC1/RF_reg[9][30]/D    -       -     R     DFFRX1         1     -     -     0    9741    (-,-) 
#------------------------------------------------------------------------------------------------



Path 4: MET (4 ps) Setup Check with Pin PC1/RF_reg[8][30]/CK->D
          Group: C2C
     Startpoint: (R) PC1/IR_reg[30]/CK
          Clock: (R) SYS_CLOCK
       Endpoint: (R) PC1/RF_reg[8][30]/D
          Clock: (R) SYS_CLOCK

                     Capture       Launch     
        Clock Edge:+   10000            0     
       Src Latency:+       0            0     
       Net Latency:+       0 (I)        0 (I) 
           Arrival:=   10000            0     
                                              
             Setup:-     256                  
     Required Time:=    9744                  
      Launch Clock:-       0                  
         Data Path:-    9741                  
             Slack:=       4                  

#------------------------------------------------------------------------------------------------
#     Timing Point       Flags   Arc   Edge   Cell     Fanout  Load Trans Delay Arrival Instance 
#                                                              (fF)  (ps)  (ps)   (ps)  Location 
#------------------------------------------------------------------------------------------------
  PC1/IR_reg[30]/CK      -       -     R     (arrival)    587     -     0     0       0    (-,-) 
  PC1/IR_reg[30]/Q       -       CK->Q F     DFFX1          3  12.3   102   491     491    (-,-) 
  PC1/g43941__4733/Y     -       A->Y  R     NOR2X2         2   8.3   130   160     651    (-,-) 
  PC1/g43922__8428/Y     -       B->Y  R     CLKAND2X2      2  16.7   106   224     875    (-,-) 
  PC1/g43628__2883/Y     -       A->Y  F     NAND2X4        7  29.1   112   140    1015    (-,-) 
  PC1/g43624__6161/Y     -       B->Y  R     NAND2X1        1   5.0    83   110    1125    (-,-) 
  PC1/g43363__5115/Y     -       B0->Y F     OAI21X1        2   8.8   136   159    1283    (-,-) 
  PC1/g43355/Y           -       A->Y  R     INVX1          3  12.9   153   175    1458    (-,-) 
  PC1/g43343__2398/Y     -       B->Y  F     NAND2X1        3  26.3   298   307    1765    (-,-) 
  PC1/g43310/Y           -       A->Y  R     CLKINVX2       2   9.1   123   147    1912    (-,-) 
  PC1/g43267__5115/Y     -       B->Y  F     NAND2X1        1  12.8   162   186    2099    (-,-) 
  PC1/g43193/Y           -       A->Y  R     CLKINVX4      32 128.6   347   324    2423    (-,-) 
  PC1/g42949__7098/Y     -       A1->Y F     AOI22X1        1   5.0   164   256    2678    (-,-) 
  PC1/g42706__2883/Y     -       B->Y  R     NAND2X1        1   7.4   125   148    2827    (-,-) 
  PC1/g42695__5122/Y     -       A->Y  F     NOR2X2         1  13.1    67   115    2942    (-,-) 
  PC1/g42616__5115/Y     -       B->Y  R     NAND2X4        9  37.3   122   120    3061    (-,-) 
  PC1/add_174_42_g1369/Y -       B->Y  F     NAND2X1        3  14.2   188   196    3258    (-,-) 
  PC1/add_174_42_g1237/Y -       A->Y  R     CLKINVX1       1   4.9   100   128    3385    (-,-) 
  PC1/add_174_42_g1236/Y -       A->Y  F     NAND2X1        1   5.0    84   115    3500    (-,-) 
  PC1/add_174_42_g1233/Y -       B->Y  R     NAND2X1        3  13.2   164   156    3656    (-,-) 
  PC1/add_174_42_g1226/Y -       B->Y  F     NAND2X1        1   7.8   117   163    3819    (-,-) 
  PC1/add_174_42_g1221/Y -       B->Y  R     NAND2X2        3  16.0   133   133    3952    (-,-) 
  PC1/add_174_42_g1219/Y -       B->Y  F     NAND2X2        1   7.8    75   116    4068    (-,-) 
  PC1/add_174_42_g1217/Y -       B->Y  R     NAND2X2        4  19.5   147   125    4193    (-,-) 
  PC1/g46347/Y           -       A1->Y F     AOI21X2        1   4.8    84   137    4330    (-,-) 
  PC1/g46346/Y           -       A->Y  R     CLKINVX1       3  13.2   150   152    4482    (-,-) 
  PC1/add_174_42_g1209/Y -       B->Y  F     NAND2X1        1   5.0    88   133    4615    (-,-) 
  PC1/add_174_42_g1206/Y -       B->Y  R     NAND2X1        3  16.0   198   178    4792    (-,-) 
  PC1/add_174_42_g1202/Y -       B->Y  F     NAND2X2        1   7.8    88   135    4928    (-,-) 
  PC1/add_174_42_g1201/Y -       B->Y  R     NAND2X2        5  21.0   153   137    5065    (-,-) 
  PC1/add_174_42_g1197/Y -       B->Y  F     NAND2X1        1   7.8   123   158    5223    (-,-) 
  PC1/add_174_42_g1196/Y -       B->Y  R     NAND2X2        4  17.1   122   140    5364    (-,-) 
  PC1/add_174_42_g1191/Y -       B->Y  F     NAND2X1        2   8.9   118   154    5518    (-,-) 
  PC1/add_174_42_g1190/Y -       A->Y  R     CLKINVX1       1   5.0    82   108    5625    (-,-) 
  PC1/add_174_42_g1186/Y -       B->Y  F     NAND2X1        1   5.0    96   104    5729    (-,-) 
  PC1/add_174_42_g1181/Y -       B->Y  R     NAND2X1        3  13.2   161   162    5891    (-,-) 
  PC1/add_174_42_g1177/Y -       B->Y  F     NAND2X1        2   9.0   127   172    6063    (-,-) 
  PC1/add_174_42_g1176/Y -       A->Y  R     INVX1          2   8.9   115   142    6205    (-,-) 
  PC1/add_174_42_g1170/Y -       B->Y  F     NAND2X1        1   7.7   122   141    6347    (-,-) 
  PC1/add_174_42_g1167/Y -       C->Y  R     NAND3X2        4  17.1   149   144    6490    (-,-) 
  PC1/add_174_42_g1162/Y -       B->Y  F     NAND2X1        2   9.0   124   167    6657    (-,-) 
  PC1/g46352/Y           -       A1->Y R     OAI21X1        4  17.1   421   374    7031    (-,-) 
  PC1/add_174_42_g1146/Y -       B->Y  F     NAND2X1        1   7.6   169   244    7275    (-,-) 
  PC1/g46345/Y           -       C0->Y R     OAI211X2       3  13.2   237   148    7424    (-,-) 
  PC1/add_174_42_g1137/Y -       B->Y  F     NAND2X1        1   7.8   133   192    7616    (-,-) 
  PC1/add_174_42_g1132/Y -       B->Y  R     NAND2X2        3  13.2   120   130    7746    (-,-) 
  PC1/add_174_42_g1131/Y -       B->Y  F     NAND2X1        1   7.8   108   144    7890    (-,-) 
  PC1/add_174_42_g1129/Y -       B->Y  R     NAND2X2        3  16.0   132   129    8019    (-,-) 
  PC1/add_174_42_g1126/Y -       B->Y  F     NAND2X2        1   5.0    62   100    8119    (-,-) 
  PC1/add_174_42_g1125/Y -       B->Y  R     NAND2X1        2   9.7   142   120    8239    (-,-) 
  PC1/add_174_42_g1123/Y -       B->Y  F     NAND2X1        1   7.8   112   154    8393    (-,-) 
  PC1/add_174_42_g1122/Y -       B->Y  R     NAND2X2        3  16.0   132   131    8524    (-,-) 
  PC1/add_174_42_g1120/Y -       B->Y  F     NAND2X1        1   5.0    84   126    8651    (-,-) 
  PC1/add_174_42_g1117/Y -       B0->Y R     OAI21X1        2   8.9   252   128    8779    (-,-) 
  PC1/g45797/Y           -       B->Y  F     NAND2X1        1   4.9   111   166    8945    (-,-) 
  PC1/g45531__5107/Y     -       B->Y  R     NAND3X1        2   8.8   136   151    9096    (-,-) 
  PC1/g26603/Y           -       A->Y  F     CLKINVX1       1   3.6    50    86    9182    (-,-) 
  PC1/g39894/Y           -       B->Y  F     AND2X2        16  63.2   205   342    9524    (-,-) 
  PC1/g38578/Y           -       A0->Y R     OAI21X1        1   3.6   214   217    9741    (-,-) 
  PC1/RF_reg[8][30]/D    -       -     R     DFFRX1         1     -     -     0    9741    (-,-) 
#------------------------------------------------------------------------------------------------



Path 5: MET (4 ps) Setup Check with Pin PC1/RF_reg[5][30]/CK->D
          Group: C2C
     Startpoint: (R) PC1/IR_reg[30]/CK
          Clock: (R) SYS_CLOCK
       Endpoint: (R) PC1/RF_reg[5][30]/D
          Clock: (R) SYS_CLOCK

                     Capture       Launch     
        Clock Edge:+   10000            0     
       Src Latency:+       0            0     
       Net Latency:+       0 (I)        0 (I) 
           Arrival:=   10000            0     
                                              
             Setup:-     256                  
     Required Time:=    9744                  
      Launch Clock:-       0                  
         Data Path:-    9741                  
             Slack:=       4                  

#------------------------------------------------------------------------------------------------
#     Timing Point       Flags   Arc   Edge   Cell     Fanout  Load Trans Delay Arrival Instance 
#                                                              (fF)  (ps)  (ps)   (ps)  Location 
#------------------------------------------------------------------------------------------------
  PC1/IR_reg[30]/CK      -       -     R     (arrival)    587     -     0     0       0    (-,-) 
  PC1/IR_reg[30]/Q       -       CK->Q F     DFFX1          3  12.3   102   491     491    (-,-) 
  PC1/g43941__4733/Y     -       A->Y  R     NOR2X2         2   8.3   130   160     651    (-,-) 
  PC1/g43922__8428/Y     -       B->Y  R     CLKAND2X2      2  16.7   106   224     875    (-,-) 
  PC1/g43628__2883/Y     -       A->Y  F     NAND2X4        7  29.1   112   140    1015    (-,-) 
  PC1/g43624__6161/Y     -       B->Y  R     NAND2X1        1   5.0    83   110    1125    (-,-) 
  PC1/g43363__5115/Y     -       B0->Y F     OAI21X1        2   8.8   136   159    1283    (-,-) 
  PC1/g43355/Y           -       A->Y  R     INVX1          3  12.9   153   175    1458    (-,-) 
  PC1/g43343__2398/Y     -       B->Y  F     NAND2X1        3  26.3   298   307    1765    (-,-) 
  PC1/g43310/Y           -       A->Y  R     CLKINVX2       2   9.1   123   147    1912    (-,-) 
  PC1/g43267__5115/Y     -       B->Y  F     NAND2X1        1  12.8   162   186    2099    (-,-) 
  PC1/g43193/Y           -       A->Y  R     CLKINVX4      32 128.6   347   324    2423    (-,-) 
  PC1/g42949__7098/Y     -       A1->Y F     AOI22X1        1   5.0   164   256    2678    (-,-) 
  PC1/g42706__2883/Y     -       B->Y  R     NAND2X1        1   7.4   125   148    2827    (-,-) 
  PC1/g42695__5122/Y     -       A->Y  F     NOR2X2         1  13.1    67   115    2942    (-,-) 
  PC1/g42616__5115/Y     -       B->Y  R     NAND2X4        9  37.3   122   120    3061    (-,-) 
  PC1/add_174_42_g1369/Y -       B->Y  F     NAND2X1        3  14.2   188   196    3258    (-,-) 
  PC1/add_174_42_g1237/Y -       A->Y  R     CLKINVX1       1   4.9   100   128    3385    (-,-) 
  PC1/add_174_42_g1236/Y -       A->Y  F     NAND2X1        1   5.0    84   115    3500    (-,-) 
  PC1/add_174_42_g1233/Y -       B->Y  R     NAND2X1        3  13.2   164   156    3656    (-,-) 
  PC1/add_174_42_g1226/Y -       B->Y  F     NAND2X1        1   7.8   117   163    3819    (-,-) 
  PC1/add_174_42_g1221/Y -       B->Y  R     NAND2X2        3  16.0   133   133    3952    (-,-) 
  PC1/add_174_42_g1219/Y -       B->Y  F     NAND2X2        1   7.8    75   116    4068    (-,-) 
  PC1/add_174_42_g1217/Y -       B->Y  R     NAND2X2        4  19.5   147   125    4193    (-,-) 
  PC1/g46347/Y           -       A1->Y F     AOI21X2        1   4.8    84   137    4330    (-,-) 
  PC1/g46346/Y           -       A->Y  R     CLKINVX1       3  13.2   150   152    4482    (-,-) 
  PC1/add_174_42_g1209/Y -       B->Y  F     NAND2X1        1   5.0    88   133    4615    (-,-) 
  PC1/add_174_42_g1206/Y -       B->Y  R     NAND2X1        3  16.0   198   178    4792    (-,-) 
  PC1/add_174_42_g1202/Y -       B->Y  F     NAND2X2        1   7.8    88   135    4928    (-,-) 
  PC1/add_174_42_g1201/Y -       B->Y  R     NAND2X2        5  21.0   153   137    5065    (-,-) 
  PC1/add_174_42_g1197/Y -       B->Y  F     NAND2X1        1   7.8   123   158    5223    (-,-) 
  PC1/add_174_42_g1196/Y -       B->Y  R     NAND2X2        4  17.1   122   140    5364    (-,-) 
  PC1/add_174_42_g1191/Y -       B->Y  F     NAND2X1        2   8.9   118   154    5518    (-,-) 
  PC1/add_174_42_g1190/Y -       A->Y  R     CLKINVX1       1   5.0    82   108    5625    (-,-) 
  PC1/add_174_42_g1186/Y -       B->Y  F     NAND2X1        1   5.0    96   104    5729    (-,-) 
  PC1/add_174_42_g1181/Y -       B->Y  R     NAND2X1        3  13.2   161   162    5891    (-,-) 
  PC1/add_174_42_g1177/Y -       B->Y  F     NAND2X1        2   9.0   127   172    6063    (-,-) 
  PC1/add_174_42_g1176/Y -       A->Y  R     INVX1          2   8.9   115   142    6205    (-,-) 
  PC1/add_174_42_g1170/Y -       B->Y  F     NAND2X1        1   7.7   122   141    6347    (-,-) 
  PC1/add_174_42_g1167/Y -       C->Y  R     NAND3X2        4  17.1   149   144    6490    (-,-) 
  PC1/add_174_42_g1162/Y -       B->Y  F     NAND2X1        2   9.0   124   167    6657    (-,-) 
  PC1/g46352/Y           -       A1->Y R     OAI21X1        4  17.1   421   374    7031    (-,-) 
  PC1/add_174_42_g1146/Y -       B->Y  F     NAND2X1        1   7.6   169   244    7275    (-,-) 
  PC1/g46345/Y           -       C0->Y R     OAI211X2       3  13.2   237   148    7424    (-,-) 
  PC1/add_174_42_g1137/Y -       B->Y  F     NAND2X1        1   7.8   133   192    7616    (-,-) 
  PC1/add_174_42_g1132/Y -       B->Y  R     NAND2X2        3  13.2   120   130    7746    (-,-) 
  PC1/add_174_42_g1131/Y -       B->Y  F     NAND2X1        1   7.8   108   144    7890    (-,-) 
  PC1/add_174_42_g1129/Y -       B->Y  R     NAND2X2        3  16.0   132   129    8019    (-,-) 
  PC1/add_174_42_g1126/Y -       B->Y  F     NAND2X2        1   5.0    62   100    8119    (-,-) 
  PC1/add_174_42_g1125/Y -       B->Y  R     NAND2X1        2   9.7   142   120    8239    (-,-) 
  PC1/add_174_42_g1123/Y -       B->Y  F     NAND2X1        1   7.8   112   154    8393    (-,-) 
  PC1/add_174_42_g1122/Y -       B->Y  R     NAND2X2        3  16.0   132   131    8524    (-,-) 
  PC1/add_174_42_g1120/Y -       B->Y  F     NAND2X1        1   5.0    84   126    8651    (-,-) 
  PC1/add_174_42_g1117/Y -       B0->Y R     OAI21X1        2   8.9   252   128    8779    (-,-) 
  PC1/g45797/Y           -       B->Y  F     NAND2X1        1   4.9   111   166    8945    (-,-) 
  PC1/g45531__5107/Y     -       B->Y  R     NAND3X1        2   8.8   136   151    9096    (-,-) 
  PC1/g26603/Y           -       A->Y  F     CLKINVX1       1   3.6    50    86    9182    (-,-) 
  PC1/g39894/Y           -       B->Y  F     AND2X2        16  63.2   205   342    9524    (-,-) 
  PC1/g38585/Y           -       A0->Y R     OAI21X1        1   3.6   214   217    9741    (-,-) 
  PC1/RF_reg[5][30]/D    -       -     R     DFFRX1         1     -     -     0    9741    (-,-) 
#------------------------------------------------------------------------------------------------



Path 6: MET (4 ps) Setup Check with Pin PC1/RF_reg[4][30]/CK->D
          Group: C2C
     Startpoint: (R) PC1/IR_reg[30]/CK
          Clock: (R) SYS_CLOCK
       Endpoint: (R) PC1/RF_reg[4][30]/D
          Clock: (R) SYS_CLOCK

                     Capture       Launch     
        Clock Edge:+   10000            0     
       Src Latency:+       0            0     
       Net Latency:+       0 (I)        0 (I) 
           Arrival:=   10000            0     
                                              
             Setup:-     256                  
     Required Time:=    9744                  
      Launch Clock:-       0                  
         Data Path:-    9741                  
             Slack:=       4                  

#------------------------------------------------------------------------------------------------
#     Timing Point       Flags   Arc   Edge   Cell     Fanout  Load Trans Delay Arrival Instance 
#                                                              (fF)  (ps)  (ps)   (ps)  Location 
#------------------------------------------------------------------------------------------------
  PC1/IR_reg[30]/CK      -       -     R     (arrival)    587     -     0     0       0    (-,-) 
  PC1/IR_reg[30]/Q       -       CK->Q F     DFFX1          3  12.3   102   491     491    (-,-) 
  PC1/g43941__4733/Y     -       A->Y  R     NOR2X2         2   8.3   130   160     651    (-,-) 
  PC1/g43922__8428/Y     -       B->Y  R     CLKAND2X2      2  16.7   106   224     875    (-,-) 
  PC1/g43628__2883/Y     -       A->Y  F     NAND2X4        7  29.1   112   140    1015    (-,-) 
  PC1/g43624__6161/Y     -       B->Y  R     NAND2X1        1   5.0    83   110    1125    (-,-) 
  PC1/g43363__5115/Y     -       B0->Y F     OAI21X1        2   8.8   136   159    1283    (-,-) 
  PC1/g43355/Y           -       A->Y  R     INVX1          3  12.9   153   175    1458    (-,-) 
  PC1/g43343__2398/Y     -       B->Y  F     NAND2X1        3  26.3   298   307    1765    (-,-) 
  PC1/g43310/Y           -       A->Y  R     CLKINVX2       2   9.1   123   147    1912    (-,-) 
  PC1/g43267__5115/Y     -       B->Y  F     NAND2X1        1  12.8   162   186    2099    (-,-) 
  PC1/g43193/Y           -       A->Y  R     CLKINVX4      32 128.6   347   324    2423    (-,-) 
  PC1/g42949__7098/Y     -       A1->Y F     AOI22X1        1   5.0   164   256    2678    (-,-) 
  PC1/g42706__2883/Y     -       B->Y  R     NAND2X1        1   7.4   125   148    2827    (-,-) 
  PC1/g42695__5122/Y     -       A->Y  F     NOR2X2         1  13.1    67   115    2942    (-,-) 
  PC1/g42616__5115/Y     -       B->Y  R     NAND2X4        9  37.3   122   120    3061    (-,-) 
  PC1/add_174_42_g1369/Y -       B->Y  F     NAND2X1        3  14.2   188   196    3258    (-,-) 
  PC1/add_174_42_g1237/Y -       A->Y  R     CLKINVX1       1   4.9   100   128    3385    (-,-) 
  PC1/add_174_42_g1236/Y -       A->Y  F     NAND2X1        1   5.0    84   115    3500    (-,-) 
  PC1/add_174_42_g1233/Y -       B->Y  R     NAND2X1        3  13.2   164   156    3656    (-,-) 
  PC1/add_174_42_g1226/Y -       B->Y  F     NAND2X1        1   7.8   117   163    3819    (-,-) 
  PC1/add_174_42_g1221/Y -       B->Y  R     NAND2X2        3  16.0   133   133    3952    (-,-) 
  PC1/add_174_42_g1219/Y -       B->Y  F     NAND2X2        1   7.8    75   116    4068    (-,-) 
  PC1/add_174_42_g1217/Y -       B->Y  R     NAND2X2        4  19.5   147   125    4193    (-,-) 
  PC1/g46347/Y           -       A1->Y F     AOI21X2        1   4.8    84   137    4330    (-,-) 
  PC1/g46346/Y           -       A->Y  R     CLKINVX1       3  13.2   150   152    4482    (-,-) 
  PC1/add_174_42_g1209/Y -       B->Y  F     NAND2X1        1   5.0    88   133    4615    (-,-) 
  PC1/add_174_42_g1206/Y -       B->Y  R     NAND2X1        3  16.0   198   178    4792    (-,-) 
  PC1/add_174_42_g1202/Y -       B->Y  F     NAND2X2        1   7.8    88   135    4928    (-,-) 
  PC1/add_174_42_g1201/Y -       B->Y  R     NAND2X2        5  21.0   153   137    5065    (-,-) 
  PC1/add_174_42_g1197/Y -       B->Y  F     NAND2X1        1   7.8   123   158    5223    (-,-) 
  PC1/add_174_42_g1196/Y -       B->Y  R     NAND2X2        4  17.1   122   140    5364    (-,-) 
  PC1/add_174_42_g1191/Y -       B->Y  F     NAND2X1        2   8.9   118   154    5518    (-,-) 
  PC1/add_174_42_g1190/Y -       A->Y  R     CLKINVX1       1   5.0    82   108    5625    (-,-) 
  PC1/add_174_42_g1186/Y -       B->Y  F     NAND2X1        1   5.0    96   104    5729    (-,-) 
  PC1/add_174_42_g1181/Y -       B->Y  R     NAND2X1        3  13.2   161   162    5891    (-,-) 
  PC1/add_174_42_g1177/Y -       B->Y  F     NAND2X1        2   9.0   127   172    6063    (-,-) 
  PC1/add_174_42_g1176/Y -       A->Y  R     INVX1          2   8.9   115   142    6205    (-,-) 
  PC1/add_174_42_g1170/Y -       B->Y  F     NAND2X1        1   7.7   122   141    6347    (-,-) 
  PC1/add_174_42_g1167/Y -       C->Y  R     NAND3X2        4  17.1   149   144    6490    (-,-) 
  PC1/add_174_42_g1162/Y -       B->Y  F     NAND2X1        2   9.0   124   167    6657    (-,-) 
  PC1/g46352/Y           -       A1->Y R     OAI21X1        4  17.1   421   374    7031    (-,-) 
  PC1/add_174_42_g1146/Y -       B->Y  F     NAND2X1        1   7.6   169   244    7275    (-,-) 
  PC1/g46345/Y           -       C0->Y R     OAI211X2       3  13.2   237   148    7424    (-,-) 
  PC1/add_174_42_g1137/Y -       B->Y  F     NAND2X1        1   7.8   133   192    7616    (-,-) 
  PC1/add_174_42_g1132/Y -       B->Y  R     NAND2X2        3  13.2   120   130    7746    (-,-) 
  PC1/add_174_42_g1131/Y -       B->Y  F     NAND2X1        1   7.8   108   144    7890    (-,-) 
  PC1/add_174_42_g1129/Y -       B->Y  R     NAND2X2        3  16.0   132   129    8019    (-,-) 
  PC1/add_174_42_g1126/Y -       B->Y  F     NAND2X2        1   5.0    62   100    8119    (-,-) 
  PC1/add_174_42_g1125/Y -       B->Y  R     NAND2X1        2   9.7   142   120    8239    (-,-) 
  PC1/add_174_42_g1123/Y -       B->Y  F     NAND2X1        1   7.8   112   154    8393    (-,-) 
  PC1/add_174_42_g1122/Y -       B->Y  R     NAND2X2        3  16.0   132   131    8524    (-,-) 
  PC1/add_174_42_g1120/Y -       B->Y  F     NAND2X1        1   5.0    84   126    8651    (-,-) 
  PC1/add_174_42_g1117/Y -       B0->Y R     OAI21X1        2   8.9   252   128    8779    (-,-) 
  PC1/g45797/Y           -       B->Y  F     NAND2X1        1   4.9   111   166    8945    (-,-) 
  PC1/g45531__5107/Y     -       B->Y  R     NAND3X1        2   8.8   136   151    9096    (-,-) 
  PC1/g26603/Y           -       A->Y  F     CLKINVX1       1   3.6    50    86    9182    (-,-) 
  PC1/g39894/Y           -       B->Y  F     AND2X2        16  63.2   205   342    9524    (-,-) 
  PC1/g38584/Y           -       A0->Y R     OAI21X1        1   3.6   214   217    9741    (-,-) 
  PC1/RF_reg[4][30]/D    -       -     R     DFFRX1         1     -     -     0    9741    (-,-) 
#------------------------------------------------------------------------------------------------



Path 7: MET (4 ps) Setup Check with Pin PC1/RF_reg[1][30]/CK->D
          Group: C2C
     Startpoint: (R) PC1/IR_reg[30]/CK
          Clock: (R) SYS_CLOCK
       Endpoint: (R) PC1/RF_reg[1][30]/D
          Clock: (R) SYS_CLOCK

                     Capture       Launch     
        Clock Edge:+   10000            0     
       Src Latency:+       0            0     
       Net Latency:+       0 (I)        0 (I) 
           Arrival:=   10000            0     
                                              
             Setup:-     256                  
     Required Time:=    9744                  
      Launch Clock:-       0                  
         Data Path:-    9741                  
             Slack:=       4                  

#------------------------------------------------------------------------------------------------
#     Timing Point       Flags   Arc   Edge   Cell     Fanout  Load Trans Delay Arrival Instance 
#                                                              (fF)  (ps)  (ps)   (ps)  Location 
#------------------------------------------------------------------------------------------------
  PC1/IR_reg[30]/CK      -       -     R     (arrival)    587     -     0     0       0    (-,-) 
  PC1/IR_reg[30]/Q       -       CK->Q F     DFFX1          3  12.3   102   491     491    (-,-) 
  PC1/g43941__4733/Y     -       A->Y  R     NOR2X2         2   8.3   130   160     651    (-,-) 
  PC1/g43922__8428/Y     -       B->Y  R     CLKAND2X2      2  16.7   106   224     875    (-,-) 
  PC1/g43628__2883/Y     -       A->Y  F     NAND2X4        7  29.1   112   140    1015    (-,-) 
  PC1/g43624__6161/Y     -       B->Y  R     NAND2X1        1   5.0    83   110    1125    (-,-) 
  PC1/g43363__5115/Y     -       B0->Y F     OAI21X1        2   8.8   136   159    1283    (-,-) 
  PC1/g43355/Y           -       A->Y  R     INVX1          3  12.9   153   175    1458    (-,-) 
  PC1/g43343__2398/Y     -       B->Y  F     NAND2X1        3  26.3   298   307    1765    (-,-) 
  PC1/g43310/Y           -       A->Y  R     CLKINVX2       2   9.1   123   147    1912    (-,-) 
  PC1/g43267__5115/Y     -       B->Y  F     NAND2X1        1  12.8   162   186    2099    (-,-) 
  PC1/g43193/Y           -       A->Y  R     CLKINVX4      32 128.6   347   324    2423    (-,-) 
  PC1/g42949__7098/Y     -       A1->Y F     AOI22X1        1   5.0   164   256    2678    (-,-) 
  PC1/g42706__2883/Y     -       B->Y  R     NAND2X1        1   7.4   125   148    2827    (-,-) 
  PC1/g42695__5122/Y     -       A->Y  F     NOR2X2         1  13.1    67   115    2942    (-,-) 
  PC1/g42616__5115/Y     -       B->Y  R     NAND2X4        9  37.3   122   120    3061    (-,-) 
  PC1/add_174_42_g1369/Y -       B->Y  F     NAND2X1        3  14.2   188   196    3258    (-,-) 
  PC1/add_174_42_g1237/Y -       A->Y  R     CLKINVX1       1   4.9   100   128    3385    (-,-) 
  PC1/add_174_42_g1236/Y -       A->Y  F     NAND2X1        1   5.0    84   115    3500    (-,-) 
  PC1/add_174_42_g1233/Y -       B->Y  R     NAND2X1        3  13.2   164   156    3656    (-,-) 
  PC1/add_174_42_g1226/Y -       B->Y  F     NAND2X1        1   7.8   117   163    3819    (-,-) 
  PC1/add_174_42_g1221/Y -       B->Y  R     NAND2X2        3  16.0   133   133    3952    (-,-) 
  PC1/add_174_42_g1219/Y -       B->Y  F     NAND2X2        1   7.8    75   116    4068    (-,-) 
  PC1/add_174_42_g1217/Y -       B->Y  R     NAND2X2        4  19.5   147   125    4193    (-,-) 
  PC1/g46347/Y           -       A1->Y F     AOI21X2        1   4.8    84   137    4330    (-,-) 
  PC1/g46346/Y           -       A->Y  R     CLKINVX1       3  13.2   150   152    4482    (-,-) 
  PC1/add_174_42_g1209/Y -       B->Y  F     NAND2X1        1   5.0    88   133    4615    (-,-) 
  PC1/add_174_42_g1206/Y -       B->Y  R     NAND2X1        3  16.0   198   178    4792    (-,-) 
  PC1/add_174_42_g1202/Y -       B->Y  F     NAND2X2        1   7.8    88   135    4928    (-,-) 
  PC1/add_174_42_g1201/Y -       B->Y  R     NAND2X2        5  21.0   153   137    5065    (-,-) 
  PC1/add_174_42_g1197/Y -       B->Y  F     NAND2X1        1   7.8   123   158    5223    (-,-) 
  PC1/add_174_42_g1196/Y -       B->Y  R     NAND2X2        4  17.1   122   140    5364    (-,-) 
  PC1/add_174_42_g1191/Y -       B->Y  F     NAND2X1        2   8.9   118   154    5518    (-,-) 
  PC1/add_174_42_g1190/Y -       A->Y  R     CLKINVX1       1   5.0    82   108    5625    (-,-) 
  PC1/add_174_42_g1186/Y -       B->Y  F     NAND2X1        1   5.0    96   104    5729    (-,-) 
  PC1/add_174_42_g1181/Y -       B->Y  R     NAND2X1        3  13.2   161   162    5891    (-,-) 
  PC1/add_174_42_g1177/Y -       B->Y  F     NAND2X1        2   9.0   127   172    6063    (-,-) 
  PC1/add_174_42_g1176/Y -       A->Y  R     INVX1          2   8.9   115   142    6205    (-,-) 
  PC1/add_174_42_g1170/Y -       B->Y  F     NAND2X1        1   7.7   122   141    6347    (-,-) 
  PC1/add_174_42_g1167/Y -       C->Y  R     NAND3X2        4  17.1   149   144    6490    (-,-) 
  PC1/add_174_42_g1162/Y -       B->Y  F     NAND2X1        2   9.0   124   167    6657    (-,-) 
  PC1/g46352/Y           -       A1->Y R     OAI21X1        4  17.1   421   374    7031    (-,-) 
  PC1/add_174_42_g1146/Y -       B->Y  F     NAND2X1        1   7.6   169   244    7275    (-,-) 
  PC1/g46345/Y           -       C0->Y R     OAI211X2       3  13.2   237   148    7424    (-,-) 
  PC1/add_174_42_g1137/Y -       B->Y  F     NAND2X1        1   7.8   133   192    7616    (-,-) 
  PC1/add_174_42_g1132/Y -       B->Y  R     NAND2X2        3  13.2   120   130    7746    (-,-) 
  PC1/add_174_42_g1131/Y -       B->Y  F     NAND2X1        1   7.8   108   144    7890    (-,-) 
  PC1/add_174_42_g1129/Y -       B->Y  R     NAND2X2        3  16.0   132   129    8019    (-,-) 
  PC1/add_174_42_g1126/Y -       B->Y  F     NAND2X2        1   5.0    62   100    8119    (-,-) 
  PC1/add_174_42_g1125/Y -       B->Y  R     NAND2X1        2   9.7   142   120    8239    (-,-) 
  PC1/add_174_42_g1123/Y -       B->Y  F     NAND2X1        1   7.8   112   154    8393    (-,-) 
  PC1/add_174_42_g1122/Y -       B->Y  R     NAND2X2        3  16.0   132   131    8524    (-,-) 
  PC1/add_174_42_g1120/Y -       B->Y  F     NAND2X1        1   5.0    84   126    8651    (-,-) 
  PC1/add_174_42_g1117/Y -       B0->Y R     OAI21X1        2   8.9   252   128    8779    (-,-) 
  PC1/g45797/Y           -       B->Y  F     NAND2X1        1   4.9   111   166    8945    (-,-) 
  PC1/g45531__5107/Y     -       B->Y  R     NAND3X1        2   8.8   136   151    9096    (-,-) 
  PC1/g26603/Y           -       A->Y  F     CLKINVX1       1   3.6    50    86    9182    (-,-) 
  PC1/g39894/Y           -       B->Y  F     AND2X2        16  63.2   205   342    9524    (-,-) 
  PC1/g38581/Y           -       A0->Y R     OAI21X1        1   3.6   214   217    9741    (-,-) 
  PC1/RF_reg[1][30]/D    -       -     R     DFFRX1         1     -     -     0    9741    (-,-) 
#------------------------------------------------------------------------------------------------



Path 8: MET (4 ps) Setup Check with Pin PC1/RF_reg[0][30]/CK->D
          Group: C2C
     Startpoint: (R) PC1/IR_reg[30]/CK
          Clock: (R) SYS_CLOCK
       Endpoint: (R) PC1/RF_reg[0][30]/D
          Clock: (R) SYS_CLOCK

                     Capture       Launch     
        Clock Edge:+   10000            0     
       Src Latency:+       0            0     
       Net Latency:+       0 (I)        0 (I) 
           Arrival:=   10000            0     
                                              
             Setup:-     256                  
     Required Time:=    9744                  
      Launch Clock:-       0                  
         Data Path:-    9741                  
             Slack:=       4                  

#------------------------------------------------------------------------------------------------
#     Timing Point       Flags   Arc   Edge   Cell     Fanout  Load Trans Delay Arrival Instance 
#                                                              (fF)  (ps)  (ps)   (ps)  Location 
#------------------------------------------------------------------------------------------------
  PC1/IR_reg[30]/CK      -       -     R     (arrival)    587     -     0     0       0    (-,-) 
  PC1/IR_reg[30]/Q       -       CK->Q F     DFFX1          3  12.3   102   491     491    (-,-) 
  PC1/g43941__4733/Y     -       A->Y  R     NOR2X2         2   8.3   130   160     651    (-,-) 
  PC1/g43922__8428/Y     -       B->Y  R     CLKAND2X2      2  16.7   106   224     875    (-,-) 
  PC1/g43628__2883/Y     -       A->Y  F     NAND2X4        7  29.1   112   140    1015    (-,-) 
  PC1/g43624__6161/Y     -       B->Y  R     NAND2X1        1   5.0    83   110    1125    (-,-) 
  PC1/g43363__5115/Y     -       B0->Y F     OAI21X1        2   8.8   136   159    1283    (-,-) 
  PC1/g43355/Y           -       A->Y  R     INVX1          3  12.9   153   175    1458    (-,-) 
  PC1/g43343__2398/Y     -       B->Y  F     NAND2X1        3  26.3   298   307    1765    (-,-) 
  PC1/g43310/Y           -       A->Y  R     CLKINVX2       2   9.1   123   147    1912    (-,-) 
  PC1/g43267__5115/Y     -       B->Y  F     NAND2X1        1  12.8   162   186    2099    (-,-) 
  PC1/g43193/Y           -       A->Y  R     CLKINVX4      32 128.6   347   324    2423    (-,-) 
  PC1/g42949__7098/Y     -       A1->Y F     AOI22X1        1   5.0   164   256    2678    (-,-) 
  PC1/g42706__2883/Y     -       B->Y  R     NAND2X1        1   7.4   125   148    2827    (-,-) 
  PC1/g42695__5122/Y     -       A->Y  F     NOR2X2         1  13.1    67   115    2942    (-,-) 
  PC1/g42616__5115/Y     -       B->Y  R     NAND2X4        9  37.3   122   120    3061    (-,-) 
  PC1/add_174_42_g1369/Y -       B->Y  F     NAND2X1        3  14.2   188   196    3258    (-,-) 
  PC1/add_174_42_g1237/Y -       A->Y  R     CLKINVX1       1   4.9   100   128    3385    (-,-) 
  PC1/add_174_42_g1236/Y -       A->Y  F     NAND2X1        1   5.0    84   115    3500    (-,-) 
  PC1/add_174_42_g1233/Y -       B->Y  R     NAND2X1        3  13.2   164   156    3656    (-,-) 
  PC1/add_174_42_g1226/Y -       B->Y  F     NAND2X1        1   7.8   117   163    3819    (-,-) 
  PC1/add_174_42_g1221/Y -       B->Y  R     NAND2X2        3  16.0   133   133    3952    (-,-) 
  PC1/add_174_42_g1219/Y -       B->Y  F     NAND2X2        1   7.8    75   116    4068    (-,-) 
  PC1/add_174_42_g1217/Y -       B->Y  R     NAND2X2        4  19.5   147   125    4193    (-,-) 
  PC1/g46347/Y           -       A1->Y F     AOI21X2        1   4.8    84   137    4330    (-,-) 
  PC1/g46346/Y           -       A->Y  R     CLKINVX1       3  13.2   150   152    4482    (-,-) 
  PC1/add_174_42_g1209/Y -       B->Y  F     NAND2X1        1   5.0    88   133    4615    (-,-) 
  PC1/add_174_42_g1206/Y -       B->Y  R     NAND2X1        3  16.0   198   178    4792    (-,-) 
  PC1/add_174_42_g1202/Y -       B->Y  F     NAND2X2        1   7.8    88   135    4928    (-,-) 
  PC1/add_174_42_g1201/Y -       B->Y  R     NAND2X2        5  21.0   153   137    5065    (-,-) 
  PC1/add_174_42_g1197/Y -       B->Y  F     NAND2X1        1   7.8   123   158    5223    (-,-) 
  PC1/add_174_42_g1196/Y -       B->Y  R     NAND2X2        4  17.1   122   140    5364    (-,-) 
  PC1/add_174_42_g1191/Y -       B->Y  F     NAND2X1        2   8.9   118   154    5518    (-,-) 
  PC1/add_174_42_g1190/Y -       A->Y  R     CLKINVX1       1   5.0    82   108    5625    (-,-) 
  PC1/add_174_42_g1186/Y -       B->Y  F     NAND2X1        1   5.0    96   104    5729    (-,-) 
  PC1/add_174_42_g1181/Y -       B->Y  R     NAND2X1        3  13.2   161   162    5891    (-,-) 
  PC1/add_174_42_g1177/Y -       B->Y  F     NAND2X1        2   9.0   127   172    6063    (-,-) 
  PC1/add_174_42_g1176/Y -       A->Y  R     INVX1          2   8.9   115   142    6205    (-,-) 
  PC1/add_174_42_g1170/Y -       B->Y  F     NAND2X1        1   7.7   122   141    6347    (-,-) 
  PC1/add_174_42_g1167/Y -       C->Y  R     NAND3X2        4  17.1   149   144    6490    (-,-) 
  PC1/add_174_42_g1162/Y -       B->Y  F     NAND2X1        2   9.0   124   167    6657    (-,-) 
  PC1/g46352/Y           -       A1->Y R     OAI21X1        4  17.1   421   374    7031    (-,-) 
  PC1/add_174_42_g1146/Y -       B->Y  F     NAND2X1        1   7.6   169   244    7275    (-,-) 
  PC1/g46345/Y           -       C0->Y R     OAI211X2       3  13.2   237   148    7424    (-,-) 
  PC1/add_174_42_g1137/Y -       B->Y  F     NAND2X1        1   7.8   133   192    7616    (-,-) 
  PC1/add_174_42_g1132/Y -       B->Y  R     NAND2X2        3  13.2   120   130    7746    (-,-) 
  PC1/add_174_42_g1131/Y -       B->Y  F     NAND2X1        1   7.8   108   144    7890    (-,-) 
  PC1/add_174_42_g1129/Y -       B->Y  R     NAND2X2        3  16.0   132   129    8019    (-,-) 
  PC1/add_174_42_g1126/Y -       B->Y  F     NAND2X2        1   5.0    62   100    8119    (-,-) 
  PC1/add_174_42_g1125/Y -       B->Y  R     NAND2X1        2   9.7   142   120    8239    (-,-) 
  PC1/add_174_42_g1123/Y -       B->Y  F     NAND2X1        1   7.8   112   154    8393    (-,-) 
  PC1/add_174_42_g1122/Y -       B->Y  R     NAND2X2        3  16.0   132   131    8524    (-,-) 
  PC1/add_174_42_g1120/Y -       B->Y  F     NAND2X1        1   5.0    84   126    8651    (-,-) 
  PC1/add_174_42_g1117/Y -       B0->Y R     OAI21X1        2   8.9   252   128    8779    (-,-) 
  PC1/g45797/Y           -       B->Y  F     NAND2X1        1   4.9   111   166    8945    (-,-) 
  PC1/g45531__5107/Y     -       B->Y  R     NAND3X1        2   8.8   136   151    9096    (-,-) 
  PC1/g26603/Y           -       A->Y  F     CLKINVX1       1   3.6    50    86    9182    (-,-) 
  PC1/g39894/Y           -       B->Y  F     AND2X2        16  63.2   205   342    9524    (-,-) 
  PC1/g38579/Y           -       A0->Y R     OAI21X1        1   3.6   214   217    9741    (-,-) 
  PC1/RF_reg[0][30]/D    -       -     R     DFFRX1         1     -     -     0    9741    (-,-) 
#------------------------------------------------------------------------------------------------



Path 9: MET (4 ps) Setup Check with Pin PC1/RF_reg[15][30]/CK->D
          Group: C2C
     Startpoint: (R) PC1/IR_reg[30]/CK
          Clock: (R) SYS_CLOCK
       Endpoint: (F) PC1/RF_reg[15][30]/D
          Clock: (R) SYS_CLOCK

                     Capture       Launch     
        Clock Edge:+   10000            0     
       Src Latency:+       0            0     
       Net Latency:+       0 (I)        0 (I) 
           Arrival:=   10000            0     
                                              
             Setup:-     177                  
     Required Time:=    9823                  
      Launch Clock:-       0                  
         Data Path:-    9819                  
             Slack:=       4                  

#--------------------------------------------------------------------------------------------------
#      Timing Point       Flags    Arc   Edge   Cell     Fanout  Load Trans Delay Arrival Instance 
#                                                                (fF)  (ps)  (ps)   (ps)  Location 
#--------------------------------------------------------------------------------------------------
  PC1/IR_reg[30]/CK       -       -      R     (arrival)    587     -     0     0       0    (-,-) 
  PC1/IR_reg[30]/Q        -       CK->Q  F     DFFX1          3  12.3   102   491     491    (-,-) 
  PC1/g43941__4733/Y      -       A->Y   R     NOR2X2         2   8.3   130   160     651    (-,-) 
  PC1/g43922__8428/Y      -       B->Y   R     CLKAND2X2      2  16.7   106   224     875    (-,-) 
  PC1/g43628__2883/Y      -       A->Y   F     NAND2X4        7  29.1   112   140    1015    (-,-) 
  PC1/g43624__6161/Y      -       B->Y   R     NAND2X1        1   5.0    83   110    1125    (-,-) 
  PC1/g43363__5115/Y      -       B0->Y  F     OAI21X1        2   8.8   136   159    1283    (-,-) 
  PC1/g43355/Y            -       A->Y   R     INVX1          3  12.9   153   175    1458    (-,-) 
  PC1/g43343__2398/Y      -       B->Y   F     NAND2X1        3  26.3   298   307    1765    (-,-) 
  PC1/g43310/Y            -       A->Y   R     CLKINVX2       2   9.1   123   147    1912    (-,-) 
  PC1/g43267__5115/Y      -       B->Y   F     NAND2X1        1  12.8   162   186    2099    (-,-) 
  PC1/g43193/Y            -       A->Y   R     CLKINVX4      32 128.6   347   324    2423    (-,-) 
  PC1/g42949__7098/Y      -       A1->Y  F     AOI22X1        1   5.0   164   256    2678    (-,-) 
  PC1/g42706__2883/Y      -       B->Y   R     NAND2X1        1   7.4   125   148    2827    (-,-) 
  PC1/g42695__5122/Y      -       A->Y   F     NOR2X2         1  13.1    67   115    2942    (-,-) 
  PC1/g42616__5115/Y      -       B->Y   R     NAND2X4        9  37.3   122   120    3061    (-,-) 
  PC1/sub_126_48_g1462/Y  -       B->Y   F     NAND2X1        2  10.8   164   170    3231    (-,-) 
  PC1/sub_126_48_g1335/CO -       CI->CO F     ADDFX1         2  10.3   131   445    3676    (-,-) 
  PC1/sub_126_48_g1334/Y  -       B->Y   R     NAND2X1        1   5.0    98   118    3794    (-,-) 
  PC1/sub_126_48_g1329/Y  -       B->Y   F     NAND2X1        2   7.8   120   134    3928    (-,-) 
  PC1/sub_126_48_g1327/Y  -       B->Y   R     NAND2X1        1   7.8   122   135    4063    (-,-) 
  PC1/sub_126_48_g1326/Y  -       B->Y   F     NAND2X2        3  14.4   106   141    4204    (-,-) 
  PC1/g46343/Y            -       C->Y   R     NAND3X2        1   5.0    76    87    4291    (-,-) 
  PC1/sub_126_48_g1323/Y  -       B->Y   F     NAND2X1        1   6.7   101   115    4406    (-,-) 
  PC1/sub_126_48_g1318/CO -       CI->CO F     ADDFX1         2   7.8   115   398    4804    (-,-) 
  PC1/sub_126_48_g1317/Y  -       B->Y   R     NAND2X1        1   7.8   121   132    4936    (-,-) 
  PC1/sub_126_48_g1316/Y  -       B->Y   F     NAND2X2        3  11.7    92   129    5065    (-,-) 
  PC1/sub_126_48_g1314/Y  -       C->Y   R     NAND3X1        2   9.0   157   134    5199    (-,-) 
  PC1/sub_126_48_g1310/Y  -       B->Y   F     NOR2X1         1   4.7    98   105    5304    (-,-) 
  PC1/sub_126_48_g1307/Y  -       A0->Y  R     AOI21X1        4  17.2   431   391    5695    (-,-) 
  PC1/sub_126_48_g1301/Y  -       B->Y   F     NOR2X1         2   8.7   137   212    5907    (-,-) 
  PC1/sub_126_48_g1294/Y  -       A0->Y  R     AOI21X1        3  15.8   402   385    6292    (-,-) 
  PC1/sub_126_48_g1289/Y  -       B->Y   F     NOR2X2         3  15.6   124   194    6485    (-,-) 
  PC1/g46342/Y            -       C->Y   R     NAND3X2        1   7.8   112   108    6593    (-,-) 
  PC1/sub_126_48_g1283/Y  -       B->Y   F     NAND2X2        4  15.6   120   142    6734    (-,-) 
  PC1/g46341/Y            -       D->Y   R     NAND4X1        1   7.8   158   143    6878    (-,-) 
  PC1/sub_126_48_g1270/Y  -       B->Y   F     NAND2X2        4  19.7   140   178    7056    (-,-) 
  PC1/g46340/Y            -       C->Y   R     NAND3X2        1   5.0    96    98    7154    (-,-) 
  PC1/sub_126_48_g1263/Y  -       B->Y   F     NAND2X1        2   9.0   124   143    7298    (-,-) 
  PC1/sub_126_48_g1255/Y  -       B->Y   R     NAND2X1        1   7.8   121   137    7434    (-,-) 
  PC1/sub_126_48_g1254/Y  -       B->Y   F     NAND2X2        3  15.9   113   147    7581    (-,-) 
  PC1/sub_126_48_g1251/Y  -       B->Y   R     NAND2X2        1   7.8    96    98    7679    (-,-) 
  PC1/sub_126_48_g1249/Y  -       B->Y   F     NAND2X2        3  15.9   115   135    7814    (-,-) 
  PC1/sub_126_48_g1246/Y  -       B->Y   R     NAND2X2        1   7.8    99    99    7913    (-,-) 
  PC1/sub_126_48_g1245/Y  -       B->Y   F     NAND2X2        3  15.9   114   136    8050    (-,-) 
  PC1/sub_126_48_g1242/Y  -       B->Y   R     NAND2X2        1   7.8    96    98    8148    (-,-) 
  PC1/sub_126_48_g1241/Y  -       B->Y   F     NAND2X2        3  13.1   100   123    8271    (-,-) 
  PC1/sub_126_48_g1239/Y  -       B->Y   R     NAND2X1        1   5.0    90   104    8376    (-,-) 
  PC1/sub_126_48_g1236/Y  -       B0->Y  F     OAI21X1        1   5.0    96   130    8505    (-,-) 
  PC1/g46013/Y            -       B->Y   R     NAND2X1        1   5.0   104   102    8608    (-,-) 
  PC1/g45578__6161/Y      -       B->Y   F     NAND2X1        1   5.0   101   114    8722    (-,-) 
  PC1/g45550__9315/Y      -       B->Y   R     NAND2X1        1   5.0   112   105    8826    (-,-) 
  PC1/g45531__5107/Y      -       C->Y   F     NAND3X1        2   8.8   188   192    9019    (-,-) 
  PC1/g26603/Y            -       A->Y   R     CLKINVX1       1   3.6    89   112    9131    (-,-) 
  PC1/g39894/Y            -       B->Y   R     AND2X2        16  63.2   351   482    9613    (-,-) 
  PC1/g38623/Y            -       A0->Y  F     OAI21X1        1   3.6   108   206    9819    (-,-) 
  PC1/RF_reg[15][30]/D    -       -      F     DFFRX1         1     -     -     0    9819    (-,-) 
#--------------------------------------------------------------------------------------------------



Path 10: MET (4 ps) Setup Check with Pin PC1/RF_reg[14][30]/CK->D
          Group: C2C
     Startpoint: (R) PC1/IR_reg[30]/CK
          Clock: (R) SYS_CLOCK
       Endpoint: (F) PC1/RF_reg[14][30]/D
          Clock: (R) SYS_CLOCK

                     Capture       Launch     
        Clock Edge:+   10000            0     
       Src Latency:+       0            0     
       Net Latency:+       0 (I)        0 (I) 
           Arrival:=   10000            0     
                                              
             Setup:-     177                  
     Required Time:=    9823                  
      Launch Clock:-       0                  
         Data Path:-    9819                  
             Slack:=       4                  

#--------------------------------------------------------------------------------------------------
#      Timing Point       Flags    Arc   Edge   Cell     Fanout  Load Trans Delay Arrival Instance 
#                                                                (fF)  (ps)  (ps)   (ps)  Location 
#--------------------------------------------------------------------------------------------------
  PC1/IR_reg[30]/CK       -       -      R     (arrival)    587     -     0     0       0    (-,-) 
  PC1/IR_reg[30]/Q        -       CK->Q  F     DFFX1          3  12.3   102   491     491    (-,-) 
  PC1/g43941__4733/Y      -       A->Y   R     NOR2X2         2   8.3   130   160     651    (-,-) 
  PC1/g43922__8428/Y      -       B->Y   R     CLKAND2X2      2  16.7   106   224     875    (-,-) 
  PC1/g43628__2883/Y      -       A->Y   F     NAND2X4        7  29.1   112   140    1015    (-,-) 
  PC1/g43624__6161/Y      -       B->Y   R     NAND2X1        1   5.0    83   110    1125    (-,-) 
  PC1/g43363__5115/Y      -       B0->Y  F     OAI21X1        2   8.8   136   159    1283    (-,-) 
  PC1/g43355/Y            -       A->Y   R     INVX1          3  12.9   153   175    1458    (-,-) 
  PC1/g43343__2398/Y      -       B->Y   F     NAND2X1        3  26.3   298   307    1765    (-,-) 
  PC1/g43310/Y            -       A->Y   R     CLKINVX2       2   9.1   123   147    1912    (-,-) 
  PC1/g43267__5115/Y      -       B->Y   F     NAND2X1        1  12.8   162   186    2099    (-,-) 
  PC1/g43193/Y            -       A->Y   R     CLKINVX4      32 128.6   347   324    2423    (-,-) 
  PC1/g42949__7098/Y      -       A1->Y  F     AOI22X1        1   5.0   164   256    2678    (-,-) 
  PC1/g42706__2883/Y      -       B->Y   R     NAND2X1        1   7.4   125   148    2827    (-,-) 
  PC1/g42695__5122/Y      -       A->Y   F     NOR2X2         1  13.1    67   115    2942    (-,-) 
  PC1/g42616__5115/Y      -       B->Y   R     NAND2X4        9  37.3   122   120    3061    (-,-) 
  PC1/sub_126_48_g1462/Y  -       B->Y   F     NAND2X1        2  10.8   164   170    3231    (-,-) 
  PC1/sub_126_48_g1335/CO -       CI->CO F     ADDFX1         2  10.3   131   445    3676    (-,-) 
  PC1/sub_126_48_g1334/Y  -       B->Y   R     NAND2X1        1   5.0    98   118    3794    (-,-) 
  PC1/sub_126_48_g1329/Y  -       B->Y   F     NAND2X1        2   7.8   120   134    3928    (-,-) 
  PC1/sub_126_48_g1327/Y  -       B->Y   R     NAND2X1        1   7.8   122   135    4063    (-,-) 
  PC1/sub_126_48_g1326/Y  -       B->Y   F     NAND2X2        3  14.4   106   141    4204    (-,-) 
  PC1/g46343/Y            -       C->Y   R     NAND3X2        1   5.0    76    87    4291    (-,-) 
  PC1/sub_126_48_g1323/Y  -       B->Y   F     NAND2X1        1   6.7   101   115    4406    (-,-) 
  PC1/sub_126_48_g1318/CO -       CI->CO F     ADDFX1         2   7.8   115   398    4804    (-,-) 
  PC1/sub_126_48_g1317/Y  -       B->Y   R     NAND2X1        1   7.8   121   132    4936    (-,-) 
  PC1/sub_126_48_g1316/Y  -       B->Y   F     NAND2X2        3  11.7    92   129    5065    (-,-) 
  PC1/sub_126_48_g1314/Y  -       C->Y   R     NAND3X1        2   9.0   157   134    5199    (-,-) 
  PC1/sub_126_48_g1310/Y  -       B->Y   F     NOR2X1         1   4.7    98   105    5304    (-,-) 
  PC1/sub_126_48_g1307/Y  -       A0->Y  R     AOI21X1        4  17.2   431   391    5695    (-,-) 
  PC1/sub_126_48_g1301/Y  -       B->Y   F     NOR2X1         2   8.7   137   212    5907    (-,-) 
  PC1/sub_126_48_g1294/Y  -       A0->Y  R     AOI21X1        3  15.8   402   385    6292    (-,-) 
  PC1/sub_126_48_g1289/Y  -       B->Y   F     NOR2X2         3  15.6   124   194    6485    (-,-) 
  PC1/g46342/Y            -       C->Y   R     NAND3X2        1   7.8   112   108    6593    (-,-) 
  PC1/sub_126_48_g1283/Y  -       B->Y   F     NAND2X2        4  15.6   120   142    6734    (-,-) 
  PC1/g46341/Y            -       D->Y   R     NAND4X1        1   7.8   158   143    6878    (-,-) 
  PC1/sub_126_48_g1270/Y  -       B->Y   F     NAND2X2        4  19.7   140   178    7056    (-,-) 
  PC1/g46340/Y            -       C->Y   R     NAND3X2        1   5.0    96    98    7154    (-,-) 
  PC1/sub_126_48_g1263/Y  -       B->Y   F     NAND2X1        2   9.0   124   143    7298    (-,-) 
  PC1/sub_126_48_g1255/Y  -       B->Y   R     NAND2X1        1   7.8   121   137    7434    (-,-) 
  PC1/sub_126_48_g1254/Y  -       B->Y   F     NAND2X2        3  15.9   113   147    7581    (-,-) 
  PC1/sub_126_48_g1251/Y  -       B->Y   R     NAND2X2        1   7.8    96    98    7679    (-,-) 
  PC1/sub_126_48_g1249/Y  -       B->Y   F     NAND2X2        3  15.9   115   135    7814    (-,-) 
  PC1/sub_126_48_g1246/Y  -       B->Y   R     NAND2X2        1   7.8    99    99    7913    (-,-) 
  PC1/sub_126_48_g1245/Y  -       B->Y   F     NAND2X2        3  15.9   114   136    8050    (-,-) 
  PC1/sub_126_48_g1242/Y  -       B->Y   R     NAND2X2        1   7.8    96    98    8148    (-,-) 
  PC1/sub_126_48_g1241/Y  -       B->Y   F     NAND2X2        3  13.1   100   123    8271    (-,-) 
  PC1/sub_126_48_g1239/Y  -       B->Y   R     NAND2X1        1   5.0    90   104    8376    (-,-) 
  PC1/sub_126_48_g1236/Y  -       B0->Y  F     OAI21X1        1   5.0    96   130    8505    (-,-) 
  PC1/g46013/Y            -       B->Y   R     NAND2X1        1   5.0   104   102    8608    (-,-) 
  PC1/g45578__6161/Y      -       B->Y   F     NAND2X1        1   5.0   101   114    8722    (-,-) 
  PC1/g45550__9315/Y      -       B->Y   R     NAND2X1        1   5.0   112   105    8826    (-,-) 
  PC1/g45531__5107/Y      -       C->Y   F     NAND3X1        2   8.8   188   192    9019    (-,-) 
  PC1/g26603/Y            -       A->Y   R     CLKINVX1       1   3.6    89   112    9131    (-,-) 
  PC1/g39894/Y            -       B->Y   R     AND2X2        16  63.2   351   482    9613    (-,-) 
  PC1/g38621/Y            -       A0->Y  F     OAI21X1        1   3.6   108   206    9819    (-,-) 
  PC1/RF_reg[14][30]/D    -       -      F     DFFRX1         1     -     -     0    9819    (-,-) 
#--------------------------------------------------------------------------------------------------



Path 11: MET (4 ps) Setup Check with Pin PC1/RF_reg[11][30]/CK->D
          Group: C2C
     Startpoint: (R) PC1/IR_reg[30]/CK
          Clock: (R) SYS_CLOCK
       Endpoint: (F) PC1/RF_reg[11][30]/D
          Clock: (R) SYS_CLOCK

                     Capture       Launch     
        Clock Edge:+   10000            0     
       Src Latency:+       0            0     
       Net Latency:+       0 (I)        0 (I) 
           Arrival:=   10000            0     
                                              
             Setup:-     177                  
     Required Time:=    9823                  
      Launch Clock:-       0                  
         Data Path:-    9819                  
             Slack:=       4                  

#--------------------------------------------------------------------------------------------------
#      Timing Point       Flags    Arc   Edge   Cell     Fanout  Load Trans Delay Arrival Instance 
#                                                                (fF)  (ps)  (ps)   (ps)  Location 
#--------------------------------------------------------------------------------------------------
  PC1/IR_reg[30]/CK       -       -      R     (arrival)    587     -     0     0       0    (-,-) 
  PC1/IR_reg[30]/Q        -       CK->Q  F     DFFX1          3  12.3   102   491     491    (-,-) 
  PC1/g43941__4733/Y      -       A->Y   R     NOR2X2         2   8.3   130   160     651    (-,-) 
  PC1/g43922__8428/Y      -       B->Y   R     CLKAND2X2      2  16.7   106   224     875    (-,-) 
  PC1/g43628__2883/Y      -       A->Y   F     NAND2X4        7  29.1   112   140    1015    (-,-) 
  PC1/g43624__6161/Y      -       B->Y   R     NAND2X1        1   5.0    83   110    1125    (-,-) 
  PC1/g43363__5115/Y      -       B0->Y  F     OAI21X1        2   8.8   136   159    1283    (-,-) 
  PC1/g43355/Y            -       A->Y   R     INVX1          3  12.9   153   175    1458    (-,-) 
  PC1/g43343__2398/Y      -       B->Y   F     NAND2X1        3  26.3   298   307    1765    (-,-) 
  PC1/g43310/Y            -       A->Y   R     CLKINVX2       2   9.1   123   147    1912    (-,-) 
  PC1/g43267__5115/Y      -       B->Y   F     NAND2X1        1  12.8   162   186    2099    (-,-) 
  PC1/g43193/Y            -       A->Y   R     CLKINVX4      32 128.6   347   324    2423    (-,-) 
  PC1/g42949__7098/Y      -       A1->Y  F     AOI22X1        1   5.0   164   256    2678    (-,-) 
  PC1/g42706__2883/Y      -       B->Y   R     NAND2X1        1   7.4   125   148    2827    (-,-) 
  PC1/g42695__5122/Y      -       A->Y   F     NOR2X2         1  13.1    67   115    2942    (-,-) 
  PC1/g42616__5115/Y      -       B->Y   R     NAND2X4        9  37.3   122   120    3061    (-,-) 
  PC1/sub_126_48_g1462/Y  -       B->Y   F     NAND2X1        2  10.8   164   170    3231    (-,-) 
  PC1/sub_126_48_g1335/CO -       CI->CO F     ADDFX1         2  10.3   131   445    3676    (-,-) 
  PC1/sub_126_48_g1334/Y  -       B->Y   R     NAND2X1        1   5.0    98   118    3794    (-,-) 
  PC1/sub_126_48_g1329/Y  -       B->Y   F     NAND2X1        2   7.8   120   134    3928    (-,-) 
  PC1/sub_126_48_g1327/Y  -       B->Y   R     NAND2X1        1   7.8   122   135    4063    (-,-) 
  PC1/sub_126_48_g1326/Y  -       B->Y   F     NAND2X2        3  14.4   106   141    4204    (-,-) 
  PC1/g46343/Y            -       C->Y   R     NAND3X2        1   5.0    76    87    4291    (-,-) 
  PC1/sub_126_48_g1323/Y  -       B->Y   F     NAND2X1        1   6.7   101   115    4406    (-,-) 
  PC1/sub_126_48_g1318/CO -       CI->CO F     ADDFX1         2   7.8   115   398    4804    (-,-) 
  PC1/sub_126_48_g1317/Y  -       B->Y   R     NAND2X1        1   7.8   121   132    4936    (-,-) 
  PC1/sub_126_48_g1316/Y  -       B->Y   F     NAND2X2        3  11.7    92   129    5065    (-,-) 
  PC1/sub_126_48_g1314/Y  -       C->Y   R     NAND3X1        2   9.0   157   134    5199    (-,-) 
  PC1/sub_126_48_g1310/Y  -       B->Y   F     NOR2X1         1   4.7    98   105    5304    (-,-) 
  PC1/sub_126_48_g1307/Y  -       A0->Y  R     AOI21X1        4  17.2   431   391    5695    (-,-) 
  PC1/sub_126_48_g1301/Y  -       B->Y   F     NOR2X1         2   8.7   137   212    5907    (-,-) 
  PC1/sub_126_48_g1294/Y  -       A0->Y  R     AOI21X1        3  15.8   402   385    6292    (-,-) 
  PC1/sub_126_48_g1289/Y  -       B->Y   F     NOR2X2         3  15.6   124   194    6485    (-,-) 
  PC1/g46342/Y            -       C->Y   R     NAND3X2        1   7.8   112   108    6593    (-,-) 
  PC1/sub_126_48_g1283/Y  -       B->Y   F     NAND2X2        4  15.6   120   142    6734    (-,-) 
  PC1/g46341/Y            -       D->Y   R     NAND4X1        1   7.8   158   143    6878    (-,-) 
  PC1/sub_126_48_g1270/Y  -       B->Y   F     NAND2X2        4  19.7   140   178    7056    (-,-) 
  PC1/g46340/Y            -       C->Y   R     NAND3X2        1   5.0    96    98    7154    (-,-) 
  PC1/sub_126_48_g1263/Y  -       B->Y   F     NAND2X1        2   9.0   124   143    7298    (-,-) 
  PC1/sub_126_48_g1255/Y  -       B->Y   R     NAND2X1        1   7.8   121   137    7434    (-,-) 
  PC1/sub_126_48_g1254/Y  -       B->Y   F     NAND2X2        3  15.9   113   147    7581    (-,-) 
  PC1/sub_126_48_g1251/Y  -       B->Y   R     NAND2X2        1   7.8    96    98    7679    (-,-) 
  PC1/sub_126_48_g1249/Y  -       B->Y   F     NAND2X2        3  15.9   115   135    7814    (-,-) 
  PC1/sub_126_48_g1246/Y  -       B->Y   R     NAND2X2        1   7.8    99    99    7913    (-,-) 
  PC1/sub_126_48_g1245/Y  -       B->Y   F     NAND2X2        3  15.9   114   136    8050    (-,-) 
  PC1/sub_126_48_g1242/Y  -       B->Y   R     NAND2X2        1   7.8    96    98    8148    (-,-) 
  PC1/sub_126_48_g1241/Y  -       B->Y   F     NAND2X2        3  13.1   100   123    8271    (-,-) 
  PC1/sub_126_48_g1239/Y  -       B->Y   R     NAND2X1        1   5.0    90   104    8376    (-,-) 
  PC1/sub_126_48_g1236/Y  -       B0->Y  F     OAI21X1        1   5.0    96   130    8505    (-,-) 
  PC1/g46013/Y            -       B->Y   R     NAND2X1        1   5.0   104   102    8608    (-,-) 
  PC1/g45578__6161/Y      -       B->Y   F     NAND2X1        1   5.0   101   114    8722    (-,-) 
  PC1/g45550__9315/Y      -       B->Y   R     NAND2X1        1   5.0   112   105    8826    (-,-) 
  PC1/g45531__5107/Y      -       C->Y   F     NAND3X1        2   8.8   188   192    9019    (-,-) 
  PC1/g26603/Y            -       A->Y   R     CLKINVX1       1   3.6    89   112    9131    (-,-) 
  PC1/g39894/Y            -       B->Y   R     AND2X2        16  63.2   351   482    9613    (-,-) 
  PC1/g38619/Y            -       A0->Y  F     OAI21X1        1   3.6   108   206    9819    (-,-) 
  PC1/RF_reg[11][30]/D    -       -      F     DFFRX1         1     -     -     0    9819    (-,-) 
#--------------------------------------------------------------------------------------------------



Path 12: MET (4 ps) Setup Check with Pin PC1/RF_reg[10][30]/CK->D
          Group: C2C
     Startpoint: (R) PC1/IR_reg[30]/CK
          Clock: (R) SYS_CLOCK
       Endpoint: (F) PC1/RF_reg[10][30]/D
          Clock: (R) SYS_CLOCK

                     Capture       Launch     
        Clock Edge:+   10000            0     
       Src Latency:+       0            0     
       Net Latency:+       0 (I)        0 (I) 
           Arrival:=   10000            0     
                                              
             Setup:-     177                  
     Required Time:=    9823                  
      Launch Clock:-       0                  
         Data Path:-    9819                  
             Slack:=       4                  

#--------------------------------------------------------------------------------------------------
#      Timing Point       Flags    Arc   Edge   Cell     Fanout  Load Trans Delay Arrival Instance 
#                                                                (fF)  (ps)  (ps)   (ps)  Location 
#--------------------------------------------------------------------------------------------------
  PC1/IR_reg[30]/CK       -       -      R     (arrival)    587     -     0     0       0    (-,-) 
  PC1/IR_reg[30]/Q        -       CK->Q  F     DFFX1          3  12.3   102   491     491    (-,-) 
  PC1/g43941__4733/Y      -       A->Y   R     NOR2X2         2   8.3   130   160     651    (-,-) 
  PC1/g43922__8428/Y      -       B->Y   R     CLKAND2X2      2  16.7   106   224     875    (-,-) 
  PC1/g43628__2883/Y      -       A->Y   F     NAND2X4        7  29.1   112   140    1015    (-,-) 
  PC1/g43624__6161/Y      -       B->Y   R     NAND2X1        1   5.0    83   110    1125    (-,-) 
  PC1/g43363__5115/Y      -       B0->Y  F     OAI21X1        2   8.8   136   159    1283    (-,-) 
  PC1/g43355/Y            -       A->Y   R     INVX1          3  12.9   153   175    1458    (-,-) 
  PC1/g43343__2398/Y      -       B->Y   F     NAND2X1        3  26.3   298   307    1765    (-,-) 
  PC1/g43310/Y            -       A->Y   R     CLKINVX2       2   9.1   123   147    1912    (-,-) 
  PC1/g43267__5115/Y      -       B->Y   F     NAND2X1        1  12.8   162   186    2099    (-,-) 
  PC1/g43193/Y            -       A->Y   R     CLKINVX4      32 128.6   347   324    2423    (-,-) 
  PC1/g42949__7098/Y      -       A1->Y  F     AOI22X1        1   5.0   164   256    2678    (-,-) 
  PC1/g42706__2883/Y      -       B->Y   R     NAND2X1        1   7.4   125   148    2827    (-,-) 
  PC1/g42695__5122/Y      -       A->Y   F     NOR2X2         1  13.1    67   115    2942    (-,-) 
  PC1/g42616__5115/Y      -       B->Y   R     NAND2X4        9  37.3   122   120    3061    (-,-) 
  PC1/sub_126_48_g1462/Y  -       B->Y   F     NAND2X1        2  10.8   164   170    3231    (-,-) 
  PC1/sub_126_48_g1335/CO -       CI->CO F     ADDFX1         2  10.3   131   445    3676    (-,-) 
  PC1/sub_126_48_g1334/Y  -       B->Y   R     NAND2X1        1   5.0    98   118    3794    (-,-) 
  PC1/sub_126_48_g1329/Y  -       B->Y   F     NAND2X1        2   7.8   120   134    3928    (-,-) 
  PC1/sub_126_48_g1327/Y  -       B->Y   R     NAND2X1        1   7.8   122   135    4063    (-,-) 
  PC1/sub_126_48_g1326/Y  -       B->Y   F     NAND2X2        3  14.4   106   141    4204    (-,-) 
  PC1/g46343/Y            -       C->Y   R     NAND3X2        1   5.0    76    87    4291    (-,-) 
  PC1/sub_126_48_g1323/Y  -       B->Y   F     NAND2X1        1   6.7   101   115    4406    (-,-) 
  PC1/sub_126_48_g1318/CO -       CI->CO F     ADDFX1         2   7.8   115   398    4804    (-,-) 
  PC1/sub_126_48_g1317/Y  -       B->Y   R     NAND2X1        1   7.8   121   132    4936    (-,-) 
  PC1/sub_126_48_g1316/Y  -       B->Y   F     NAND2X2        3  11.7    92   129    5065    (-,-) 
  PC1/sub_126_48_g1314/Y  -       C->Y   R     NAND3X1        2   9.0   157   134    5199    (-,-) 
  PC1/sub_126_48_g1310/Y  -       B->Y   F     NOR2X1         1   4.7    98   105    5304    (-,-) 
  PC1/sub_126_48_g1307/Y  -       A0->Y  R     AOI21X1        4  17.2   431   391    5695    (-,-) 
  PC1/sub_126_48_g1301/Y  -       B->Y   F     NOR2X1         2   8.7   137   212    5907    (-,-) 
  PC1/sub_126_48_g1294/Y  -       A0->Y  R     AOI21X1        3  15.8   402   385    6292    (-,-) 
  PC1/sub_126_48_g1289/Y  -       B->Y   F     NOR2X2         3  15.6   124   194    6485    (-,-) 
  PC1/g46342/Y            -       C->Y   R     NAND3X2        1   7.8   112   108    6593    (-,-) 
  PC1/sub_126_48_g1283/Y  -       B->Y   F     NAND2X2        4  15.6   120   142    6734    (-,-) 
  PC1/g46341/Y            -       D->Y   R     NAND4X1        1   7.8   158   143    6878    (-,-) 
  PC1/sub_126_48_g1270/Y  -       B->Y   F     NAND2X2        4  19.7   140   178    7056    (-,-) 
  PC1/g46340/Y            -       C->Y   R     NAND3X2        1   5.0    96    98    7154    (-,-) 
  PC1/sub_126_48_g1263/Y  -       B->Y   F     NAND2X1        2   9.0   124   143    7298    (-,-) 
  PC1/sub_126_48_g1255/Y  -       B->Y   R     NAND2X1        1   7.8   121   137    7434    (-,-) 
  PC1/sub_126_48_g1254/Y  -       B->Y   F     NAND2X2        3  15.9   113   147    7581    (-,-) 
  PC1/sub_126_48_g1251/Y  -       B->Y   R     NAND2X2        1   7.8    96    98    7679    (-,-) 
  PC1/sub_126_48_g1249/Y  -       B->Y   F     NAND2X2        3  15.9   115   135    7814    (-,-) 
  PC1/sub_126_48_g1246/Y  -       B->Y   R     NAND2X2        1   7.8    99    99    7913    (-,-) 
  PC1/sub_126_48_g1245/Y  -       B->Y   F     NAND2X2        3  15.9   114   136    8050    (-,-) 
  PC1/sub_126_48_g1242/Y  -       B->Y   R     NAND2X2        1   7.8    96    98    8148    (-,-) 
  PC1/sub_126_48_g1241/Y  -       B->Y   F     NAND2X2        3  13.1   100   123    8271    (-,-) 
  PC1/sub_126_48_g1239/Y  -       B->Y   R     NAND2X1        1   5.0    90   104    8376    (-,-) 
  PC1/sub_126_48_g1236/Y  -       B0->Y  F     OAI21X1        1   5.0    96   130    8505    (-,-) 
  PC1/g46013/Y            -       B->Y   R     NAND2X1        1   5.0   104   102    8608    (-,-) 
  PC1/g45578__6161/Y      -       B->Y   F     NAND2X1        1   5.0   101   114    8722    (-,-) 
  PC1/g45550__9315/Y      -       B->Y   R     NAND2X1        1   5.0   112   105    8826    (-,-) 
  PC1/g45531__5107/Y      -       C->Y   F     NAND3X1        2   8.8   188   192    9019    (-,-) 
  PC1/g26603/Y            -       A->Y   R     CLKINVX1       1   3.6    89   112    9131    (-,-) 
  PC1/g39894/Y            -       B->Y   R     AND2X2        16  63.2   351   482    9613    (-,-) 
  PC1/g38618/Y            -       A0->Y  F     OAI21X1        1   3.6   108   206    9819    (-,-) 
  PC1/RF_reg[10][30]/D    -       -      F     DFFRX1         1     -     -     0    9819    (-,-) 
#--------------------------------------------------------------------------------------------------



Path 13: MET (4 ps) Setup Check with Pin PC1/RF_reg[7][30]/CK->D
          Group: C2C
     Startpoint: (R) PC1/IR_reg[30]/CK
          Clock: (R) SYS_CLOCK
       Endpoint: (F) PC1/RF_reg[7][30]/D
          Clock: (R) SYS_CLOCK

                     Capture       Launch     
        Clock Edge:+   10000            0     
       Src Latency:+       0            0     
       Net Latency:+       0 (I)        0 (I) 
           Arrival:=   10000            0     
                                              
             Setup:-     177                  
     Required Time:=    9823                  
      Launch Clock:-       0                  
         Data Path:-    9819                  
             Slack:=       4                  

#--------------------------------------------------------------------------------------------------
#      Timing Point       Flags    Arc   Edge   Cell     Fanout  Load Trans Delay Arrival Instance 
#                                                                (fF)  (ps)  (ps)   (ps)  Location 
#--------------------------------------------------------------------------------------------------
  PC1/IR_reg[30]/CK       -       -      R     (arrival)    587     -     0     0       0    (-,-) 
  PC1/IR_reg[30]/Q        -       CK->Q  F     DFFX1          3  12.3   102   491     491    (-,-) 
  PC1/g43941__4733/Y      -       A->Y   R     NOR2X2         2   8.3   130   160     651    (-,-) 
  PC1/g43922__8428/Y      -       B->Y   R     CLKAND2X2      2  16.7   106   224     875    (-,-) 
  PC1/g43628__2883/Y      -       A->Y   F     NAND2X4        7  29.1   112   140    1015    (-,-) 
  PC1/g43624__6161/Y      -       B->Y   R     NAND2X1        1   5.0    83   110    1125    (-,-) 
  PC1/g43363__5115/Y      -       B0->Y  F     OAI21X1        2   8.8   136   159    1283    (-,-) 
  PC1/g43355/Y            -       A->Y   R     INVX1          3  12.9   153   175    1458    (-,-) 
  PC1/g43343__2398/Y      -       B->Y   F     NAND2X1        3  26.3   298   307    1765    (-,-) 
  PC1/g43310/Y            -       A->Y   R     CLKINVX2       2   9.1   123   147    1912    (-,-) 
  PC1/g43267__5115/Y      -       B->Y   F     NAND2X1        1  12.8   162   186    2099    (-,-) 
  PC1/g43193/Y            -       A->Y   R     CLKINVX4      32 128.6   347   324    2423    (-,-) 
  PC1/g42949__7098/Y      -       A1->Y  F     AOI22X1        1   5.0   164   256    2678    (-,-) 
  PC1/g42706__2883/Y      -       B->Y   R     NAND2X1        1   7.4   125   148    2827    (-,-) 
  PC1/g42695__5122/Y      -       A->Y   F     NOR2X2         1  13.1    67   115    2942    (-,-) 
  PC1/g42616__5115/Y      -       B->Y   R     NAND2X4        9  37.3   122   120    3061    (-,-) 
  PC1/sub_126_48_g1462/Y  -       B->Y   F     NAND2X1        2  10.8   164   170    3231    (-,-) 
  PC1/sub_126_48_g1335/CO -       CI->CO F     ADDFX1         2  10.3   131   445    3676    (-,-) 
  PC1/sub_126_48_g1334/Y  -       B->Y   R     NAND2X1        1   5.0    98   118    3794    (-,-) 
  PC1/sub_126_48_g1329/Y  -       B->Y   F     NAND2X1        2   7.8   120   134    3928    (-,-) 
  PC1/sub_126_48_g1327/Y  -       B->Y   R     NAND2X1        1   7.8   122   135    4063    (-,-) 
  PC1/sub_126_48_g1326/Y  -       B->Y   F     NAND2X2        3  14.4   106   141    4204    (-,-) 
  PC1/g46343/Y            -       C->Y   R     NAND3X2        1   5.0    76    87    4291    (-,-) 
  PC1/sub_126_48_g1323/Y  -       B->Y   F     NAND2X1        1   6.7   101   115    4406    (-,-) 
  PC1/sub_126_48_g1318/CO -       CI->CO F     ADDFX1         2   7.8   115   398    4804    (-,-) 
  PC1/sub_126_48_g1317/Y  -       B->Y   R     NAND2X1        1   7.8   121   132    4936    (-,-) 
  PC1/sub_126_48_g1316/Y  -       B->Y   F     NAND2X2        3  11.7    92   129    5065    (-,-) 
  PC1/sub_126_48_g1314/Y  -       C->Y   R     NAND3X1        2   9.0   157   134    5199    (-,-) 
  PC1/sub_126_48_g1310/Y  -       B->Y   F     NOR2X1         1   4.7    98   105    5304    (-,-) 
  PC1/sub_126_48_g1307/Y  -       A0->Y  R     AOI21X1        4  17.2   431   391    5695    (-,-) 
  PC1/sub_126_48_g1301/Y  -       B->Y   F     NOR2X1         2   8.7   137   212    5907    (-,-) 
  PC1/sub_126_48_g1294/Y  -       A0->Y  R     AOI21X1        3  15.8   402   385    6292    (-,-) 
  PC1/sub_126_48_g1289/Y  -       B->Y   F     NOR2X2         3  15.6   124   194    6485    (-,-) 
  PC1/g46342/Y            -       C->Y   R     NAND3X2        1   7.8   112   108    6593    (-,-) 
  PC1/sub_126_48_g1283/Y  -       B->Y   F     NAND2X2        4  15.6   120   142    6734    (-,-) 
  PC1/g46341/Y            -       D->Y   R     NAND4X1        1   7.8   158   143    6878    (-,-) 
  PC1/sub_126_48_g1270/Y  -       B->Y   F     NAND2X2        4  19.7   140   178    7056    (-,-) 
  PC1/g46340/Y            -       C->Y   R     NAND3X2        1   5.0    96    98    7154    (-,-) 
  PC1/sub_126_48_g1263/Y  -       B->Y   F     NAND2X1        2   9.0   124   143    7298    (-,-) 
  PC1/sub_126_48_g1255/Y  -       B->Y   R     NAND2X1        1   7.8   121   137    7434    (-,-) 
  PC1/sub_126_48_g1254/Y  -       B->Y   F     NAND2X2        3  15.9   113   147    7581    (-,-) 
  PC1/sub_126_48_g1251/Y  -       B->Y   R     NAND2X2        1   7.8    96    98    7679    (-,-) 
  PC1/sub_126_48_g1249/Y  -       B->Y   F     NAND2X2        3  15.9   115   135    7814    (-,-) 
  PC1/sub_126_48_g1246/Y  -       B->Y   R     NAND2X2        1   7.8    99    99    7913    (-,-) 
  PC1/sub_126_48_g1245/Y  -       B->Y   F     NAND2X2        3  15.9   114   136    8050    (-,-) 
  PC1/sub_126_48_g1242/Y  -       B->Y   R     NAND2X2        1   7.8    96    98    8148    (-,-) 
  PC1/sub_126_48_g1241/Y  -       B->Y   F     NAND2X2        3  13.1   100   123    8271    (-,-) 
  PC1/sub_126_48_g1239/Y  -       B->Y   R     NAND2X1        1   5.0    90   104    8376    (-,-) 
  PC1/sub_126_48_g1236/Y  -       B0->Y  F     OAI21X1        1   5.0    96   130    8505    (-,-) 
  PC1/g46013/Y            -       B->Y   R     NAND2X1        1   5.0   104   102    8608    (-,-) 
  PC1/g45578__6161/Y      -       B->Y   F     NAND2X1        1   5.0   101   114    8722    (-,-) 
  PC1/g45550__9315/Y      -       B->Y   R     NAND2X1        1   5.0   112   105    8826    (-,-) 
  PC1/g45531__5107/Y      -       C->Y   F     NAND3X1        2   8.8   188   192    9019    (-,-) 
  PC1/g26603/Y            -       A->Y   R     CLKINVX1       1   3.6    89   112    9131    (-,-) 
  PC1/g39894/Y            -       B->Y   R     AND2X2        16  63.2   351   482    9613    (-,-) 
  PC1/g38625/Y            -       A0->Y  F     OAI21X1        1   3.6   108   206    9819    (-,-) 
  PC1/RF_reg[7][30]/D     -       -      F     DFFRX1         1     -     -     0    9819    (-,-) 
#--------------------------------------------------------------------------------------------------



Path 14: MET (4 ps) Setup Check with Pin PC1/RF_reg[6][30]/CK->D
          Group: C2C
     Startpoint: (R) PC1/IR_reg[30]/CK
          Clock: (R) SYS_CLOCK
       Endpoint: (F) PC1/RF_reg[6][30]/D
          Clock: (R) SYS_CLOCK

                     Capture       Launch     
        Clock Edge:+   10000            0     
       Src Latency:+       0            0     
       Net Latency:+       0 (I)        0 (I) 
           Arrival:=   10000            0     
                                              
             Setup:-     177                  
     Required Time:=    9823                  
      Launch Clock:-       0                  
         Data Path:-    9819                  
             Slack:=       4                  

#--------------------------------------------------------------------------------------------------
#      Timing Point       Flags    Arc   Edge   Cell     Fanout  Load Trans Delay Arrival Instance 
#                                                                (fF)  (ps)  (ps)   (ps)  Location 
#--------------------------------------------------------------------------------------------------
  PC1/IR_reg[30]/CK       -       -      R     (arrival)    587     -     0     0       0    (-,-) 
  PC1/IR_reg[30]/Q        -       CK->Q  F     DFFX1          3  12.3   102   491     491    (-,-) 
  PC1/g43941__4733/Y      -       A->Y   R     NOR2X2         2   8.3   130   160     651    (-,-) 
  PC1/g43922__8428/Y      -       B->Y   R     CLKAND2X2      2  16.7   106   224     875    (-,-) 
  PC1/g43628__2883/Y      -       A->Y   F     NAND2X4        7  29.1   112   140    1015    (-,-) 
  PC1/g43624__6161/Y      -       B->Y   R     NAND2X1        1   5.0    83   110    1125    (-,-) 
  PC1/g43363__5115/Y      -       B0->Y  F     OAI21X1        2   8.8   136   159    1283    (-,-) 
  PC1/g43355/Y            -       A->Y   R     INVX1          3  12.9   153   175    1458    (-,-) 
  PC1/g43343__2398/Y      -       B->Y   F     NAND2X1        3  26.3   298   307    1765    (-,-) 
  PC1/g43310/Y            -       A->Y   R     CLKINVX2       2   9.1   123   147    1912    (-,-) 
  PC1/g43267__5115/Y      -       B->Y   F     NAND2X1        1  12.8   162   186    2099    (-,-) 
  PC1/g43193/Y            -       A->Y   R     CLKINVX4      32 128.6   347   324    2423    (-,-) 
  PC1/g42949__7098/Y      -       A1->Y  F     AOI22X1        1   5.0   164   256    2678    (-,-) 
  PC1/g42706__2883/Y      -       B->Y   R     NAND2X1        1   7.4   125   148    2827    (-,-) 
  PC1/g42695__5122/Y      -       A->Y   F     NOR2X2         1  13.1    67   115    2942    (-,-) 
  PC1/g42616__5115/Y      -       B->Y   R     NAND2X4        9  37.3   122   120    3061    (-,-) 
  PC1/sub_126_48_g1462/Y  -       B->Y   F     NAND2X1        2  10.8   164   170    3231    (-,-) 
  PC1/sub_126_48_g1335/CO -       CI->CO F     ADDFX1         2  10.3   131   445    3676    (-,-) 
  PC1/sub_126_48_g1334/Y  -       B->Y   R     NAND2X1        1   5.0    98   118    3794    (-,-) 
  PC1/sub_126_48_g1329/Y  -       B->Y   F     NAND2X1        2   7.8   120   134    3928    (-,-) 
  PC1/sub_126_48_g1327/Y  -       B->Y   R     NAND2X1        1   7.8   122   135    4063    (-,-) 
  PC1/sub_126_48_g1326/Y  -       B->Y   F     NAND2X2        3  14.4   106   141    4204    (-,-) 
  PC1/g46343/Y            -       C->Y   R     NAND3X2        1   5.0    76    87    4291    (-,-) 
  PC1/sub_126_48_g1323/Y  -       B->Y   F     NAND2X1        1   6.7   101   115    4406    (-,-) 
  PC1/sub_126_48_g1318/CO -       CI->CO F     ADDFX1         2   7.8   115   398    4804    (-,-) 
  PC1/sub_126_48_g1317/Y  -       B->Y   R     NAND2X1        1   7.8   121   132    4936    (-,-) 
  PC1/sub_126_48_g1316/Y  -       B->Y   F     NAND2X2        3  11.7    92   129    5065    (-,-) 
  PC1/sub_126_48_g1314/Y  -       C->Y   R     NAND3X1        2   9.0   157   134    5199    (-,-) 
  PC1/sub_126_48_g1310/Y  -       B->Y   F     NOR2X1         1   4.7    98   105    5304    (-,-) 
  PC1/sub_126_48_g1307/Y  -       A0->Y  R     AOI21X1        4  17.2   431   391    5695    (-,-) 
  PC1/sub_126_48_g1301/Y  -       B->Y   F     NOR2X1         2   8.7   137   212    5907    (-,-) 
  PC1/sub_126_48_g1294/Y  -       A0->Y  R     AOI21X1        3  15.8   402   385    6292    (-,-) 
  PC1/sub_126_48_g1289/Y  -       B->Y   F     NOR2X2         3  15.6   124   194    6485    (-,-) 
  PC1/g46342/Y            -       C->Y   R     NAND3X2        1   7.8   112   108    6593    (-,-) 
  PC1/sub_126_48_g1283/Y  -       B->Y   F     NAND2X2        4  15.6   120   142    6734    (-,-) 
  PC1/g46341/Y            -       D->Y   R     NAND4X1        1   7.8   158   143    6878    (-,-) 
  PC1/sub_126_48_g1270/Y  -       B->Y   F     NAND2X2        4  19.7   140   178    7056    (-,-) 
  PC1/g46340/Y            -       C->Y   R     NAND3X2        1   5.0    96    98    7154    (-,-) 
  PC1/sub_126_48_g1263/Y  -       B->Y   F     NAND2X1        2   9.0   124   143    7298    (-,-) 
  PC1/sub_126_48_g1255/Y  -       B->Y   R     NAND2X1        1   7.8   121   137    7434    (-,-) 
  PC1/sub_126_48_g1254/Y  -       B->Y   F     NAND2X2        3  15.9   113   147    7581    (-,-) 
  PC1/sub_126_48_g1251/Y  -       B->Y   R     NAND2X2        1   7.8    96    98    7679    (-,-) 
  PC1/sub_126_48_g1249/Y  -       B->Y   F     NAND2X2        3  15.9   115   135    7814    (-,-) 
  PC1/sub_126_48_g1246/Y  -       B->Y   R     NAND2X2        1   7.8    99    99    7913    (-,-) 
  PC1/sub_126_48_g1245/Y  -       B->Y   F     NAND2X2        3  15.9   114   136    8050    (-,-) 
  PC1/sub_126_48_g1242/Y  -       B->Y   R     NAND2X2        1   7.8    96    98    8148    (-,-) 
  PC1/sub_126_48_g1241/Y  -       B->Y   F     NAND2X2        3  13.1   100   123    8271    (-,-) 
  PC1/sub_126_48_g1239/Y  -       B->Y   R     NAND2X1        1   5.0    90   104    8376    (-,-) 
  PC1/sub_126_48_g1236/Y  -       B0->Y  F     OAI21X1        1   5.0    96   130    8505    (-,-) 
  PC1/g46013/Y            -       B->Y   R     NAND2X1        1   5.0   104   102    8608    (-,-) 
  PC1/g45578__6161/Y      -       B->Y   F     NAND2X1        1   5.0   101   114    8722    (-,-) 
  PC1/g45550__9315/Y      -       B->Y   R     NAND2X1        1   5.0   112   105    8826    (-,-) 
  PC1/g45531__5107/Y      -       C->Y   F     NAND3X1        2   8.8   188   192    9019    (-,-) 
  PC1/g26603/Y            -       A->Y   R     CLKINVX1       1   3.6    89   112    9131    (-,-) 
  PC1/g39894/Y            -       B->Y   R     AND2X2        16  63.2   351   482    9613    (-,-) 
  PC1/g38624/Y            -       A0->Y  F     OAI21X1        1   3.6   108   206    9819    (-,-) 
  PC1/RF_reg[6][30]/D     -       -      F     DFFRX1         1     -     -     0    9819    (-,-) 
#--------------------------------------------------------------------------------------------------



Path 15: MET (4 ps) Setup Check with Pin PC1/RF_reg[3][30]/CK->D
          Group: C2C
     Startpoint: (R) PC1/IR_reg[30]/CK
          Clock: (R) SYS_CLOCK
       Endpoint: (F) PC1/RF_reg[3][30]/D
          Clock: (R) SYS_CLOCK

                     Capture       Launch     
        Clock Edge:+   10000            0     
       Src Latency:+       0            0     
       Net Latency:+       0 (I)        0 (I) 
           Arrival:=   10000            0     
                                              
             Setup:-     177                  
     Required Time:=    9823                  
      Launch Clock:-       0                  
         Data Path:-    9819                  
             Slack:=       4                  

#--------------------------------------------------------------------------------------------------
#      Timing Point       Flags    Arc   Edge   Cell     Fanout  Load Trans Delay Arrival Instance 
#                                                                (fF)  (ps)  (ps)   (ps)  Location 
#--------------------------------------------------------------------------------------------------
  PC1/IR_reg[30]/CK       -       -      R     (arrival)    587     -     0     0       0    (-,-) 
  PC1/IR_reg[30]/Q        -       CK->Q  F     DFFX1          3  12.3   102   491     491    (-,-) 
  PC1/g43941__4733/Y      -       A->Y   R     NOR2X2         2   8.3   130   160     651    (-,-) 
  PC1/g43922__8428/Y      -       B->Y   R     CLKAND2X2      2  16.7   106   224     875    (-,-) 
  PC1/g43628__2883/Y      -       A->Y   F     NAND2X4        7  29.1   112   140    1015    (-,-) 
  PC1/g43624__6161/Y      -       B->Y   R     NAND2X1        1   5.0    83   110    1125    (-,-) 
  PC1/g43363__5115/Y      -       B0->Y  F     OAI21X1        2   8.8   136   159    1283    (-,-) 
  PC1/g43355/Y            -       A->Y   R     INVX1          3  12.9   153   175    1458    (-,-) 
  PC1/g43343__2398/Y      -       B->Y   F     NAND2X1        3  26.3   298   307    1765    (-,-) 
  PC1/g43310/Y            -       A->Y   R     CLKINVX2       2   9.1   123   147    1912    (-,-) 
  PC1/g43267__5115/Y      -       B->Y   F     NAND2X1        1  12.8   162   186    2099    (-,-) 
  PC1/g43193/Y            -       A->Y   R     CLKINVX4      32 128.6   347   324    2423    (-,-) 
  PC1/g42949__7098/Y      -       A1->Y  F     AOI22X1        1   5.0   164   256    2678    (-,-) 
  PC1/g42706__2883/Y      -       B->Y   R     NAND2X1        1   7.4   125   148    2827    (-,-) 
  PC1/g42695__5122/Y      -       A->Y   F     NOR2X2         1  13.1    67   115    2942    (-,-) 
  PC1/g42616__5115/Y      -       B->Y   R     NAND2X4        9  37.3   122   120    3061    (-,-) 
  PC1/sub_126_48_g1462/Y  -       B->Y   F     NAND2X1        2  10.8   164   170    3231    (-,-) 
  PC1/sub_126_48_g1335/CO -       CI->CO F     ADDFX1         2  10.3   131   445    3676    (-,-) 
  PC1/sub_126_48_g1334/Y  -       B->Y   R     NAND2X1        1   5.0    98   118    3794    (-,-) 
  PC1/sub_126_48_g1329/Y  -       B->Y   F     NAND2X1        2   7.8   120   134    3928    (-,-) 
  PC1/sub_126_48_g1327/Y  -       B->Y   R     NAND2X1        1   7.8   122   135    4063    (-,-) 
  PC1/sub_126_48_g1326/Y  -       B->Y   F     NAND2X2        3  14.4   106   141    4204    (-,-) 
  PC1/g46343/Y            -       C->Y   R     NAND3X2        1   5.0    76    87    4291    (-,-) 
  PC1/sub_126_48_g1323/Y  -       B->Y   F     NAND2X1        1   6.7   101   115    4406    (-,-) 
  PC1/sub_126_48_g1318/CO -       CI->CO F     ADDFX1         2   7.8   115   398    4804    (-,-) 
  PC1/sub_126_48_g1317/Y  -       B->Y   R     NAND2X1        1   7.8   121   132    4936    (-,-) 
  PC1/sub_126_48_g1316/Y  -       B->Y   F     NAND2X2        3  11.7    92   129    5065    (-,-) 
  PC1/sub_126_48_g1314/Y  -       C->Y   R     NAND3X1        2   9.0   157   134    5199    (-,-) 
  PC1/sub_126_48_g1310/Y  -       B->Y   F     NOR2X1         1   4.7    98   105    5304    (-,-) 
  PC1/sub_126_48_g1307/Y  -       A0->Y  R     AOI21X1        4  17.2   431   391    5695    (-,-) 
  PC1/sub_126_48_g1301/Y  -       B->Y   F     NOR2X1         2   8.7   137   212    5907    (-,-) 
  PC1/sub_126_48_g1294/Y  -       A0->Y  R     AOI21X1        3  15.8   402   385    6292    (-,-) 
  PC1/sub_126_48_g1289/Y  -       B->Y   F     NOR2X2         3  15.6   124   194    6485    (-,-) 
  PC1/g46342/Y            -       C->Y   R     NAND3X2        1   7.8   112   108    6593    (-,-) 
  PC1/sub_126_48_g1283/Y  -       B->Y   F     NAND2X2        4  15.6   120   142    6734    (-,-) 
  PC1/g46341/Y            -       D->Y   R     NAND4X1        1   7.8   158   143    6878    (-,-) 
  PC1/sub_126_48_g1270/Y  -       B->Y   F     NAND2X2        4  19.7   140   178    7056    (-,-) 
  PC1/g46340/Y            -       C->Y   R     NAND3X2        1   5.0    96    98    7154    (-,-) 
  PC1/sub_126_48_g1263/Y  -       B->Y   F     NAND2X1        2   9.0   124   143    7298    (-,-) 
  PC1/sub_126_48_g1255/Y  -       B->Y   R     NAND2X1        1   7.8   121   137    7434    (-,-) 
  PC1/sub_126_48_g1254/Y  -       B->Y   F     NAND2X2        3  15.9   113   147    7581    (-,-) 
  PC1/sub_126_48_g1251/Y  -       B->Y   R     NAND2X2        1   7.8    96    98    7679    (-,-) 
  PC1/sub_126_48_g1249/Y  -       B->Y   F     NAND2X2        3  15.9   115   135    7814    (-,-) 
  PC1/sub_126_48_g1246/Y  -       B->Y   R     NAND2X2        1   7.8    99    99    7913    (-,-) 
  PC1/sub_126_48_g1245/Y  -       B->Y   F     NAND2X2        3  15.9   114   136    8050    (-,-) 
  PC1/sub_126_48_g1242/Y  -       B->Y   R     NAND2X2        1   7.8    96    98    8148    (-,-) 
  PC1/sub_126_48_g1241/Y  -       B->Y   F     NAND2X2        3  13.1   100   123    8271    (-,-) 
  PC1/sub_126_48_g1239/Y  -       B->Y   R     NAND2X1        1   5.0    90   104    8376    (-,-) 
  PC1/sub_126_48_g1236/Y  -       B0->Y  F     OAI21X1        1   5.0    96   130    8505    (-,-) 
  PC1/g46013/Y            -       B->Y   R     NAND2X1        1   5.0   104   102    8608    (-,-) 
  PC1/g45578__6161/Y      -       B->Y   F     NAND2X1        1   5.0   101   114    8722    (-,-) 
  PC1/g45550__9315/Y      -       B->Y   R     NAND2X1        1   5.0   112   105    8826    (-,-) 
  PC1/g45531__5107/Y      -       C->Y   F     NAND3X1        2   8.8   188   192    9019    (-,-) 
  PC1/g26603/Y            -       A->Y   R     CLKINVX1       1   3.6    89   112    9131    (-,-) 
  PC1/g39894/Y            -       B->Y   R     AND2X2        16  63.2   351   482    9613    (-,-) 
  PC1/g38622/Y            -       A0->Y  F     OAI21X1        1   3.6   108   206    9819    (-,-) 
  PC1/RF_reg[3][30]/D     -       -      F     DFFRX1         1     -     -     0    9819    (-,-) 
#--------------------------------------------------------------------------------------------------



Path 16: MET (4 ps) Setup Check with Pin PC1/RF_reg[2][30]/CK->D
          Group: C2C
     Startpoint: (R) PC1/IR_reg[30]/CK
          Clock: (R) SYS_CLOCK
       Endpoint: (F) PC1/RF_reg[2][30]/D
          Clock: (R) SYS_CLOCK

                     Capture       Launch     
        Clock Edge:+   10000            0     
       Src Latency:+       0            0     
       Net Latency:+       0 (I)        0 (I) 
           Arrival:=   10000            0     
                                              
             Setup:-     177                  
     Required Time:=    9823                  
      Launch Clock:-       0                  
         Data Path:-    9819                  
             Slack:=       4                  

#--------------------------------------------------------------------------------------------------
#      Timing Point       Flags    Arc   Edge   Cell     Fanout  Load Trans Delay Arrival Instance 
#                                                                (fF)  (ps)  (ps)   (ps)  Location 
#--------------------------------------------------------------------------------------------------
  PC1/IR_reg[30]/CK       -       -      R     (arrival)    587     -     0     0       0    (-,-) 
  PC1/IR_reg[30]/Q        -       CK->Q  F     DFFX1          3  12.3   102   491     491    (-,-) 
  PC1/g43941__4733/Y      -       A->Y   R     NOR2X2         2   8.3   130   160     651    (-,-) 
  PC1/g43922__8428/Y      -       B->Y   R     CLKAND2X2      2  16.7   106   224     875    (-,-) 
  PC1/g43628__2883/Y      -       A->Y   F     NAND2X4        7  29.1   112   140    1015    (-,-) 
  PC1/g43624__6161/Y      -       B->Y   R     NAND2X1        1   5.0    83   110    1125    (-,-) 
  PC1/g43363__5115/Y      -       B0->Y  F     OAI21X1        2   8.8   136   159    1283    (-,-) 
  PC1/g43355/Y            -       A->Y   R     INVX1          3  12.9   153   175    1458    (-,-) 
  PC1/g43343__2398/Y      -       B->Y   F     NAND2X1        3  26.3   298   307    1765    (-,-) 
  PC1/g43310/Y            -       A->Y   R     CLKINVX2       2   9.1   123   147    1912    (-,-) 
  PC1/g43267__5115/Y      -       B->Y   F     NAND2X1        1  12.8   162   186    2099    (-,-) 
  PC1/g43193/Y            -       A->Y   R     CLKINVX4      32 128.6   347   324    2423    (-,-) 
  PC1/g42949__7098/Y      -       A1->Y  F     AOI22X1        1   5.0   164   256    2678    (-,-) 
  PC1/g42706__2883/Y      -       B->Y   R     NAND2X1        1   7.4   125   148    2827    (-,-) 
  PC1/g42695__5122/Y      -       A->Y   F     NOR2X2         1  13.1    67   115    2942    (-,-) 
  PC1/g42616__5115/Y      -       B->Y   R     NAND2X4        9  37.3   122   120    3061    (-,-) 
  PC1/sub_126_48_g1462/Y  -       B->Y   F     NAND2X1        2  10.8   164   170    3231    (-,-) 
  PC1/sub_126_48_g1335/CO -       CI->CO F     ADDFX1         2  10.3   131   445    3676    (-,-) 
  PC1/sub_126_48_g1334/Y  -       B->Y   R     NAND2X1        1   5.0    98   118    3794    (-,-) 
  PC1/sub_126_48_g1329/Y  -       B->Y   F     NAND2X1        2   7.8   120   134    3928    (-,-) 
  PC1/sub_126_48_g1327/Y  -       B->Y   R     NAND2X1        1   7.8   122   135    4063    (-,-) 
  PC1/sub_126_48_g1326/Y  -       B->Y   F     NAND2X2        3  14.4   106   141    4204    (-,-) 
  PC1/g46343/Y            -       C->Y   R     NAND3X2        1   5.0    76    87    4291    (-,-) 
  PC1/sub_126_48_g1323/Y  -       B->Y   F     NAND2X1        1   6.7   101   115    4406    (-,-) 
  PC1/sub_126_48_g1318/CO -       CI->CO F     ADDFX1         2   7.8   115   398    4804    (-,-) 
  PC1/sub_126_48_g1317/Y  -       B->Y   R     NAND2X1        1   7.8   121   132    4936    (-,-) 
  PC1/sub_126_48_g1316/Y  -       B->Y   F     NAND2X2        3  11.7    92   129    5065    (-,-) 
  PC1/sub_126_48_g1314/Y  -       C->Y   R     NAND3X1        2   9.0   157   134    5199    (-,-) 
  PC1/sub_126_48_g1310/Y  -       B->Y   F     NOR2X1         1   4.7    98   105    5304    (-,-) 
  PC1/sub_126_48_g1307/Y  -       A0->Y  R     AOI21X1        4  17.2   431   391    5695    (-,-) 
  PC1/sub_126_48_g1301/Y  -       B->Y   F     NOR2X1         2   8.7   137   212    5907    (-,-) 
  PC1/sub_126_48_g1294/Y  -       A0->Y  R     AOI21X1        3  15.8   402   385    6292    (-,-) 
  PC1/sub_126_48_g1289/Y  -       B->Y   F     NOR2X2         3  15.6   124   194    6485    (-,-) 
  PC1/g46342/Y            -       C->Y   R     NAND3X2        1   7.8   112   108    6593    (-,-) 
  PC1/sub_126_48_g1283/Y  -       B->Y   F     NAND2X2        4  15.6   120   142    6734    (-,-) 
  PC1/g46341/Y            -       D->Y   R     NAND4X1        1   7.8   158   143    6878    (-,-) 
  PC1/sub_126_48_g1270/Y  -       B->Y   F     NAND2X2        4  19.7   140   178    7056    (-,-) 
  PC1/g46340/Y            -       C->Y   R     NAND3X2        1   5.0    96    98    7154    (-,-) 
  PC1/sub_126_48_g1263/Y  -       B->Y   F     NAND2X1        2   9.0   124   143    7298    (-,-) 
  PC1/sub_126_48_g1255/Y  -       B->Y   R     NAND2X1        1   7.8   121   137    7434    (-,-) 
  PC1/sub_126_48_g1254/Y  -       B->Y   F     NAND2X2        3  15.9   113   147    7581    (-,-) 
  PC1/sub_126_48_g1251/Y  -       B->Y   R     NAND2X2        1   7.8    96    98    7679    (-,-) 
  PC1/sub_126_48_g1249/Y  -       B->Y   F     NAND2X2        3  15.9   115   135    7814    (-,-) 
  PC1/sub_126_48_g1246/Y  -       B->Y   R     NAND2X2        1   7.8    99    99    7913    (-,-) 
  PC1/sub_126_48_g1245/Y  -       B->Y   F     NAND2X2        3  15.9   114   136    8050    (-,-) 
  PC1/sub_126_48_g1242/Y  -       B->Y   R     NAND2X2        1   7.8    96    98    8148    (-,-) 
  PC1/sub_126_48_g1241/Y  -       B->Y   F     NAND2X2        3  13.1   100   123    8271    (-,-) 
  PC1/sub_126_48_g1239/Y  -       B->Y   R     NAND2X1        1   5.0    90   104    8376    (-,-) 
  PC1/sub_126_48_g1236/Y  -       B0->Y  F     OAI21X1        1   5.0    96   130    8505    (-,-) 
  PC1/g46013/Y            -       B->Y   R     NAND2X1        1   5.0   104   102    8608    (-,-) 
  PC1/g45578__6161/Y      -       B->Y   F     NAND2X1        1   5.0   101   114    8722    (-,-) 
  PC1/g45550__9315/Y      -       B->Y   R     NAND2X1        1   5.0   112   105    8826    (-,-) 
  PC1/g45531__5107/Y      -       C->Y   F     NAND3X1        2   8.8   188   192    9019    (-,-) 
  PC1/g26603/Y            -       A->Y   R     CLKINVX1       1   3.6    89   112    9131    (-,-) 
  PC1/g39894/Y            -       B->Y   R     AND2X2        16  63.2   351   482    9613    (-,-) 
  PC1/g38620/Y            -       A0->Y  F     OAI21X1        1   3.6   108   206    9819    (-,-) 
  PC1/RF_reg[2][30]/D     -       -      F     DFFRX1         1     -     -     0    9819    (-,-) 
#--------------------------------------------------------------------------------------------------



Path 17: MET (14 ps) Setup Check with Pin PC1/RF_reg[15][31]/CK->D
          Group: C2C
     Startpoint: (R) PC1/IR_reg[30]/CK
          Clock: (R) SYS_CLOCK
       Endpoint: (F) PC1/RF_reg[15][31]/D
          Clock: (R) SYS_CLOCK

                     Capture       Launch     
        Clock Edge:+   10000            0     
       Src Latency:+       0            0     
       Net Latency:+       0 (I)        0 (I) 
           Arrival:=   10000            0     
                                              
             Setup:-     178                  
     Required Time:=    9822                  
      Launch Clock:-       0                  
         Data Path:-    9808                  
             Slack:=      14                  

#------------------------------------------------------------------------------------------------
#     Timing Point       Flags   Arc   Edge   Cell     Fanout  Load Trans Delay Arrival Instance 
#                                                              (fF)  (ps)  (ps)   (ps)  Location 
#------------------------------------------------------------------------------------------------
  PC1/IR_reg[30]/CK      -       -     R     (arrival)    587     -     0     0       0    (-,-) 
  PC1/IR_reg[30]/Q       -       CK->Q F     DFFX1          3  12.3   102   491     491    (-,-) 
  PC1/g43941__4733/Y     -       A->Y  R     NOR2X2         2   8.3   130   160     651    (-,-) 
  PC1/g43922__8428/Y     -       B->Y  R     CLKAND2X2      2  16.7   106   224     875    (-,-) 
  PC1/g43628__2883/Y     -       A->Y  F     NAND2X4        7  29.1   112   140    1015    (-,-) 
  PC1/g43624__6161/Y     -       B->Y  R     NAND2X1        1   5.0    83   110    1125    (-,-) 
  PC1/g43363__5115/Y     -       B0->Y F     OAI21X1        2   8.8   136   159    1283    (-,-) 
  PC1/g43355/Y           -       A->Y  R     INVX1          3  12.9   153   175    1458    (-,-) 
  PC1/g43343__2398/Y     -       B->Y  F     NAND2X1        3  26.3   298   307    1765    (-,-) 
  PC1/g43310/Y           -       A->Y  R     CLKINVX2       2   9.1   123   147    1912    (-,-) 
  PC1/g43267__5115/Y     -       B->Y  F     NAND2X1        1  12.8   162   186    2099    (-,-) 
  PC1/g43193/Y           -       A->Y  R     CLKINVX4      32 128.6   347   324    2423    (-,-) 
  PC1/g42949__7098/Y     -       A1->Y F     AOI22X1        1   5.0   164   256    2678    (-,-) 
  PC1/g42706__2883/Y     -       B->Y  R     NAND2X1        1   7.4   125   148    2827    (-,-) 
  PC1/g42695__5122/Y     -       A->Y  F     NOR2X2         1  13.1    67   115    2942    (-,-) 
  PC1/g42616__5115/Y     -       B->Y  R     NAND2X4        9  37.3   122   120    3061    (-,-) 
  PC1/add_174_42_g1369/Y -       B->Y  F     NAND2X1        3  14.2   188   196    3258    (-,-) 
  PC1/add_174_42_g1237/Y -       A->Y  R     CLKINVX1       1   4.9   100   128    3385    (-,-) 
  PC1/add_174_42_g1236/Y -       A->Y  F     NAND2X1        1   5.0    84   115    3500    (-,-) 
  PC1/add_174_42_g1233/Y -       B->Y  R     NAND2X1        3  13.2   164   156    3656    (-,-) 
  PC1/add_174_42_g1226/Y -       B->Y  F     NAND2X1        1   7.8   117   163    3819    (-,-) 
  PC1/add_174_42_g1221/Y -       B->Y  R     NAND2X2        3  16.0   133   133    3952    (-,-) 
  PC1/add_174_42_g1219/Y -       B->Y  F     NAND2X2        1   7.8    75   116    4068    (-,-) 
  PC1/add_174_42_g1217/Y -       B->Y  R     NAND2X2        4  19.5   147   125    4193    (-,-) 
  PC1/g46347/Y           -       A1->Y F     AOI21X2        1   4.8    84   137    4330    (-,-) 
  PC1/g46346/Y           -       A->Y  R     CLKINVX1       3  13.2   150   152    4482    (-,-) 
  PC1/add_174_42_g1209/Y -       B->Y  F     NAND2X1        1   5.0    88   133    4615    (-,-) 
  PC1/add_174_42_g1206/Y -       B->Y  R     NAND2X1        3  16.0   198   178    4792    (-,-) 
  PC1/add_174_42_g1202/Y -       B->Y  F     NAND2X2        1   7.8    88   135    4928    (-,-) 
  PC1/add_174_42_g1201/Y -       B->Y  R     NAND2X2        5  21.0   153   137    5065    (-,-) 
  PC1/add_174_42_g1197/Y -       B->Y  F     NAND2X1        1   7.8   123   158    5223    (-,-) 
  PC1/add_174_42_g1196/Y -       B->Y  R     NAND2X2        4  17.1   122   140    5364    (-,-) 
  PC1/add_174_42_g1191/Y -       B->Y  F     NAND2X1        2   8.9   118   154    5518    (-,-) 
  PC1/add_174_42_g1190/Y -       A->Y  R     CLKINVX1       1   5.0    82   108    5625    (-,-) 
  PC1/add_174_42_g1186/Y -       B->Y  F     NAND2X1        1   5.0    96   104    5729    (-,-) 
  PC1/add_174_42_g1181/Y -       B->Y  R     NAND2X1        3  13.2   161   162    5891    (-,-) 
  PC1/add_174_42_g1177/Y -       B->Y  F     NAND2X1        2   9.0   127   172    6063    (-,-) 
  PC1/add_174_42_g1176/Y -       A->Y  R     INVX1          2   8.9   115   142    6205    (-,-) 
  PC1/add_174_42_g1170/Y -       B->Y  F     NAND2X1        1   7.7   122   141    6347    (-,-) 
  PC1/add_174_42_g1167/Y -       C->Y  R     NAND3X2        4  17.1   149   144    6490    (-,-) 
  PC1/add_174_42_g1162/Y -       B->Y  F     NAND2X1        2   9.0   124   167    6657    (-,-) 
  PC1/g46352/Y           -       A1->Y R     OAI21X1        4  17.1   421   374    7031    (-,-) 
  PC1/add_174_42_g1146/Y -       B->Y  F     NAND2X1        1   7.6   169   244    7275    (-,-) 
  PC1/g46345/Y           -       C0->Y R     OAI211X2       3  13.2   237   148    7424    (-,-) 
  PC1/add_174_42_g1137/Y -       B->Y  F     NAND2X1        1   7.8   133   192    7616    (-,-) 
  PC1/add_174_42_g1132/Y -       B->Y  R     NAND2X2        3  13.2   120   130    7746    (-,-) 
  PC1/add_174_42_g1131/Y -       B->Y  F     NAND2X1        1   7.8   108   144    7890    (-,-) 
  PC1/add_174_42_g1129/Y -       B->Y  R     NAND2X2        3  16.0   132   129    8019    (-,-) 
  PC1/add_174_42_g1126/Y -       B->Y  F     NAND2X2        1   5.0    62   100    8119    (-,-) 
  PC1/add_174_42_g1125/Y -       B->Y  R     NAND2X1        2   9.7   142   120    8239    (-,-) 
  PC1/add_174_42_g1123/Y -       B->Y  F     NAND2X1        1   7.8   112   154    8393    (-,-) 
  PC1/add_174_42_g1122/Y -       B->Y  R     NAND2X2        3  16.0   132   131    8524    (-,-) 
  PC1/add_174_42_g1119/Y -       B->Y  F     NAND2X2        1   7.8    75   115    8640    (-,-) 
  PC1/add_174_42_g1118/Y -       B->Y  R     NAND2X2        2  11.6   113    97    8736    (-,-) 
  PC1/add_174_42_g1115/Y -       A1->Y F     OAI21X2        2   8.9   112   127    8863    (-,-) 
  PC1/g45795/Y           -       B->Y  R     NAND2X1        1   5.0    84   110    8972    (-,-) 
  PC1/g46349/Y           -       C->Y  F     NAND3X1        1  12.9   250   228    9201    (-,-) 
  PC1/g46348/Y           -       A->Y  R     NOR2X4        16  63.2   384   393    9594    (-,-) 
  PC1/g38560/Y           -       A0->Y F     OAI21X1        1   3.6   111   214    9808    (-,-) 
  PC1/RF_reg[15][31]/D   -       -     F     DFFRX1         1     -     -     0    9808    (-,-) 
#------------------------------------------------------------------------------------------------



Path 18: MET (14 ps) Setup Check with Pin PC1/RF_reg[14][31]/CK->D
          Group: C2C
     Startpoint: (R) PC1/IR_reg[30]/CK
          Clock: (R) SYS_CLOCK
       Endpoint: (F) PC1/RF_reg[14][31]/D
          Clock: (R) SYS_CLOCK

                     Capture       Launch     
        Clock Edge:+   10000            0     
       Src Latency:+       0            0     
       Net Latency:+       0 (I)        0 (I) 
           Arrival:=   10000            0     
                                              
             Setup:-     178                  
     Required Time:=    9822                  
      Launch Clock:-       0                  
         Data Path:-    9808                  
             Slack:=      14                  

#------------------------------------------------------------------------------------------------
#     Timing Point       Flags   Arc   Edge   Cell     Fanout  Load Trans Delay Arrival Instance 
#                                                              (fF)  (ps)  (ps)   (ps)  Location 
#------------------------------------------------------------------------------------------------
  PC1/IR_reg[30]/CK      -       -     R     (arrival)    587     -     0     0       0    (-,-) 
  PC1/IR_reg[30]/Q       -       CK->Q F     DFFX1          3  12.3   102   491     491    (-,-) 
  PC1/g43941__4733/Y     -       A->Y  R     NOR2X2         2   8.3   130   160     651    (-,-) 
  PC1/g43922__8428/Y     -       B->Y  R     CLKAND2X2      2  16.7   106   224     875    (-,-) 
  PC1/g43628__2883/Y     -       A->Y  F     NAND2X4        7  29.1   112   140    1015    (-,-) 
  PC1/g43624__6161/Y     -       B->Y  R     NAND2X1        1   5.0    83   110    1125    (-,-) 
  PC1/g43363__5115/Y     -       B0->Y F     OAI21X1        2   8.8   136   159    1283    (-,-) 
  PC1/g43355/Y           -       A->Y  R     INVX1          3  12.9   153   175    1458    (-,-) 
  PC1/g43343__2398/Y     -       B->Y  F     NAND2X1        3  26.3   298   307    1765    (-,-) 
  PC1/g43310/Y           -       A->Y  R     CLKINVX2       2   9.1   123   147    1912    (-,-) 
  PC1/g43267__5115/Y     -       B->Y  F     NAND2X1        1  12.8   162   186    2099    (-,-) 
  PC1/g43193/Y           -       A->Y  R     CLKINVX4      32 128.6   347   324    2423    (-,-) 
  PC1/g42949__7098/Y     -       A1->Y F     AOI22X1        1   5.0   164   256    2678    (-,-) 
  PC1/g42706__2883/Y     -       B->Y  R     NAND2X1        1   7.4   125   148    2827    (-,-) 
  PC1/g42695__5122/Y     -       A->Y  F     NOR2X2         1  13.1    67   115    2942    (-,-) 
  PC1/g42616__5115/Y     -       B->Y  R     NAND2X4        9  37.3   122   120    3061    (-,-) 
  PC1/add_174_42_g1369/Y -       B->Y  F     NAND2X1        3  14.2   188   196    3258    (-,-) 
  PC1/add_174_42_g1237/Y -       A->Y  R     CLKINVX1       1   4.9   100   128    3385    (-,-) 
  PC1/add_174_42_g1236/Y -       A->Y  F     NAND2X1        1   5.0    84   115    3500    (-,-) 
  PC1/add_174_42_g1233/Y -       B->Y  R     NAND2X1        3  13.2   164   156    3656    (-,-) 
  PC1/add_174_42_g1226/Y -       B->Y  F     NAND2X1        1   7.8   117   163    3819    (-,-) 
  PC1/add_174_42_g1221/Y -       B->Y  R     NAND2X2        3  16.0   133   133    3952    (-,-) 
  PC1/add_174_42_g1219/Y -       B->Y  F     NAND2X2        1   7.8    75   116    4068    (-,-) 
  PC1/add_174_42_g1217/Y -       B->Y  R     NAND2X2        4  19.5   147   125    4193    (-,-) 
  PC1/g46347/Y           -       A1->Y F     AOI21X2        1   4.8    84   137    4330    (-,-) 
  PC1/g46346/Y           -       A->Y  R     CLKINVX1       3  13.2   150   152    4482    (-,-) 
  PC1/add_174_42_g1209/Y -       B->Y  F     NAND2X1        1   5.0    88   133    4615    (-,-) 
  PC1/add_174_42_g1206/Y -       B->Y  R     NAND2X1        3  16.0   198   178    4792    (-,-) 
  PC1/add_174_42_g1202/Y -       B->Y  F     NAND2X2        1   7.8    88   135    4928    (-,-) 
  PC1/add_174_42_g1201/Y -       B->Y  R     NAND2X2        5  21.0   153   137    5065    (-,-) 
  PC1/add_174_42_g1197/Y -       B->Y  F     NAND2X1        1   7.8   123   158    5223    (-,-) 
  PC1/add_174_42_g1196/Y -       B->Y  R     NAND2X2        4  17.1   122   140    5364    (-,-) 
  PC1/add_174_42_g1191/Y -       B->Y  F     NAND2X1        2   8.9   118   154    5518    (-,-) 
  PC1/add_174_42_g1190/Y -       A->Y  R     CLKINVX1       1   5.0    82   108    5625    (-,-) 
  PC1/add_174_42_g1186/Y -       B->Y  F     NAND2X1        1   5.0    96   104    5729    (-,-) 
  PC1/add_174_42_g1181/Y -       B->Y  R     NAND2X1        3  13.2   161   162    5891    (-,-) 
  PC1/add_174_42_g1177/Y -       B->Y  F     NAND2X1        2   9.0   127   172    6063    (-,-) 
  PC1/add_174_42_g1176/Y -       A->Y  R     INVX1          2   8.9   115   142    6205    (-,-) 
  PC1/add_174_42_g1170/Y -       B->Y  F     NAND2X1        1   7.7   122   141    6347    (-,-) 
  PC1/add_174_42_g1167/Y -       C->Y  R     NAND3X2        4  17.1   149   144    6490    (-,-) 
  PC1/add_174_42_g1162/Y -       B->Y  F     NAND2X1        2   9.0   124   167    6657    (-,-) 
  PC1/g46352/Y           -       A1->Y R     OAI21X1        4  17.1   421   374    7031    (-,-) 
  PC1/add_174_42_g1146/Y -       B->Y  F     NAND2X1        1   7.6   169   244    7275    (-,-) 
  PC1/g46345/Y           -       C0->Y R     OAI211X2       3  13.2   237   148    7424    (-,-) 
  PC1/add_174_42_g1137/Y -       B->Y  F     NAND2X1        1   7.8   133   192    7616    (-,-) 
  PC1/add_174_42_g1132/Y -       B->Y  R     NAND2X2        3  13.2   120   130    7746    (-,-) 
  PC1/add_174_42_g1131/Y -       B->Y  F     NAND2X1        1   7.8   108   144    7890    (-,-) 
  PC1/add_174_42_g1129/Y -       B->Y  R     NAND2X2        3  16.0   132   129    8019    (-,-) 
  PC1/add_174_42_g1126/Y -       B->Y  F     NAND2X2        1   5.0    62   100    8119    (-,-) 
  PC1/add_174_42_g1125/Y -       B->Y  R     NAND2X1        2   9.7   142   120    8239    (-,-) 
  PC1/add_174_42_g1123/Y -       B->Y  F     NAND2X1        1   7.8   112   154    8393    (-,-) 
  PC1/add_174_42_g1122/Y -       B->Y  R     NAND2X2        3  16.0   132   131    8524    (-,-) 
  PC1/add_174_42_g1119/Y -       B->Y  F     NAND2X2        1   7.8    75   115    8640    (-,-) 
  PC1/add_174_42_g1118/Y -       B->Y  R     NAND2X2        2  11.6   113    97    8736    (-,-) 
  PC1/add_174_42_g1115/Y -       A1->Y F     OAI21X2        2   8.9   112   127    8863    (-,-) 
  PC1/g45795/Y           -       B->Y  R     NAND2X1        1   5.0    84   110    8972    (-,-) 
  PC1/g46349/Y           -       C->Y  F     NAND3X1        1  12.9   250   228    9201    (-,-) 
  PC1/g46348/Y           -       A->Y  R     NOR2X4        16  63.2   384   393    9594    (-,-) 
  PC1/g38558/Y           -       A0->Y F     OAI21X1        1   3.6   111   214    9808    (-,-) 
  PC1/RF_reg[14][31]/D   -       -     F     DFFRX1         1     -     -     0    9808    (-,-) 
#------------------------------------------------------------------------------------------------



Path 19: MET (14 ps) Setup Check with Pin PC1/RF_reg[13][31]/CK->D
          Group: C2C
     Startpoint: (R) PC1/IR_reg[30]/CK
          Clock: (R) SYS_CLOCK
       Endpoint: (F) PC1/RF_reg[13][31]/D
          Clock: (R) SYS_CLOCK

                     Capture       Launch     
        Clock Edge:+   10000            0     
       Src Latency:+       0            0     
       Net Latency:+       0 (I)        0 (I) 
           Arrival:=   10000            0     
                                              
             Setup:-     178                  
     Required Time:=    9822                  
      Launch Clock:-       0                  
         Data Path:-    9808                  
             Slack:=      14                  

#------------------------------------------------------------------------------------------------
#     Timing Point       Flags   Arc   Edge   Cell     Fanout  Load Trans Delay Arrival Instance 
#                                                              (fF)  (ps)  (ps)   (ps)  Location 
#------------------------------------------------------------------------------------------------
  PC1/IR_reg[30]/CK      -       -     R     (arrival)    587     -     0     0       0    (-,-) 
  PC1/IR_reg[30]/Q       -       CK->Q F     DFFX1          3  12.3   102   491     491    (-,-) 
  PC1/g43941__4733/Y     -       A->Y  R     NOR2X2         2   8.3   130   160     651    (-,-) 
  PC1/g43922__8428/Y     -       B->Y  R     CLKAND2X2      2  16.7   106   224     875    (-,-) 
  PC1/g43628__2883/Y     -       A->Y  F     NAND2X4        7  29.1   112   140    1015    (-,-) 
  PC1/g43624__6161/Y     -       B->Y  R     NAND2X1        1   5.0    83   110    1125    (-,-) 
  PC1/g43363__5115/Y     -       B0->Y F     OAI21X1        2   8.8   136   159    1283    (-,-) 
  PC1/g43355/Y           -       A->Y  R     INVX1          3  12.9   153   175    1458    (-,-) 
  PC1/g43343__2398/Y     -       B->Y  F     NAND2X1        3  26.3   298   307    1765    (-,-) 
  PC1/g43310/Y           -       A->Y  R     CLKINVX2       2   9.1   123   147    1912    (-,-) 
  PC1/g43267__5115/Y     -       B->Y  F     NAND2X1        1  12.8   162   186    2099    (-,-) 
  PC1/g43193/Y           -       A->Y  R     CLKINVX4      32 128.6   347   324    2423    (-,-) 
  PC1/g42949__7098/Y     -       A1->Y F     AOI22X1        1   5.0   164   256    2678    (-,-) 
  PC1/g42706__2883/Y     -       B->Y  R     NAND2X1        1   7.4   125   148    2827    (-,-) 
  PC1/g42695__5122/Y     -       A->Y  F     NOR2X2         1  13.1    67   115    2942    (-,-) 
  PC1/g42616__5115/Y     -       B->Y  R     NAND2X4        9  37.3   122   120    3061    (-,-) 
  PC1/add_174_42_g1369/Y -       B->Y  F     NAND2X1        3  14.2   188   196    3258    (-,-) 
  PC1/add_174_42_g1237/Y -       A->Y  R     CLKINVX1       1   4.9   100   128    3385    (-,-) 
  PC1/add_174_42_g1236/Y -       A->Y  F     NAND2X1        1   5.0    84   115    3500    (-,-) 
  PC1/add_174_42_g1233/Y -       B->Y  R     NAND2X1        3  13.2   164   156    3656    (-,-) 
  PC1/add_174_42_g1226/Y -       B->Y  F     NAND2X1        1   7.8   117   163    3819    (-,-) 
  PC1/add_174_42_g1221/Y -       B->Y  R     NAND2X2        3  16.0   133   133    3952    (-,-) 
  PC1/add_174_42_g1219/Y -       B->Y  F     NAND2X2        1   7.8    75   116    4068    (-,-) 
  PC1/add_174_42_g1217/Y -       B->Y  R     NAND2X2        4  19.5   147   125    4193    (-,-) 
  PC1/g46347/Y           -       A1->Y F     AOI21X2        1   4.8    84   137    4330    (-,-) 
  PC1/g46346/Y           -       A->Y  R     CLKINVX1       3  13.2   150   152    4482    (-,-) 
  PC1/add_174_42_g1209/Y -       B->Y  F     NAND2X1        1   5.0    88   133    4615    (-,-) 
  PC1/add_174_42_g1206/Y -       B->Y  R     NAND2X1        3  16.0   198   178    4792    (-,-) 
  PC1/add_174_42_g1202/Y -       B->Y  F     NAND2X2        1   7.8    88   135    4928    (-,-) 
  PC1/add_174_42_g1201/Y -       B->Y  R     NAND2X2        5  21.0   153   137    5065    (-,-) 
  PC1/add_174_42_g1197/Y -       B->Y  F     NAND2X1        1   7.8   123   158    5223    (-,-) 
  PC1/add_174_42_g1196/Y -       B->Y  R     NAND2X2        4  17.1   122   140    5364    (-,-) 
  PC1/add_174_42_g1191/Y -       B->Y  F     NAND2X1        2   8.9   118   154    5518    (-,-) 
  PC1/add_174_42_g1190/Y -       A->Y  R     CLKINVX1       1   5.0    82   108    5625    (-,-) 
  PC1/add_174_42_g1186/Y -       B->Y  F     NAND2X1        1   5.0    96   104    5729    (-,-) 
  PC1/add_174_42_g1181/Y -       B->Y  R     NAND2X1        3  13.2   161   162    5891    (-,-) 
  PC1/add_174_42_g1177/Y -       B->Y  F     NAND2X1        2   9.0   127   172    6063    (-,-) 
  PC1/add_174_42_g1176/Y -       A->Y  R     INVX1          2   8.9   115   142    6205    (-,-) 
  PC1/add_174_42_g1170/Y -       B->Y  F     NAND2X1        1   7.7   122   141    6347    (-,-) 
  PC1/add_174_42_g1167/Y -       C->Y  R     NAND3X2        4  17.1   149   144    6490    (-,-) 
  PC1/add_174_42_g1162/Y -       B->Y  F     NAND2X1        2   9.0   124   167    6657    (-,-) 
  PC1/g46352/Y           -       A1->Y R     OAI21X1        4  17.1   421   374    7031    (-,-) 
  PC1/add_174_42_g1146/Y -       B->Y  F     NAND2X1        1   7.6   169   244    7275    (-,-) 
  PC1/g46345/Y           -       C0->Y R     OAI211X2       3  13.2   237   148    7424    (-,-) 
  PC1/add_174_42_g1137/Y -       B->Y  F     NAND2X1        1   7.8   133   192    7616    (-,-) 
  PC1/add_174_42_g1132/Y -       B->Y  R     NAND2X2        3  13.2   120   130    7746    (-,-) 
  PC1/add_174_42_g1131/Y -       B->Y  F     NAND2X1        1   7.8   108   144    7890    (-,-) 
  PC1/add_174_42_g1129/Y -       B->Y  R     NAND2X2        3  16.0   132   129    8019    (-,-) 
  PC1/add_174_42_g1126/Y -       B->Y  F     NAND2X2        1   5.0    62   100    8119    (-,-) 
  PC1/add_174_42_g1125/Y -       B->Y  R     NAND2X1        2   9.7   142   120    8239    (-,-) 
  PC1/add_174_42_g1123/Y -       B->Y  F     NAND2X1        1   7.8   112   154    8393    (-,-) 
  PC1/add_174_42_g1122/Y -       B->Y  R     NAND2X2        3  16.0   132   131    8524    (-,-) 
  PC1/add_174_42_g1119/Y -       B->Y  F     NAND2X2        1   7.8    75   115    8640    (-,-) 
  PC1/add_174_42_g1118/Y -       B->Y  R     NAND2X2        2  11.6   113    97    8736    (-,-) 
  PC1/add_174_42_g1115/Y -       A1->Y F     OAI21X2        2   8.9   112   127    8863    (-,-) 
  PC1/g45795/Y           -       B->Y  R     NAND2X1        1   5.0    84   110    8972    (-,-) 
  PC1/g46349/Y           -       C->Y  F     NAND3X1        1  12.9   250   228    9201    (-,-) 
  PC1/g46348/Y           -       A->Y  R     NOR2X4        16  63.2   384   393    9594    (-,-) 
  PC1/g38551/Y           -       A0->Y F     OAI21X1        1   3.6   111   214    9808    (-,-) 
  PC1/RF_reg[13][31]/D   -       -     F     DFFRX1         1     -     -     0    9808    (-,-) 
#------------------------------------------------------------------------------------------------



Path 20: MET (14 ps) Setup Check with Pin PC1/RF_reg[12][31]/CK->D
          Group: C2C
     Startpoint: (R) PC1/IR_reg[30]/CK
          Clock: (R) SYS_CLOCK
       Endpoint: (F) PC1/RF_reg[12][31]/D
          Clock: (R) SYS_CLOCK

                     Capture       Launch     
        Clock Edge:+   10000            0     
       Src Latency:+       0            0     
       Net Latency:+       0 (I)        0 (I) 
           Arrival:=   10000            0     
                                              
             Setup:-     178                  
     Required Time:=    9822                  
      Launch Clock:-       0                  
         Data Path:-    9808                  
             Slack:=      14                  

#------------------------------------------------------------------------------------------------
#     Timing Point       Flags   Arc   Edge   Cell     Fanout  Load Trans Delay Arrival Instance 
#                                                              (fF)  (ps)  (ps)   (ps)  Location 
#------------------------------------------------------------------------------------------------
  PC1/IR_reg[30]/CK      -       -     R     (arrival)    587     -     0     0       0    (-,-) 
  PC1/IR_reg[30]/Q       -       CK->Q F     DFFX1          3  12.3   102   491     491    (-,-) 
  PC1/g43941__4733/Y     -       A->Y  R     NOR2X2         2   8.3   130   160     651    (-,-) 
  PC1/g43922__8428/Y     -       B->Y  R     CLKAND2X2      2  16.7   106   224     875    (-,-) 
  PC1/g43628__2883/Y     -       A->Y  F     NAND2X4        7  29.1   112   140    1015    (-,-) 
  PC1/g43624__6161/Y     -       B->Y  R     NAND2X1        1   5.0    83   110    1125    (-,-) 
  PC1/g43363__5115/Y     -       B0->Y F     OAI21X1        2   8.8   136   159    1283    (-,-) 
  PC1/g43355/Y           -       A->Y  R     INVX1          3  12.9   153   175    1458    (-,-) 
  PC1/g43343__2398/Y     -       B->Y  F     NAND2X1        3  26.3   298   307    1765    (-,-) 
  PC1/g43310/Y           -       A->Y  R     CLKINVX2       2   9.1   123   147    1912    (-,-) 
  PC1/g43267__5115/Y     -       B->Y  F     NAND2X1        1  12.8   162   186    2099    (-,-) 
  PC1/g43193/Y           -       A->Y  R     CLKINVX4      32 128.6   347   324    2423    (-,-) 
  PC1/g42949__7098/Y     -       A1->Y F     AOI22X1        1   5.0   164   256    2678    (-,-) 
  PC1/g42706__2883/Y     -       B->Y  R     NAND2X1        1   7.4   125   148    2827    (-,-) 
  PC1/g42695__5122/Y     -       A->Y  F     NOR2X2         1  13.1    67   115    2942    (-,-) 
  PC1/g42616__5115/Y     -       B->Y  R     NAND2X4        9  37.3   122   120    3061    (-,-) 
  PC1/add_174_42_g1369/Y -       B->Y  F     NAND2X1        3  14.2   188   196    3258    (-,-) 
  PC1/add_174_42_g1237/Y -       A->Y  R     CLKINVX1       1   4.9   100   128    3385    (-,-) 
  PC1/add_174_42_g1236/Y -       A->Y  F     NAND2X1        1   5.0    84   115    3500    (-,-) 
  PC1/add_174_42_g1233/Y -       B->Y  R     NAND2X1        3  13.2   164   156    3656    (-,-) 
  PC1/add_174_42_g1226/Y -       B->Y  F     NAND2X1        1   7.8   117   163    3819    (-,-) 
  PC1/add_174_42_g1221/Y -       B->Y  R     NAND2X2        3  16.0   133   133    3952    (-,-) 
  PC1/add_174_42_g1219/Y -       B->Y  F     NAND2X2        1   7.8    75   116    4068    (-,-) 
  PC1/add_174_42_g1217/Y -       B->Y  R     NAND2X2        4  19.5   147   125    4193    (-,-) 
  PC1/g46347/Y           -       A1->Y F     AOI21X2        1   4.8    84   137    4330    (-,-) 
  PC1/g46346/Y           -       A->Y  R     CLKINVX1       3  13.2   150   152    4482    (-,-) 
  PC1/add_174_42_g1209/Y -       B->Y  F     NAND2X1        1   5.0    88   133    4615    (-,-) 
  PC1/add_174_42_g1206/Y -       B->Y  R     NAND2X1        3  16.0   198   178    4792    (-,-) 
  PC1/add_174_42_g1202/Y -       B->Y  F     NAND2X2        1   7.8    88   135    4928    (-,-) 
  PC1/add_174_42_g1201/Y -       B->Y  R     NAND2X2        5  21.0   153   137    5065    (-,-) 
  PC1/add_174_42_g1197/Y -       B->Y  F     NAND2X1        1   7.8   123   158    5223    (-,-) 
  PC1/add_174_42_g1196/Y -       B->Y  R     NAND2X2        4  17.1   122   140    5364    (-,-) 
  PC1/add_174_42_g1191/Y -       B->Y  F     NAND2X1        2   8.9   118   154    5518    (-,-) 
  PC1/add_174_42_g1190/Y -       A->Y  R     CLKINVX1       1   5.0    82   108    5625    (-,-) 
  PC1/add_174_42_g1186/Y -       B->Y  F     NAND2X1        1   5.0    96   104    5729    (-,-) 
  PC1/add_174_42_g1181/Y -       B->Y  R     NAND2X1        3  13.2   161   162    5891    (-,-) 
  PC1/add_174_42_g1177/Y -       B->Y  F     NAND2X1        2   9.0   127   172    6063    (-,-) 
  PC1/add_174_42_g1176/Y -       A->Y  R     INVX1          2   8.9   115   142    6205    (-,-) 
  PC1/add_174_42_g1170/Y -       B->Y  F     NAND2X1        1   7.7   122   141    6347    (-,-) 
  PC1/add_174_42_g1167/Y -       C->Y  R     NAND3X2        4  17.1   149   144    6490    (-,-) 
  PC1/add_174_42_g1162/Y -       B->Y  F     NAND2X1        2   9.0   124   167    6657    (-,-) 
  PC1/g46352/Y           -       A1->Y R     OAI21X1        4  17.1   421   374    7031    (-,-) 
  PC1/add_174_42_g1146/Y -       B->Y  F     NAND2X1        1   7.6   169   244    7275    (-,-) 
  PC1/g46345/Y           -       C0->Y R     OAI211X2       3  13.2   237   148    7424    (-,-) 
  PC1/add_174_42_g1137/Y -       B->Y  F     NAND2X1        1   7.8   133   192    7616    (-,-) 
  PC1/add_174_42_g1132/Y -       B->Y  R     NAND2X2        3  13.2   120   130    7746    (-,-) 
  PC1/add_174_42_g1131/Y -       B->Y  F     NAND2X1        1   7.8   108   144    7890    (-,-) 
  PC1/add_174_42_g1129/Y -       B->Y  R     NAND2X2        3  16.0   132   129    8019    (-,-) 
  PC1/add_174_42_g1126/Y -       B->Y  F     NAND2X2        1   5.0    62   100    8119    (-,-) 
  PC1/add_174_42_g1125/Y -       B->Y  R     NAND2X1        2   9.7   142   120    8239    (-,-) 
  PC1/add_174_42_g1123/Y -       B->Y  F     NAND2X1        1   7.8   112   154    8393    (-,-) 
  PC1/add_174_42_g1122/Y -       B->Y  R     NAND2X2        3  16.0   132   131    8524    (-,-) 
  PC1/add_174_42_g1119/Y -       B->Y  F     NAND2X2        1   7.8    75   115    8640    (-,-) 
  PC1/add_174_42_g1118/Y -       B->Y  R     NAND2X2        2  11.6   113    97    8736    (-,-) 
  PC1/add_174_42_g1115/Y -       A1->Y F     OAI21X2        2   8.9   112   127    8863    (-,-) 
  PC1/g45795/Y           -       B->Y  R     NAND2X1        1   5.0    84   110    8972    (-,-) 
  PC1/g46349/Y           -       C->Y  F     NAND3X1        1  12.9   250   228    9201    (-,-) 
  PC1/g46348/Y           -       A->Y  R     NOR2X4        16  63.2   384   393    9594    (-,-) 
  PC1/g38550/Y           -       A0->Y F     OAI21X1        1   3.6   111   214    9808    (-,-) 
  PC1/RF_reg[12][31]/D   -       -     F     DFFRX1         1     -     -     0    9808    (-,-) 
#------------------------------------------------------------------------------------------------



Path 21: MET (14 ps) Setup Check with Pin PC1/RF_reg[11][31]/CK->D
          Group: C2C
     Startpoint: (R) PC1/IR_reg[30]/CK
          Clock: (R) SYS_CLOCK
       Endpoint: (F) PC1/RF_reg[11][31]/D
          Clock: (R) SYS_CLOCK

                     Capture       Launch     
        Clock Edge:+   10000            0     
       Src Latency:+       0            0     
       Net Latency:+       0 (I)        0 (I) 
           Arrival:=   10000            0     
                                              
             Setup:-     178                  
     Required Time:=    9822                  
      Launch Clock:-       0                  
         Data Path:-    9808                  
             Slack:=      14                  

#------------------------------------------------------------------------------------------------
#     Timing Point       Flags   Arc   Edge   Cell     Fanout  Load Trans Delay Arrival Instance 
#                                                              (fF)  (ps)  (ps)   (ps)  Location 
#------------------------------------------------------------------------------------------------
  PC1/IR_reg[30]/CK      -       -     R     (arrival)    587     -     0     0       0    (-,-) 
  PC1/IR_reg[30]/Q       -       CK->Q F     DFFX1          3  12.3   102   491     491    (-,-) 
  PC1/g43941__4733/Y     -       A->Y  R     NOR2X2         2   8.3   130   160     651    (-,-) 
  PC1/g43922__8428/Y     -       B->Y  R     CLKAND2X2      2  16.7   106   224     875    (-,-) 
  PC1/g43628__2883/Y     -       A->Y  F     NAND2X4        7  29.1   112   140    1015    (-,-) 
  PC1/g43624__6161/Y     -       B->Y  R     NAND2X1        1   5.0    83   110    1125    (-,-) 
  PC1/g43363__5115/Y     -       B0->Y F     OAI21X1        2   8.8   136   159    1283    (-,-) 
  PC1/g43355/Y           -       A->Y  R     INVX1          3  12.9   153   175    1458    (-,-) 
  PC1/g43343__2398/Y     -       B->Y  F     NAND2X1        3  26.3   298   307    1765    (-,-) 
  PC1/g43310/Y           -       A->Y  R     CLKINVX2       2   9.1   123   147    1912    (-,-) 
  PC1/g43267__5115/Y     -       B->Y  F     NAND2X1        1  12.8   162   186    2099    (-,-) 
  PC1/g43193/Y           -       A->Y  R     CLKINVX4      32 128.6   347   324    2423    (-,-) 
  PC1/g42949__7098/Y     -       A1->Y F     AOI22X1        1   5.0   164   256    2678    (-,-) 
  PC1/g42706__2883/Y     -       B->Y  R     NAND2X1        1   7.4   125   148    2827    (-,-) 
  PC1/g42695__5122/Y     -       A->Y  F     NOR2X2         1  13.1    67   115    2942    (-,-) 
  PC1/g42616__5115/Y     -       B->Y  R     NAND2X4        9  37.3   122   120    3061    (-,-) 
  PC1/add_174_42_g1369/Y -       B->Y  F     NAND2X1        3  14.2   188   196    3258    (-,-) 
  PC1/add_174_42_g1237/Y -       A->Y  R     CLKINVX1       1   4.9   100   128    3385    (-,-) 
  PC1/add_174_42_g1236/Y -       A->Y  F     NAND2X1        1   5.0    84   115    3500    (-,-) 
  PC1/add_174_42_g1233/Y -       B->Y  R     NAND2X1        3  13.2   164   156    3656    (-,-) 
  PC1/add_174_42_g1226/Y -       B->Y  F     NAND2X1        1   7.8   117   163    3819    (-,-) 
  PC1/add_174_42_g1221/Y -       B->Y  R     NAND2X2        3  16.0   133   133    3952    (-,-) 
  PC1/add_174_42_g1219/Y -       B->Y  F     NAND2X2        1   7.8    75   116    4068    (-,-) 
  PC1/add_174_42_g1217/Y -       B->Y  R     NAND2X2        4  19.5   147   125    4193    (-,-) 
  PC1/g46347/Y           -       A1->Y F     AOI21X2        1   4.8    84   137    4330    (-,-) 
  PC1/g46346/Y           -       A->Y  R     CLKINVX1       3  13.2   150   152    4482    (-,-) 
  PC1/add_174_42_g1209/Y -       B->Y  F     NAND2X1        1   5.0    88   133    4615    (-,-) 
  PC1/add_174_42_g1206/Y -       B->Y  R     NAND2X1        3  16.0   198   178    4792    (-,-) 
  PC1/add_174_42_g1202/Y -       B->Y  F     NAND2X2        1   7.8    88   135    4928    (-,-) 
  PC1/add_174_42_g1201/Y -       B->Y  R     NAND2X2        5  21.0   153   137    5065    (-,-) 
  PC1/add_174_42_g1197/Y -       B->Y  F     NAND2X1        1   7.8   123   158    5223    (-,-) 
  PC1/add_174_42_g1196/Y -       B->Y  R     NAND2X2        4  17.1   122   140    5364    (-,-) 
  PC1/add_174_42_g1191/Y -       B->Y  F     NAND2X1        2   8.9   118   154    5518    (-,-) 
  PC1/add_174_42_g1190/Y -       A->Y  R     CLKINVX1       1   5.0    82   108    5625    (-,-) 
  PC1/add_174_42_g1186/Y -       B->Y  F     NAND2X1        1   5.0    96   104    5729    (-,-) 
  PC1/add_174_42_g1181/Y -       B->Y  R     NAND2X1        3  13.2   161   162    5891    (-,-) 
  PC1/add_174_42_g1177/Y -       B->Y  F     NAND2X1        2   9.0   127   172    6063    (-,-) 
  PC1/add_174_42_g1176/Y -       A->Y  R     INVX1          2   8.9   115   142    6205    (-,-) 
  PC1/add_174_42_g1170/Y -       B->Y  F     NAND2X1        1   7.7   122   141    6347    (-,-) 
  PC1/add_174_42_g1167/Y -       C->Y  R     NAND3X2        4  17.1   149   144    6490    (-,-) 
  PC1/add_174_42_g1162/Y -       B->Y  F     NAND2X1        2   9.0   124   167    6657    (-,-) 
  PC1/g46352/Y           -       A1->Y R     OAI21X1        4  17.1   421   374    7031    (-,-) 
  PC1/add_174_42_g1146/Y -       B->Y  F     NAND2X1        1   7.6   169   244    7275    (-,-) 
  PC1/g46345/Y           -       C0->Y R     OAI211X2       3  13.2   237   148    7424    (-,-) 
  PC1/add_174_42_g1137/Y -       B->Y  F     NAND2X1        1   7.8   133   192    7616    (-,-) 
  PC1/add_174_42_g1132/Y -       B->Y  R     NAND2X2        3  13.2   120   130    7746    (-,-) 
  PC1/add_174_42_g1131/Y -       B->Y  F     NAND2X1        1   7.8   108   144    7890    (-,-) 
  PC1/add_174_42_g1129/Y -       B->Y  R     NAND2X2        3  16.0   132   129    8019    (-,-) 
  PC1/add_174_42_g1126/Y -       B->Y  F     NAND2X2        1   5.0    62   100    8119    (-,-) 
  PC1/add_174_42_g1125/Y -       B->Y  R     NAND2X1        2   9.7   142   120    8239    (-,-) 
  PC1/add_174_42_g1123/Y -       B->Y  F     NAND2X1        1   7.8   112   154    8393    (-,-) 
  PC1/add_174_42_g1122/Y -       B->Y  R     NAND2X2        3  16.0   132   131    8524    (-,-) 
  PC1/add_174_42_g1119/Y -       B->Y  F     NAND2X2        1   7.8    75   115    8640    (-,-) 
  PC1/add_174_42_g1118/Y -       B->Y  R     NAND2X2        2  11.6   113    97    8736    (-,-) 
  PC1/add_174_42_g1115/Y -       A1->Y F     OAI21X2        2   8.9   112   127    8863    (-,-) 
  PC1/g45795/Y           -       B->Y  R     NAND2X1        1   5.0    84   110    8972    (-,-) 
  PC1/g46349/Y           -       C->Y  F     NAND3X1        1  12.9   250   228    9201    (-,-) 
  PC1/g46348/Y           -       A->Y  R     NOR2X4        16  63.2   384   393    9594    (-,-) 
  PC1/g38557/Y           -       A0->Y F     OAI21X1        1   3.6   111   214    9808    (-,-) 
  PC1/RF_reg[11][31]/D   -       -     F     DFFRX1         1     -     -     0    9808    (-,-) 
#------------------------------------------------------------------------------------------------



Path 22: MET (14 ps) Setup Check with Pin PC1/RF_reg[10][31]/CK->D
          Group: C2C
     Startpoint: (R) PC1/IR_reg[30]/CK
          Clock: (R) SYS_CLOCK
       Endpoint: (F) PC1/RF_reg[10][31]/D
          Clock: (R) SYS_CLOCK

                     Capture       Launch     
        Clock Edge:+   10000            0     
       Src Latency:+       0            0     
       Net Latency:+       0 (I)        0 (I) 
           Arrival:=   10000            0     
                                              
             Setup:-     178                  
     Required Time:=    9822                  
      Launch Clock:-       0                  
         Data Path:-    9808                  
             Slack:=      14                  

#------------------------------------------------------------------------------------------------
#     Timing Point       Flags   Arc   Edge   Cell     Fanout  Load Trans Delay Arrival Instance 
#                                                              (fF)  (ps)  (ps)   (ps)  Location 
#------------------------------------------------------------------------------------------------
  PC1/IR_reg[30]/CK      -       -     R     (arrival)    587     -     0     0       0    (-,-) 
  PC1/IR_reg[30]/Q       -       CK->Q F     DFFX1          3  12.3   102   491     491    (-,-) 
  PC1/g43941__4733/Y     -       A->Y  R     NOR2X2         2   8.3   130   160     651    (-,-) 
  PC1/g43922__8428/Y     -       B->Y  R     CLKAND2X2      2  16.7   106   224     875    (-,-) 
  PC1/g43628__2883/Y     -       A->Y  F     NAND2X4        7  29.1   112   140    1015    (-,-) 
  PC1/g43624__6161/Y     -       B->Y  R     NAND2X1        1   5.0    83   110    1125    (-,-) 
  PC1/g43363__5115/Y     -       B0->Y F     OAI21X1        2   8.8   136   159    1283    (-,-) 
  PC1/g43355/Y           -       A->Y  R     INVX1          3  12.9   153   175    1458    (-,-) 
  PC1/g43343__2398/Y     -       B->Y  F     NAND2X1        3  26.3   298   307    1765    (-,-) 
  PC1/g43310/Y           -       A->Y  R     CLKINVX2       2   9.1   123   147    1912    (-,-) 
  PC1/g43267__5115/Y     -       B->Y  F     NAND2X1        1  12.8   162   186    2099    (-,-) 
  PC1/g43193/Y           -       A->Y  R     CLKINVX4      32 128.6   347   324    2423    (-,-) 
  PC1/g42949__7098/Y     -       A1->Y F     AOI22X1        1   5.0   164   256    2678    (-,-) 
  PC1/g42706__2883/Y     -       B->Y  R     NAND2X1        1   7.4   125   148    2827    (-,-) 
  PC1/g42695__5122/Y     -       A->Y  F     NOR2X2         1  13.1    67   115    2942    (-,-) 
  PC1/g42616__5115/Y     -       B->Y  R     NAND2X4        9  37.3   122   120    3061    (-,-) 
  PC1/add_174_42_g1369/Y -       B->Y  F     NAND2X1        3  14.2   188   196    3258    (-,-) 
  PC1/add_174_42_g1237/Y -       A->Y  R     CLKINVX1       1   4.9   100   128    3385    (-,-) 
  PC1/add_174_42_g1236/Y -       A->Y  F     NAND2X1        1   5.0    84   115    3500    (-,-) 
  PC1/add_174_42_g1233/Y -       B->Y  R     NAND2X1        3  13.2   164   156    3656    (-,-) 
  PC1/add_174_42_g1226/Y -       B->Y  F     NAND2X1        1   7.8   117   163    3819    (-,-) 
  PC1/add_174_42_g1221/Y -       B->Y  R     NAND2X2        3  16.0   133   133    3952    (-,-) 
  PC1/add_174_42_g1219/Y -       B->Y  F     NAND2X2        1   7.8    75   116    4068    (-,-) 
  PC1/add_174_42_g1217/Y -       B->Y  R     NAND2X2        4  19.5   147   125    4193    (-,-) 
  PC1/g46347/Y           -       A1->Y F     AOI21X2        1   4.8    84   137    4330    (-,-) 
  PC1/g46346/Y           -       A->Y  R     CLKINVX1       3  13.2   150   152    4482    (-,-) 
  PC1/add_174_42_g1209/Y -       B->Y  F     NAND2X1        1   5.0    88   133    4615    (-,-) 
  PC1/add_174_42_g1206/Y -       B->Y  R     NAND2X1        3  16.0   198   178    4792    (-,-) 
  PC1/add_174_42_g1202/Y -       B->Y  F     NAND2X2        1   7.8    88   135    4928    (-,-) 
  PC1/add_174_42_g1201/Y -       B->Y  R     NAND2X2        5  21.0   153   137    5065    (-,-) 
  PC1/add_174_42_g1197/Y -       B->Y  F     NAND2X1        1   7.8   123   158    5223    (-,-) 
  PC1/add_174_42_g1196/Y -       B->Y  R     NAND2X2        4  17.1   122   140    5364    (-,-) 
  PC1/add_174_42_g1191/Y -       B->Y  F     NAND2X1        2   8.9   118   154    5518    (-,-) 
  PC1/add_174_42_g1190/Y -       A->Y  R     CLKINVX1       1   5.0    82   108    5625    (-,-) 
  PC1/add_174_42_g1186/Y -       B->Y  F     NAND2X1        1   5.0    96   104    5729    (-,-) 
  PC1/add_174_42_g1181/Y -       B->Y  R     NAND2X1        3  13.2   161   162    5891    (-,-) 
  PC1/add_174_42_g1177/Y -       B->Y  F     NAND2X1        2   9.0   127   172    6063    (-,-) 
  PC1/add_174_42_g1176/Y -       A->Y  R     INVX1          2   8.9   115   142    6205    (-,-) 
  PC1/add_174_42_g1170/Y -       B->Y  F     NAND2X1        1   7.7   122   141    6347    (-,-) 
  PC1/add_174_42_g1167/Y -       C->Y  R     NAND3X2        4  17.1   149   144    6490    (-,-) 
  PC1/add_174_42_g1162/Y -       B->Y  F     NAND2X1        2   9.0   124   167    6657    (-,-) 
  PC1/g46352/Y           -       A1->Y R     OAI21X1        4  17.1   421   374    7031    (-,-) 
  PC1/add_174_42_g1146/Y -       B->Y  F     NAND2X1        1   7.6   169   244    7275    (-,-) 
  PC1/g46345/Y           -       C0->Y R     OAI211X2       3  13.2   237   148    7424    (-,-) 
  PC1/add_174_42_g1137/Y -       B->Y  F     NAND2X1        1   7.8   133   192    7616    (-,-) 
  PC1/add_174_42_g1132/Y -       B->Y  R     NAND2X2        3  13.2   120   130    7746    (-,-) 
  PC1/add_174_42_g1131/Y -       B->Y  F     NAND2X1        1   7.8   108   144    7890    (-,-) 
  PC1/add_174_42_g1129/Y -       B->Y  R     NAND2X2        3  16.0   132   129    8019    (-,-) 
  PC1/add_174_42_g1126/Y -       B->Y  F     NAND2X2        1   5.0    62   100    8119    (-,-) 
  PC1/add_174_42_g1125/Y -       B->Y  R     NAND2X1        2   9.7   142   120    8239    (-,-) 
  PC1/add_174_42_g1123/Y -       B->Y  F     NAND2X1        1   7.8   112   154    8393    (-,-) 
  PC1/add_174_42_g1122/Y -       B->Y  R     NAND2X2        3  16.0   132   131    8524    (-,-) 
  PC1/add_174_42_g1119/Y -       B->Y  F     NAND2X2        1   7.8    75   115    8640    (-,-) 
  PC1/add_174_42_g1118/Y -       B->Y  R     NAND2X2        2  11.6   113    97    8736    (-,-) 
  PC1/add_174_42_g1115/Y -       A1->Y F     OAI21X2        2   8.9   112   127    8863    (-,-) 
  PC1/g45795/Y           -       B->Y  R     NAND2X1        1   5.0    84   110    8972    (-,-) 
  PC1/g46349/Y           -       C->Y  F     NAND3X1        1  12.9   250   228    9201    (-,-) 
  PC1/g46348/Y           -       A->Y  R     NOR2X4        16  63.2   384   393    9594    (-,-) 
  PC1/g38556/Y           -       A0->Y F     OAI21X1        1   3.6   111   214    9808    (-,-) 
  PC1/RF_reg[10][31]/D   -       -     F     DFFRX1         1     -     -     0    9808    (-,-) 
#------------------------------------------------------------------------------------------------



Path 23: MET (14 ps) Setup Check with Pin PC1/RF_reg[9][31]/CK->D
          Group: C2C
     Startpoint: (R) PC1/IR_reg[30]/CK
          Clock: (R) SYS_CLOCK
       Endpoint: (F) PC1/RF_reg[9][31]/D
          Clock: (R) SYS_CLOCK

                     Capture       Launch     
        Clock Edge:+   10000            0     
       Src Latency:+       0            0     
       Net Latency:+       0 (I)        0 (I) 
           Arrival:=   10000            0     
                                              
             Setup:-     178                  
     Required Time:=    9822                  
      Launch Clock:-       0                  
         Data Path:-    9808                  
             Slack:=      14                  

#------------------------------------------------------------------------------------------------
#     Timing Point       Flags   Arc   Edge   Cell     Fanout  Load Trans Delay Arrival Instance 
#                                                              (fF)  (ps)  (ps)   (ps)  Location 
#------------------------------------------------------------------------------------------------
  PC1/IR_reg[30]/CK      -       -     R     (arrival)    587     -     0     0       0    (-,-) 
  PC1/IR_reg[30]/Q       -       CK->Q F     DFFX1          3  12.3   102   491     491    (-,-) 
  PC1/g43941__4733/Y     -       A->Y  R     NOR2X2         2   8.3   130   160     651    (-,-) 
  PC1/g43922__8428/Y     -       B->Y  R     CLKAND2X2      2  16.7   106   224     875    (-,-) 
  PC1/g43628__2883/Y     -       A->Y  F     NAND2X4        7  29.1   112   140    1015    (-,-) 
  PC1/g43624__6161/Y     -       B->Y  R     NAND2X1        1   5.0    83   110    1125    (-,-) 
  PC1/g43363__5115/Y     -       B0->Y F     OAI21X1        2   8.8   136   159    1283    (-,-) 
  PC1/g43355/Y           -       A->Y  R     INVX1          3  12.9   153   175    1458    (-,-) 
  PC1/g43343__2398/Y     -       B->Y  F     NAND2X1        3  26.3   298   307    1765    (-,-) 
  PC1/g43310/Y           -       A->Y  R     CLKINVX2       2   9.1   123   147    1912    (-,-) 
  PC1/g43267__5115/Y     -       B->Y  F     NAND2X1        1  12.8   162   186    2099    (-,-) 
  PC1/g43193/Y           -       A->Y  R     CLKINVX4      32 128.6   347   324    2423    (-,-) 
  PC1/g42949__7098/Y     -       A1->Y F     AOI22X1        1   5.0   164   256    2678    (-,-) 
  PC1/g42706__2883/Y     -       B->Y  R     NAND2X1        1   7.4   125   148    2827    (-,-) 
  PC1/g42695__5122/Y     -       A->Y  F     NOR2X2         1  13.1    67   115    2942    (-,-) 
  PC1/g42616__5115/Y     -       B->Y  R     NAND2X4        9  37.3   122   120    3061    (-,-) 
  PC1/add_174_42_g1369/Y -       B->Y  F     NAND2X1        3  14.2   188   196    3258    (-,-) 
  PC1/add_174_42_g1237/Y -       A->Y  R     CLKINVX1       1   4.9   100   128    3385    (-,-) 
  PC1/add_174_42_g1236/Y -       A->Y  F     NAND2X1        1   5.0    84   115    3500    (-,-) 
  PC1/add_174_42_g1233/Y -       B->Y  R     NAND2X1        3  13.2   164   156    3656    (-,-) 
  PC1/add_174_42_g1226/Y -       B->Y  F     NAND2X1        1   7.8   117   163    3819    (-,-) 
  PC1/add_174_42_g1221/Y -       B->Y  R     NAND2X2        3  16.0   133   133    3952    (-,-) 
  PC1/add_174_42_g1219/Y -       B->Y  F     NAND2X2        1   7.8    75   116    4068    (-,-) 
  PC1/add_174_42_g1217/Y -       B->Y  R     NAND2X2        4  19.5   147   125    4193    (-,-) 
  PC1/g46347/Y           -       A1->Y F     AOI21X2        1   4.8    84   137    4330    (-,-) 
  PC1/g46346/Y           -       A->Y  R     CLKINVX1       3  13.2   150   152    4482    (-,-) 
  PC1/add_174_42_g1209/Y -       B->Y  F     NAND2X1        1   5.0    88   133    4615    (-,-) 
  PC1/add_174_42_g1206/Y -       B->Y  R     NAND2X1        3  16.0   198   178    4792    (-,-) 
  PC1/add_174_42_g1202/Y -       B->Y  F     NAND2X2        1   7.8    88   135    4928    (-,-) 
  PC1/add_174_42_g1201/Y -       B->Y  R     NAND2X2        5  21.0   153   137    5065    (-,-) 
  PC1/add_174_42_g1197/Y -       B->Y  F     NAND2X1        1   7.8   123   158    5223    (-,-) 
  PC1/add_174_42_g1196/Y -       B->Y  R     NAND2X2        4  17.1   122   140    5364    (-,-) 
  PC1/add_174_42_g1191/Y -       B->Y  F     NAND2X1        2   8.9   118   154    5518    (-,-) 
  PC1/add_174_42_g1190/Y -       A->Y  R     CLKINVX1       1   5.0    82   108    5625    (-,-) 
  PC1/add_174_42_g1186/Y -       B->Y  F     NAND2X1        1   5.0    96   104    5729    (-,-) 
  PC1/add_174_42_g1181/Y -       B->Y  R     NAND2X1        3  13.2   161   162    5891    (-,-) 
  PC1/add_174_42_g1177/Y -       B->Y  F     NAND2X1        2   9.0   127   172    6063    (-,-) 
  PC1/add_174_42_g1176/Y -       A->Y  R     INVX1          2   8.9   115   142    6205    (-,-) 
  PC1/add_174_42_g1170/Y -       B->Y  F     NAND2X1        1   7.7   122   141    6347    (-,-) 
  PC1/add_174_42_g1167/Y -       C->Y  R     NAND3X2        4  17.1   149   144    6490    (-,-) 
  PC1/add_174_42_g1162/Y -       B->Y  F     NAND2X1        2   9.0   124   167    6657    (-,-) 
  PC1/g46352/Y           -       A1->Y R     OAI21X1        4  17.1   421   374    7031    (-,-) 
  PC1/add_174_42_g1146/Y -       B->Y  F     NAND2X1        1   7.6   169   244    7275    (-,-) 
  PC1/g46345/Y           -       C0->Y R     OAI211X2       3  13.2   237   148    7424    (-,-) 
  PC1/add_174_42_g1137/Y -       B->Y  F     NAND2X1        1   7.8   133   192    7616    (-,-) 
  PC1/add_174_42_g1132/Y -       B->Y  R     NAND2X2        3  13.2   120   130    7746    (-,-) 
  PC1/add_174_42_g1131/Y -       B->Y  F     NAND2X1        1   7.8   108   144    7890    (-,-) 
  PC1/add_174_42_g1129/Y -       B->Y  R     NAND2X2        3  16.0   132   129    8019    (-,-) 
  PC1/add_174_42_g1126/Y -       B->Y  F     NAND2X2        1   5.0    62   100    8119    (-,-) 
  PC1/add_174_42_g1125/Y -       B->Y  R     NAND2X1        2   9.7   142   120    8239    (-,-) 
  PC1/add_174_42_g1123/Y -       B->Y  F     NAND2X1        1   7.8   112   154    8393    (-,-) 
  PC1/add_174_42_g1122/Y -       B->Y  R     NAND2X2        3  16.0   132   131    8524    (-,-) 
  PC1/add_174_42_g1119/Y -       B->Y  F     NAND2X2        1   7.8    75   115    8640    (-,-) 
  PC1/add_174_42_g1118/Y -       B->Y  R     NAND2X2        2  11.6   113    97    8736    (-,-) 
  PC1/add_174_42_g1115/Y -       A1->Y F     OAI21X2        2   8.9   112   127    8863    (-,-) 
  PC1/g45795/Y           -       B->Y  R     NAND2X1        1   5.0    84   110    8972    (-,-) 
  PC1/g46349/Y           -       C->Y  F     NAND3X1        1  12.9   250   228    9201    (-,-) 
  PC1/g46348/Y           -       A->Y  R     NOR2X4        16  63.2   384   393    9594    (-,-) 
  PC1/g38548/Y           -       A0->Y F     OAI21X1        1   3.6   111   214    9808    (-,-) 
  PC1/RF_reg[9][31]/D    -       -     F     DFFRX1         1     -     -     0    9808    (-,-) 
#------------------------------------------------------------------------------------------------



Path 24: MET (14 ps) Setup Check with Pin PC1/RF_reg[8][31]/CK->D
          Group: C2C
     Startpoint: (R) PC1/IR_reg[30]/CK
          Clock: (R) SYS_CLOCK
       Endpoint: (F) PC1/RF_reg[8][31]/D
          Clock: (R) SYS_CLOCK

                     Capture       Launch     
        Clock Edge:+   10000            0     
       Src Latency:+       0            0     
       Net Latency:+       0 (I)        0 (I) 
           Arrival:=   10000            0     
                                              
             Setup:-     178                  
     Required Time:=    9822                  
      Launch Clock:-       0                  
         Data Path:-    9808                  
             Slack:=      14                  

#------------------------------------------------------------------------------------------------
#     Timing Point       Flags   Arc   Edge   Cell     Fanout  Load Trans Delay Arrival Instance 
#                                                              (fF)  (ps)  (ps)   (ps)  Location 
#------------------------------------------------------------------------------------------------
  PC1/IR_reg[30]/CK      -       -     R     (arrival)    587     -     0     0       0    (-,-) 
  PC1/IR_reg[30]/Q       -       CK->Q F     DFFX1          3  12.3   102   491     491    (-,-) 
  PC1/g43941__4733/Y     -       A->Y  R     NOR2X2         2   8.3   130   160     651    (-,-) 
  PC1/g43922__8428/Y     -       B->Y  R     CLKAND2X2      2  16.7   106   224     875    (-,-) 
  PC1/g43628__2883/Y     -       A->Y  F     NAND2X4        7  29.1   112   140    1015    (-,-) 
  PC1/g43624__6161/Y     -       B->Y  R     NAND2X1        1   5.0    83   110    1125    (-,-) 
  PC1/g43363__5115/Y     -       B0->Y F     OAI21X1        2   8.8   136   159    1283    (-,-) 
  PC1/g43355/Y           -       A->Y  R     INVX1          3  12.9   153   175    1458    (-,-) 
  PC1/g43343__2398/Y     -       B->Y  F     NAND2X1        3  26.3   298   307    1765    (-,-) 
  PC1/g43310/Y           -       A->Y  R     CLKINVX2       2   9.1   123   147    1912    (-,-) 
  PC1/g43267__5115/Y     -       B->Y  F     NAND2X1        1  12.8   162   186    2099    (-,-) 
  PC1/g43193/Y           -       A->Y  R     CLKINVX4      32 128.6   347   324    2423    (-,-) 
  PC1/g42949__7098/Y     -       A1->Y F     AOI22X1        1   5.0   164   256    2678    (-,-) 
  PC1/g42706__2883/Y     -       B->Y  R     NAND2X1        1   7.4   125   148    2827    (-,-) 
  PC1/g42695__5122/Y     -       A->Y  F     NOR2X2         1  13.1    67   115    2942    (-,-) 
  PC1/g42616__5115/Y     -       B->Y  R     NAND2X4        9  37.3   122   120    3061    (-,-) 
  PC1/add_174_42_g1369/Y -       B->Y  F     NAND2X1        3  14.2   188   196    3258    (-,-) 
  PC1/add_174_42_g1237/Y -       A->Y  R     CLKINVX1       1   4.9   100   128    3385    (-,-) 
  PC1/add_174_42_g1236/Y -       A->Y  F     NAND2X1        1   5.0    84   115    3500    (-,-) 
  PC1/add_174_42_g1233/Y -       B->Y  R     NAND2X1        3  13.2   164   156    3656    (-,-) 
  PC1/add_174_42_g1226/Y -       B->Y  F     NAND2X1        1   7.8   117   163    3819    (-,-) 
  PC1/add_174_42_g1221/Y -       B->Y  R     NAND2X2        3  16.0   133   133    3952    (-,-) 
  PC1/add_174_42_g1219/Y -       B->Y  F     NAND2X2        1   7.8    75   116    4068    (-,-) 
  PC1/add_174_42_g1217/Y -       B->Y  R     NAND2X2        4  19.5   147   125    4193    (-,-) 
  PC1/g46347/Y           -       A1->Y F     AOI21X2        1   4.8    84   137    4330    (-,-) 
  PC1/g46346/Y           -       A->Y  R     CLKINVX1       3  13.2   150   152    4482    (-,-) 
  PC1/add_174_42_g1209/Y -       B->Y  F     NAND2X1        1   5.0    88   133    4615    (-,-) 
  PC1/add_174_42_g1206/Y -       B->Y  R     NAND2X1        3  16.0   198   178    4792    (-,-) 
  PC1/add_174_42_g1202/Y -       B->Y  F     NAND2X2        1   7.8    88   135    4928    (-,-) 
  PC1/add_174_42_g1201/Y -       B->Y  R     NAND2X2        5  21.0   153   137    5065    (-,-) 
  PC1/add_174_42_g1197/Y -       B->Y  F     NAND2X1        1   7.8   123   158    5223    (-,-) 
  PC1/add_174_42_g1196/Y -       B->Y  R     NAND2X2        4  17.1   122   140    5364    (-,-) 
  PC1/add_174_42_g1191/Y -       B->Y  F     NAND2X1        2   8.9   118   154    5518    (-,-) 
  PC1/add_174_42_g1190/Y -       A->Y  R     CLKINVX1       1   5.0    82   108    5625    (-,-) 
  PC1/add_174_42_g1186/Y -       B->Y  F     NAND2X1        1   5.0    96   104    5729    (-,-) 
  PC1/add_174_42_g1181/Y -       B->Y  R     NAND2X1        3  13.2   161   162    5891    (-,-) 
  PC1/add_174_42_g1177/Y -       B->Y  F     NAND2X1        2   9.0   127   172    6063    (-,-) 
  PC1/add_174_42_g1176/Y -       A->Y  R     INVX1          2   8.9   115   142    6205    (-,-) 
  PC1/add_174_42_g1170/Y -       B->Y  F     NAND2X1        1   7.7   122   141    6347    (-,-) 
  PC1/add_174_42_g1167/Y -       C->Y  R     NAND3X2        4  17.1   149   144    6490    (-,-) 
  PC1/add_174_42_g1162/Y -       B->Y  F     NAND2X1        2   9.0   124   167    6657    (-,-) 
  PC1/g46352/Y           -       A1->Y R     OAI21X1        4  17.1   421   374    7031    (-,-) 
  PC1/add_174_42_g1146/Y -       B->Y  F     NAND2X1        1   7.6   169   244    7275    (-,-) 
  PC1/g46345/Y           -       C0->Y R     OAI211X2       3  13.2   237   148    7424    (-,-) 
  PC1/add_174_42_g1137/Y -       B->Y  F     NAND2X1        1   7.8   133   192    7616    (-,-) 
  PC1/add_174_42_g1132/Y -       B->Y  R     NAND2X2        3  13.2   120   130    7746    (-,-) 
  PC1/add_174_42_g1131/Y -       B->Y  F     NAND2X1        1   7.8   108   144    7890    (-,-) 
  PC1/add_174_42_g1129/Y -       B->Y  R     NAND2X2        3  16.0   132   129    8019    (-,-) 
  PC1/add_174_42_g1126/Y -       B->Y  F     NAND2X2        1   5.0    62   100    8119    (-,-) 
  PC1/add_174_42_g1125/Y -       B->Y  R     NAND2X1        2   9.7   142   120    8239    (-,-) 
  PC1/add_174_42_g1123/Y -       B->Y  F     NAND2X1        1   7.8   112   154    8393    (-,-) 
  PC1/add_174_42_g1122/Y -       B->Y  R     NAND2X2        3  16.0   132   131    8524    (-,-) 
  PC1/add_174_42_g1119/Y -       B->Y  F     NAND2X2        1   7.8    75   115    8640    (-,-) 
  PC1/add_174_42_g1118/Y -       B->Y  R     NAND2X2        2  11.6   113    97    8736    (-,-) 
  PC1/add_174_42_g1115/Y -       A1->Y F     OAI21X2        2   8.9   112   127    8863    (-,-) 
  PC1/g45795/Y           -       B->Y  R     NAND2X1        1   5.0    84   110    8972    (-,-) 
  PC1/g46349/Y           -       C->Y  F     NAND3X1        1  12.9   250   228    9201    (-,-) 
  PC1/g46348/Y           -       A->Y  R     NOR2X4        16  63.2   384   393    9594    (-,-) 
  PC1/g38546/Y           -       A0->Y F     OAI21X1        1   3.6   111   214    9808    (-,-) 
  PC1/RF_reg[8][31]/D    -       -     F     DFFRX1         1     -     -     0    9808    (-,-) 
#------------------------------------------------------------------------------------------------



Path 25: MET (14 ps) Setup Check with Pin PC1/RF_reg[7][31]/CK->D
          Group: C2C
     Startpoint: (R) PC1/IR_reg[30]/CK
          Clock: (R) SYS_CLOCK
       Endpoint: (F) PC1/RF_reg[7][31]/D
          Clock: (R) SYS_CLOCK

                     Capture       Launch     
        Clock Edge:+   10000            0     
       Src Latency:+       0            0     
       Net Latency:+       0 (I)        0 (I) 
           Arrival:=   10000            0     
                                              
             Setup:-     178                  
     Required Time:=    9822                  
      Launch Clock:-       0                  
         Data Path:-    9808                  
             Slack:=      14                  

#------------------------------------------------------------------------------------------------
#     Timing Point       Flags   Arc   Edge   Cell     Fanout  Load Trans Delay Arrival Instance 
#                                                              (fF)  (ps)  (ps)   (ps)  Location 
#------------------------------------------------------------------------------------------------
  PC1/IR_reg[30]/CK      -       -     R     (arrival)    587     -     0     0       0    (-,-) 
  PC1/IR_reg[30]/Q       -       CK->Q F     DFFX1          3  12.3   102   491     491    (-,-) 
  PC1/g43941__4733/Y     -       A->Y  R     NOR2X2         2   8.3   130   160     651    (-,-) 
  PC1/g43922__8428/Y     -       B->Y  R     CLKAND2X2      2  16.7   106   224     875    (-,-) 
  PC1/g43628__2883/Y     -       A->Y  F     NAND2X4        7  29.1   112   140    1015    (-,-) 
  PC1/g43624__6161/Y     -       B->Y  R     NAND2X1        1   5.0    83   110    1125    (-,-) 
  PC1/g43363__5115/Y     -       B0->Y F     OAI21X1        2   8.8   136   159    1283    (-,-) 
  PC1/g43355/Y           -       A->Y  R     INVX1          3  12.9   153   175    1458    (-,-) 
  PC1/g43343__2398/Y     -       B->Y  F     NAND2X1        3  26.3   298   307    1765    (-,-) 
  PC1/g43310/Y           -       A->Y  R     CLKINVX2       2   9.1   123   147    1912    (-,-) 
  PC1/g43267__5115/Y     -       B->Y  F     NAND2X1        1  12.8   162   186    2099    (-,-) 
  PC1/g43193/Y           -       A->Y  R     CLKINVX4      32 128.6   347   324    2423    (-,-) 
  PC1/g42949__7098/Y     -       A1->Y F     AOI22X1        1   5.0   164   256    2678    (-,-) 
  PC1/g42706__2883/Y     -       B->Y  R     NAND2X1        1   7.4   125   148    2827    (-,-) 
  PC1/g42695__5122/Y     -       A->Y  F     NOR2X2         1  13.1    67   115    2942    (-,-) 
  PC1/g42616__5115/Y     -       B->Y  R     NAND2X4        9  37.3   122   120    3061    (-,-) 
  PC1/add_174_42_g1369/Y -       B->Y  F     NAND2X1        3  14.2   188   196    3258    (-,-) 
  PC1/add_174_42_g1237/Y -       A->Y  R     CLKINVX1       1   4.9   100   128    3385    (-,-) 
  PC1/add_174_42_g1236/Y -       A->Y  F     NAND2X1        1   5.0    84   115    3500    (-,-) 
  PC1/add_174_42_g1233/Y -       B->Y  R     NAND2X1        3  13.2   164   156    3656    (-,-) 
  PC1/add_174_42_g1226/Y -       B->Y  F     NAND2X1        1   7.8   117   163    3819    (-,-) 
  PC1/add_174_42_g1221/Y -       B->Y  R     NAND2X2        3  16.0   133   133    3952    (-,-) 
  PC1/add_174_42_g1219/Y -       B->Y  F     NAND2X2        1   7.8    75   116    4068    (-,-) 
  PC1/add_174_42_g1217/Y -       B->Y  R     NAND2X2        4  19.5   147   125    4193    (-,-) 
  PC1/g46347/Y           -       A1->Y F     AOI21X2        1   4.8    84   137    4330    (-,-) 
  PC1/g46346/Y           -       A->Y  R     CLKINVX1       3  13.2   150   152    4482    (-,-) 
  PC1/add_174_42_g1209/Y -       B->Y  F     NAND2X1        1   5.0    88   133    4615    (-,-) 
  PC1/add_174_42_g1206/Y -       B->Y  R     NAND2X1        3  16.0   198   178    4792    (-,-) 
  PC1/add_174_42_g1202/Y -       B->Y  F     NAND2X2        1   7.8    88   135    4928    (-,-) 
  PC1/add_174_42_g1201/Y -       B->Y  R     NAND2X2        5  21.0   153   137    5065    (-,-) 
  PC1/add_174_42_g1197/Y -       B->Y  F     NAND2X1        1   7.8   123   158    5223    (-,-) 
  PC1/add_174_42_g1196/Y -       B->Y  R     NAND2X2        4  17.1   122   140    5364    (-,-) 
  PC1/add_174_42_g1191/Y -       B->Y  F     NAND2X1        2   8.9   118   154    5518    (-,-) 
  PC1/add_174_42_g1190/Y -       A->Y  R     CLKINVX1       1   5.0    82   108    5625    (-,-) 
  PC1/add_174_42_g1186/Y -       B->Y  F     NAND2X1        1   5.0    96   104    5729    (-,-) 
  PC1/add_174_42_g1181/Y -       B->Y  R     NAND2X1        3  13.2   161   162    5891    (-,-) 
  PC1/add_174_42_g1177/Y -       B->Y  F     NAND2X1        2   9.0   127   172    6063    (-,-) 
  PC1/add_174_42_g1176/Y -       A->Y  R     INVX1          2   8.9   115   142    6205    (-,-) 
  PC1/add_174_42_g1170/Y -       B->Y  F     NAND2X1        1   7.7   122   141    6347    (-,-) 
  PC1/add_174_42_g1167/Y -       C->Y  R     NAND3X2        4  17.1   149   144    6490    (-,-) 
  PC1/add_174_42_g1162/Y -       B->Y  F     NAND2X1        2   9.0   124   167    6657    (-,-) 
  PC1/g46352/Y           -       A1->Y R     OAI21X1        4  17.1   421   374    7031    (-,-) 
  PC1/add_174_42_g1146/Y -       B->Y  F     NAND2X1        1   7.6   169   244    7275    (-,-) 
  PC1/g46345/Y           -       C0->Y R     OAI211X2       3  13.2   237   148    7424    (-,-) 
  PC1/add_174_42_g1137/Y -       B->Y  F     NAND2X1        1   7.8   133   192    7616    (-,-) 
  PC1/add_174_42_g1132/Y -       B->Y  R     NAND2X2        3  13.2   120   130    7746    (-,-) 
  PC1/add_174_42_g1131/Y -       B->Y  F     NAND2X1        1   7.8   108   144    7890    (-,-) 
  PC1/add_174_42_g1129/Y -       B->Y  R     NAND2X2        3  16.0   132   129    8019    (-,-) 
  PC1/add_174_42_g1126/Y -       B->Y  F     NAND2X2        1   5.0    62   100    8119    (-,-) 
  PC1/add_174_42_g1125/Y -       B->Y  R     NAND2X1        2   9.7   142   120    8239    (-,-) 
  PC1/add_174_42_g1123/Y -       B->Y  F     NAND2X1        1   7.8   112   154    8393    (-,-) 
  PC1/add_174_42_g1122/Y -       B->Y  R     NAND2X2        3  16.0   132   131    8524    (-,-) 
  PC1/add_174_42_g1119/Y -       B->Y  F     NAND2X2        1   7.8    75   115    8640    (-,-) 
  PC1/add_174_42_g1118/Y -       B->Y  R     NAND2X2        2  11.6   113    97    8736    (-,-) 
  PC1/add_174_42_g1115/Y -       A1->Y F     OAI21X2        2   8.9   112   127    8863    (-,-) 
  PC1/g45795/Y           -       B->Y  R     NAND2X1        1   5.0    84   110    8972    (-,-) 
  PC1/g46349/Y           -       C->Y  F     NAND3X1        1  12.9   250   228    9201    (-,-) 
  PC1/g46348/Y           -       A->Y  R     NOR2X4        16  63.2   384   393    9594    (-,-) 
  PC1/g38561/Y           -       A0->Y F     OAI21X1        1   3.6   111   214    9808    (-,-) 
  PC1/RF_reg[7][31]/D    -       -     F     DFFRX1         1     -     -     0    9808    (-,-) 
#------------------------------------------------------------------------------------------------



Path 26: MET (14 ps) Setup Check with Pin PC1/RF_reg[6][31]/CK->D
          Group: C2C
     Startpoint: (R) PC1/IR_reg[30]/CK
          Clock: (R) SYS_CLOCK
       Endpoint: (F) PC1/RF_reg[6][31]/D
          Clock: (R) SYS_CLOCK

                     Capture       Launch     
        Clock Edge:+   10000            0     
       Src Latency:+       0            0     
       Net Latency:+       0 (I)        0 (I) 
           Arrival:=   10000            0     
                                              
             Setup:-     178                  
     Required Time:=    9822                  
      Launch Clock:-       0                  
         Data Path:-    9808                  
             Slack:=      14                  

#------------------------------------------------------------------------------------------------
#     Timing Point       Flags   Arc   Edge   Cell     Fanout  Load Trans Delay Arrival Instance 
#                                                              (fF)  (ps)  (ps)   (ps)  Location 
#------------------------------------------------------------------------------------------------
  PC1/IR_reg[30]/CK      -       -     R     (arrival)    587     -     0     0       0    (-,-) 
  PC1/IR_reg[30]/Q       -       CK->Q F     DFFX1          3  12.3   102   491     491    (-,-) 
  PC1/g43941__4733/Y     -       A->Y  R     NOR2X2         2   8.3   130   160     651    (-,-) 
  PC1/g43922__8428/Y     -       B->Y  R     CLKAND2X2      2  16.7   106   224     875    (-,-) 
  PC1/g43628__2883/Y     -       A->Y  F     NAND2X4        7  29.1   112   140    1015    (-,-) 
  PC1/g43624__6161/Y     -       B->Y  R     NAND2X1        1   5.0    83   110    1125    (-,-) 
  PC1/g43363__5115/Y     -       B0->Y F     OAI21X1        2   8.8   136   159    1283    (-,-) 
  PC1/g43355/Y           -       A->Y  R     INVX1          3  12.9   153   175    1458    (-,-) 
  PC1/g43343__2398/Y     -       B->Y  F     NAND2X1        3  26.3   298   307    1765    (-,-) 
  PC1/g43310/Y           -       A->Y  R     CLKINVX2       2   9.1   123   147    1912    (-,-) 
  PC1/g43267__5115/Y     -       B->Y  F     NAND2X1        1  12.8   162   186    2099    (-,-) 
  PC1/g43193/Y           -       A->Y  R     CLKINVX4      32 128.6   347   324    2423    (-,-) 
  PC1/g42949__7098/Y     -       A1->Y F     AOI22X1        1   5.0   164   256    2678    (-,-) 
  PC1/g42706__2883/Y     -       B->Y  R     NAND2X1        1   7.4   125   148    2827    (-,-) 
  PC1/g42695__5122/Y     -       A->Y  F     NOR2X2         1  13.1    67   115    2942    (-,-) 
  PC1/g42616__5115/Y     -       B->Y  R     NAND2X4        9  37.3   122   120    3061    (-,-) 
  PC1/add_174_42_g1369/Y -       B->Y  F     NAND2X1        3  14.2   188   196    3258    (-,-) 
  PC1/add_174_42_g1237/Y -       A->Y  R     CLKINVX1       1   4.9   100   128    3385    (-,-) 
  PC1/add_174_42_g1236/Y -       A->Y  F     NAND2X1        1   5.0    84   115    3500    (-,-) 
  PC1/add_174_42_g1233/Y -       B->Y  R     NAND2X1        3  13.2   164   156    3656    (-,-) 
  PC1/add_174_42_g1226/Y -       B->Y  F     NAND2X1        1   7.8   117   163    3819    (-,-) 
  PC1/add_174_42_g1221/Y -       B->Y  R     NAND2X2        3  16.0   133   133    3952    (-,-) 
  PC1/add_174_42_g1219/Y -       B->Y  F     NAND2X2        1   7.8    75   116    4068    (-,-) 
  PC1/add_174_42_g1217/Y -       B->Y  R     NAND2X2        4  19.5   147   125    4193    (-,-) 
  PC1/g46347/Y           -       A1->Y F     AOI21X2        1   4.8    84   137    4330    (-,-) 
  PC1/g46346/Y           -       A->Y  R     CLKINVX1       3  13.2   150   152    4482    (-,-) 
  PC1/add_174_42_g1209/Y -       B->Y  F     NAND2X1        1   5.0    88   133    4615    (-,-) 
  PC1/add_174_42_g1206/Y -       B->Y  R     NAND2X1        3  16.0   198   178    4792    (-,-) 
  PC1/add_174_42_g1202/Y -       B->Y  F     NAND2X2        1   7.8    88   135    4928    (-,-) 
  PC1/add_174_42_g1201/Y -       B->Y  R     NAND2X2        5  21.0   153   137    5065    (-,-) 
  PC1/add_174_42_g1197/Y -       B->Y  F     NAND2X1        1   7.8   123   158    5223    (-,-) 
  PC1/add_174_42_g1196/Y -       B->Y  R     NAND2X2        4  17.1   122   140    5364    (-,-) 
  PC1/add_174_42_g1191/Y -       B->Y  F     NAND2X1        2   8.9   118   154    5518    (-,-) 
  PC1/add_174_42_g1190/Y -       A->Y  R     CLKINVX1       1   5.0    82   108    5625    (-,-) 
  PC1/add_174_42_g1186/Y -       B->Y  F     NAND2X1        1   5.0    96   104    5729    (-,-) 
  PC1/add_174_42_g1181/Y -       B->Y  R     NAND2X1        3  13.2   161   162    5891    (-,-) 
  PC1/add_174_42_g1177/Y -       B->Y  F     NAND2X1        2   9.0   127   172    6063    (-,-) 
  PC1/add_174_42_g1176/Y -       A->Y  R     INVX1          2   8.9   115   142    6205    (-,-) 
  PC1/add_174_42_g1170/Y -       B->Y  F     NAND2X1        1   7.7   122   141    6347    (-,-) 
  PC1/add_174_42_g1167/Y -       C->Y  R     NAND3X2        4  17.1   149   144    6490    (-,-) 
  PC1/add_174_42_g1162/Y -       B->Y  F     NAND2X1        2   9.0   124   167    6657    (-,-) 
  PC1/g46352/Y           -       A1->Y R     OAI21X1        4  17.1   421   374    7031    (-,-) 
  PC1/add_174_42_g1146/Y -       B->Y  F     NAND2X1        1   7.6   169   244    7275    (-,-) 
  PC1/g46345/Y           -       C0->Y R     OAI211X2       3  13.2   237   148    7424    (-,-) 
  PC1/add_174_42_g1137/Y -       B->Y  F     NAND2X1        1   7.8   133   192    7616    (-,-) 
  PC1/add_174_42_g1132/Y -       B->Y  R     NAND2X2        3  13.2   120   130    7746    (-,-) 
  PC1/add_174_42_g1131/Y -       B->Y  F     NAND2X1        1   7.8   108   144    7890    (-,-) 
  PC1/add_174_42_g1129/Y -       B->Y  R     NAND2X2        3  16.0   132   129    8019    (-,-) 
  PC1/add_174_42_g1126/Y -       B->Y  F     NAND2X2        1   5.0    62   100    8119    (-,-) 
  PC1/add_174_42_g1125/Y -       B->Y  R     NAND2X1        2   9.7   142   120    8239    (-,-) 
  PC1/add_174_42_g1123/Y -       B->Y  F     NAND2X1        1   7.8   112   154    8393    (-,-) 
  PC1/add_174_42_g1122/Y -       B->Y  R     NAND2X2        3  16.0   132   131    8524    (-,-) 
  PC1/add_174_42_g1119/Y -       B->Y  F     NAND2X2        1   7.8    75   115    8640    (-,-) 
  PC1/add_174_42_g1118/Y -       B->Y  R     NAND2X2        2  11.6   113    97    8736    (-,-) 
  PC1/add_174_42_g1115/Y -       A1->Y F     OAI21X2        2   8.9   112   127    8863    (-,-) 
  PC1/g45795/Y           -       B->Y  R     NAND2X1        1   5.0    84   110    8972    (-,-) 
  PC1/g46349/Y           -       C->Y  F     NAND3X1        1  12.9   250   228    9201    (-,-) 
  PC1/g46348/Y           -       A->Y  R     NOR2X4        16  63.2   384   393    9594    (-,-) 
  PC1/g38555/Y           -       A0->Y F     OAI21X1        1   3.6   111   214    9808    (-,-) 
  PC1/RF_reg[6][31]/D    -       -     F     DFFRX1         1     -     -     0    9808    (-,-) 
#------------------------------------------------------------------------------------------------



Path 27: MET (14 ps) Setup Check with Pin PC1/RF_reg[5][31]/CK->D
          Group: C2C
     Startpoint: (R) PC1/IR_reg[30]/CK
          Clock: (R) SYS_CLOCK
       Endpoint: (F) PC1/RF_reg[5][31]/D
          Clock: (R) SYS_CLOCK

                     Capture       Launch     
        Clock Edge:+   10000            0     
       Src Latency:+       0            0     
       Net Latency:+       0 (I)        0 (I) 
           Arrival:=   10000            0     
                                              
             Setup:-     178                  
     Required Time:=    9822                  
      Launch Clock:-       0                  
         Data Path:-    9808                  
             Slack:=      14                  

#------------------------------------------------------------------------------------------------
#     Timing Point       Flags   Arc   Edge   Cell     Fanout  Load Trans Delay Arrival Instance 
#                                                              (fF)  (ps)  (ps)   (ps)  Location 
#------------------------------------------------------------------------------------------------
  PC1/IR_reg[30]/CK      -       -     R     (arrival)    587     -     0     0       0    (-,-) 
  PC1/IR_reg[30]/Q       -       CK->Q F     DFFX1          3  12.3   102   491     491    (-,-) 
  PC1/g43941__4733/Y     -       A->Y  R     NOR2X2         2   8.3   130   160     651    (-,-) 
  PC1/g43922__8428/Y     -       B->Y  R     CLKAND2X2      2  16.7   106   224     875    (-,-) 
  PC1/g43628__2883/Y     -       A->Y  F     NAND2X4        7  29.1   112   140    1015    (-,-) 
  PC1/g43624__6161/Y     -       B->Y  R     NAND2X1        1   5.0    83   110    1125    (-,-) 
  PC1/g43363__5115/Y     -       B0->Y F     OAI21X1        2   8.8   136   159    1283    (-,-) 
  PC1/g43355/Y           -       A->Y  R     INVX1          3  12.9   153   175    1458    (-,-) 
  PC1/g43343__2398/Y     -       B->Y  F     NAND2X1        3  26.3   298   307    1765    (-,-) 
  PC1/g43310/Y           -       A->Y  R     CLKINVX2       2   9.1   123   147    1912    (-,-) 
  PC1/g43267__5115/Y     -       B->Y  F     NAND2X1        1  12.8   162   186    2099    (-,-) 
  PC1/g43193/Y           -       A->Y  R     CLKINVX4      32 128.6   347   324    2423    (-,-) 
  PC1/g42949__7098/Y     -       A1->Y F     AOI22X1        1   5.0   164   256    2678    (-,-) 
  PC1/g42706__2883/Y     -       B->Y  R     NAND2X1        1   7.4   125   148    2827    (-,-) 
  PC1/g42695__5122/Y     -       A->Y  F     NOR2X2         1  13.1    67   115    2942    (-,-) 
  PC1/g42616__5115/Y     -       B->Y  R     NAND2X4        9  37.3   122   120    3061    (-,-) 
  PC1/add_174_42_g1369/Y -       B->Y  F     NAND2X1        3  14.2   188   196    3258    (-,-) 
  PC1/add_174_42_g1237/Y -       A->Y  R     CLKINVX1       1   4.9   100   128    3385    (-,-) 
  PC1/add_174_42_g1236/Y -       A->Y  F     NAND2X1        1   5.0    84   115    3500    (-,-) 
  PC1/add_174_42_g1233/Y -       B->Y  R     NAND2X1        3  13.2   164   156    3656    (-,-) 
  PC1/add_174_42_g1226/Y -       B->Y  F     NAND2X1        1   7.8   117   163    3819    (-,-) 
  PC1/add_174_42_g1221/Y -       B->Y  R     NAND2X2        3  16.0   133   133    3952    (-,-) 
  PC1/add_174_42_g1219/Y -       B->Y  F     NAND2X2        1   7.8    75   116    4068    (-,-) 
  PC1/add_174_42_g1217/Y -       B->Y  R     NAND2X2        4  19.5   147   125    4193    (-,-) 
  PC1/g46347/Y           -       A1->Y F     AOI21X2        1   4.8    84   137    4330    (-,-) 
  PC1/g46346/Y           -       A->Y  R     CLKINVX1       3  13.2   150   152    4482    (-,-) 
  PC1/add_174_42_g1209/Y -       B->Y  F     NAND2X1        1   5.0    88   133    4615    (-,-) 
  PC1/add_174_42_g1206/Y -       B->Y  R     NAND2X1        3  16.0   198   178    4792    (-,-) 
  PC1/add_174_42_g1202/Y -       B->Y  F     NAND2X2        1   7.8    88   135    4928    (-,-) 
  PC1/add_174_42_g1201/Y -       B->Y  R     NAND2X2        5  21.0   153   137    5065    (-,-) 
  PC1/add_174_42_g1197/Y -       B->Y  F     NAND2X1        1   7.8   123   158    5223    (-,-) 
  PC1/add_174_42_g1196/Y -       B->Y  R     NAND2X2        4  17.1   122   140    5364    (-,-) 
  PC1/add_174_42_g1191/Y -       B->Y  F     NAND2X1        2   8.9   118   154    5518    (-,-) 
  PC1/add_174_42_g1190/Y -       A->Y  R     CLKINVX1       1   5.0    82   108    5625    (-,-) 
  PC1/add_174_42_g1186/Y -       B->Y  F     NAND2X1        1   5.0    96   104    5729    (-,-) 
  PC1/add_174_42_g1181/Y -       B->Y  R     NAND2X1        3  13.2   161   162    5891    (-,-) 
  PC1/add_174_42_g1177/Y -       B->Y  F     NAND2X1        2   9.0   127   172    6063    (-,-) 
  PC1/add_174_42_g1176/Y -       A->Y  R     INVX1          2   8.9   115   142    6205    (-,-) 
  PC1/add_174_42_g1170/Y -       B->Y  F     NAND2X1        1   7.7   122   141    6347    (-,-) 
  PC1/add_174_42_g1167/Y -       C->Y  R     NAND3X2        4  17.1   149   144    6490    (-,-) 
  PC1/add_174_42_g1162/Y -       B->Y  F     NAND2X1        2   9.0   124   167    6657    (-,-) 
  PC1/g46352/Y           -       A1->Y R     OAI21X1        4  17.1   421   374    7031    (-,-) 
  PC1/add_174_42_g1146/Y -       B->Y  F     NAND2X1        1   7.6   169   244    7275    (-,-) 
  PC1/g46345/Y           -       C0->Y R     OAI211X2       3  13.2   237   148    7424    (-,-) 
  PC1/add_174_42_g1137/Y -       B->Y  F     NAND2X1        1   7.8   133   192    7616    (-,-) 
  PC1/add_174_42_g1132/Y -       B->Y  R     NAND2X2        3  13.2   120   130    7746    (-,-) 
  PC1/add_174_42_g1131/Y -       B->Y  F     NAND2X1        1   7.8   108   144    7890    (-,-) 
  PC1/add_174_42_g1129/Y -       B->Y  R     NAND2X2        3  16.0   132   129    8019    (-,-) 
  PC1/add_174_42_g1126/Y -       B->Y  F     NAND2X2        1   5.0    62   100    8119    (-,-) 
  PC1/add_174_42_g1125/Y -       B->Y  R     NAND2X1        2   9.7   142   120    8239    (-,-) 
  PC1/add_174_42_g1123/Y -       B->Y  F     NAND2X1        1   7.8   112   154    8393    (-,-) 
  PC1/add_174_42_g1122/Y -       B->Y  R     NAND2X2        3  16.0   132   131    8524    (-,-) 
  PC1/add_174_42_g1119/Y -       B->Y  F     NAND2X2        1   7.8    75   115    8640    (-,-) 
  PC1/add_174_42_g1118/Y -       B->Y  R     NAND2X2        2  11.6   113    97    8736    (-,-) 
  PC1/add_174_42_g1115/Y -       A1->Y F     OAI21X2        2   8.9   112   127    8863    (-,-) 
  PC1/g45795/Y           -       B->Y  R     NAND2X1        1   5.0    84   110    8972    (-,-) 
  PC1/g46349/Y           -       C->Y  F     NAND3X1        1  12.9   250   228    9201    (-,-) 
  PC1/g46348/Y           -       A->Y  R     NOR2X4        16  63.2   384   393    9594    (-,-) 
  PC1/g38553/Y           -       A0->Y F     OAI21X1        1   3.6   111   214    9808    (-,-) 
  PC1/RF_reg[5][31]/D    -       -     F     DFFRX1         1     -     -     0    9808    (-,-) 
#------------------------------------------------------------------------------------------------



Path 28: MET (14 ps) Setup Check with Pin PC1/RF_reg[4][31]/CK->D
          Group: C2C
     Startpoint: (R) PC1/IR_reg[30]/CK
          Clock: (R) SYS_CLOCK
       Endpoint: (F) PC1/RF_reg[4][31]/D
          Clock: (R) SYS_CLOCK

                     Capture       Launch     
        Clock Edge:+   10000            0     
       Src Latency:+       0            0     
       Net Latency:+       0 (I)        0 (I) 
           Arrival:=   10000            0     
                                              
             Setup:-     178                  
     Required Time:=    9822                  
      Launch Clock:-       0                  
         Data Path:-    9808                  
             Slack:=      14                  

#------------------------------------------------------------------------------------------------
#     Timing Point       Flags   Arc   Edge   Cell     Fanout  Load Trans Delay Arrival Instance 
#                                                              (fF)  (ps)  (ps)   (ps)  Location 
#------------------------------------------------------------------------------------------------
  PC1/IR_reg[30]/CK      -       -     R     (arrival)    587     -     0     0       0    (-,-) 
  PC1/IR_reg[30]/Q       -       CK->Q F     DFFX1          3  12.3   102   491     491    (-,-) 
  PC1/g43941__4733/Y     -       A->Y  R     NOR2X2         2   8.3   130   160     651    (-,-) 
  PC1/g43922__8428/Y     -       B->Y  R     CLKAND2X2      2  16.7   106   224     875    (-,-) 
  PC1/g43628__2883/Y     -       A->Y  F     NAND2X4        7  29.1   112   140    1015    (-,-) 
  PC1/g43624__6161/Y     -       B->Y  R     NAND2X1        1   5.0    83   110    1125    (-,-) 
  PC1/g43363__5115/Y     -       B0->Y F     OAI21X1        2   8.8   136   159    1283    (-,-) 
  PC1/g43355/Y           -       A->Y  R     INVX1          3  12.9   153   175    1458    (-,-) 
  PC1/g43343__2398/Y     -       B->Y  F     NAND2X1        3  26.3   298   307    1765    (-,-) 
  PC1/g43310/Y           -       A->Y  R     CLKINVX2       2   9.1   123   147    1912    (-,-) 
  PC1/g43267__5115/Y     -       B->Y  F     NAND2X1        1  12.8   162   186    2099    (-,-) 
  PC1/g43193/Y           -       A->Y  R     CLKINVX4      32 128.6   347   324    2423    (-,-) 
  PC1/g42949__7098/Y     -       A1->Y F     AOI22X1        1   5.0   164   256    2678    (-,-) 
  PC1/g42706__2883/Y     -       B->Y  R     NAND2X1        1   7.4   125   148    2827    (-,-) 
  PC1/g42695__5122/Y     -       A->Y  F     NOR2X2         1  13.1    67   115    2942    (-,-) 
  PC1/g42616__5115/Y     -       B->Y  R     NAND2X4        9  37.3   122   120    3061    (-,-) 
  PC1/add_174_42_g1369/Y -       B->Y  F     NAND2X1        3  14.2   188   196    3258    (-,-) 
  PC1/add_174_42_g1237/Y -       A->Y  R     CLKINVX1       1   4.9   100   128    3385    (-,-) 
  PC1/add_174_42_g1236/Y -       A->Y  F     NAND2X1        1   5.0    84   115    3500    (-,-) 
  PC1/add_174_42_g1233/Y -       B->Y  R     NAND2X1        3  13.2   164   156    3656    (-,-) 
  PC1/add_174_42_g1226/Y -       B->Y  F     NAND2X1        1   7.8   117   163    3819    (-,-) 
  PC1/add_174_42_g1221/Y -       B->Y  R     NAND2X2        3  16.0   133   133    3952    (-,-) 
  PC1/add_174_42_g1219/Y -       B->Y  F     NAND2X2        1   7.8    75   116    4068    (-,-) 
  PC1/add_174_42_g1217/Y -       B->Y  R     NAND2X2        4  19.5   147   125    4193    (-,-) 
  PC1/g46347/Y           -       A1->Y F     AOI21X2        1   4.8    84   137    4330    (-,-) 
  PC1/g46346/Y           -       A->Y  R     CLKINVX1       3  13.2   150   152    4482    (-,-) 
  PC1/add_174_42_g1209/Y -       B->Y  F     NAND2X1        1   5.0    88   133    4615    (-,-) 
  PC1/add_174_42_g1206/Y -       B->Y  R     NAND2X1        3  16.0   198   178    4792    (-,-) 
  PC1/add_174_42_g1202/Y -       B->Y  F     NAND2X2        1   7.8    88   135    4928    (-,-) 
  PC1/add_174_42_g1201/Y -       B->Y  R     NAND2X2        5  21.0   153   137    5065    (-,-) 
  PC1/add_174_42_g1197/Y -       B->Y  F     NAND2X1        1   7.8   123   158    5223    (-,-) 
  PC1/add_174_42_g1196/Y -       B->Y  R     NAND2X2        4  17.1   122   140    5364    (-,-) 
  PC1/add_174_42_g1191/Y -       B->Y  F     NAND2X1        2   8.9   118   154    5518    (-,-) 
  PC1/add_174_42_g1190/Y -       A->Y  R     CLKINVX1       1   5.0    82   108    5625    (-,-) 
  PC1/add_174_42_g1186/Y -       B->Y  F     NAND2X1        1   5.0    96   104    5729    (-,-) 
  PC1/add_174_42_g1181/Y -       B->Y  R     NAND2X1        3  13.2   161   162    5891    (-,-) 
  PC1/add_174_42_g1177/Y -       B->Y  F     NAND2X1        2   9.0   127   172    6063    (-,-) 
  PC1/add_174_42_g1176/Y -       A->Y  R     INVX1          2   8.9   115   142    6205    (-,-) 
  PC1/add_174_42_g1170/Y -       B->Y  F     NAND2X1        1   7.7   122   141    6347    (-,-) 
  PC1/add_174_42_g1167/Y -       C->Y  R     NAND3X2        4  17.1   149   144    6490    (-,-) 
  PC1/add_174_42_g1162/Y -       B->Y  F     NAND2X1        2   9.0   124   167    6657    (-,-) 
  PC1/g46352/Y           -       A1->Y R     OAI21X1        4  17.1   421   374    7031    (-,-) 
  PC1/add_174_42_g1146/Y -       B->Y  F     NAND2X1        1   7.6   169   244    7275    (-,-) 
  PC1/g46345/Y           -       C0->Y R     OAI211X2       3  13.2   237   148    7424    (-,-) 
  PC1/add_174_42_g1137/Y -       B->Y  F     NAND2X1        1   7.8   133   192    7616    (-,-) 
  PC1/add_174_42_g1132/Y -       B->Y  R     NAND2X2        3  13.2   120   130    7746    (-,-) 
  PC1/add_174_42_g1131/Y -       B->Y  F     NAND2X1        1   7.8   108   144    7890    (-,-) 
  PC1/add_174_42_g1129/Y -       B->Y  R     NAND2X2        3  16.0   132   129    8019    (-,-) 
  PC1/add_174_42_g1126/Y -       B->Y  F     NAND2X2        1   5.0    62   100    8119    (-,-) 
  PC1/add_174_42_g1125/Y -       B->Y  R     NAND2X1        2   9.7   142   120    8239    (-,-) 
  PC1/add_174_42_g1123/Y -       B->Y  F     NAND2X1        1   7.8   112   154    8393    (-,-) 
  PC1/add_174_42_g1122/Y -       B->Y  R     NAND2X2        3  16.0   132   131    8524    (-,-) 
  PC1/add_174_42_g1119/Y -       B->Y  F     NAND2X2        1   7.8    75   115    8640    (-,-) 
  PC1/add_174_42_g1118/Y -       B->Y  R     NAND2X2        2  11.6   113    97    8736    (-,-) 
  PC1/add_174_42_g1115/Y -       A1->Y F     OAI21X2        2   8.9   112   127    8863    (-,-) 
  PC1/g45795/Y           -       B->Y  R     NAND2X1        1   5.0    84   110    8972    (-,-) 
  PC1/g46349/Y           -       C->Y  F     NAND3X1        1  12.9   250   228    9201    (-,-) 
  PC1/g46348/Y           -       A->Y  R     NOR2X4        16  63.2   384   393    9594    (-,-) 
  PC1/g38552/Y           -       A0->Y F     OAI21X1        1   3.6   111   214    9808    (-,-) 
  PC1/RF_reg[4][31]/D    -       -     F     DFFRX1         1     -     -     0    9808    (-,-) 
#------------------------------------------------------------------------------------------------



Path 29: MET (14 ps) Setup Check with Pin PC1/RF_reg[3][31]/CK->D
          Group: C2C
     Startpoint: (R) PC1/IR_reg[30]/CK
          Clock: (R) SYS_CLOCK
       Endpoint: (F) PC1/RF_reg[3][31]/D
          Clock: (R) SYS_CLOCK

                     Capture       Launch     
        Clock Edge:+   10000            0     
       Src Latency:+       0            0     
       Net Latency:+       0 (I)        0 (I) 
           Arrival:=   10000            0     
                                              
             Setup:-     178                  
     Required Time:=    9822                  
      Launch Clock:-       0                  
         Data Path:-    9808                  
             Slack:=      14                  

#------------------------------------------------------------------------------------------------
#     Timing Point       Flags   Arc   Edge   Cell     Fanout  Load Trans Delay Arrival Instance 
#                                                              (fF)  (ps)  (ps)   (ps)  Location 
#------------------------------------------------------------------------------------------------
  PC1/IR_reg[30]/CK      -       -     R     (arrival)    587     -     0     0       0    (-,-) 
  PC1/IR_reg[30]/Q       -       CK->Q F     DFFX1          3  12.3   102   491     491    (-,-) 
  PC1/g43941__4733/Y     -       A->Y  R     NOR2X2         2   8.3   130   160     651    (-,-) 
  PC1/g43922__8428/Y     -       B->Y  R     CLKAND2X2      2  16.7   106   224     875    (-,-) 
  PC1/g43628__2883/Y     -       A->Y  F     NAND2X4        7  29.1   112   140    1015    (-,-) 
  PC1/g43624__6161/Y     -       B->Y  R     NAND2X1        1   5.0    83   110    1125    (-,-) 
  PC1/g43363__5115/Y     -       B0->Y F     OAI21X1        2   8.8   136   159    1283    (-,-) 
  PC1/g43355/Y           -       A->Y  R     INVX1          3  12.9   153   175    1458    (-,-) 
  PC1/g43343__2398/Y     -       B->Y  F     NAND2X1        3  26.3   298   307    1765    (-,-) 
  PC1/g43310/Y           -       A->Y  R     CLKINVX2       2   9.1   123   147    1912    (-,-) 
  PC1/g43267__5115/Y     -       B->Y  F     NAND2X1        1  12.8   162   186    2099    (-,-) 
  PC1/g43193/Y           -       A->Y  R     CLKINVX4      32 128.6   347   324    2423    (-,-) 
  PC1/g42949__7098/Y     -       A1->Y F     AOI22X1        1   5.0   164   256    2678    (-,-) 
  PC1/g42706__2883/Y     -       B->Y  R     NAND2X1        1   7.4   125   148    2827    (-,-) 
  PC1/g42695__5122/Y     -       A->Y  F     NOR2X2         1  13.1    67   115    2942    (-,-) 
  PC1/g42616__5115/Y     -       B->Y  R     NAND2X4        9  37.3   122   120    3061    (-,-) 
  PC1/add_174_42_g1369/Y -       B->Y  F     NAND2X1        3  14.2   188   196    3258    (-,-) 
  PC1/add_174_42_g1237/Y -       A->Y  R     CLKINVX1       1   4.9   100   128    3385    (-,-) 
  PC1/add_174_42_g1236/Y -       A->Y  F     NAND2X1        1   5.0    84   115    3500    (-,-) 
  PC1/add_174_42_g1233/Y -       B->Y  R     NAND2X1        3  13.2   164   156    3656    (-,-) 
  PC1/add_174_42_g1226/Y -       B->Y  F     NAND2X1        1   7.8   117   163    3819    (-,-) 
  PC1/add_174_42_g1221/Y -       B->Y  R     NAND2X2        3  16.0   133   133    3952    (-,-) 
  PC1/add_174_42_g1219/Y -       B->Y  F     NAND2X2        1   7.8    75   116    4068    (-,-) 
  PC1/add_174_42_g1217/Y -       B->Y  R     NAND2X2        4  19.5   147   125    4193    (-,-) 
  PC1/g46347/Y           -       A1->Y F     AOI21X2        1   4.8    84   137    4330    (-,-) 
  PC1/g46346/Y           -       A->Y  R     CLKINVX1       3  13.2   150   152    4482    (-,-) 
  PC1/add_174_42_g1209/Y -       B->Y  F     NAND2X1        1   5.0    88   133    4615    (-,-) 
  PC1/add_174_42_g1206/Y -       B->Y  R     NAND2X1        3  16.0   198   178    4792    (-,-) 
  PC1/add_174_42_g1202/Y -       B->Y  F     NAND2X2        1   7.8    88   135    4928    (-,-) 
  PC1/add_174_42_g1201/Y -       B->Y  R     NAND2X2        5  21.0   153   137    5065    (-,-) 
  PC1/add_174_42_g1197/Y -       B->Y  F     NAND2X1        1   7.8   123   158    5223    (-,-) 
  PC1/add_174_42_g1196/Y -       B->Y  R     NAND2X2        4  17.1   122   140    5364    (-,-) 
  PC1/add_174_42_g1191/Y -       B->Y  F     NAND2X1        2   8.9   118   154    5518    (-,-) 
  PC1/add_174_42_g1190/Y -       A->Y  R     CLKINVX1       1   5.0    82   108    5625    (-,-) 
  PC1/add_174_42_g1186/Y -       B->Y  F     NAND2X1        1   5.0    96   104    5729    (-,-) 
  PC1/add_174_42_g1181/Y -       B->Y  R     NAND2X1        3  13.2   161   162    5891    (-,-) 
  PC1/add_174_42_g1177/Y -       B->Y  F     NAND2X1        2   9.0   127   172    6063    (-,-) 
  PC1/add_174_42_g1176/Y -       A->Y  R     INVX1          2   8.9   115   142    6205    (-,-) 
  PC1/add_174_42_g1170/Y -       B->Y  F     NAND2X1        1   7.7   122   141    6347    (-,-) 
  PC1/add_174_42_g1167/Y -       C->Y  R     NAND3X2        4  17.1   149   144    6490    (-,-) 
  PC1/add_174_42_g1162/Y -       B->Y  F     NAND2X1        2   9.0   124   167    6657    (-,-) 
  PC1/g46352/Y           -       A1->Y R     OAI21X1        4  17.1   421   374    7031    (-,-) 
  PC1/add_174_42_g1146/Y -       B->Y  F     NAND2X1        1   7.6   169   244    7275    (-,-) 
  PC1/g46345/Y           -       C0->Y R     OAI211X2       3  13.2   237   148    7424    (-,-) 
  PC1/add_174_42_g1137/Y -       B->Y  F     NAND2X1        1   7.8   133   192    7616    (-,-) 
  PC1/add_174_42_g1132/Y -       B->Y  R     NAND2X2        3  13.2   120   130    7746    (-,-) 
  PC1/add_174_42_g1131/Y -       B->Y  F     NAND2X1        1   7.8   108   144    7890    (-,-) 
  PC1/add_174_42_g1129/Y -       B->Y  R     NAND2X2        3  16.0   132   129    8019    (-,-) 
  PC1/add_174_42_g1126/Y -       B->Y  F     NAND2X2        1   5.0    62   100    8119    (-,-) 
  PC1/add_174_42_g1125/Y -       B->Y  R     NAND2X1        2   9.7   142   120    8239    (-,-) 
  PC1/add_174_42_g1123/Y -       B->Y  F     NAND2X1        1   7.8   112   154    8393    (-,-) 
  PC1/add_174_42_g1122/Y -       B->Y  R     NAND2X2        3  16.0   132   131    8524    (-,-) 
  PC1/add_174_42_g1119/Y -       B->Y  F     NAND2X2        1   7.8    75   115    8640    (-,-) 
  PC1/add_174_42_g1118/Y -       B->Y  R     NAND2X2        2  11.6   113    97    8736    (-,-) 
  PC1/add_174_42_g1115/Y -       A1->Y F     OAI21X2        2   8.9   112   127    8863    (-,-) 
  PC1/g45795/Y           -       B->Y  R     NAND2X1        1   5.0    84   110    8972    (-,-) 
  PC1/g46349/Y           -       C->Y  F     NAND3X1        1  12.9   250   228    9201    (-,-) 
  PC1/g46348/Y           -       A->Y  R     NOR2X4        16  63.2   384   393    9594    (-,-) 
  PC1/g38559/Y           -       A0->Y F     OAI21X1        1   3.6   111   214    9808    (-,-) 
  PC1/RF_reg[3][31]/D    -       -     F     DFFRX1         1     -     -     0    9808    (-,-) 
#------------------------------------------------------------------------------------------------



Path 30: MET (14 ps) Setup Check with Pin PC1/RF_reg[2][31]/CK->D
          Group: C2C
     Startpoint: (R) PC1/IR_reg[30]/CK
          Clock: (R) SYS_CLOCK
       Endpoint: (F) PC1/RF_reg[2][31]/D
          Clock: (R) SYS_CLOCK

                     Capture       Launch     
        Clock Edge:+   10000            0     
       Src Latency:+       0            0     
       Net Latency:+       0 (I)        0 (I) 
           Arrival:=   10000            0     
                                              
             Setup:-     178                  
     Required Time:=    9822                  
      Launch Clock:-       0                  
         Data Path:-    9808                  
             Slack:=      14                  

#------------------------------------------------------------------------------------------------
#     Timing Point       Flags   Arc   Edge   Cell     Fanout  Load Trans Delay Arrival Instance 
#                                                              (fF)  (ps)  (ps)   (ps)  Location 
#------------------------------------------------------------------------------------------------
  PC1/IR_reg[30]/CK      -       -     R     (arrival)    587     -     0     0       0    (-,-) 
  PC1/IR_reg[30]/Q       -       CK->Q F     DFFX1          3  12.3   102   491     491    (-,-) 
  PC1/g43941__4733/Y     -       A->Y  R     NOR2X2         2   8.3   130   160     651    (-,-) 
  PC1/g43922__8428/Y     -       B->Y  R     CLKAND2X2      2  16.7   106   224     875    (-,-) 
  PC1/g43628__2883/Y     -       A->Y  F     NAND2X4        7  29.1   112   140    1015    (-,-) 
  PC1/g43624__6161/Y     -       B->Y  R     NAND2X1        1   5.0    83   110    1125    (-,-) 
  PC1/g43363__5115/Y     -       B0->Y F     OAI21X1        2   8.8   136   159    1283    (-,-) 
  PC1/g43355/Y           -       A->Y  R     INVX1          3  12.9   153   175    1458    (-,-) 
  PC1/g43343__2398/Y     -       B->Y  F     NAND2X1        3  26.3   298   307    1765    (-,-) 
  PC1/g43310/Y           -       A->Y  R     CLKINVX2       2   9.1   123   147    1912    (-,-) 
  PC1/g43267__5115/Y     -       B->Y  F     NAND2X1        1  12.8   162   186    2099    (-,-) 
  PC1/g43193/Y           -       A->Y  R     CLKINVX4      32 128.6   347   324    2423    (-,-) 
  PC1/g42949__7098/Y     -       A1->Y F     AOI22X1        1   5.0   164   256    2678    (-,-) 
  PC1/g42706__2883/Y     -       B->Y  R     NAND2X1        1   7.4   125   148    2827    (-,-) 
  PC1/g42695__5122/Y     -       A->Y  F     NOR2X2         1  13.1    67   115    2942    (-,-) 
  PC1/g42616__5115/Y     -       B->Y  R     NAND2X4        9  37.3   122   120    3061    (-,-) 
  PC1/add_174_42_g1369/Y -       B->Y  F     NAND2X1        3  14.2   188   196    3258    (-,-) 
  PC1/add_174_42_g1237/Y -       A->Y  R     CLKINVX1       1   4.9   100   128    3385    (-,-) 
  PC1/add_174_42_g1236/Y -       A->Y  F     NAND2X1        1   5.0    84   115    3500    (-,-) 
  PC1/add_174_42_g1233/Y -       B->Y  R     NAND2X1        3  13.2   164   156    3656    (-,-) 
  PC1/add_174_42_g1226/Y -       B->Y  F     NAND2X1        1   7.8   117   163    3819    (-,-) 
  PC1/add_174_42_g1221/Y -       B->Y  R     NAND2X2        3  16.0   133   133    3952    (-,-) 
  PC1/add_174_42_g1219/Y -       B->Y  F     NAND2X2        1   7.8    75   116    4068    (-,-) 
  PC1/add_174_42_g1217/Y -       B->Y  R     NAND2X2        4  19.5   147   125    4193    (-,-) 
  PC1/g46347/Y           -       A1->Y F     AOI21X2        1   4.8    84   137    4330    (-,-) 
  PC1/g46346/Y           -       A->Y  R     CLKINVX1       3  13.2   150   152    4482    (-,-) 
  PC1/add_174_42_g1209/Y -       B->Y  F     NAND2X1        1   5.0    88   133    4615    (-,-) 
  PC1/add_174_42_g1206/Y -       B->Y  R     NAND2X1        3  16.0   198   178    4792    (-,-) 
  PC1/add_174_42_g1202/Y -       B->Y  F     NAND2X2        1   7.8    88   135    4928    (-,-) 
  PC1/add_174_42_g1201/Y -       B->Y  R     NAND2X2        5  21.0   153   137    5065    (-,-) 
  PC1/add_174_42_g1197/Y -       B->Y  F     NAND2X1        1   7.8   123   158    5223    (-,-) 
  PC1/add_174_42_g1196/Y -       B->Y  R     NAND2X2        4  17.1   122   140    5364    (-,-) 
  PC1/add_174_42_g1191/Y -       B->Y  F     NAND2X1        2   8.9   118   154    5518    (-,-) 
  PC1/add_174_42_g1190/Y -       A->Y  R     CLKINVX1       1   5.0    82   108    5625    (-,-) 
  PC1/add_174_42_g1186/Y -       B->Y  F     NAND2X1        1   5.0    96   104    5729    (-,-) 
  PC1/add_174_42_g1181/Y -       B->Y  R     NAND2X1        3  13.2   161   162    5891    (-,-) 
  PC1/add_174_42_g1177/Y -       B->Y  F     NAND2X1        2   9.0   127   172    6063    (-,-) 
  PC1/add_174_42_g1176/Y -       A->Y  R     INVX1          2   8.9   115   142    6205    (-,-) 
  PC1/add_174_42_g1170/Y -       B->Y  F     NAND2X1        1   7.7   122   141    6347    (-,-) 
  PC1/add_174_42_g1167/Y -       C->Y  R     NAND3X2        4  17.1   149   144    6490    (-,-) 
  PC1/add_174_42_g1162/Y -       B->Y  F     NAND2X1        2   9.0   124   167    6657    (-,-) 
  PC1/g46352/Y           -       A1->Y R     OAI21X1        4  17.1   421   374    7031    (-,-) 
  PC1/add_174_42_g1146/Y -       B->Y  F     NAND2X1        1   7.6   169   244    7275    (-,-) 
  PC1/g46345/Y           -       C0->Y R     OAI211X2       3  13.2   237   148    7424    (-,-) 
  PC1/add_174_42_g1137/Y -       B->Y  F     NAND2X1        1   7.8   133   192    7616    (-,-) 
  PC1/add_174_42_g1132/Y -       B->Y  R     NAND2X2        3  13.2   120   130    7746    (-,-) 
  PC1/add_174_42_g1131/Y -       B->Y  F     NAND2X1        1   7.8   108   144    7890    (-,-) 
  PC1/add_174_42_g1129/Y -       B->Y  R     NAND2X2        3  16.0   132   129    8019    (-,-) 
  PC1/add_174_42_g1126/Y -       B->Y  F     NAND2X2        1   5.0    62   100    8119    (-,-) 
  PC1/add_174_42_g1125/Y -       B->Y  R     NAND2X1        2   9.7   142   120    8239    (-,-) 
  PC1/add_174_42_g1123/Y -       B->Y  F     NAND2X1        1   7.8   112   154    8393    (-,-) 
  PC1/add_174_42_g1122/Y -       B->Y  R     NAND2X2        3  16.0   132   131    8524    (-,-) 
  PC1/add_174_42_g1119/Y -       B->Y  F     NAND2X2        1   7.8    75   115    8640    (-,-) 
  PC1/add_174_42_g1118/Y -       B->Y  R     NAND2X2        2  11.6   113    97    8736    (-,-) 
  PC1/add_174_42_g1115/Y -       A1->Y F     OAI21X2        2   8.9   112   127    8863    (-,-) 
  PC1/g45795/Y           -       B->Y  R     NAND2X1        1   5.0    84   110    8972    (-,-) 
  PC1/g46349/Y           -       C->Y  F     NAND3X1        1  12.9   250   228    9201    (-,-) 
  PC1/g46348/Y           -       A->Y  R     NOR2X4        16  63.2   384   393    9594    (-,-) 
  PC1/g38554/Y           -       A0->Y F     OAI21X1        1   3.6   111   214    9808    (-,-) 
  PC1/RF_reg[2][31]/D    -       -     F     DFFRX1         1     -     -     0    9808    (-,-) 
#------------------------------------------------------------------------------------------------



Path 31: MET (14 ps) Setup Check with Pin PC1/RF_reg[1][31]/CK->D
          Group: C2C
     Startpoint: (R) PC1/IR_reg[30]/CK
          Clock: (R) SYS_CLOCK
       Endpoint: (F) PC1/RF_reg[1][31]/D
          Clock: (R) SYS_CLOCK

                     Capture       Launch     
        Clock Edge:+   10000            0     
       Src Latency:+       0            0     
       Net Latency:+       0 (I)        0 (I) 
           Arrival:=   10000            0     
                                              
             Setup:-     178                  
     Required Time:=    9822                  
      Launch Clock:-       0                  
         Data Path:-    9808                  
             Slack:=      14                  

#------------------------------------------------------------------------------------------------
#     Timing Point       Flags   Arc   Edge   Cell     Fanout  Load Trans Delay Arrival Instance 
#                                                              (fF)  (ps)  (ps)   (ps)  Location 
#------------------------------------------------------------------------------------------------
  PC1/IR_reg[30]/CK      -       -     R     (arrival)    587     -     0     0       0    (-,-) 
  PC1/IR_reg[30]/Q       -       CK->Q F     DFFX1          3  12.3   102   491     491    (-,-) 
  PC1/g43941__4733/Y     -       A->Y  R     NOR2X2         2   8.3   130   160     651    (-,-) 
  PC1/g43922__8428/Y     -       B->Y  R     CLKAND2X2      2  16.7   106   224     875    (-,-) 
  PC1/g43628__2883/Y     -       A->Y  F     NAND2X4        7  29.1   112   140    1015    (-,-) 
  PC1/g43624__6161/Y     -       B->Y  R     NAND2X1        1   5.0    83   110    1125    (-,-) 
  PC1/g43363__5115/Y     -       B0->Y F     OAI21X1        2   8.8   136   159    1283    (-,-) 
  PC1/g43355/Y           -       A->Y  R     INVX1          3  12.9   153   175    1458    (-,-) 
  PC1/g43343__2398/Y     -       B->Y  F     NAND2X1        3  26.3   298   307    1765    (-,-) 
  PC1/g43310/Y           -       A->Y  R     CLKINVX2       2   9.1   123   147    1912    (-,-) 
  PC1/g43267__5115/Y     -       B->Y  F     NAND2X1        1  12.8   162   186    2099    (-,-) 
  PC1/g43193/Y           -       A->Y  R     CLKINVX4      32 128.6   347   324    2423    (-,-) 
  PC1/g42949__7098/Y     -       A1->Y F     AOI22X1        1   5.0   164   256    2678    (-,-) 
  PC1/g42706__2883/Y     -       B->Y  R     NAND2X1        1   7.4   125   148    2827    (-,-) 
  PC1/g42695__5122/Y     -       A->Y  F     NOR2X2         1  13.1    67   115    2942    (-,-) 
  PC1/g42616__5115/Y     -       B->Y  R     NAND2X4        9  37.3   122   120    3061    (-,-) 
  PC1/add_174_42_g1369/Y -       B->Y  F     NAND2X1        3  14.2   188   196    3258    (-,-) 
  PC1/add_174_42_g1237/Y -       A->Y  R     CLKINVX1       1   4.9   100   128    3385    (-,-) 
  PC1/add_174_42_g1236/Y -       A->Y  F     NAND2X1        1   5.0    84   115    3500    (-,-) 
  PC1/add_174_42_g1233/Y -       B->Y  R     NAND2X1        3  13.2   164   156    3656    (-,-) 
  PC1/add_174_42_g1226/Y -       B->Y  F     NAND2X1        1   7.8   117   163    3819    (-,-) 
  PC1/add_174_42_g1221/Y -       B->Y  R     NAND2X2        3  16.0   133   133    3952    (-,-) 
  PC1/add_174_42_g1219/Y -       B->Y  F     NAND2X2        1   7.8    75   116    4068    (-,-) 
  PC1/add_174_42_g1217/Y -       B->Y  R     NAND2X2        4  19.5   147   125    4193    (-,-) 
  PC1/g46347/Y           -       A1->Y F     AOI21X2        1   4.8    84   137    4330    (-,-) 
  PC1/g46346/Y           -       A->Y  R     CLKINVX1       3  13.2   150   152    4482    (-,-) 
  PC1/add_174_42_g1209/Y -       B->Y  F     NAND2X1        1   5.0    88   133    4615    (-,-) 
  PC1/add_174_42_g1206/Y -       B->Y  R     NAND2X1        3  16.0   198   178    4792    (-,-) 
  PC1/add_174_42_g1202/Y -       B->Y  F     NAND2X2        1   7.8    88   135    4928    (-,-) 
  PC1/add_174_42_g1201/Y -       B->Y  R     NAND2X2        5  21.0   153   137    5065    (-,-) 
  PC1/add_174_42_g1197/Y -       B->Y  F     NAND2X1        1   7.8   123   158    5223    (-,-) 
  PC1/add_174_42_g1196/Y -       B->Y  R     NAND2X2        4  17.1   122   140    5364    (-,-) 
  PC1/add_174_42_g1191/Y -       B->Y  F     NAND2X1        2   8.9   118   154    5518    (-,-) 
  PC1/add_174_42_g1190/Y -       A->Y  R     CLKINVX1       1   5.0    82   108    5625    (-,-) 
  PC1/add_174_42_g1186/Y -       B->Y  F     NAND2X1        1   5.0    96   104    5729    (-,-) 
  PC1/add_174_42_g1181/Y -       B->Y  R     NAND2X1        3  13.2   161   162    5891    (-,-) 
  PC1/add_174_42_g1177/Y -       B->Y  F     NAND2X1        2   9.0   127   172    6063    (-,-) 
  PC1/add_174_42_g1176/Y -       A->Y  R     INVX1          2   8.9   115   142    6205    (-,-) 
  PC1/add_174_42_g1170/Y -       B->Y  F     NAND2X1        1   7.7   122   141    6347    (-,-) 
  PC1/add_174_42_g1167/Y -       C->Y  R     NAND3X2        4  17.1   149   144    6490    (-,-) 
  PC1/add_174_42_g1162/Y -       B->Y  F     NAND2X1        2   9.0   124   167    6657    (-,-) 
  PC1/g46352/Y           -       A1->Y R     OAI21X1        4  17.1   421   374    7031    (-,-) 
  PC1/add_174_42_g1146/Y -       B->Y  F     NAND2X1        1   7.6   169   244    7275    (-,-) 
  PC1/g46345/Y           -       C0->Y R     OAI211X2       3  13.2   237   148    7424    (-,-) 
  PC1/add_174_42_g1137/Y -       B->Y  F     NAND2X1        1   7.8   133   192    7616    (-,-) 
  PC1/add_174_42_g1132/Y -       B->Y  R     NAND2X2        3  13.2   120   130    7746    (-,-) 
  PC1/add_174_42_g1131/Y -       B->Y  F     NAND2X1        1   7.8   108   144    7890    (-,-) 
  PC1/add_174_42_g1129/Y -       B->Y  R     NAND2X2        3  16.0   132   129    8019    (-,-) 
  PC1/add_174_42_g1126/Y -       B->Y  F     NAND2X2        1   5.0    62   100    8119    (-,-) 
  PC1/add_174_42_g1125/Y -       B->Y  R     NAND2X1        2   9.7   142   120    8239    (-,-) 
  PC1/add_174_42_g1123/Y -       B->Y  F     NAND2X1        1   7.8   112   154    8393    (-,-) 
  PC1/add_174_42_g1122/Y -       B->Y  R     NAND2X2        3  16.0   132   131    8524    (-,-) 
  PC1/add_174_42_g1119/Y -       B->Y  F     NAND2X2        1   7.8    75   115    8640    (-,-) 
  PC1/add_174_42_g1118/Y -       B->Y  R     NAND2X2        2  11.6   113    97    8736    (-,-) 
  PC1/add_174_42_g1115/Y -       A1->Y F     OAI21X2        2   8.9   112   127    8863    (-,-) 
  PC1/g45795/Y           -       B->Y  R     NAND2X1        1   5.0    84   110    8972    (-,-) 
  PC1/g46349/Y           -       C->Y  F     NAND3X1        1  12.9   250   228    9201    (-,-) 
  PC1/g46348/Y           -       A->Y  R     NOR2X4        16  63.2   384   393    9594    (-,-) 
  PC1/g38549/Y           -       A0->Y F     OAI21X1        1   3.6   111   214    9808    (-,-) 
  PC1/RF_reg[1][31]/D    -       -     F     DFFRX1         1     -     -     0    9808    (-,-) 
#------------------------------------------------------------------------------------------------



Path 32: MET (14 ps) Setup Check with Pin PC1/RF_reg[0][31]/CK->D
          Group: C2C
     Startpoint: (R) PC1/IR_reg[30]/CK
          Clock: (R) SYS_CLOCK
       Endpoint: (F) PC1/RF_reg[0][31]/D
          Clock: (R) SYS_CLOCK

                     Capture       Launch     
        Clock Edge:+   10000            0     
       Src Latency:+       0            0     
       Net Latency:+       0 (I)        0 (I) 
           Arrival:=   10000            0     
                                              
             Setup:-     178                  
     Required Time:=    9822                  
      Launch Clock:-       0                  
         Data Path:-    9808                  
             Slack:=      14                  

#------------------------------------------------------------------------------------------------
#     Timing Point       Flags   Arc   Edge   Cell     Fanout  Load Trans Delay Arrival Instance 
#                                                              (fF)  (ps)  (ps)   (ps)  Location 
#------------------------------------------------------------------------------------------------
  PC1/IR_reg[30]/CK      -       -     R     (arrival)    587     -     0     0       0    (-,-) 
  PC1/IR_reg[30]/Q       -       CK->Q F     DFFX1          3  12.3   102   491     491    (-,-) 
  PC1/g43941__4733/Y     -       A->Y  R     NOR2X2         2   8.3   130   160     651    (-,-) 
  PC1/g43922__8428/Y     -       B->Y  R     CLKAND2X2      2  16.7   106   224     875    (-,-) 
  PC1/g43628__2883/Y     -       A->Y  F     NAND2X4        7  29.1   112   140    1015    (-,-) 
  PC1/g43624__6161/Y     -       B->Y  R     NAND2X1        1   5.0    83   110    1125    (-,-) 
  PC1/g43363__5115/Y     -       B0->Y F     OAI21X1        2   8.8   136   159    1283    (-,-) 
  PC1/g43355/Y           -       A->Y  R     INVX1          3  12.9   153   175    1458    (-,-) 
  PC1/g43343__2398/Y     -       B->Y  F     NAND2X1        3  26.3   298   307    1765    (-,-) 
  PC1/g43310/Y           -       A->Y  R     CLKINVX2       2   9.1   123   147    1912    (-,-) 
  PC1/g43267__5115/Y     -       B->Y  F     NAND2X1        1  12.8   162   186    2099    (-,-) 
  PC1/g43193/Y           -       A->Y  R     CLKINVX4      32 128.6   347   324    2423    (-,-) 
  PC1/g42949__7098/Y     -       A1->Y F     AOI22X1        1   5.0   164   256    2678    (-,-) 
  PC1/g42706__2883/Y     -       B->Y  R     NAND2X1        1   7.4   125   148    2827    (-,-) 
  PC1/g42695__5122/Y     -       A->Y  F     NOR2X2         1  13.1    67   115    2942    (-,-) 
  PC1/g42616__5115/Y     -       B->Y  R     NAND2X4        9  37.3   122   120    3061    (-,-) 
  PC1/add_174_42_g1369/Y -       B->Y  F     NAND2X1        3  14.2   188   196    3258    (-,-) 
  PC1/add_174_42_g1237/Y -       A->Y  R     CLKINVX1       1   4.9   100   128    3385    (-,-) 
  PC1/add_174_42_g1236/Y -       A->Y  F     NAND2X1        1   5.0    84   115    3500    (-,-) 
  PC1/add_174_42_g1233/Y -       B->Y  R     NAND2X1        3  13.2   164   156    3656    (-,-) 
  PC1/add_174_42_g1226/Y -       B->Y  F     NAND2X1        1   7.8   117   163    3819    (-,-) 
  PC1/add_174_42_g1221/Y -       B->Y  R     NAND2X2        3  16.0   133   133    3952    (-,-) 
  PC1/add_174_42_g1219/Y -       B->Y  F     NAND2X2        1   7.8    75   116    4068    (-,-) 
  PC1/add_174_42_g1217/Y -       B->Y  R     NAND2X2        4  19.5   147   125    4193    (-,-) 
  PC1/g46347/Y           -       A1->Y F     AOI21X2        1   4.8    84   137    4330    (-,-) 
  PC1/g46346/Y           -       A->Y  R     CLKINVX1       3  13.2   150   152    4482    (-,-) 
  PC1/add_174_42_g1209/Y -       B->Y  F     NAND2X1        1   5.0    88   133    4615    (-,-) 
  PC1/add_174_42_g1206/Y -       B->Y  R     NAND2X1        3  16.0   198   178    4792    (-,-) 
  PC1/add_174_42_g1202/Y -       B->Y  F     NAND2X2        1   7.8    88   135    4928    (-,-) 
  PC1/add_174_42_g1201/Y -       B->Y  R     NAND2X2        5  21.0   153   137    5065    (-,-) 
  PC1/add_174_42_g1197/Y -       B->Y  F     NAND2X1        1   7.8   123   158    5223    (-,-) 
  PC1/add_174_42_g1196/Y -       B->Y  R     NAND2X2        4  17.1   122   140    5364    (-,-) 
  PC1/add_174_42_g1191/Y -       B->Y  F     NAND2X1        2   8.9   118   154    5518    (-,-) 
  PC1/add_174_42_g1190/Y -       A->Y  R     CLKINVX1       1   5.0    82   108    5625    (-,-) 
  PC1/add_174_42_g1186/Y -       B->Y  F     NAND2X1        1   5.0    96   104    5729    (-,-) 
  PC1/add_174_42_g1181/Y -       B->Y  R     NAND2X1        3  13.2   161   162    5891    (-,-) 
  PC1/add_174_42_g1177/Y -       B->Y  F     NAND2X1        2   9.0   127   172    6063    (-,-) 
  PC1/add_174_42_g1176/Y -       A->Y  R     INVX1          2   8.9   115   142    6205    (-,-) 
  PC1/add_174_42_g1170/Y -       B->Y  F     NAND2X1        1   7.7   122   141    6347    (-,-) 
  PC1/add_174_42_g1167/Y -       C->Y  R     NAND3X2        4  17.1   149   144    6490    (-,-) 
  PC1/add_174_42_g1162/Y -       B->Y  F     NAND2X1        2   9.0   124   167    6657    (-,-) 
  PC1/g46352/Y           -       A1->Y R     OAI21X1        4  17.1   421   374    7031    (-,-) 
  PC1/add_174_42_g1146/Y -       B->Y  F     NAND2X1        1   7.6   169   244    7275    (-,-) 
  PC1/g46345/Y           -       C0->Y R     OAI211X2       3  13.2   237   148    7424    (-,-) 
  PC1/add_174_42_g1137/Y -       B->Y  F     NAND2X1        1   7.8   133   192    7616    (-,-) 
  PC1/add_174_42_g1132/Y -       B->Y  R     NAND2X2        3  13.2   120   130    7746    (-,-) 
  PC1/add_174_42_g1131/Y -       B->Y  F     NAND2X1        1   7.8   108   144    7890    (-,-) 
  PC1/add_174_42_g1129/Y -       B->Y  R     NAND2X2        3  16.0   132   129    8019    (-,-) 
  PC1/add_174_42_g1126/Y -       B->Y  F     NAND2X2        1   5.0    62   100    8119    (-,-) 
  PC1/add_174_42_g1125/Y -       B->Y  R     NAND2X1        2   9.7   142   120    8239    (-,-) 
  PC1/add_174_42_g1123/Y -       B->Y  F     NAND2X1        1   7.8   112   154    8393    (-,-) 
  PC1/add_174_42_g1122/Y -       B->Y  R     NAND2X2        3  16.0   132   131    8524    (-,-) 
  PC1/add_174_42_g1119/Y -       B->Y  F     NAND2X2        1   7.8    75   115    8640    (-,-) 
  PC1/add_174_42_g1118/Y -       B->Y  R     NAND2X2        2  11.6   113    97    8736    (-,-) 
  PC1/add_174_42_g1115/Y -       A1->Y F     OAI21X2        2   8.9   112   127    8863    (-,-) 
  PC1/g45795/Y           -       B->Y  R     NAND2X1        1   5.0    84   110    8972    (-,-) 
  PC1/g46349/Y           -       C->Y  F     NAND3X1        1  12.9   250   228    9201    (-,-) 
  PC1/g46348/Y           -       A->Y  R     NOR2X4        16  63.2   384   393    9594    (-,-) 
  PC1/g38547/Y           -       A0->Y F     OAI21X1        1   3.6   111   214    9808    (-,-) 
  PC1/RF_reg[0][31]/D    -       -     F     DFFRX1         1     -     -     0    9808    (-,-) 
#------------------------------------------------------------------------------------------------



Path 33: MET (142 ps) Setup Check with Pin PC1/RF_reg[15][29]/CK->D
          Group: C2C
     Startpoint: (R) PC1/IR_reg[30]/CK
          Clock: (R) SYS_CLOCK
       Endpoint: (F) PC1/RF_reg[15][29]/D
          Clock: (R) SYS_CLOCK

                     Capture       Launch     
        Clock Edge:+   10000            0     
       Src Latency:+       0            0     
       Net Latency:+       0 (I)        0 (I) 
           Arrival:=   10000            0     
                                              
             Setup:-     177                  
     Required Time:=    9823                  
      Launch Clock:-       0                  
         Data Path:-    9681                  
             Slack:=     142                  

#------------------------------------------------------------------------------------------------
#     Timing Point       Flags   Arc   Edge   Cell     Fanout  Load Trans Delay Arrival Instance 
#                                                              (fF)  (ps)  (ps)   (ps)  Location 
#------------------------------------------------------------------------------------------------
  PC1/IR_reg[30]/CK      -       -     R     (arrival)    587     -     0     0       0    (-,-) 
  PC1/IR_reg[30]/Q       -       CK->Q F     DFFX1          3  12.3   102   491     491    (-,-) 
  PC1/g43941__4733/Y     -       A->Y  R     NOR2X2         2   8.3   130   160     651    (-,-) 
  PC1/g43922__8428/Y     -       B->Y  R     CLKAND2X2      2  16.7   106   224     875    (-,-) 
  PC1/g43628__2883/Y     -       A->Y  F     NAND2X4        7  29.1   112   140    1015    (-,-) 
  PC1/g43624__6161/Y     -       B->Y  R     NAND2X1        1   5.0    83   110    1125    (-,-) 
  PC1/g43363__5115/Y     -       B0->Y F     OAI21X1        2   8.8   136   159    1283    (-,-) 
  PC1/g43355/Y           -       A->Y  R     INVX1          3  12.9   153   175    1458    (-,-) 
  PC1/g43343__2398/Y     -       B->Y  F     NAND2X1        3  26.3   298   307    1765    (-,-) 
  PC1/g43310/Y           -       A->Y  R     CLKINVX2       2   9.1   123   147    1912    (-,-) 
  PC1/g43267__5115/Y     -       B->Y  F     NAND2X1        1  12.8   162   186    2099    (-,-) 
  PC1/g43193/Y           -       A->Y  R     CLKINVX4      32 128.6   347   324    2423    (-,-) 
  PC1/g42949__7098/Y     -       A1->Y F     AOI22X1        1   5.0   164   256    2678    (-,-) 
  PC1/g42706__2883/Y     -       B->Y  R     NAND2X1        1   7.4   125   148    2827    (-,-) 
  PC1/g42695__5122/Y     -       A->Y  F     NOR2X2         1  13.1    67   115    2942    (-,-) 
  PC1/g42616__5115/Y     -       B->Y  R     NAND2X4        9  37.3   122   120    3061    (-,-) 
  PC1/add_174_42_g1369/Y -       B->Y  F     NAND2X1        3  14.2   188   196    3258    (-,-) 
  PC1/add_174_42_g1237/Y -       A->Y  R     CLKINVX1       1   4.9   100   128    3385    (-,-) 
  PC1/add_174_42_g1236/Y -       A->Y  F     NAND2X1        1   5.0    84   115    3500    (-,-) 
  PC1/add_174_42_g1233/Y -       B->Y  R     NAND2X1        3  13.2   164   156    3656    (-,-) 
  PC1/add_174_42_g1226/Y -       B->Y  F     NAND2X1        1   7.8   117   163    3819    (-,-) 
  PC1/add_174_42_g1221/Y -       B->Y  R     NAND2X2        3  16.0   133   133    3952    (-,-) 
  PC1/add_174_42_g1219/Y -       B->Y  F     NAND2X2        1   7.8    75   116    4068    (-,-) 
  PC1/add_174_42_g1217/Y -       B->Y  R     NAND2X2        4  19.5   147   125    4193    (-,-) 
  PC1/g46347/Y           -       A1->Y F     AOI21X2        1   4.8    84   137    4330    (-,-) 
  PC1/g46346/Y           -       A->Y  R     CLKINVX1       3  13.2   150   152    4482    (-,-) 
  PC1/add_174_42_g1209/Y -       B->Y  F     NAND2X1        1   5.0    88   133    4615    (-,-) 
  PC1/add_174_42_g1206/Y -       B->Y  R     NAND2X1        3  16.0   198   178    4792    (-,-) 
  PC1/add_174_42_g1202/Y -       B->Y  F     NAND2X2        1   7.8    88   135    4928    (-,-) 
  PC1/add_174_42_g1201/Y -       B->Y  R     NAND2X2        5  21.0   153   137    5065    (-,-) 
  PC1/add_174_42_g1197/Y -       B->Y  F     NAND2X1        1   7.8   123   158    5223    (-,-) 
  PC1/add_174_42_g1196/Y -       B->Y  R     NAND2X2        4  17.1   122   140    5364    (-,-) 
  PC1/add_174_42_g1191/Y -       B->Y  F     NAND2X1        2   8.9   118   154    5518    (-,-) 
  PC1/add_174_42_g1190/Y -       A->Y  R     CLKINVX1       1   5.0    82   108    5625    (-,-) 
  PC1/add_174_42_g1186/Y -       B->Y  F     NAND2X1        1   5.0    96   104    5729    (-,-) 
  PC1/add_174_42_g1181/Y -       B->Y  R     NAND2X1        3  13.2   161   162    5891    (-,-) 
  PC1/add_174_42_g1177/Y -       B->Y  F     NAND2X1        2   9.0   127   172    6063    (-,-) 
  PC1/add_174_42_g1176/Y -       A->Y  R     INVX1          2   8.9   115   142    6205    (-,-) 
  PC1/add_174_42_g1170/Y -       B->Y  F     NAND2X1        1   7.7   122   141    6347    (-,-) 
  PC1/add_174_42_g1167/Y -       C->Y  R     NAND3X2        4  17.1   149   144    6490    (-,-) 
  PC1/add_174_42_g1162/Y -       B->Y  F     NAND2X1        2   9.0   124   167    6657    (-,-) 
  PC1/g46352/Y           -       A1->Y R     OAI21X1        4  17.1   421   374    7031    (-,-) 
  PC1/add_174_42_g1146/Y -       B->Y  F     NAND2X1        1   7.6   169   244    7275    (-,-) 
  PC1/g46345/Y           -       C0->Y R     OAI211X2       3  13.2   237   148    7424    (-,-) 
  PC1/add_174_42_g1137/Y -       B->Y  F     NAND2X1        1   7.8   133   192    7616    (-,-) 
  PC1/add_174_42_g1132/Y -       B->Y  R     NAND2X2        3  13.2   120   130    7746    (-,-) 
  PC1/add_174_42_g1131/Y -       B->Y  F     NAND2X1        1   7.8   108   144    7890    (-,-) 
  PC1/add_174_42_g1129/Y -       B->Y  R     NAND2X2        3  16.0   132   129    8019    (-,-) 
  PC1/add_174_42_g1126/Y -       B->Y  F     NAND2X2        1   5.0    62   100    8119    (-,-) 
  PC1/add_174_42_g1125/Y -       B->Y  R     NAND2X1        2   9.7   142   120    8239    (-,-) 
  PC1/add_174_42_g1121/Y -       B->Y  F     XNOR2X1        2   8.9   100   339    8578    (-,-) 
  PC1/g45796/Y           -       B->Y  R     NAND2X1        1   4.8    82   102    8681    (-,-) 
  PC1/g46334/Y           -       A->Y  F     NAND3X1        2   8.8   194   198    8878    (-,-) 
  PC1/g26604/Y           -       A->Y  R     CLKINVX1       1   3.6    91   114    8992    (-,-) 
  PC1/g39895/Y           -       B->Y  R     AND2X2        16  63.2   351   483    9475    (-,-) 
  PC1/g38600/Y           -       A0->Y F     OAI21X1        1   3.6   108   206    9681    (-,-) 
  PC1/RF_reg[15][29]/D   -       -     F     DFFRX1         1     -     -     0    9681    (-,-) 
#------------------------------------------------------------------------------------------------



Path 34: MET (142 ps) Setup Check with Pin PC1/RF_reg[14][29]/CK->D
          Group: C2C
     Startpoint: (R) PC1/IR_reg[30]/CK
          Clock: (R) SYS_CLOCK
       Endpoint: (F) PC1/RF_reg[14][29]/D
          Clock: (R) SYS_CLOCK

                     Capture       Launch     
        Clock Edge:+   10000            0     
       Src Latency:+       0            0     
       Net Latency:+       0 (I)        0 (I) 
           Arrival:=   10000            0     
                                              
             Setup:-     177                  
     Required Time:=    9823                  
      Launch Clock:-       0                  
         Data Path:-    9681                  
             Slack:=     142                  

#------------------------------------------------------------------------------------------------
#     Timing Point       Flags   Arc   Edge   Cell     Fanout  Load Trans Delay Arrival Instance 
#                                                              (fF)  (ps)  (ps)   (ps)  Location 
#------------------------------------------------------------------------------------------------
  PC1/IR_reg[30]/CK      -       -     R     (arrival)    587     -     0     0       0    (-,-) 
  PC1/IR_reg[30]/Q       -       CK->Q F     DFFX1          3  12.3   102   491     491    (-,-) 
  PC1/g43941__4733/Y     -       A->Y  R     NOR2X2         2   8.3   130   160     651    (-,-) 
  PC1/g43922__8428/Y     -       B->Y  R     CLKAND2X2      2  16.7   106   224     875    (-,-) 
  PC1/g43628__2883/Y     -       A->Y  F     NAND2X4        7  29.1   112   140    1015    (-,-) 
  PC1/g43624__6161/Y     -       B->Y  R     NAND2X1        1   5.0    83   110    1125    (-,-) 
  PC1/g43363__5115/Y     -       B0->Y F     OAI21X1        2   8.8   136   159    1283    (-,-) 
  PC1/g43355/Y           -       A->Y  R     INVX1          3  12.9   153   175    1458    (-,-) 
  PC1/g43343__2398/Y     -       B->Y  F     NAND2X1        3  26.3   298   307    1765    (-,-) 
  PC1/g43310/Y           -       A->Y  R     CLKINVX2       2   9.1   123   147    1912    (-,-) 
  PC1/g43267__5115/Y     -       B->Y  F     NAND2X1        1  12.8   162   186    2099    (-,-) 
  PC1/g43193/Y           -       A->Y  R     CLKINVX4      32 128.6   347   324    2423    (-,-) 
  PC1/g42949__7098/Y     -       A1->Y F     AOI22X1        1   5.0   164   256    2678    (-,-) 
  PC1/g42706__2883/Y     -       B->Y  R     NAND2X1        1   7.4   125   148    2827    (-,-) 
  PC1/g42695__5122/Y     -       A->Y  F     NOR2X2         1  13.1    67   115    2942    (-,-) 
  PC1/g42616__5115/Y     -       B->Y  R     NAND2X4        9  37.3   122   120    3061    (-,-) 
  PC1/add_174_42_g1369/Y -       B->Y  F     NAND2X1        3  14.2   188   196    3258    (-,-) 
  PC1/add_174_42_g1237/Y -       A->Y  R     CLKINVX1       1   4.9   100   128    3385    (-,-) 
  PC1/add_174_42_g1236/Y -       A->Y  F     NAND2X1        1   5.0    84   115    3500    (-,-) 
  PC1/add_174_42_g1233/Y -       B->Y  R     NAND2X1        3  13.2   164   156    3656    (-,-) 
  PC1/add_174_42_g1226/Y -       B->Y  F     NAND2X1        1   7.8   117   163    3819    (-,-) 
  PC1/add_174_42_g1221/Y -       B->Y  R     NAND2X2        3  16.0   133   133    3952    (-,-) 
  PC1/add_174_42_g1219/Y -       B->Y  F     NAND2X2        1   7.8    75   116    4068    (-,-) 
  PC1/add_174_42_g1217/Y -       B->Y  R     NAND2X2        4  19.5   147   125    4193    (-,-) 
  PC1/g46347/Y           -       A1->Y F     AOI21X2        1   4.8    84   137    4330    (-,-) 
  PC1/g46346/Y           -       A->Y  R     CLKINVX1       3  13.2   150   152    4482    (-,-) 
  PC1/add_174_42_g1209/Y -       B->Y  F     NAND2X1        1   5.0    88   133    4615    (-,-) 
  PC1/add_174_42_g1206/Y -       B->Y  R     NAND2X1        3  16.0   198   178    4792    (-,-) 
  PC1/add_174_42_g1202/Y -       B->Y  F     NAND2X2        1   7.8    88   135    4928    (-,-) 
  PC1/add_174_42_g1201/Y -       B->Y  R     NAND2X2        5  21.0   153   137    5065    (-,-) 
  PC1/add_174_42_g1197/Y -       B->Y  F     NAND2X1        1   7.8   123   158    5223    (-,-) 
  PC1/add_174_42_g1196/Y -       B->Y  R     NAND2X2        4  17.1   122   140    5364    (-,-) 
  PC1/add_174_42_g1191/Y -       B->Y  F     NAND2X1        2   8.9   118   154    5518    (-,-) 
  PC1/add_174_42_g1190/Y -       A->Y  R     CLKINVX1       1   5.0    82   108    5625    (-,-) 
  PC1/add_174_42_g1186/Y -       B->Y  F     NAND2X1        1   5.0    96   104    5729    (-,-) 
  PC1/add_174_42_g1181/Y -       B->Y  R     NAND2X1        3  13.2   161   162    5891    (-,-) 
  PC1/add_174_42_g1177/Y -       B->Y  F     NAND2X1        2   9.0   127   172    6063    (-,-) 
  PC1/add_174_42_g1176/Y -       A->Y  R     INVX1          2   8.9   115   142    6205    (-,-) 
  PC1/add_174_42_g1170/Y -       B->Y  F     NAND2X1        1   7.7   122   141    6347    (-,-) 
  PC1/add_174_42_g1167/Y -       C->Y  R     NAND3X2        4  17.1   149   144    6490    (-,-) 
  PC1/add_174_42_g1162/Y -       B->Y  F     NAND2X1        2   9.0   124   167    6657    (-,-) 
  PC1/g46352/Y           -       A1->Y R     OAI21X1        4  17.1   421   374    7031    (-,-) 
  PC1/add_174_42_g1146/Y -       B->Y  F     NAND2X1        1   7.6   169   244    7275    (-,-) 
  PC1/g46345/Y           -       C0->Y R     OAI211X2       3  13.2   237   148    7424    (-,-) 
  PC1/add_174_42_g1137/Y -       B->Y  F     NAND2X1        1   7.8   133   192    7616    (-,-) 
  PC1/add_174_42_g1132/Y -       B->Y  R     NAND2X2        3  13.2   120   130    7746    (-,-) 
  PC1/add_174_42_g1131/Y -       B->Y  F     NAND2X1        1   7.8   108   144    7890    (-,-) 
  PC1/add_174_42_g1129/Y -       B->Y  R     NAND2X2        3  16.0   132   129    8019    (-,-) 
  PC1/add_174_42_g1126/Y -       B->Y  F     NAND2X2        1   5.0    62   100    8119    (-,-) 
  PC1/add_174_42_g1125/Y -       B->Y  R     NAND2X1        2   9.7   142   120    8239    (-,-) 
  PC1/add_174_42_g1121/Y -       B->Y  F     XNOR2X1        2   8.9   100   339    8578    (-,-) 
  PC1/g45796/Y           -       B->Y  R     NAND2X1        1   4.8    82   102    8681    (-,-) 
  PC1/g46334/Y           -       A->Y  F     NAND3X1        2   8.8   194   198    8878    (-,-) 
  PC1/g26604/Y           -       A->Y  R     CLKINVX1       1   3.6    91   114    8992    (-,-) 
  PC1/g39895/Y           -       B->Y  R     AND2X2        16  63.2   351   483    9475    (-,-) 
  PC1/g38598/Y           -       A0->Y F     OAI21X1        1   3.6   108   206    9681    (-,-) 
  PC1/RF_reg[14][29]/D   -       -     F     DFFRX1         1     -     -     0    9681    (-,-) 
#------------------------------------------------------------------------------------------------



Path 35: MET (142 ps) Setup Check with Pin PC1/RF_reg[13][29]/CK->D
          Group: C2C
     Startpoint: (R) PC1/IR_reg[30]/CK
          Clock: (R) SYS_CLOCK
       Endpoint: (F) PC1/RF_reg[13][29]/D
          Clock: (R) SYS_CLOCK

                     Capture       Launch     
        Clock Edge:+   10000            0     
       Src Latency:+       0            0     
       Net Latency:+       0 (I)        0 (I) 
           Arrival:=   10000            0     
                                              
             Setup:-     177                  
     Required Time:=    9823                  
      Launch Clock:-       0                  
         Data Path:-    9681                  
             Slack:=     142                  

#------------------------------------------------------------------------------------------------
#     Timing Point       Flags   Arc   Edge   Cell     Fanout  Load Trans Delay Arrival Instance 
#                                                              (fF)  (ps)  (ps)   (ps)  Location 
#------------------------------------------------------------------------------------------------
  PC1/IR_reg[30]/CK      -       -     R     (arrival)    587     -     0     0       0    (-,-) 
  PC1/IR_reg[30]/Q       -       CK->Q F     DFFX1          3  12.3   102   491     491    (-,-) 
  PC1/g43941__4733/Y     -       A->Y  R     NOR2X2         2   8.3   130   160     651    (-,-) 
  PC1/g43922__8428/Y     -       B->Y  R     CLKAND2X2      2  16.7   106   224     875    (-,-) 
  PC1/g43628__2883/Y     -       A->Y  F     NAND2X4        7  29.1   112   140    1015    (-,-) 
  PC1/g43624__6161/Y     -       B->Y  R     NAND2X1        1   5.0    83   110    1125    (-,-) 
  PC1/g43363__5115/Y     -       B0->Y F     OAI21X1        2   8.8   136   159    1283    (-,-) 
  PC1/g43355/Y           -       A->Y  R     INVX1          3  12.9   153   175    1458    (-,-) 
  PC1/g43343__2398/Y     -       B->Y  F     NAND2X1        3  26.3   298   307    1765    (-,-) 
  PC1/g43310/Y           -       A->Y  R     CLKINVX2       2   9.1   123   147    1912    (-,-) 
  PC1/g43267__5115/Y     -       B->Y  F     NAND2X1        1  12.8   162   186    2099    (-,-) 
  PC1/g43193/Y           -       A->Y  R     CLKINVX4      32 128.6   347   324    2423    (-,-) 
  PC1/g42949__7098/Y     -       A1->Y F     AOI22X1        1   5.0   164   256    2678    (-,-) 
  PC1/g42706__2883/Y     -       B->Y  R     NAND2X1        1   7.4   125   148    2827    (-,-) 
  PC1/g42695__5122/Y     -       A->Y  F     NOR2X2         1  13.1    67   115    2942    (-,-) 
  PC1/g42616__5115/Y     -       B->Y  R     NAND2X4        9  37.3   122   120    3061    (-,-) 
  PC1/add_174_42_g1369/Y -       B->Y  F     NAND2X1        3  14.2   188   196    3258    (-,-) 
  PC1/add_174_42_g1237/Y -       A->Y  R     CLKINVX1       1   4.9   100   128    3385    (-,-) 
  PC1/add_174_42_g1236/Y -       A->Y  F     NAND2X1        1   5.0    84   115    3500    (-,-) 
  PC1/add_174_42_g1233/Y -       B->Y  R     NAND2X1        3  13.2   164   156    3656    (-,-) 
  PC1/add_174_42_g1226/Y -       B->Y  F     NAND2X1        1   7.8   117   163    3819    (-,-) 
  PC1/add_174_42_g1221/Y -       B->Y  R     NAND2X2        3  16.0   133   133    3952    (-,-) 
  PC1/add_174_42_g1219/Y -       B->Y  F     NAND2X2        1   7.8    75   116    4068    (-,-) 
  PC1/add_174_42_g1217/Y -       B->Y  R     NAND2X2        4  19.5   147   125    4193    (-,-) 
  PC1/g46347/Y           -       A1->Y F     AOI21X2        1   4.8    84   137    4330    (-,-) 
  PC1/g46346/Y           -       A->Y  R     CLKINVX1       3  13.2   150   152    4482    (-,-) 
  PC1/add_174_42_g1209/Y -       B->Y  F     NAND2X1        1   5.0    88   133    4615    (-,-) 
  PC1/add_174_42_g1206/Y -       B->Y  R     NAND2X1        3  16.0   198   178    4792    (-,-) 
  PC1/add_174_42_g1202/Y -       B->Y  F     NAND2X2        1   7.8    88   135    4928    (-,-) 
  PC1/add_174_42_g1201/Y -       B->Y  R     NAND2X2        5  21.0   153   137    5065    (-,-) 
  PC1/add_174_42_g1197/Y -       B->Y  F     NAND2X1        1   7.8   123   158    5223    (-,-) 
  PC1/add_174_42_g1196/Y -       B->Y  R     NAND2X2        4  17.1   122   140    5364    (-,-) 
  PC1/add_174_42_g1191/Y -       B->Y  F     NAND2X1        2   8.9   118   154    5518    (-,-) 
  PC1/add_174_42_g1190/Y -       A->Y  R     CLKINVX1       1   5.0    82   108    5625    (-,-) 
  PC1/add_174_42_g1186/Y -       B->Y  F     NAND2X1        1   5.0    96   104    5729    (-,-) 
  PC1/add_174_42_g1181/Y -       B->Y  R     NAND2X1        3  13.2   161   162    5891    (-,-) 
  PC1/add_174_42_g1177/Y -       B->Y  F     NAND2X1        2   9.0   127   172    6063    (-,-) 
  PC1/add_174_42_g1176/Y -       A->Y  R     INVX1          2   8.9   115   142    6205    (-,-) 
  PC1/add_174_42_g1170/Y -       B->Y  F     NAND2X1        1   7.7   122   141    6347    (-,-) 
  PC1/add_174_42_g1167/Y -       C->Y  R     NAND3X2        4  17.1   149   144    6490    (-,-) 
  PC1/add_174_42_g1162/Y -       B->Y  F     NAND2X1        2   9.0   124   167    6657    (-,-) 
  PC1/g46352/Y           -       A1->Y R     OAI21X1        4  17.1   421   374    7031    (-,-) 
  PC1/add_174_42_g1146/Y -       B->Y  F     NAND2X1        1   7.6   169   244    7275    (-,-) 
  PC1/g46345/Y           -       C0->Y R     OAI211X2       3  13.2   237   148    7424    (-,-) 
  PC1/add_174_42_g1137/Y -       B->Y  F     NAND2X1        1   7.8   133   192    7616    (-,-) 
  PC1/add_174_42_g1132/Y -       B->Y  R     NAND2X2        3  13.2   120   130    7746    (-,-) 
  PC1/add_174_42_g1131/Y -       B->Y  F     NAND2X1        1   7.8   108   144    7890    (-,-) 
  PC1/add_174_42_g1129/Y -       B->Y  R     NAND2X2        3  16.0   132   129    8019    (-,-) 
  PC1/add_174_42_g1126/Y -       B->Y  F     NAND2X2        1   5.0    62   100    8119    (-,-) 
  PC1/add_174_42_g1125/Y -       B->Y  R     NAND2X1        2   9.7   142   120    8239    (-,-) 
  PC1/add_174_42_g1121/Y -       B->Y  F     XNOR2X1        2   8.9   100   339    8578    (-,-) 
  PC1/g45796/Y           -       B->Y  R     NAND2X1        1   4.8    82   102    8681    (-,-) 
  PC1/g46334/Y           -       A->Y  F     NAND3X1        2   8.8   194   198    8878    (-,-) 
  PC1/g26604/Y           -       A->Y  R     CLKINVX1       1   3.6    91   114    8992    (-,-) 
  PC1/g39895/Y           -       B->Y  R     AND2X2        16  63.2   351   483    9475    (-,-) 
  PC1/g38591/Y           -       A0->Y F     OAI21X1        1   3.6   108   206    9681    (-,-) 
  PC1/RF_reg[13][29]/D   -       -     F     DFFRX1         1     -     -     0    9681    (-,-) 
#------------------------------------------------------------------------------------------------



Path 36: MET (142 ps) Setup Check with Pin PC1/RF_reg[12][29]/CK->D
          Group: C2C
     Startpoint: (R) PC1/IR_reg[30]/CK
          Clock: (R) SYS_CLOCK
       Endpoint: (F) PC1/RF_reg[12][29]/D
          Clock: (R) SYS_CLOCK

                     Capture       Launch     
        Clock Edge:+   10000            0     
       Src Latency:+       0            0     
       Net Latency:+       0 (I)        0 (I) 
           Arrival:=   10000            0     
                                              
             Setup:-     177                  
     Required Time:=    9823                  
      Launch Clock:-       0                  
         Data Path:-    9681                  
             Slack:=     142                  

#------------------------------------------------------------------------------------------------
#     Timing Point       Flags   Arc   Edge   Cell     Fanout  Load Trans Delay Arrival Instance 
#                                                              (fF)  (ps)  (ps)   (ps)  Location 
#------------------------------------------------------------------------------------------------
  PC1/IR_reg[30]/CK      -       -     R     (arrival)    587     -     0     0       0    (-,-) 
  PC1/IR_reg[30]/Q       -       CK->Q F     DFFX1          3  12.3   102   491     491    (-,-) 
  PC1/g43941__4733/Y     -       A->Y  R     NOR2X2         2   8.3   130   160     651    (-,-) 
  PC1/g43922__8428/Y     -       B->Y  R     CLKAND2X2      2  16.7   106   224     875    (-,-) 
  PC1/g43628__2883/Y     -       A->Y  F     NAND2X4        7  29.1   112   140    1015    (-,-) 
  PC1/g43624__6161/Y     -       B->Y  R     NAND2X1        1   5.0    83   110    1125    (-,-) 
  PC1/g43363__5115/Y     -       B0->Y F     OAI21X1        2   8.8   136   159    1283    (-,-) 
  PC1/g43355/Y           -       A->Y  R     INVX1          3  12.9   153   175    1458    (-,-) 
  PC1/g43343__2398/Y     -       B->Y  F     NAND2X1        3  26.3   298   307    1765    (-,-) 
  PC1/g43310/Y           -       A->Y  R     CLKINVX2       2   9.1   123   147    1912    (-,-) 
  PC1/g43267__5115/Y     -       B->Y  F     NAND2X1        1  12.8   162   186    2099    (-,-) 
  PC1/g43193/Y           -       A->Y  R     CLKINVX4      32 128.6   347   324    2423    (-,-) 
  PC1/g42949__7098/Y     -       A1->Y F     AOI22X1        1   5.0   164   256    2678    (-,-) 
  PC1/g42706__2883/Y     -       B->Y  R     NAND2X1        1   7.4   125   148    2827    (-,-) 
  PC1/g42695__5122/Y     -       A->Y  F     NOR2X2         1  13.1    67   115    2942    (-,-) 
  PC1/g42616__5115/Y     -       B->Y  R     NAND2X4        9  37.3   122   120    3061    (-,-) 
  PC1/add_174_42_g1369/Y -       B->Y  F     NAND2X1        3  14.2   188   196    3258    (-,-) 
  PC1/add_174_42_g1237/Y -       A->Y  R     CLKINVX1       1   4.9   100   128    3385    (-,-) 
  PC1/add_174_42_g1236/Y -       A->Y  F     NAND2X1        1   5.0    84   115    3500    (-,-) 
  PC1/add_174_42_g1233/Y -       B->Y  R     NAND2X1        3  13.2   164   156    3656    (-,-) 
  PC1/add_174_42_g1226/Y -       B->Y  F     NAND2X1        1   7.8   117   163    3819    (-,-) 
  PC1/add_174_42_g1221/Y -       B->Y  R     NAND2X2        3  16.0   133   133    3952    (-,-) 
  PC1/add_174_42_g1219/Y -       B->Y  F     NAND2X2        1   7.8    75   116    4068    (-,-) 
  PC1/add_174_42_g1217/Y -       B->Y  R     NAND2X2        4  19.5   147   125    4193    (-,-) 
  PC1/g46347/Y           -       A1->Y F     AOI21X2        1   4.8    84   137    4330    (-,-) 
  PC1/g46346/Y           -       A->Y  R     CLKINVX1       3  13.2   150   152    4482    (-,-) 
  PC1/add_174_42_g1209/Y -       B->Y  F     NAND2X1        1   5.0    88   133    4615    (-,-) 
  PC1/add_174_42_g1206/Y -       B->Y  R     NAND2X1        3  16.0   198   178    4792    (-,-) 
  PC1/add_174_42_g1202/Y -       B->Y  F     NAND2X2        1   7.8    88   135    4928    (-,-) 
  PC1/add_174_42_g1201/Y -       B->Y  R     NAND2X2        5  21.0   153   137    5065    (-,-) 
  PC1/add_174_42_g1197/Y -       B->Y  F     NAND2X1        1   7.8   123   158    5223    (-,-) 
  PC1/add_174_42_g1196/Y -       B->Y  R     NAND2X2        4  17.1   122   140    5364    (-,-) 
  PC1/add_174_42_g1191/Y -       B->Y  F     NAND2X1        2   8.9   118   154    5518    (-,-) 
  PC1/add_174_42_g1190/Y -       A->Y  R     CLKINVX1       1   5.0    82   108    5625    (-,-) 
  PC1/add_174_42_g1186/Y -       B->Y  F     NAND2X1        1   5.0    96   104    5729    (-,-) 
  PC1/add_174_42_g1181/Y -       B->Y  R     NAND2X1        3  13.2   161   162    5891    (-,-) 
  PC1/add_174_42_g1177/Y -       B->Y  F     NAND2X1        2   9.0   127   172    6063    (-,-) 
  PC1/add_174_42_g1176/Y -       A->Y  R     INVX1          2   8.9   115   142    6205    (-,-) 
  PC1/add_174_42_g1170/Y -       B->Y  F     NAND2X1        1   7.7   122   141    6347    (-,-) 
  PC1/add_174_42_g1167/Y -       C->Y  R     NAND3X2        4  17.1   149   144    6490    (-,-) 
  PC1/add_174_42_g1162/Y -       B->Y  F     NAND2X1        2   9.0   124   167    6657    (-,-) 
  PC1/g46352/Y           -       A1->Y R     OAI21X1        4  17.1   421   374    7031    (-,-) 
  PC1/add_174_42_g1146/Y -       B->Y  F     NAND2X1        1   7.6   169   244    7275    (-,-) 
  PC1/g46345/Y           -       C0->Y R     OAI211X2       3  13.2   237   148    7424    (-,-) 
  PC1/add_174_42_g1137/Y -       B->Y  F     NAND2X1        1   7.8   133   192    7616    (-,-) 
  PC1/add_174_42_g1132/Y -       B->Y  R     NAND2X2        3  13.2   120   130    7746    (-,-) 
  PC1/add_174_42_g1131/Y -       B->Y  F     NAND2X1        1   7.8   108   144    7890    (-,-) 
  PC1/add_174_42_g1129/Y -       B->Y  R     NAND2X2        3  16.0   132   129    8019    (-,-) 
  PC1/add_174_42_g1126/Y -       B->Y  F     NAND2X2        1   5.0    62   100    8119    (-,-) 
  PC1/add_174_42_g1125/Y -       B->Y  R     NAND2X1        2   9.7   142   120    8239    (-,-) 
  PC1/add_174_42_g1121/Y -       B->Y  F     XNOR2X1        2   8.9   100   339    8578    (-,-) 
  PC1/g45796/Y           -       B->Y  R     NAND2X1        1   4.8    82   102    8681    (-,-) 
  PC1/g46334/Y           -       A->Y  F     NAND3X1        2   8.8   194   198    8878    (-,-) 
  PC1/g26604/Y           -       A->Y  R     CLKINVX1       1   3.6    91   114    8992    (-,-) 
  PC1/g39895/Y           -       B->Y  R     AND2X2        16  63.2   351   483    9475    (-,-) 
  PC1/g38590/Y           -       A0->Y F     OAI21X1        1   3.6   108   206    9681    (-,-) 
  PC1/RF_reg[12][29]/D   -       -     F     DFFRX1         1     -     -     0    9681    (-,-) 
#------------------------------------------------------------------------------------------------



Path 37: MET (142 ps) Setup Check with Pin PC1/RF_reg[11][29]/CK->D
          Group: C2C
     Startpoint: (R) PC1/IR_reg[30]/CK
          Clock: (R) SYS_CLOCK
       Endpoint: (F) PC1/RF_reg[11][29]/D
          Clock: (R) SYS_CLOCK

                     Capture       Launch     
        Clock Edge:+   10000            0     
       Src Latency:+       0            0     
       Net Latency:+       0 (I)        0 (I) 
           Arrival:=   10000            0     
                                              
             Setup:-     177                  
     Required Time:=    9823                  
      Launch Clock:-       0                  
         Data Path:-    9681                  
             Slack:=     142                  

#------------------------------------------------------------------------------------------------
#     Timing Point       Flags   Arc   Edge   Cell     Fanout  Load Trans Delay Arrival Instance 
#                                                              (fF)  (ps)  (ps)   (ps)  Location 
#------------------------------------------------------------------------------------------------
  PC1/IR_reg[30]/CK      -       -     R     (arrival)    587     -     0     0       0    (-,-) 
  PC1/IR_reg[30]/Q       -       CK->Q F     DFFX1          3  12.3   102   491     491    (-,-) 
  PC1/g43941__4733/Y     -       A->Y  R     NOR2X2         2   8.3   130   160     651    (-,-) 
  PC1/g43922__8428/Y     -       B->Y  R     CLKAND2X2      2  16.7   106   224     875    (-,-) 
  PC1/g43628__2883/Y     -       A->Y  F     NAND2X4        7  29.1   112   140    1015    (-,-) 
  PC1/g43624__6161/Y     -       B->Y  R     NAND2X1        1   5.0    83   110    1125    (-,-) 
  PC1/g43363__5115/Y     -       B0->Y F     OAI21X1        2   8.8   136   159    1283    (-,-) 
  PC1/g43355/Y           -       A->Y  R     INVX1          3  12.9   153   175    1458    (-,-) 
  PC1/g43343__2398/Y     -       B->Y  F     NAND2X1        3  26.3   298   307    1765    (-,-) 
  PC1/g43310/Y           -       A->Y  R     CLKINVX2       2   9.1   123   147    1912    (-,-) 
  PC1/g43267__5115/Y     -       B->Y  F     NAND2X1        1  12.8   162   186    2099    (-,-) 
  PC1/g43193/Y           -       A->Y  R     CLKINVX4      32 128.6   347   324    2423    (-,-) 
  PC1/g42949__7098/Y     -       A1->Y F     AOI22X1        1   5.0   164   256    2678    (-,-) 
  PC1/g42706__2883/Y     -       B->Y  R     NAND2X1        1   7.4   125   148    2827    (-,-) 
  PC1/g42695__5122/Y     -       A->Y  F     NOR2X2         1  13.1    67   115    2942    (-,-) 
  PC1/g42616__5115/Y     -       B->Y  R     NAND2X4        9  37.3   122   120    3061    (-,-) 
  PC1/add_174_42_g1369/Y -       B->Y  F     NAND2X1        3  14.2   188   196    3258    (-,-) 
  PC1/add_174_42_g1237/Y -       A->Y  R     CLKINVX1       1   4.9   100   128    3385    (-,-) 
  PC1/add_174_42_g1236/Y -       A->Y  F     NAND2X1        1   5.0    84   115    3500    (-,-) 
  PC1/add_174_42_g1233/Y -       B->Y  R     NAND2X1        3  13.2   164   156    3656    (-,-) 
  PC1/add_174_42_g1226/Y -       B->Y  F     NAND2X1        1   7.8   117   163    3819    (-,-) 
  PC1/add_174_42_g1221/Y -       B->Y  R     NAND2X2        3  16.0   133   133    3952    (-,-) 
  PC1/add_174_42_g1219/Y -       B->Y  F     NAND2X2        1   7.8    75   116    4068    (-,-) 
  PC1/add_174_42_g1217/Y -       B->Y  R     NAND2X2        4  19.5   147   125    4193    (-,-) 
  PC1/g46347/Y           -       A1->Y F     AOI21X2        1   4.8    84   137    4330    (-,-) 
  PC1/g46346/Y           -       A->Y  R     CLKINVX1       3  13.2   150   152    4482    (-,-) 
  PC1/add_174_42_g1209/Y -       B->Y  F     NAND2X1        1   5.0    88   133    4615    (-,-) 
  PC1/add_174_42_g1206/Y -       B->Y  R     NAND2X1        3  16.0   198   178    4792    (-,-) 
  PC1/add_174_42_g1202/Y -       B->Y  F     NAND2X2        1   7.8    88   135    4928    (-,-) 
  PC1/add_174_42_g1201/Y -       B->Y  R     NAND2X2        5  21.0   153   137    5065    (-,-) 
  PC1/add_174_42_g1197/Y -       B->Y  F     NAND2X1        1   7.8   123   158    5223    (-,-) 
  PC1/add_174_42_g1196/Y -       B->Y  R     NAND2X2        4  17.1   122   140    5364    (-,-) 
  PC1/add_174_42_g1191/Y -       B->Y  F     NAND2X1        2   8.9   118   154    5518    (-,-) 
  PC1/add_174_42_g1190/Y -       A->Y  R     CLKINVX1       1   5.0    82   108    5625    (-,-) 
  PC1/add_174_42_g1186/Y -       B->Y  F     NAND2X1        1   5.0    96   104    5729    (-,-) 
  PC1/add_174_42_g1181/Y -       B->Y  R     NAND2X1        3  13.2   161   162    5891    (-,-) 
  PC1/add_174_42_g1177/Y -       B->Y  F     NAND2X1        2   9.0   127   172    6063    (-,-) 
  PC1/add_174_42_g1176/Y -       A->Y  R     INVX1          2   8.9   115   142    6205    (-,-) 
  PC1/add_174_42_g1170/Y -       B->Y  F     NAND2X1        1   7.7   122   141    6347    (-,-) 
  PC1/add_174_42_g1167/Y -       C->Y  R     NAND3X2        4  17.1   149   144    6490    (-,-) 
  PC1/add_174_42_g1162/Y -       B->Y  F     NAND2X1        2   9.0   124   167    6657    (-,-) 
  PC1/g46352/Y           -       A1->Y R     OAI21X1        4  17.1   421   374    7031    (-,-) 
  PC1/add_174_42_g1146/Y -       B->Y  F     NAND2X1        1   7.6   169   244    7275    (-,-) 
  PC1/g46345/Y           -       C0->Y R     OAI211X2       3  13.2   237   148    7424    (-,-) 
  PC1/add_174_42_g1137/Y -       B->Y  F     NAND2X1        1   7.8   133   192    7616    (-,-) 
  PC1/add_174_42_g1132/Y -       B->Y  R     NAND2X2        3  13.2   120   130    7746    (-,-) 
  PC1/add_174_42_g1131/Y -       B->Y  F     NAND2X1        1   7.8   108   144    7890    (-,-) 
  PC1/add_174_42_g1129/Y -       B->Y  R     NAND2X2        3  16.0   132   129    8019    (-,-) 
  PC1/add_174_42_g1126/Y -       B->Y  F     NAND2X2        1   5.0    62   100    8119    (-,-) 
  PC1/add_174_42_g1125/Y -       B->Y  R     NAND2X1        2   9.7   142   120    8239    (-,-) 
  PC1/add_174_42_g1121/Y -       B->Y  F     XNOR2X1        2   8.9   100   339    8578    (-,-) 
  PC1/g45796/Y           -       B->Y  R     NAND2X1        1   4.8    82   102    8681    (-,-) 
  PC1/g46334/Y           -       A->Y  F     NAND3X1        2   8.8   194   198    8878    (-,-) 
  PC1/g26604/Y           -       A->Y  R     CLKINVX1       1   3.6    91   114    8992    (-,-) 
  PC1/g39895/Y           -       B->Y  R     AND2X2        16  63.2   351   483    9475    (-,-) 
  PC1/g38597/Y           -       A0->Y F     OAI21X1        1   3.6   108   206    9681    (-,-) 
  PC1/RF_reg[11][29]/D   -       -     F     DFFRX1         1     -     -     0    9681    (-,-) 
#------------------------------------------------------------------------------------------------



Path 38: MET (142 ps) Setup Check with Pin PC1/RF_reg[10][29]/CK->D
          Group: C2C
     Startpoint: (R) PC1/IR_reg[30]/CK
          Clock: (R) SYS_CLOCK
       Endpoint: (F) PC1/RF_reg[10][29]/D
          Clock: (R) SYS_CLOCK

                     Capture       Launch     
        Clock Edge:+   10000            0     
       Src Latency:+       0            0     
       Net Latency:+       0 (I)        0 (I) 
           Arrival:=   10000            0     
                                              
             Setup:-     177                  
     Required Time:=    9823                  
      Launch Clock:-       0                  
         Data Path:-    9681                  
             Slack:=     142                  

#------------------------------------------------------------------------------------------------
#     Timing Point       Flags   Arc   Edge   Cell     Fanout  Load Trans Delay Arrival Instance 
#                                                              (fF)  (ps)  (ps)   (ps)  Location 
#------------------------------------------------------------------------------------------------
  PC1/IR_reg[30]/CK      -       -     R     (arrival)    587     -     0     0       0    (-,-) 
  PC1/IR_reg[30]/Q       -       CK->Q F     DFFX1          3  12.3   102   491     491    (-,-) 
  PC1/g43941__4733/Y     -       A->Y  R     NOR2X2         2   8.3   130   160     651    (-,-) 
  PC1/g43922__8428/Y     -       B->Y  R     CLKAND2X2      2  16.7   106   224     875    (-,-) 
  PC1/g43628__2883/Y     -       A->Y  F     NAND2X4        7  29.1   112   140    1015    (-,-) 
  PC1/g43624__6161/Y     -       B->Y  R     NAND2X1        1   5.0    83   110    1125    (-,-) 
  PC1/g43363__5115/Y     -       B0->Y F     OAI21X1        2   8.8   136   159    1283    (-,-) 
  PC1/g43355/Y           -       A->Y  R     INVX1          3  12.9   153   175    1458    (-,-) 
  PC1/g43343__2398/Y     -       B->Y  F     NAND2X1        3  26.3   298   307    1765    (-,-) 
  PC1/g43310/Y           -       A->Y  R     CLKINVX2       2   9.1   123   147    1912    (-,-) 
  PC1/g43267__5115/Y     -       B->Y  F     NAND2X1        1  12.8   162   186    2099    (-,-) 
  PC1/g43193/Y           -       A->Y  R     CLKINVX4      32 128.6   347   324    2423    (-,-) 
  PC1/g42949__7098/Y     -       A1->Y F     AOI22X1        1   5.0   164   256    2678    (-,-) 
  PC1/g42706__2883/Y     -       B->Y  R     NAND2X1        1   7.4   125   148    2827    (-,-) 
  PC1/g42695__5122/Y     -       A->Y  F     NOR2X2         1  13.1    67   115    2942    (-,-) 
  PC1/g42616__5115/Y     -       B->Y  R     NAND2X4        9  37.3   122   120    3061    (-,-) 
  PC1/add_174_42_g1369/Y -       B->Y  F     NAND2X1        3  14.2   188   196    3258    (-,-) 
  PC1/add_174_42_g1237/Y -       A->Y  R     CLKINVX1       1   4.9   100   128    3385    (-,-) 
  PC1/add_174_42_g1236/Y -       A->Y  F     NAND2X1        1   5.0    84   115    3500    (-,-) 
  PC1/add_174_42_g1233/Y -       B->Y  R     NAND2X1        3  13.2   164   156    3656    (-,-) 
  PC1/add_174_42_g1226/Y -       B->Y  F     NAND2X1        1   7.8   117   163    3819    (-,-) 
  PC1/add_174_42_g1221/Y -       B->Y  R     NAND2X2        3  16.0   133   133    3952    (-,-) 
  PC1/add_174_42_g1219/Y -       B->Y  F     NAND2X2        1   7.8    75   116    4068    (-,-) 
  PC1/add_174_42_g1217/Y -       B->Y  R     NAND2X2        4  19.5   147   125    4193    (-,-) 
  PC1/g46347/Y           -       A1->Y F     AOI21X2        1   4.8    84   137    4330    (-,-) 
  PC1/g46346/Y           -       A->Y  R     CLKINVX1       3  13.2   150   152    4482    (-,-) 
  PC1/add_174_42_g1209/Y -       B->Y  F     NAND2X1        1   5.0    88   133    4615    (-,-) 
  PC1/add_174_42_g1206/Y -       B->Y  R     NAND2X1        3  16.0   198   178    4792    (-,-) 
  PC1/add_174_42_g1202/Y -       B->Y  F     NAND2X2        1   7.8    88   135    4928    (-,-) 
  PC1/add_174_42_g1201/Y -       B->Y  R     NAND2X2        5  21.0   153   137    5065    (-,-) 
  PC1/add_174_42_g1197/Y -       B->Y  F     NAND2X1        1   7.8   123   158    5223    (-,-) 
  PC1/add_174_42_g1196/Y -       B->Y  R     NAND2X2        4  17.1   122   140    5364    (-,-) 
  PC1/add_174_42_g1191/Y -       B->Y  F     NAND2X1        2   8.9   118   154    5518    (-,-) 
  PC1/add_174_42_g1190/Y -       A->Y  R     CLKINVX1       1   5.0    82   108    5625    (-,-) 
  PC1/add_174_42_g1186/Y -       B->Y  F     NAND2X1        1   5.0    96   104    5729    (-,-) 
  PC1/add_174_42_g1181/Y -       B->Y  R     NAND2X1        3  13.2   161   162    5891    (-,-) 
  PC1/add_174_42_g1177/Y -       B->Y  F     NAND2X1        2   9.0   127   172    6063    (-,-) 
  PC1/add_174_42_g1176/Y -       A->Y  R     INVX1          2   8.9   115   142    6205    (-,-) 
  PC1/add_174_42_g1170/Y -       B->Y  F     NAND2X1        1   7.7   122   141    6347    (-,-) 
  PC1/add_174_42_g1167/Y -       C->Y  R     NAND3X2        4  17.1   149   144    6490    (-,-) 
  PC1/add_174_42_g1162/Y -       B->Y  F     NAND2X1        2   9.0   124   167    6657    (-,-) 
  PC1/g46352/Y           -       A1->Y R     OAI21X1        4  17.1   421   374    7031    (-,-) 
  PC1/add_174_42_g1146/Y -       B->Y  F     NAND2X1        1   7.6   169   244    7275    (-,-) 
  PC1/g46345/Y           -       C0->Y R     OAI211X2       3  13.2   237   148    7424    (-,-) 
  PC1/add_174_42_g1137/Y -       B->Y  F     NAND2X1        1   7.8   133   192    7616    (-,-) 
  PC1/add_174_42_g1132/Y -       B->Y  R     NAND2X2        3  13.2   120   130    7746    (-,-) 
  PC1/add_174_42_g1131/Y -       B->Y  F     NAND2X1        1   7.8   108   144    7890    (-,-) 
  PC1/add_174_42_g1129/Y -       B->Y  R     NAND2X2        3  16.0   132   129    8019    (-,-) 
  PC1/add_174_42_g1126/Y -       B->Y  F     NAND2X2        1   5.0    62   100    8119    (-,-) 
  PC1/add_174_42_g1125/Y -       B->Y  R     NAND2X1        2   9.7   142   120    8239    (-,-) 
  PC1/add_174_42_g1121/Y -       B->Y  F     XNOR2X1        2   8.9   100   339    8578    (-,-) 
  PC1/g45796/Y           -       B->Y  R     NAND2X1        1   4.8    82   102    8681    (-,-) 
  PC1/g46334/Y           -       A->Y  F     NAND3X1        2   8.8   194   198    8878    (-,-) 
  PC1/g26604/Y           -       A->Y  R     CLKINVX1       1   3.6    91   114    8992    (-,-) 
  PC1/g39895/Y           -       B->Y  R     AND2X2        16  63.2   351   483    9475    (-,-) 
  PC1/g38596/Y           -       A0->Y F     OAI21X1        1   3.6   108   206    9681    (-,-) 
  PC1/RF_reg[10][29]/D   -       -     F     DFFRX1         1     -     -     0    9681    (-,-) 
#------------------------------------------------------------------------------------------------



Path 39: MET (142 ps) Setup Check with Pin PC1/RF_reg[9][29]/CK->D
          Group: C2C
     Startpoint: (R) PC1/IR_reg[30]/CK
          Clock: (R) SYS_CLOCK
       Endpoint: (F) PC1/RF_reg[9][29]/D
          Clock: (R) SYS_CLOCK

                     Capture       Launch     
        Clock Edge:+   10000            0     
       Src Latency:+       0            0     
       Net Latency:+       0 (I)        0 (I) 
           Arrival:=   10000            0     
                                              
             Setup:-     177                  
     Required Time:=    9823                  
      Launch Clock:-       0                  
         Data Path:-    9681                  
             Slack:=     142                  

#------------------------------------------------------------------------------------------------
#     Timing Point       Flags   Arc   Edge   Cell     Fanout  Load Trans Delay Arrival Instance 
#                                                              (fF)  (ps)  (ps)   (ps)  Location 
#------------------------------------------------------------------------------------------------
  PC1/IR_reg[30]/CK      -       -     R     (arrival)    587     -     0     0       0    (-,-) 
  PC1/IR_reg[30]/Q       -       CK->Q F     DFFX1          3  12.3   102   491     491    (-,-) 
  PC1/g43941__4733/Y     -       A->Y  R     NOR2X2         2   8.3   130   160     651    (-,-) 
  PC1/g43922__8428/Y     -       B->Y  R     CLKAND2X2      2  16.7   106   224     875    (-,-) 
  PC1/g43628__2883/Y     -       A->Y  F     NAND2X4        7  29.1   112   140    1015    (-,-) 
  PC1/g43624__6161/Y     -       B->Y  R     NAND2X1        1   5.0    83   110    1125    (-,-) 
  PC1/g43363__5115/Y     -       B0->Y F     OAI21X1        2   8.8   136   159    1283    (-,-) 
  PC1/g43355/Y           -       A->Y  R     INVX1          3  12.9   153   175    1458    (-,-) 
  PC1/g43343__2398/Y     -       B->Y  F     NAND2X1        3  26.3   298   307    1765    (-,-) 
  PC1/g43310/Y           -       A->Y  R     CLKINVX2       2   9.1   123   147    1912    (-,-) 
  PC1/g43267__5115/Y     -       B->Y  F     NAND2X1        1  12.8   162   186    2099    (-,-) 
  PC1/g43193/Y           -       A->Y  R     CLKINVX4      32 128.6   347   324    2423    (-,-) 
  PC1/g42949__7098/Y     -       A1->Y F     AOI22X1        1   5.0   164   256    2678    (-,-) 
  PC1/g42706__2883/Y     -       B->Y  R     NAND2X1        1   7.4   125   148    2827    (-,-) 
  PC1/g42695__5122/Y     -       A->Y  F     NOR2X2         1  13.1    67   115    2942    (-,-) 
  PC1/g42616__5115/Y     -       B->Y  R     NAND2X4        9  37.3   122   120    3061    (-,-) 
  PC1/add_174_42_g1369/Y -       B->Y  F     NAND2X1        3  14.2   188   196    3258    (-,-) 
  PC1/add_174_42_g1237/Y -       A->Y  R     CLKINVX1       1   4.9   100   128    3385    (-,-) 
  PC1/add_174_42_g1236/Y -       A->Y  F     NAND2X1        1   5.0    84   115    3500    (-,-) 
  PC1/add_174_42_g1233/Y -       B->Y  R     NAND2X1        3  13.2   164   156    3656    (-,-) 
  PC1/add_174_42_g1226/Y -       B->Y  F     NAND2X1        1   7.8   117   163    3819    (-,-) 
  PC1/add_174_42_g1221/Y -       B->Y  R     NAND2X2        3  16.0   133   133    3952    (-,-) 
  PC1/add_174_42_g1219/Y -       B->Y  F     NAND2X2        1   7.8    75   116    4068    (-,-) 
  PC1/add_174_42_g1217/Y -       B->Y  R     NAND2X2        4  19.5   147   125    4193    (-,-) 
  PC1/g46347/Y           -       A1->Y F     AOI21X2        1   4.8    84   137    4330    (-,-) 
  PC1/g46346/Y           -       A->Y  R     CLKINVX1       3  13.2   150   152    4482    (-,-) 
  PC1/add_174_42_g1209/Y -       B->Y  F     NAND2X1        1   5.0    88   133    4615    (-,-) 
  PC1/add_174_42_g1206/Y -       B->Y  R     NAND2X1        3  16.0   198   178    4792    (-,-) 
  PC1/add_174_42_g1202/Y -       B->Y  F     NAND2X2        1   7.8    88   135    4928    (-,-) 
  PC1/add_174_42_g1201/Y -       B->Y  R     NAND2X2        5  21.0   153   137    5065    (-,-) 
  PC1/add_174_42_g1197/Y -       B->Y  F     NAND2X1        1   7.8   123   158    5223    (-,-) 
  PC1/add_174_42_g1196/Y -       B->Y  R     NAND2X2        4  17.1   122   140    5364    (-,-) 
  PC1/add_174_42_g1191/Y -       B->Y  F     NAND2X1        2   8.9   118   154    5518    (-,-) 
  PC1/add_174_42_g1190/Y -       A->Y  R     CLKINVX1       1   5.0    82   108    5625    (-,-) 
  PC1/add_174_42_g1186/Y -       B->Y  F     NAND2X1        1   5.0    96   104    5729    (-,-) 
  PC1/add_174_42_g1181/Y -       B->Y  R     NAND2X1        3  13.2   161   162    5891    (-,-) 
  PC1/add_174_42_g1177/Y -       B->Y  F     NAND2X1        2   9.0   127   172    6063    (-,-) 
  PC1/add_174_42_g1176/Y -       A->Y  R     INVX1          2   8.9   115   142    6205    (-,-) 
  PC1/add_174_42_g1170/Y -       B->Y  F     NAND2X1        1   7.7   122   141    6347    (-,-) 
  PC1/add_174_42_g1167/Y -       C->Y  R     NAND3X2        4  17.1   149   144    6490    (-,-) 
  PC1/add_174_42_g1162/Y -       B->Y  F     NAND2X1        2   9.0   124   167    6657    (-,-) 
  PC1/g46352/Y           -       A1->Y R     OAI21X1        4  17.1   421   374    7031    (-,-) 
  PC1/add_174_42_g1146/Y -       B->Y  F     NAND2X1        1   7.6   169   244    7275    (-,-) 
  PC1/g46345/Y           -       C0->Y R     OAI211X2       3  13.2   237   148    7424    (-,-) 
  PC1/add_174_42_g1137/Y -       B->Y  F     NAND2X1        1   7.8   133   192    7616    (-,-) 
  PC1/add_174_42_g1132/Y -       B->Y  R     NAND2X2        3  13.2   120   130    7746    (-,-) 
  PC1/add_174_42_g1131/Y -       B->Y  F     NAND2X1        1   7.8   108   144    7890    (-,-) 
  PC1/add_174_42_g1129/Y -       B->Y  R     NAND2X2        3  16.0   132   129    8019    (-,-) 
  PC1/add_174_42_g1126/Y -       B->Y  F     NAND2X2        1   5.0    62   100    8119    (-,-) 
  PC1/add_174_42_g1125/Y -       B->Y  R     NAND2X1        2   9.7   142   120    8239    (-,-) 
  PC1/add_174_42_g1121/Y -       B->Y  F     XNOR2X1        2   8.9   100   339    8578    (-,-) 
  PC1/g45796/Y           -       B->Y  R     NAND2X1        1   4.8    82   102    8681    (-,-) 
  PC1/g46334/Y           -       A->Y  F     NAND3X1        2   8.8   194   198    8878    (-,-) 
  PC1/g26604/Y           -       A->Y  R     CLKINVX1       1   3.6    91   114    8992    (-,-) 
  PC1/g39895/Y           -       B->Y  R     AND2X2        16  63.2   351   483    9475    (-,-) 
  PC1/g38588/Y           -       A0->Y F     OAI21X1        1   3.6   108   206    9681    (-,-) 
  PC1/RF_reg[9][29]/D    -       -     F     DFFRX1         1     -     -     0    9681    (-,-) 
#------------------------------------------------------------------------------------------------



Path 40: MET (142 ps) Setup Check with Pin PC1/RF_reg[8][29]/CK->D
          Group: C2C
     Startpoint: (R) PC1/IR_reg[30]/CK
          Clock: (R) SYS_CLOCK
       Endpoint: (F) PC1/RF_reg[8][29]/D
          Clock: (R) SYS_CLOCK

                     Capture       Launch     
        Clock Edge:+   10000            0     
       Src Latency:+       0            0     
       Net Latency:+       0 (I)        0 (I) 
           Arrival:=   10000            0     
                                              
             Setup:-     177                  
     Required Time:=    9823                  
      Launch Clock:-       0                  
         Data Path:-    9681                  
             Slack:=     142                  

#------------------------------------------------------------------------------------------------
#     Timing Point       Flags   Arc   Edge   Cell     Fanout  Load Trans Delay Arrival Instance 
#                                                              (fF)  (ps)  (ps)   (ps)  Location 
#------------------------------------------------------------------------------------------------
  PC1/IR_reg[30]/CK      -       -     R     (arrival)    587     -     0     0       0    (-,-) 
  PC1/IR_reg[30]/Q       -       CK->Q F     DFFX1          3  12.3   102   491     491    (-,-) 
  PC1/g43941__4733/Y     -       A->Y  R     NOR2X2         2   8.3   130   160     651    (-,-) 
  PC1/g43922__8428/Y     -       B->Y  R     CLKAND2X2      2  16.7   106   224     875    (-,-) 
  PC1/g43628__2883/Y     -       A->Y  F     NAND2X4        7  29.1   112   140    1015    (-,-) 
  PC1/g43624__6161/Y     -       B->Y  R     NAND2X1        1   5.0    83   110    1125    (-,-) 
  PC1/g43363__5115/Y     -       B0->Y F     OAI21X1        2   8.8   136   159    1283    (-,-) 
  PC1/g43355/Y           -       A->Y  R     INVX1          3  12.9   153   175    1458    (-,-) 
  PC1/g43343__2398/Y     -       B->Y  F     NAND2X1        3  26.3   298   307    1765    (-,-) 
  PC1/g43310/Y           -       A->Y  R     CLKINVX2       2   9.1   123   147    1912    (-,-) 
  PC1/g43267__5115/Y     -       B->Y  F     NAND2X1        1  12.8   162   186    2099    (-,-) 
  PC1/g43193/Y           -       A->Y  R     CLKINVX4      32 128.6   347   324    2423    (-,-) 
  PC1/g42949__7098/Y     -       A1->Y F     AOI22X1        1   5.0   164   256    2678    (-,-) 
  PC1/g42706__2883/Y     -       B->Y  R     NAND2X1        1   7.4   125   148    2827    (-,-) 
  PC1/g42695__5122/Y     -       A->Y  F     NOR2X2         1  13.1    67   115    2942    (-,-) 
  PC1/g42616__5115/Y     -       B->Y  R     NAND2X4        9  37.3   122   120    3061    (-,-) 
  PC1/add_174_42_g1369/Y -       B->Y  F     NAND2X1        3  14.2   188   196    3258    (-,-) 
  PC1/add_174_42_g1237/Y -       A->Y  R     CLKINVX1       1   4.9   100   128    3385    (-,-) 
  PC1/add_174_42_g1236/Y -       A->Y  F     NAND2X1        1   5.0    84   115    3500    (-,-) 
  PC1/add_174_42_g1233/Y -       B->Y  R     NAND2X1        3  13.2   164   156    3656    (-,-) 
  PC1/add_174_42_g1226/Y -       B->Y  F     NAND2X1        1   7.8   117   163    3819    (-,-) 
  PC1/add_174_42_g1221/Y -       B->Y  R     NAND2X2        3  16.0   133   133    3952    (-,-) 
  PC1/add_174_42_g1219/Y -       B->Y  F     NAND2X2        1   7.8    75   116    4068    (-,-) 
  PC1/add_174_42_g1217/Y -       B->Y  R     NAND2X2        4  19.5   147   125    4193    (-,-) 
  PC1/g46347/Y           -       A1->Y F     AOI21X2        1   4.8    84   137    4330    (-,-) 
  PC1/g46346/Y           -       A->Y  R     CLKINVX1       3  13.2   150   152    4482    (-,-) 
  PC1/add_174_42_g1209/Y -       B->Y  F     NAND2X1        1   5.0    88   133    4615    (-,-) 
  PC1/add_174_42_g1206/Y -       B->Y  R     NAND2X1        3  16.0   198   178    4792    (-,-) 
  PC1/add_174_42_g1202/Y -       B->Y  F     NAND2X2        1   7.8    88   135    4928    (-,-) 
  PC1/add_174_42_g1201/Y -       B->Y  R     NAND2X2        5  21.0   153   137    5065    (-,-) 
  PC1/add_174_42_g1197/Y -       B->Y  F     NAND2X1        1   7.8   123   158    5223    (-,-) 
  PC1/add_174_42_g1196/Y -       B->Y  R     NAND2X2        4  17.1   122   140    5364    (-,-) 
  PC1/add_174_42_g1191/Y -       B->Y  F     NAND2X1        2   8.9   118   154    5518    (-,-) 
  PC1/add_174_42_g1190/Y -       A->Y  R     CLKINVX1       1   5.0    82   108    5625    (-,-) 
  PC1/add_174_42_g1186/Y -       B->Y  F     NAND2X1        1   5.0    96   104    5729    (-,-) 
  PC1/add_174_42_g1181/Y -       B->Y  R     NAND2X1        3  13.2   161   162    5891    (-,-) 
  PC1/add_174_42_g1177/Y -       B->Y  F     NAND2X1        2   9.0   127   172    6063    (-,-) 
  PC1/add_174_42_g1176/Y -       A->Y  R     INVX1          2   8.9   115   142    6205    (-,-) 
  PC1/add_174_42_g1170/Y -       B->Y  F     NAND2X1        1   7.7   122   141    6347    (-,-) 
  PC1/add_174_42_g1167/Y -       C->Y  R     NAND3X2        4  17.1   149   144    6490    (-,-) 
  PC1/add_174_42_g1162/Y -       B->Y  F     NAND2X1        2   9.0   124   167    6657    (-,-) 
  PC1/g46352/Y           -       A1->Y R     OAI21X1        4  17.1   421   374    7031    (-,-) 
  PC1/add_174_42_g1146/Y -       B->Y  F     NAND2X1        1   7.6   169   244    7275    (-,-) 
  PC1/g46345/Y           -       C0->Y R     OAI211X2       3  13.2   237   148    7424    (-,-) 
  PC1/add_174_42_g1137/Y -       B->Y  F     NAND2X1        1   7.8   133   192    7616    (-,-) 
  PC1/add_174_42_g1132/Y -       B->Y  R     NAND2X2        3  13.2   120   130    7746    (-,-) 
  PC1/add_174_42_g1131/Y -       B->Y  F     NAND2X1        1   7.8   108   144    7890    (-,-) 
  PC1/add_174_42_g1129/Y -       B->Y  R     NAND2X2        3  16.0   132   129    8019    (-,-) 
  PC1/add_174_42_g1126/Y -       B->Y  F     NAND2X2        1   5.0    62   100    8119    (-,-) 
  PC1/add_174_42_g1125/Y -       B->Y  R     NAND2X1        2   9.7   142   120    8239    (-,-) 
  PC1/add_174_42_g1121/Y -       B->Y  F     XNOR2X1        2   8.9   100   339    8578    (-,-) 
  PC1/g45796/Y           -       B->Y  R     NAND2X1        1   4.8    82   102    8681    (-,-) 
  PC1/g46334/Y           -       A->Y  F     NAND3X1        2   8.8   194   198    8878    (-,-) 
  PC1/g26604/Y           -       A->Y  R     CLKINVX1       1   3.6    91   114    8992    (-,-) 
  PC1/g39895/Y           -       B->Y  R     AND2X2        16  63.2   351   483    9475    (-,-) 
  PC1/g38587/Y           -       A0->Y F     OAI21X1        1   3.6   108   206    9681    (-,-) 
  PC1/RF_reg[8][29]/D    -       -     F     DFFRX1         1     -     -     0    9681    (-,-) 
#------------------------------------------------------------------------------------------------



Path 41: MET (142 ps) Setup Check with Pin PC1/RF_reg[7][29]/CK->D
          Group: C2C
     Startpoint: (R) PC1/IR_reg[30]/CK
          Clock: (R) SYS_CLOCK
       Endpoint: (F) PC1/RF_reg[7][29]/D
          Clock: (R) SYS_CLOCK

                     Capture       Launch     
        Clock Edge:+   10000            0     
       Src Latency:+       0            0     
       Net Latency:+       0 (I)        0 (I) 
           Arrival:=   10000            0     
                                              
             Setup:-     177                  
     Required Time:=    9823                  
      Launch Clock:-       0                  
         Data Path:-    9681                  
             Slack:=     142                  

#------------------------------------------------------------------------------------------------
#     Timing Point       Flags   Arc   Edge   Cell     Fanout  Load Trans Delay Arrival Instance 
#                                                              (fF)  (ps)  (ps)   (ps)  Location 
#------------------------------------------------------------------------------------------------
  PC1/IR_reg[30]/CK      -       -     R     (arrival)    587     -     0     0       0    (-,-) 
  PC1/IR_reg[30]/Q       -       CK->Q F     DFFX1          3  12.3   102   491     491    (-,-) 
  PC1/g43941__4733/Y     -       A->Y  R     NOR2X2         2   8.3   130   160     651    (-,-) 
  PC1/g43922__8428/Y     -       B->Y  R     CLKAND2X2      2  16.7   106   224     875    (-,-) 
  PC1/g43628__2883/Y     -       A->Y  F     NAND2X4        7  29.1   112   140    1015    (-,-) 
  PC1/g43624__6161/Y     -       B->Y  R     NAND2X1        1   5.0    83   110    1125    (-,-) 
  PC1/g43363__5115/Y     -       B0->Y F     OAI21X1        2   8.8   136   159    1283    (-,-) 
  PC1/g43355/Y           -       A->Y  R     INVX1          3  12.9   153   175    1458    (-,-) 
  PC1/g43343__2398/Y     -       B->Y  F     NAND2X1        3  26.3   298   307    1765    (-,-) 
  PC1/g43310/Y           -       A->Y  R     CLKINVX2       2   9.1   123   147    1912    (-,-) 
  PC1/g43267__5115/Y     -       B->Y  F     NAND2X1        1  12.8   162   186    2099    (-,-) 
  PC1/g43193/Y           -       A->Y  R     CLKINVX4      32 128.6   347   324    2423    (-,-) 
  PC1/g42949__7098/Y     -       A1->Y F     AOI22X1        1   5.0   164   256    2678    (-,-) 
  PC1/g42706__2883/Y     -       B->Y  R     NAND2X1        1   7.4   125   148    2827    (-,-) 
  PC1/g42695__5122/Y     -       A->Y  F     NOR2X2         1  13.1    67   115    2942    (-,-) 
  PC1/g42616__5115/Y     -       B->Y  R     NAND2X4        9  37.3   122   120    3061    (-,-) 
  PC1/add_174_42_g1369/Y -       B->Y  F     NAND2X1        3  14.2   188   196    3258    (-,-) 
  PC1/add_174_42_g1237/Y -       A->Y  R     CLKINVX1       1   4.9   100   128    3385    (-,-) 
  PC1/add_174_42_g1236/Y -       A->Y  F     NAND2X1        1   5.0    84   115    3500    (-,-) 
  PC1/add_174_42_g1233/Y -       B->Y  R     NAND2X1        3  13.2   164   156    3656    (-,-) 
  PC1/add_174_42_g1226/Y -       B->Y  F     NAND2X1        1   7.8   117   163    3819    (-,-) 
  PC1/add_174_42_g1221/Y -       B->Y  R     NAND2X2        3  16.0   133   133    3952    (-,-) 
  PC1/add_174_42_g1219/Y -       B->Y  F     NAND2X2        1   7.8    75   116    4068    (-,-) 
  PC1/add_174_42_g1217/Y -       B->Y  R     NAND2X2        4  19.5   147   125    4193    (-,-) 
  PC1/g46347/Y           -       A1->Y F     AOI21X2        1   4.8    84   137    4330    (-,-) 
  PC1/g46346/Y           -       A->Y  R     CLKINVX1       3  13.2   150   152    4482    (-,-) 
  PC1/add_174_42_g1209/Y -       B->Y  F     NAND2X1        1   5.0    88   133    4615    (-,-) 
  PC1/add_174_42_g1206/Y -       B->Y  R     NAND2X1        3  16.0   198   178    4792    (-,-) 
  PC1/add_174_42_g1202/Y -       B->Y  F     NAND2X2        1   7.8    88   135    4928    (-,-) 
  PC1/add_174_42_g1201/Y -       B->Y  R     NAND2X2        5  21.0   153   137    5065    (-,-) 
  PC1/add_174_42_g1197/Y -       B->Y  F     NAND2X1        1   7.8   123   158    5223    (-,-) 
  PC1/add_174_42_g1196/Y -       B->Y  R     NAND2X2        4  17.1   122   140    5364    (-,-) 
  PC1/add_174_42_g1191/Y -       B->Y  F     NAND2X1        2   8.9   118   154    5518    (-,-) 
  PC1/add_174_42_g1190/Y -       A->Y  R     CLKINVX1       1   5.0    82   108    5625    (-,-) 
  PC1/add_174_42_g1186/Y -       B->Y  F     NAND2X1        1   5.0    96   104    5729    (-,-) 
  PC1/add_174_42_g1181/Y -       B->Y  R     NAND2X1        3  13.2   161   162    5891    (-,-) 
  PC1/add_174_42_g1177/Y -       B->Y  F     NAND2X1        2   9.0   127   172    6063    (-,-) 
  PC1/add_174_42_g1176/Y -       A->Y  R     INVX1          2   8.9   115   142    6205    (-,-) 
  PC1/add_174_42_g1170/Y -       B->Y  F     NAND2X1        1   7.7   122   141    6347    (-,-) 
  PC1/add_174_42_g1167/Y -       C->Y  R     NAND3X2        4  17.1   149   144    6490    (-,-) 
  PC1/add_174_42_g1162/Y -       B->Y  F     NAND2X1        2   9.0   124   167    6657    (-,-) 
  PC1/g46352/Y           -       A1->Y R     OAI21X1        4  17.1   421   374    7031    (-,-) 
  PC1/add_174_42_g1146/Y -       B->Y  F     NAND2X1        1   7.6   169   244    7275    (-,-) 
  PC1/g46345/Y           -       C0->Y R     OAI211X2       3  13.2   237   148    7424    (-,-) 
  PC1/add_174_42_g1137/Y -       B->Y  F     NAND2X1        1   7.8   133   192    7616    (-,-) 
  PC1/add_174_42_g1132/Y -       B->Y  R     NAND2X2        3  13.2   120   130    7746    (-,-) 
  PC1/add_174_42_g1131/Y -       B->Y  F     NAND2X1        1   7.8   108   144    7890    (-,-) 
  PC1/add_174_42_g1129/Y -       B->Y  R     NAND2X2        3  16.0   132   129    8019    (-,-) 
  PC1/add_174_42_g1126/Y -       B->Y  F     NAND2X2        1   5.0    62   100    8119    (-,-) 
  PC1/add_174_42_g1125/Y -       B->Y  R     NAND2X1        2   9.7   142   120    8239    (-,-) 
  PC1/add_174_42_g1121/Y -       B->Y  F     XNOR2X1        2   8.9   100   339    8578    (-,-) 
  PC1/g45796/Y           -       B->Y  R     NAND2X1        1   4.8    82   102    8681    (-,-) 
  PC1/g46334/Y           -       A->Y  F     NAND3X1        2   8.8   194   198    8878    (-,-) 
  PC1/g26604/Y           -       A->Y  R     CLKINVX1       1   3.6    91   114    8992    (-,-) 
  PC1/g39895/Y           -       B->Y  R     AND2X2        16  63.2   351   483    9475    (-,-) 
  PC1/g38601/Y           -       A0->Y F     OAI21X1        1   3.6   108   206    9681    (-,-) 
  PC1/RF_reg[7][29]/D    -       -     F     DFFRX1         1     -     -     0    9681    (-,-) 
#------------------------------------------------------------------------------------------------



Path 42: MET (142 ps) Setup Check with Pin PC1/RF_reg[6][29]/CK->D
          Group: C2C
     Startpoint: (R) PC1/IR_reg[30]/CK
          Clock: (R) SYS_CLOCK
       Endpoint: (F) PC1/RF_reg[6][29]/D
          Clock: (R) SYS_CLOCK

                     Capture       Launch     
        Clock Edge:+   10000            0     
       Src Latency:+       0            0     
       Net Latency:+       0 (I)        0 (I) 
           Arrival:=   10000            0     
                                              
             Setup:-     177                  
     Required Time:=    9823                  
      Launch Clock:-       0                  
         Data Path:-    9681                  
             Slack:=     142                  

#------------------------------------------------------------------------------------------------
#     Timing Point       Flags   Arc   Edge   Cell     Fanout  Load Trans Delay Arrival Instance 
#                                                              (fF)  (ps)  (ps)   (ps)  Location 
#------------------------------------------------------------------------------------------------
  PC1/IR_reg[30]/CK      -       -     R     (arrival)    587     -     0     0       0    (-,-) 
  PC1/IR_reg[30]/Q       -       CK->Q F     DFFX1          3  12.3   102   491     491    (-,-) 
  PC1/g43941__4733/Y     -       A->Y  R     NOR2X2         2   8.3   130   160     651    (-,-) 
  PC1/g43922__8428/Y     -       B->Y  R     CLKAND2X2      2  16.7   106   224     875    (-,-) 
  PC1/g43628__2883/Y     -       A->Y  F     NAND2X4        7  29.1   112   140    1015    (-,-) 
  PC1/g43624__6161/Y     -       B->Y  R     NAND2X1        1   5.0    83   110    1125    (-,-) 
  PC1/g43363__5115/Y     -       B0->Y F     OAI21X1        2   8.8   136   159    1283    (-,-) 
  PC1/g43355/Y           -       A->Y  R     INVX1          3  12.9   153   175    1458    (-,-) 
  PC1/g43343__2398/Y     -       B->Y  F     NAND2X1        3  26.3   298   307    1765    (-,-) 
  PC1/g43310/Y           -       A->Y  R     CLKINVX2       2   9.1   123   147    1912    (-,-) 
  PC1/g43267__5115/Y     -       B->Y  F     NAND2X1        1  12.8   162   186    2099    (-,-) 
  PC1/g43193/Y           -       A->Y  R     CLKINVX4      32 128.6   347   324    2423    (-,-) 
  PC1/g42949__7098/Y     -       A1->Y F     AOI22X1        1   5.0   164   256    2678    (-,-) 
  PC1/g42706__2883/Y     -       B->Y  R     NAND2X1        1   7.4   125   148    2827    (-,-) 
  PC1/g42695__5122/Y     -       A->Y  F     NOR2X2         1  13.1    67   115    2942    (-,-) 
  PC1/g42616__5115/Y     -       B->Y  R     NAND2X4        9  37.3   122   120    3061    (-,-) 
  PC1/add_174_42_g1369/Y -       B->Y  F     NAND2X1        3  14.2   188   196    3258    (-,-) 
  PC1/add_174_42_g1237/Y -       A->Y  R     CLKINVX1       1   4.9   100   128    3385    (-,-) 
  PC1/add_174_42_g1236/Y -       A->Y  F     NAND2X1        1   5.0    84   115    3500    (-,-) 
  PC1/add_174_42_g1233/Y -       B->Y  R     NAND2X1        3  13.2   164   156    3656    (-,-) 
  PC1/add_174_42_g1226/Y -       B->Y  F     NAND2X1        1   7.8   117   163    3819    (-,-) 
  PC1/add_174_42_g1221/Y -       B->Y  R     NAND2X2        3  16.0   133   133    3952    (-,-) 
  PC1/add_174_42_g1219/Y -       B->Y  F     NAND2X2        1   7.8    75   116    4068    (-,-) 
  PC1/add_174_42_g1217/Y -       B->Y  R     NAND2X2        4  19.5   147   125    4193    (-,-) 
  PC1/g46347/Y           -       A1->Y F     AOI21X2        1   4.8    84   137    4330    (-,-) 
  PC1/g46346/Y           -       A->Y  R     CLKINVX1       3  13.2   150   152    4482    (-,-) 
  PC1/add_174_42_g1209/Y -       B->Y  F     NAND2X1        1   5.0    88   133    4615    (-,-) 
  PC1/add_174_42_g1206/Y -       B->Y  R     NAND2X1        3  16.0   198   178    4792    (-,-) 
  PC1/add_174_42_g1202/Y -       B->Y  F     NAND2X2        1   7.8    88   135    4928    (-,-) 
  PC1/add_174_42_g1201/Y -       B->Y  R     NAND2X2        5  21.0   153   137    5065    (-,-) 
  PC1/add_174_42_g1197/Y -       B->Y  F     NAND2X1        1   7.8   123   158    5223    (-,-) 
  PC1/add_174_42_g1196/Y -       B->Y  R     NAND2X2        4  17.1   122   140    5364    (-,-) 
  PC1/add_174_42_g1191/Y -       B->Y  F     NAND2X1        2   8.9   118   154    5518    (-,-) 
  PC1/add_174_42_g1190/Y -       A->Y  R     CLKINVX1       1   5.0    82   108    5625    (-,-) 
  PC1/add_174_42_g1186/Y -       B->Y  F     NAND2X1        1   5.0    96   104    5729    (-,-) 
  PC1/add_174_42_g1181/Y -       B->Y  R     NAND2X1        3  13.2   161   162    5891    (-,-) 
  PC1/add_174_42_g1177/Y -       B->Y  F     NAND2X1        2   9.0   127   172    6063    (-,-) 
  PC1/add_174_42_g1176/Y -       A->Y  R     INVX1          2   8.9   115   142    6205    (-,-) 
  PC1/add_174_42_g1170/Y -       B->Y  F     NAND2X1        1   7.7   122   141    6347    (-,-) 
  PC1/add_174_42_g1167/Y -       C->Y  R     NAND3X2        4  17.1   149   144    6490    (-,-) 
  PC1/add_174_42_g1162/Y -       B->Y  F     NAND2X1        2   9.0   124   167    6657    (-,-) 
  PC1/g46352/Y           -       A1->Y R     OAI21X1        4  17.1   421   374    7031    (-,-) 
  PC1/add_174_42_g1146/Y -       B->Y  F     NAND2X1        1   7.6   169   244    7275    (-,-) 
  PC1/g46345/Y           -       C0->Y R     OAI211X2       3  13.2   237   148    7424    (-,-) 
  PC1/add_174_42_g1137/Y -       B->Y  F     NAND2X1        1   7.8   133   192    7616    (-,-) 
  PC1/add_174_42_g1132/Y -       B->Y  R     NAND2X2        3  13.2   120   130    7746    (-,-) 
  PC1/add_174_42_g1131/Y -       B->Y  F     NAND2X1        1   7.8   108   144    7890    (-,-) 
  PC1/add_174_42_g1129/Y -       B->Y  R     NAND2X2        3  16.0   132   129    8019    (-,-) 
  PC1/add_174_42_g1126/Y -       B->Y  F     NAND2X2        1   5.0    62   100    8119    (-,-) 
  PC1/add_174_42_g1125/Y -       B->Y  R     NAND2X1        2   9.7   142   120    8239    (-,-) 
  PC1/add_174_42_g1121/Y -       B->Y  F     XNOR2X1        2   8.9   100   339    8578    (-,-) 
  PC1/g45796/Y           -       B->Y  R     NAND2X1        1   4.8    82   102    8681    (-,-) 
  PC1/g46334/Y           -       A->Y  F     NAND3X1        2   8.8   194   198    8878    (-,-) 
  PC1/g26604/Y           -       A->Y  R     CLKINVX1       1   3.6    91   114    8992    (-,-) 
  PC1/g39895/Y           -       B->Y  R     AND2X2        16  63.2   351   483    9475    (-,-) 
  PC1/g38595/Y           -       A0->Y F     OAI21X1        1   3.6   108   206    9681    (-,-) 
  PC1/RF_reg[6][29]/D    -       -     F     DFFRX1         1     -     -     0    9681    (-,-) 
#------------------------------------------------------------------------------------------------



Path 43: MET (142 ps) Setup Check with Pin PC1/RF_reg[5][29]/CK->D
          Group: C2C
     Startpoint: (R) PC1/IR_reg[30]/CK
          Clock: (R) SYS_CLOCK
       Endpoint: (F) PC1/RF_reg[5][29]/D
          Clock: (R) SYS_CLOCK

                     Capture       Launch     
        Clock Edge:+   10000            0     
       Src Latency:+       0            0     
       Net Latency:+       0 (I)        0 (I) 
           Arrival:=   10000            0     
                                              
             Setup:-     177                  
     Required Time:=    9823                  
      Launch Clock:-       0                  
         Data Path:-    9681                  
             Slack:=     142                  

#------------------------------------------------------------------------------------------------
#     Timing Point       Flags   Arc   Edge   Cell     Fanout  Load Trans Delay Arrival Instance 
#                                                              (fF)  (ps)  (ps)   (ps)  Location 
#------------------------------------------------------------------------------------------------
  PC1/IR_reg[30]/CK      -       -     R     (arrival)    587     -     0     0       0    (-,-) 
  PC1/IR_reg[30]/Q       -       CK->Q F     DFFX1          3  12.3   102   491     491    (-,-) 
  PC1/g43941__4733/Y     -       A->Y  R     NOR2X2         2   8.3   130   160     651    (-,-) 
  PC1/g43922__8428/Y     -       B->Y  R     CLKAND2X2      2  16.7   106   224     875    (-,-) 
  PC1/g43628__2883/Y     -       A->Y  F     NAND2X4        7  29.1   112   140    1015    (-,-) 
  PC1/g43624__6161/Y     -       B->Y  R     NAND2X1        1   5.0    83   110    1125    (-,-) 
  PC1/g43363__5115/Y     -       B0->Y F     OAI21X1        2   8.8   136   159    1283    (-,-) 
  PC1/g43355/Y           -       A->Y  R     INVX1          3  12.9   153   175    1458    (-,-) 
  PC1/g43343__2398/Y     -       B->Y  F     NAND2X1        3  26.3   298   307    1765    (-,-) 
  PC1/g43310/Y           -       A->Y  R     CLKINVX2       2   9.1   123   147    1912    (-,-) 
  PC1/g43267__5115/Y     -       B->Y  F     NAND2X1        1  12.8   162   186    2099    (-,-) 
  PC1/g43193/Y           -       A->Y  R     CLKINVX4      32 128.6   347   324    2423    (-,-) 
  PC1/g42949__7098/Y     -       A1->Y F     AOI22X1        1   5.0   164   256    2678    (-,-) 
  PC1/g42706__2883/Y     -       B->Y  R     NAND2X1        1   7.4   125   148    2827    (-,-) 
  PC1/g42695__5122/Y     -       A->Y  F     NOR2X2         1  13.1    67   115    2942    (-,-) 
  PC1/g42616__5115/Y     -       B->Y  R     NAND2X4        9  37.3   122   120    3061    (-,-) 
  PC1/add_174_42_g1369/Y -       B->Y  F     NAND2X1        3  14.2   188   196    3258    (-,-) 
  PC1/add_174_42_g1237/Y -       A->Y  R     CLKINVX1       1   4.9   100   128    3385    (-,-) 
  PC1/add_174_42_g1236/Y -       A->Y  F     NAND2X1        1   5.0    84   115    3500    (-,-) 
  PC1/add_174_42_g1233/Y -       B->Y  R     NAND2X1        3  13.2   164   156    3656    (-,-) 
  PC1/add_174_42_g1226/Y -       B->Y  F     NAND2X1        1   7.8   117   163    3819    (-,-) 
  PC1/add_174_42_g1221/Y -       B->Y  R     NAND2X2        3  16.0   133   133    3952    (-,-) 
  PC1/add_174_42_g1219/Y -       B->Y  F     NAND2X2        1   7.8    75   116    4068    (-,-) 
  PC1/add_174_42_g1217/Y -       B->Y  R     NAND2X2        4  19.5   147   125    4193    (-,-) 
  PC1/g46347/Y           -       A1->Y F     AOI21X2        1   4.8    84   137    4330    (-,-) 
  PC1/g46346/Y           -       A->Y  R     CLKINVX1       3  13.2   150   152    4482    (-,-) 
  PC1/add_174_42_g1209/Y -       B->Y  F     NAND2X1        1   5.0    88   133    4615    (-,-) 
  PC1/add_174_42_g1206/Y -       B->Y  R     NAND2X1        3  16.0   198   178    4792    (-,-) 
  PC1/add_174_42_g1202/Y -       B->Y  F     NAND2X2        1   7.8    88   135    4928    (-,-) 
  PC1/add_174_42_g1201/Y -       B->Y  R     NAND2X2        5  21.0   153   137    5065    (-,-) 
  PC1/add_174_42_g1197/Y -       B->Y  F     NAND2X1        1   7.8   123   158    5223    (-,-) 
  PC1/add_174_42_g1196/Y -       B->Y  R     NAND2X2        4  17.1   122   140    5364    (-,-) 
  PC1/add_174_42_g1191/Y -       B->Y  F     NAND2X1        2   8.9   118   154    5518    (-,-) 
  PC1/add_174_42_g1190/Y -       A->Y  R     CLKINVX1       1   5.0    82   108    5625    (-,-) 
  PC1/add_174_42_g1186/Y -       B->Y  F     NAND2X1        1   5.0    96   104    5729    (-,-) 
  PC1/add_174_42_g1181/Y -       B->Y  R     NAND2X1        3  13.2   161   162    5891    (-,-) 
  PC1/add_174_42_g1177/Y -       B->Y  F     NAND2X1        2   9.0   127   172    6063    (-,-) 
  PC1/add_174_42_g1176/Y -       A->Y  R     INVX1          2   8.9   115   142    6205    (-,-) 
  PC1/add_174_42_g1170/Y -       B->Y  F     NAND2X1        1   7.7   122   141    6347    (-,-) 
  PC1/add_174_42_g1167/Y -       C->Y  R     NAND3X2        4  17.1   149   144    6490    (-,-) 
  PC1/add_174_42_g1162/Y -       B->Y  F     NAND2X1        2   9.0   124   167    6657    (-,-) 
  PC1/g46352/Y           -       A1->Y R     OAI21X1        4  17.1   421   374    7031    (-,-) 
  PC1/add_174_42_g1146/Y -       B->Y  F     NAND2X1        1   7.6   169   244    7275    (-,-) 
  PC1/g46345/Y           -       C0->Y R     OAI211X2       3  13.2   237   148    7424    (-,-) 
  PC1/add_174_42_g1137/Y -       B->Y  F     NAND2X1        1   7.8   133   192    7616    (-,-) 
  PC1/add_174_42_g1132/Y -       B->Y  R     NAND2X2        3  13.2   120   130    7746    (-,-) 
  PC1/add_174_42_g1131/Y -       B->Y  F     NAND2X1        1   7.8   108   144    7890    (-,-) 
  PC1/add_174_42_g1129/Y -       B->Y  R     NAND2X2        3  16.0   132   129    8019    (-,-) 
  PC1/add_174_42_g1126/Y -       B->Y  F     NAND2X2        1   5.0    62   100    8119    (-,-) 
  PC1/add_174_42_g1125/Y -       B->Y  R     NAND2X1        2   9.7   142   120    8239    (-,-) 
  PC1/add_174_42_g1121/Y -       B->Y  F     XNOR2X1        2   8.9   100   339    8578    (-,-) 
  PC1/g45796/Y           -       B->Y  R     NAND2X1        1   4.8    82   102    8681    (-,-) 
  PC1/g46334/Y           -       A->Y  F     NAND3X1        2   8.8   194   198    8878    (-,-) 
  PC1/g26604/Y           -       A->Y  R     CLKINVX1       1   3.6    91   114    8992    (-,-) 
  PC1/g39895/Y           -       B->Y  R     AND2X2        16  63.2   351   483    9475    (-,-) 
  PC1/g38593/Y           -       A0->Y F     OAI21X1        1   3.6   108   206    9681    (-,-) 
  PC1/RF_reg[5][29]/D    -       -     F     DFFRX1         1     -     -     0    9681    (-,-) 
#------------------------------------------------------------------------------------------------



Path 44: MET (142 ps) Setup Check with Pin PC1/RF_reg[4][29]/CK->D
          Group: C2C
     Startpoint: (R) PC1/IR_reg[30]/CK
          Clock: (R) SYS_CLOCK
       Endpoint: (F) PC1/RF_reg[4][29]/D
          Clock: (R) SYS_CLOCK

                     Capture       Launch     
        Clock Edge:+   10000            0     
       Src Latency:+       0            0     
       Net Latency:+       0 (I)        0 (I) 
           Arrival:=   10000            0     
                                              
             Setup:-     177                  
     Required Time:=    9823                  
      Launch Clock:-       0                  
         Data Path:-    9681                  
             Slack:=     142                  

#------------------------------------------------------------------------------------------------
#     Timing Point       Flags   Arc   Edge   Cell     Fanout  Load Trans Delay Arrival Instance 
#                                                              (fF)  (ps)  (ps)   (ps)  Location 
#------------------------------------------------------------------------------------------------
  PC1/IR_reg[30]/CK      -       -     R     (arrival)    587     -     0     0       0    (-,-) 
  PC1/IR_reg[30]/Q       -       CK->Q F     DFFX1          3  12.3   102   491     491    (-,-) 
  PC1/g43941__4733/Y     -       A->Y  R     NOR2X2         2   8.3   130   160     651    (-,-) 
  PC1/g43922__8428/Y     -       B->Y  R     CLKAND2X2      2  16.7   106   224     875    (-,-) 
  PC1/g43628__2883/Y     -       A->Y  F     NAND2X4        7  29.1   112   140    1015    (-,-) 
  PC1/g43624__6161/Y     -       B->Y  R     NAND2X1        1   5.0    83   110    1125    (-,-) 
  PC1/g43363__5115/Y     -       B0->Y F     OAI21X1        2   8.8   136   159    1283    (-,-) 
  PC1/g43355/Y           -       A->Y  R     INVX1          3  12.9   153   175    1458    (-,-) 
  PC1/g43343__2398/Y     -       B->Y  F     NAND2X1        3  26.3   298   307    1765    (-,-) 
  PC1/g43310/Y           -       A->Y  R     CLKINVX2       2   9.1   123   147    1912    (-,-) 
  PC1/g43267__5115/Y     -       B->Y  F     NAND2X1        1  12.8   162   186    2099    (-,-) 
  PC1/g43193/Y           -       A->Y  R     CLKINVX4      32 128.6   347   324    2423    (-,-) 
  PC1/g42949__7098/Y     -       A1->Y F     AOI22X1        1   5.0   164   256    2678    (-,-) 
  PC1/g42706__2883/Y     -       B->Y  R     NAND2X1        1   7.4   125   148    2827    (-,-) 
  PC1/g42695__5122/Y     -       A->Y  F     NOR2X2         1  13.1    67   115    2942    (-,-) 
  PC1/g42616__5115/Y     -       B->Y  R     NAND2X4        9  37.3   122   120    3061    (-,-) 
  PC1/add_174_42_g1369/Y -       B->Y  F     NAND2X1        3  14.2   188   196    3258    (-,-) 
  PC1/add_174_42_g1237/Y -       A->Y  R     CLKINVX1       1   4.9   100   128    3385    (-,-) 
  PC1/add_174_42_g1236/Y -       A->Y  F     NAND2X1        1   5.0    84   115    3500    (-,-) 
  PC1/add_174_42_g1233/Y -       B->Y  R     NAND2X1        3  13.2   164   156    3656    (-,-) 
  PC1/add_174_42_g1226/Y -       B->Y  F     NAND2X1        1   7.8   117   163    3819    (-,-) 
  PC1/add_174_42_g1221/Y -       B->Y  R     NAND2X2        3  16.0   133   133    3952    (-,-) 
  PC1/add_174_42_g1219/Y -       B->Y  F     NAND2X2        1   7.8    75   116    4068    (-,-) 
  PC1/add_174_42_g1217/Y -       B->Y  R     NAND2X2        4  19.5   147   125    4193    (-,-) 
  PC1/g46347/Y           -       A1->Y F     AOI21X2        1   4.8    84   137    4330    (-,-) 
  PC1/g46346/Y           -       A->Y  R     CLKINVX1       3  13.2   150   152    4482    (-,-) 
  PC1/add_174_42_g1209/Y -       B->Y  F     NAND2X1        1   5.0    88   133    4615    (-,-) 
  PC1/add_174_42_g1206/Y -       B->Y  R     NAND2X1        3  16.0   198   178    4792    (-,-) 
  PC1/add_174_42_g1202/Y -       B->Y  F     NAND2X2        1   7.8    88   135    4928    (-,-) 
  PC1/add_174_42_g1201/Y -       B->Y  R     NAND2X2        5  21.0   153   137    5065    (-,-) 
  PC1/add_174_42_g1197/Y -       B->Y  F     NAND2X1        1   7.8   123   158    5223    (-,-) 
  PC1/add_174_42_g1196/Y -       B->Y  R     NAND2X2        4  17.1   122   140    5364    (-,-) 
  PC1/add_174_42_g1191/Y -       B->Y  F     NAND2X1        2   8.9   118   154    5518    (-,-) 
  PC1/add_174_42_g1190/Y -       A->Y  R     CLKINVX1       1   5.0    82   108    5625    (-,-) 
  PC1/add_174_42_g1186/Y -       B->Y  F     NAND2X1        1   5.0    96   104    5729    (-,-) 
  PC1/add_174_42_g1181/Y -       B->Y  R     NAND2X1        3  13.2   161   162    5891    (-,-) 
  PC1/add_174_42_g1177/Y -       B->Y  F     NAND2X1        2   9.0   127   172    6063    (-,-) 
  PC1/add_174_42_g1176/Y -       A->Y  R     INVX1          2   8.9   115   142    6205    (-,-) 
  PC1/add_174_42_g1170/Y -       B->Y  F     NAND2X1        1   7.7   122   141    6347    (-,-) 
  PC1/add_174_42_g1167/Y -       C->Y  R     NAND3X2        4  17.1   149   144    6490    (-,-) 
  PC1/add_174_42_g1162/Y -       B->Y  F     NAND2X1        2   9.0   124   167    6657    (-,-) 
  PC1/g46352/Y           -       A1->Y R     OAI21X1        4  17.1   421   374    7031    (-,-) 
  PC1/add_174_42_g1146/Y -       B->Y  F     NAND2X1        1   7.6   169   244    7275    (-,-) 
  PC1/g46345/Y           -       C0->Y R     OAI211X2       3  13.2   237   148    7424    (-,-) 
  PC1/add_174_42_g1137/Y -       B->Y  F     NAND2X1        1   7.8   133   192    7616    (-,-) 
  PC1/add_174_42_g1132/Y -       B->Y  R     NAND2X2        3  13.2   120   130    7746    (-,-) 
  PC1/add_174_42_g1131/Y -       B->Y  F     NAND2X1        1   7.8   108   144    7890    (-,-) 
  PC1/add_174_42_g1129/Y -       B->Y  R     NAND2X2        3  16.0   132   129    8019    (-,-) 
  PC1/add_174_42_g1126/Y -       B->Y  F     NAND2X2        1   5.0    62   100    8119    (-,-) 
  PC1/add_174_42_g1125/Y -       B->Y  R     NAND2X1        2   9.7   142   120    8239    (-,-) 
  PC1/add_174_42_g1121/Y -       B->Y  F     XNOR2X1        2   8.9   100   339    8578    (-,-) 
  PC1/g45796/Y           -       B->Y  R     NAND2X1        1   4.8    82   102    8681    (-,-) 
  PC1/g46334/Y           -       A->Y  F     NAND3X1        2   8.8   194   198    8878    (-,-) 
  PC1/g26604/Y           -       A->Y  R     CLKINVX1       1   3.6    91   114    8992    (-,-) 
  PC1/g39895/Y           -       B->Y  R     AND2X2        16  63.2   351   483    9475    (-,-) 
  PC1/g38592/Y           -       A0->Y F     OAI21X1        1   3.6   108   206    9681    (-,-) 
  PC1/RF_reg[4][29]/D    -       -     F     DFFRX1         1     -     -     0    9681    (-,-) 
#------------------------------------------------------------------------------------------------



Path 45: MET (142 ps) Setup Check with Pin PC1/RF_reg[3][29]/CK->D
          Group: C2C
     Startpoint: (R) PC1/IR_reg[30]/CK
          Clock: (R) SYS_CLOCK
       Endpoint: (F) PC1/RF_reg[3][29]/D
          Clock: (R) SYS_CLOCK

                     Capture       Launch     
        Clock Edge:+   10000            0     
       Src Latency:+       0            0     
       Net Latency:+       0 (I)        0 (I) 
           Arrival:=   10000            0     
                                              
             Setup:-     177                  
     Required Time:=    9823                  
      Launch Clock:-       0                  
         Data Path:-    9681                  
             Slack:=     142                  

#------------------------------------------------------------------------------------------------
#     Timing Point       Flags   Arc   Edge   Cell     Fanout  Load Trans Delay Arrival Instance 
#                                                              (fF)  (ps)  (ps)   (ps)  Location 
#------------------------------------------------------------------------------------------------
  PC1/IR_reg[30]/CK      -       -     R     (arrival)    587     -     0     0       0    (-,-) 
  PC1/IR_reg[30]/Q       -       CK->Q F     DFFX1          3  12.3   102   491     491    (-,-) 
  PC1/g43941__4733/Y     -       A->Y  R     NOR2X2         2   8.3   130   160     651    (-,-) 
  PC1/g43922__8428/Y     -       B->Y  R     CLKAND2X2      2  16.7   106   224     875    (-,-) 
  PC1/g43628__2883/Y     -       A->Y  F     NAND2X4        7  29.1   112   140    1015    (-,-) 
  PC1/g43624__6161/Y     -       B->Y  R     NAND2X1        1   5.0    83   110    1125    (-,-) 
  PC1/g43363__5115/Y     -       B0->Y F     OAI21X1        2   8.8   136   159    1283    (-,-) 
  PC1/g43355/Y           -       A->Y  R     INVX1          3  12.9   153   175    1458    (-,-) 
  PC1/g43343__2398/Y     -       B->Y  F     NAND2X1        3  26.3   298   307    1765    (-,-) 
  PC1/g43310/Y           -       A->Y  R     CLKINVX2       2   9.1   123   147    1912    (-,-) 
  PC1/g43267__5115/Y     -       B->Y  F     NAND2X1        1  12.8   162   186    2099    (-,-) 
  PC1/g43193/Y           -       A->Y  R     CLKINVX4      32 128.6   347   324    2423    (-,-) 
  PC1/g42949__7098/Y     -       A1->Y F     AOI22X1        1   5.0   164   256    2678    (-,-) 
  PC1/g42706__2883/Y     -       B->Y  R     NAND2X1        1   7.4   125   148    2827    (-,-) 
  PC1/g42695__5122/Y     -       A->Y  F     NOR2X2         1  13.1    67   115    2942    (-,-) 
  PC1/g42616__5115/Y     -       B->Y  R     NAND2X4        9  37.3   122   120    3061    (-,-) 
  PC1/add_174_42_g1369/Y -       B->Y  F     NAND2X1        3  14.2   188   196    3258    (-,-) 
  PC1/add_174_42_g1237/Y -       A->Y  R     CLKINVX1       1   4.9   100   128    3385    (-,-) 
  PC1/add_174_42_g1236/Y -       A->Y  F     NAND2X1        1   5.0    84   115    3500    (-,-) 
  PC1/add_174_42_g1233/Y -       B->Y  R     NAND2X1        3  13.2   164   156    3656    (-,-) 
  PC1/add_174_42_g1226/Y -       B->Y  F     NAND2X1        1   7.8   117   163    3819    (-,-) 
  PC1/add_174_42_g1221/Y -       B->Y  R     NAND2X2        3  16.0   133   133    3952    (-,-) 
  PC1/add_174_42_g1219/Y -       B->Y  F     NAND2X2        1   7.8    75   116    4068    (-,-) 
  PC1/add_174_42_g1217/Y -       B->Y  R     NAND2X2        4  19.5   147   125    4193    (-,-) 
  PC1/g46347/Y           -       A1->Y F     AOI21X2        1   4.8    84   137    4330    (-,-) 
  PC1/g46346/Y           -       A->Y  R     CLKINVX1       3  13.2   150   152    4482    (-,-) 
  PC1/add_174_42_g1209/Y -       B->Y  F     NAND2X1        1   5.0    88   133    4615    (-,-) 
  PC1/add_174_42_g1206/Y -       B->Y  R     NAND2X1        3  16.0   198   178    4792    (-,-) 
  PC1/add_174_42_g1202/Y -       B->Y  F     NAND2X2        1   7.8    88   135    4928    (-,-) 
  PC1/add_174_42_g1201/Y -       B->Y  R     NAND2X2        5  21.0   153   137    5065    (-,-) 
  PC1/add_174_42_g1197/Y -       B->Y  F     NAND2X1        1   7.8   123   158    5223    (-,-) 
  PC1/add_174_42_g1196/Y -       B->Y  R     NAND2X2        4  17.1   122   140    5364    (-,-) 
  PC1/add_174_42_g1191/Y -       B->Y  F     NAND2X1        2   8.9   118   154    5518    (-,-) 
  PC1/add_174_42_g1190/Y -       A->Y  R     CLKINVX1       1   5.0    82   108    5625    (-,-) 
  PC1/add_174_42_g1186/Y -       B->Y  F     NAND2X1        1   5.0    96   104    5729    (-,-) 
  PC1/add_174_42_g1181/Y -       B->Y  R     NAND2X1        3  13.2   161   162    5891    (-,-) 
  PC1/add_174_42_g1177/Y -       B->Y  F     NAND2X1        2   9.0   127   172    6063    (-,-) 
  PC1/add_174_42_g1176/Y -       A->Y  R     INVX1          2   8.9   115   142    6205    (-,-) 
  PC1/add_174_42_g1170/Y -       B->Y  F     NAND2X1        1   7.7   122   141    6347    (-,-) 
  PC1/add_174_42_g1167/Y -       C->Y  R     NAND3X2        4  17.1   149   144    6490    (-,-) 
  PC1/add_174_42_g1162/Y -       B->Y  F     NAND2X1        2   9.0   124   167    6657    (-,-) 
  PC1/g46352/Y           -       A1->Y R     OAI21X1        4  17.1   421   374    7031    (-,-) 
  PC1/add_174_42_g1146/Y -       B->Y  F     NAND2X1        1   7.6   169   244    7275    (-,-) 
  PC1/g46345/Y           -       C0->Y R     OAI211X2       3  13.2   237   148    7424    (-,-) 
  PC1/add_174_42_g1137/Y -       B->Y  F     NAND2X1        1   7.8   133   192    7616    (-,-) 
  PC1/add_174_42_g1132/Y -       B->Y  R     NAND2X2        3  13.2   120   130    7746    (-,-) 
  PC1/add_174_42_g1131/Y -       B->Y  F     NAND2X1        1   7.8   108   144    7890    (-,-) 
  PC1/add_174_42_g1129/Y -       B->Y  R     NAND2X2        3  16.0   132   129    8019    (-,-) 
  PC1/add_174_42_g1126/Y -       B->Y  F     NAND2X2        1   5.0    62   100    8119    (-,-) 
  PC1/add_174_42_g1125/Y -       B->Y  R     NAND2X1        2   9.7   142   120    8239    (-,-) 
  PC1/add_174_42_g1121/Y -       B->Y  F     XNOR2X1        2   8.9   100   339    8578    (-,-) 
  PC1/g45796/Y           -       B->Y  R     NAND2X1        1   4.8    82   102    8681    (-,-) 
  PC1/g46334/Y           -       A->Y  F     NAND3X1        2   8.8   194   198    8878    (-,-) 
  PC1/g26604/Y           -       A->Y  R     CLKINVX1       1   3.6    91   114    8992    (-,-) 
  PC1/g39895/Y           -       B->Y  R     AND2X2        16  63.2   351   483    9475    (-,-) 
  PC1/g38599/Y           -       A0->Y F     OAI21X1        1   3.6   108   206    9681    (-,-) 
  PC1/RF_reg[3][29]/D    -       -     F     DFFRX1         1     -     -     0    9681    (-,-) 
#------------------------------------------------------------------------------------------------



Path 46: MET (142 ps) Setup Check with Pin PC1/RF_reg[2][29]/CK->D
          Group: C2C
     Startpoint: (R) PC1/IR_reg[30]/CK
          Clock: (R) SYS_CLOCK
       Endpoint: (F) PC1/RF_reg[2][29]/D
          Clock: (R) SYS_CLOCK

                     Capture       Launch     
        Clock Edge:+   10000            0     
       Src Latency:+       0            0     
       Net Latency:+       0 (I)        0 (I) 
           Arrival:=   10000            0     
                                              
             Setup:-     177                  
     Required Time:=    9823                  
      Launch Clock:-       0                  
         Data Path:-    9681                  
             Slack:=     142                  

#------------------------------------------------------------------------------------------------
#     Timing Point       Flags   Arc   Edge   Cell     Fanout  Load Trans Delay Arrival Instance 
#                                                              (fF)  (ps)  (ps)   (ps)  Location 
#------------------------------------------------------------------------------------------------
  PC1/IR_reg[30]/CK      -       -     R     (arrival)    587     -     0     0       0    (-,-) 
  PC1/IR_reg[30]/Q       -       CK->Q F     DFFX1          3  12.3   102   491     491    (-,-) 
  PC1/g43941__4733/Y     -       A->Y  R     NOR2X2         2   8.3   130   160     651    (-,-) 
  PC1/g43922__8428/Y     -       B->Y  R     CLKAND2X2      2  16.7   106   224     875    (-,-) 
  PC1/g43628__2883/Y     -       A->Y  F     NAND2X4        7  29.1   112   140    1015    (-,-) 
  PC1/g43624__6161/Y     -       B->Y  R     NAND2X1        1   5.0    83   110    1125    (-,-) 
  PC1/g43363__5115/Y     -       B0->Y F     OAI21X1        2   8.8   136   159    1283    (-,-) 
  PC1/g43355/Y           -       A->Y  R     INVX1          3  12.9   153   175    1458    (-,-) 
  PC1/g43343__2398/Y     -       B->Y  F     NAND2X1        3  26.3   298   307    1765    (-,-) 
  PC1/g43310/Y           -       A->Y  R     CLKINVX2       2   9.1   123   147    1912    (-,-) 
  PC1/g43267__5115/Y     -       B->Y  F     NAND2X1        1  12.8   162   186    2099    (-,-) 
  PC1/g43193/Y           -       A->Y  R     CLKINVX4      32 128.6   347   324    2423    (-,-) 
  PC1/g42949__7098/Y     -       A1->Y F     AOI22X1        1   5.0   164   256    2678    (-,-) 
  PC1/g42706__2883/Y     -       B->Y  R     NAND2X1        1   7.4   125   148    2827    (-,-) 
  PC1/g42695__5122/Y     -       A->Y  F     NOR2X2         1  13.1    67   115    2942    (-,-) 
  PC1/g42616__5115/Y     -       B->Y  R     NAND2X4        9  37.3   122   120    3061    (-,-) 
  PC1/add_174_42_g1369/Y -       B->Y  F     NAND2X1        3  14.2   188   196    3258    (-,-) 
  PC1/add_174_42_g1237/Y -       A->Y  R     CLKINVX1       1   4.9   100   128    3385    (-,-) 
  PC1/add_174_42_g1236/Y -       A->Y  F     NAND2X1        1   5.0    84   115    3500    (-,-) 
  PC1/add_174_42_g1233/Y -       B->Y  R     NAND2X1        3  13.2   164   156    3656    (-,-) 
  PC1/add_174_42_g1226/Y -       B->Y  F     NAND2X1        1   7.8   117   163    3819    (-,-) 
  PC1/add_174_42_g1221/Y -       B->Y  R     NAND2X2        3  16.0   133   133    3952    (-,-) 
  PC1/add_174_42_g1219/Y -       B->Y  F     NAND2X2        1   7.8    75   116    4068    (-,-) 
  PC1/add_174_42_g1217/Y -       B->Y  R     NAND2X2        4  19.5   147   125    4193    (-,-) 
  PC1/g46347/Y           -       A1->Y F     AOI21X2        1   4.8    84   137    4330    (-,-) 
  PC1/g46346/Y           -       A->Y  R     CLKINVX1       3  13.2   150   152    4482    (-,-) 
  PC1/add_174_42_g1209/Y -       B->Y  F     NAND2X1        1   5.0    88   133    4615    (-,-) 
  PC1/add_174_42_g1206/Y -       B->Y  R     NAND2X1        3  16.0   198   178    4792    (-,-) 
  PC1/add_174_42_g1202/Y -       B->Y  F     NAND2X2        1   7.8    88   135    4928    (-,-) 
  PC1/add_174_42_g1201/Y -       B->Y  R     NAND2X2        5  21.0   153   137    5065    (-,-) 
  PC1/add_174_42_g1197/Y -       B->Y  F     NAND2X1        1   7.8   123   158    5223    (-,-) 
  PC1/add_174_42_g1196/Y -       B->Y  R     NAND2X2        4  17.1   122   140    5364    (-,-) 
  PC1/add_174_42_g1191/Y -       B->Y  F     NAND2X1        2   8.9   118   154    5518    (-,-) 
  PC1/add_174_42_g1190/Y -       A->Y  R     CLKINVX1       1   5.0    82   108    5625    (-,-) 
  PC1/add_174_42_g1186/Y -       B->Y  F     NAND2X1        1   5.0    96   104    5729    (-,-) 
  PC1/add_174_42_g1181/Y -       B->Y  R     NAND2X1        3  13.2   161   162    5891    (-,-) 
  PC1/add_174_42_g1177/Y -       B->Y  F     NAND2X1        2   9.0   127   172    6063    (-,-) 
  PC1/add_174_42_g1176/Y -       A->Y  R     INVX1          2   8.9   115   142    6205    (-,-) 
  PC1/add_174_42_g1170/Y -       B->Y  F     NAND2X1        1   7.7   122   141    6347    (-,-) 
  PC1/add_174_42_g1167/Y -       C->Y  R     NAND3X2        4  17.1   149   144    6490    (-,-) 
  PC1/add_174_42_g1162/Y -       B->Y  F     NAND2X1        2   9.0   124   167    6657    (-,-) 
  PC1/g46352/Y           -       A1->Y R     OAI21X1        4  17.1   421   374    7031    (-,-) 
  PC1/add_174_42_g1146/Y -       B->Y  F     NAND2X1        1   7.6   169   244    7275    (-,-) 
  PC1/g46345/Y           -       C0->Y R     OAI211X2       3  13.2   237   148    7424    (-,-) 
  PC1/add_174_42_g1137/Y -       B->Y  F     NAND2X1        1   7.8   133   192    7616    (-,-) 
  PC1/add_174_42_g1132/Y -       B->Y  R     NAND2X2        3  13.2   120   130    7746    (-,-) 
  PC1/add_174_42_g1131/Y -       B->Y  F     NAND2X1        1   7.8   108   144    7890    (-,-) 
  PC1/add_174_42_g1129/Y -       B->Y  R     NAND2X2        3  16.0   132   129    8019    (-,-) 
  PC1/add_174_42_g1126/Y -       B->Y  F     NAND2X2        1   5.0    62   100    8119    (-,-) 
  PC1/add_174_42_g1125/Y -       B->Y  R     NAND2X1        2   9.7   142   120    8239    (-,-) 
  PC1/add_174_42_g1121/Y -       B->Y  F     XNOR2X1        2   8.9   100   339    8578    (-,-) 
  PC1/g45796/Y           -       B->Y  R     NAND2X1        1   4.8    82   102    8681    (-,-) 
  PC1/g46334/Y           -       A->Y  F     NAND3X1        2   8.8   194   198    8878    (-,-) 
  PC1/g26604/Y           -       A->Y  R     CLKINVX1       1   3.6    91   114    8992    (-,-) 
  PC1/g39895/Y           -       B->Y  R     AND2X2        16  63.2   351   483    9475    (-,-) 
  PC1/g38594/Y           -       A0->Y F     OAI21X1        1   3.6   108   206    9681    (-,-) 
  PC1/RF_reg[2][29]/D    -       -     F     DFFRX1         1     -     -     0    9681    (-,-) 
#------------------------------------------------------------------------------------------------



Path 47: MET (142 ps) Setup Check with Pin PC1/RF_reg[1][29]/CK->D
          Group: C2C
     Startpoint: (R) PC1/IR_reg[30]/CK
          Clock: (R) SYS_CLOCK
       Endpoint: (F) PC1/RF_reg[1][29]/D
          Clock: (R) SYS_CLOCK

                     Capture       Launch     
        Clock Edge:+   10000            0     
       Src Latency:+       0            0     
       Net Latency:+       0 (I)        0 (I) 
           Arrival:=   10000            0     
                                              
             Setup:-     177                  
     Required Time:=    9823                  
      Launch Clock:-       0                  
         Data Path:-    9681                  
             Slack:=     142                  

#------------------------------------------------------------------------------------------------
#     Timing Point       Flags   Arc   Edge   Cell     Fanout  Load Trans Delay Arrival Instance 
#                                                              (fF)  (ps)  (ps)   (ps)  Location 
#------------------------------------------------------------------------------------------------
  PC1/IR_reg[30]/CK      -       -     R     (arrival)    587     -     0     0       0    (-,-) 
  PC1/IR_reg[30]/Q       -       CK->Q F     DFFX1          3  12.3   102   491     491    (-,-) 
  PC1/g43941__4733/Y     -       A->Y  R     NOR2X2         2   8.3   130   160     651    (-,-) 
  PC1/g43922__8428/Y     -       B->Y  R     CLKAND2X2      2  16.7   106   224     875    (-,-) 
  PC1/g43628__2883/Y     -       A->Y  F     NAND2X4        7  29.1   112   140    1015    (-,-) 
  PC1/g43624__6161/Y     -       B->Y  R     NAND2X1        1   5.0    83   110    1125    (-,-) 
  PC1/g43363__5115/Y     -       B0->Y F     OAI21X1        2   8.8   136   159    1283    (-,-) 
  PC1/g43355/Y           -       A->Y  R     INVX1          3  12.9   153   175    1458    (-,-) 
  PC1/g43343__2398/Y     -       B->Y  F     NAND2X1        3  26.3   298   307    1765    (-,-) 
  PC1/g43310/Y           -       A->Y  R     CLKINVX2       2   9.1   123   147    1912    (-,-) 
  PC1/g43267__5115/Y     -       B->Y  F     NAND2X1        1  12.8   162   186    2099    (-,-) 
  PC1/g43193/Y           -       A->Y  R     CLKINVX4      32 128.6   347   324    2423    (-,-) 
  PC1/g42949__7098/Y     -       A1->Y F     AOI22X1        1   5.0   164   256    2678    (-,-) 
  PC1/g42706__2883/Y     -       B->Y  R     NAND2X1        1   7.4   125   148    2827    (-,-) 
  PC1/g42695__5122/Y     -       A->Y  F     NOR2X2         1  13.1    67   115    2942    (-,-) 
  PC1/g42616__5115/Y     -       B->Y  R     NAND2X4        9  37.3   122   120    3061    (-,-) 
  PC1/add_174_42_g1369/Y -       B->Y  F     NAND2X1        3  14.2   188   196    3258    (-,-) 
  PC1/add_174_42_g1237/Y -       A->Y  R     CLKINVX1       1   4.9   100   128    3385    (-,-) 
  PC1/add_174_42_g1236/Y -       A->Y  F     NAND2X1        1   5.0    84   115    3500    (-,-) 
  PC1/add_174_42_g1233/Y -       B->Y  R     NAND2X1        3  13.2   164   156    3656    (-,-) 
  PC1/add_174_42_g1226/Y -       B->Y  F     NAND2X1        1   7.8   117   163    3819    (-,-) 
  PC1/add_174_42_g1221/Y -       B->Y  R     NAND2X2        3  16.0   133   133    3952    (-,-) 
  PC1/add_174_42_g1219/Y -       B->Y  F     NAND2X2        1   7.8    75   116    4068    (-,-) 
  PC1/add_174_42_g1217/Y -       B->Y  R     NAND2X2        4  19.5   147   125    4193    (-,-) 
  PC1/g46347/Y           -       A1->Y F     AOI21X2        1   4.8    84   137    4330    (-,-) 
  PC1/g46346/Y           -       A->Y  R     CLKINVX1       3  13.2   150   152    4482    (-,-) 
  PC1/add_174_42_g1209/Y -       B->Y  F     NAND2X1        1   5.0    88   133    4615    (-,-) 
  PC1/add_174_42_g1206/Y -       B->Y  R     NAND2X1        3  16.0   198   178    4792    (-,-) 
  PC1/add_174_42_g1202/Y -       B->Y  F     NAND2X2        1   7.8    88   135    4928    (-,-) 
  PC1/add_174_42_g1201/Y -       B->Y  R     NAND2X2        5  21.0   153   137    5065    (-,-) 
  PC1/add_174_42_g1197/Y -       B->Y  F     NAND2X1        1   7.8   123   158    5223    (-,-) 
  PC1/add_174_42_g1196/Y -       B->Y  R     NAND2X2        4  17.1   122   140    5364    (-,-) 
  PC1/add_174_42_g1191/Y -       B->Y  F     NAND2X1        2   8.9   118   154    5518    (-,-) 
  PC1/add_174_42_g1190/Y -       A->Y  R     CLKINVX1       1   5.0    82   108    5625    (-,-) 
  PC1/add_174_42_g1186/Y -       B->Y  F     NAND2X1        1   5.0    96   104    5729    (-,-) 
  PC1/add_174_42_g1181/Y -       B->Y  R     NAND2X1        3  13.2   161   162    5891    (-,-) 
  PC1/add_174_42_g1177/Y -       B->Y  F     NAND2X1        2   9.0   127   172    6063    (-,-) 
  PC1/add_174_42_g1176/Y -       A->Y  R     INVX1          2   8.9   115   142    6205    (-,-) 
  PC1/add_174_42_g1170/Y -       B->Y  F     NAND2X1        1   7.7   122   141    6347    (-,-) 
  PC1/add_174_42_g1167/Y -       C->Y  R     NAND3X2        4  17.1   149   144    6490    (-,-) 
  PC1/add_174_42_g1162/Y -       B->Y  F     NAND2X1        2   9.0   124   167    6657    (-,-) 
  PC1/g46352/Y           -       A1->Y R     OAI21X1        4  17.1   421   374    7031    (-,-) 
  PC1/add_174_42_g1146/Y -       B->Y  F     NAND2X1        1   7.6   169   244    7275    (-,-) 
  PC1/g46345/Y           -       C0->Y R     OAI211X2       3  13.2   237   148    7424    (-,-) 
  PC1/add_174_42_g1137/Y -       B->Y  F     NAND2X1        1   7.8   133   192    7616    (-,-) 
  PC1/add_174_42_g1132/Y -       B->Y  R     NAND2X2        3  13.2   120   130    7746    (-,-) 
  PC1/add_174_42_g1131/Y -       B->Y  F     NAND2X1        1   7.8   108   144    7890    (-,-) 
  PC1/add_174_42_g1129/Y -       B->Y  R     NAND2X2        3  16.0   132   129    8019    (-,-) 
  PC1/add_174_42_g1126/Y -       B->Y  F     NAND2X2        1   5.0    62   100    8119    (-,-) 
  PC1/add_174_42_g1125/Y -       B->Y  R     NAND2X1        2   9.7   142   120    8239    (-,-) 
  PC1/add_174_42_g1121/Y -       B->Y  F     XNOR2X1        2   8.9   100   339    8578    (-,-) 
  PC1/g45796/Y           -       B->Y  R     NAND2X1        1   4.8    82   102    8681    (-,-) 
  PC1/g46334/Y           -       A->Y  F     NAND3X1        2   8.8   194   198    8878    (-,-) 
  PC1/g26604/Y           -       A->Y  R     CLKINVX1       1   3.6    91   114    8992    (-,-) 
  PC1/g39895/Y           -       B->Y  R     AND2X2        16  63.2   351   483    9475    (-,-) 
  PC1/g38589/Y           -       A0->Y F     OAI21X1        1   3.6   108   206    9681    (-,-) 
  PC1/RF_reg[1][29]/D    -       -     F     DFFRX1         1     -     -     0    9681    (-,-) 
#------------------------------------------------------------------------------------------------



Path 48: MET (142 ps) Setup Check with Pin PC1/RF_reg[0][29]/CK->D
          Group: C2C
     Startpoint: (R) PC1/IR_reg[30]/CK
          Clock: (R) SYS_CLOCK
       Endpoint: (F) PC1/RF_reg[0][29]/D
          Clock: (R) SYS_CLOCK

                     Capture       Launch     
        Clock Edge:+   10000            0     
       Src Latency:+       0            0     
       Net Latency:+       0 (I)        0 (I) 
           Arrival:=   10000            0     
                                              
             Setup:-     177                  
     Required Time:=    9823                  
      Launch Clock:-       0                  
         Data Path:-    9681                  
             Slack:=     142                  

#------------------------------------------------------------------------------------------------
#     Timing Point       Flags   Arc   Edge   Cell     Fanout  Load Trans Delay Arrival Instance 
#                                                              (fF)  (ps)  (ps)   (ps)  Location 
#------------------------------------------------------------------------------------------------
  PC1/IR_reg[30]/CK      -       -     R     (arrival)    587     -     0     0       0    (-,-) 
  PC1/IR_reg[30]/Q       -       CK->Q F     DFFX1          3  12.3   102   491     491    (-,-) 
  PC1/g43941__4733/Y     -       A->Y  R     NOR2X2         2   8.3   130   160     651    (-,-) 
  PC1/g43922__8428/Y     -       B->Y  R     CLKAND2X2      2  16.7   106   224     875    (-,-) 
  PC1/g43628__2883/Y     -       A->Y  F     NAND2X4        7  29.1   112   140    1015    (-,-) 
  PC1/g43624__6161/Y     -       B->Y  R     NAND2X1        1   5.0    83   110    1125    (-,-) 
  PC1/g43363__5115/Y     -       B0->Y F     OAI21X1        2   8.8   136   159    1283    (-,-) 
  PC1/g43355/Y           -       A->Y  R     INVX1          3  12.9   153   175    1458    (-,-) 
  PC1/g43343__2398/Y     -       B->Y  F     NAND2X1        3  26.3   298   307    1765    (-,-) 
  PC1/g43310/Y           -       A->Y  R     CLKINVX2       2   9.1   123   147    1912    (-,-) 
  PC1/g43267__5115/Y     -       B->Y  F     NAND2X1        1  12.8   162   186    2099    (-,-) 
  PC1/g43193/Y           -       A->Y  R     CLKINVX4      32 128.6   347   324    2423    (-,-) 
  PC1/g42949__7098/Y     -       A1->Y F     AOI22X1        1   5.0   164   256    2678    (-,-) 
  PC1/g42706__2883/Y     -       B->Y  R     NAND2X1        1   7.4   125   148    2827    (-,-) 
  PC1/g42695__5122/Y     -       A->Y  F     NOR2X2         1  13.1    67   115    2942    (-,-) 
  PC1/g42616__5115/Y     -       B->Y  R     NAND2X4        9  37.3   122   120    3061    (-,-) 
  PC1/add_174_42_g1369/Y -       B->Y  F     NAND2X1        3  14.2   188   196    3258    (-,-) 
  PC1/add_174_42_g1237/Y -       A->Y  R     CLKINVX1       1   4.9   100   128    3385    (-,-) 
  PC1/add_174_42_g1236/Y -       A->Y  F     NAND2X1        1   5.0    84   115    3500    (-,-) 
  PC1/add_174_42_g1233/Y -       B->Y  R     NAND2X1        3  13.2   164   156    3656    (-,-) 
  PC1/add_174_42_g1226/Y -       B->Y  F     NAND2X1        1   7.8   117   163    3819    (-,-) 
  PC1/add_174_42_g1221/Y -       B->Y  R     NAND2X2        3  16.0   133   133    3952    (-,-) 
  PC1/add_174_42_g1219/Y -       B->Y  F     NAND2X2        1   7.8    75   116    4068    (-,-) 
  PC1/add_174_42_g1217/Y -       B->Y  R     NAND2X2        4  19.5   147   125    4193    (-,-) 
  PC1/g46347/Y           -       A1->Y F     AOI21X2        1   4.8    84   137    4330    (-,-) 
  PC1/g46346/Y           -       A->Y  R     CLKINVX1       3  13.2   150   152    4482    (-,-) 
  PC1/add_174_42_g1209/Y -       B->Y  F     NAND2X1        1   5.0    88   133    4615    (-,-) 
  PC1/add_174_42_g1206/Y -       B->Y  R     NAND2X1        3  16.0   198   178    4792    (-,-) 
  PC1/add_174_42_g1202/Y -       B->Y  F     NAND2X2        1   7.8    88   135    4928    (-,-) 
  PC1/add_174_42_g1201/Y -       B->Y  R     NAND2X2        5  21.0   153   137    5065    (-,-) 
  PC1/add_174_42_g1197/Y -       B->Y  F     NAND2X1        1   7.8   123   158    5223    (-,-) 
  PC1/add_174_42_g1196/Y -       B->Y  R     NAND2X2        4  17.1   122   140    5364    (-,-) 
  PC1/add_174_42_g1191/Y -       B->Y  F     NAND2X1        2   8.9   118   154    5518    (-,-) 
  PC1/add_174_42_g1190/Y -       A->Y  R     CLKINVX1       1   5.0    82   108    5625    (-,-) 
  PC1/add_174_42_g1186/Y -       B->Y  F     NAND2X1        1   5.0    96   104    5729    (-,-) 
  PC1/add_174_42_g1181/Y -       B->Y  R     NAND2X1        3  13.2   161   162    5891    (-,-) 
  PC1/add_174_42_g1177/Y -       B->Y  F     NAND2X1        2   9.0   127   172    6063    (-,-) 
  PC1/add_174_42_g1176/Y -       A->Y  R     INVX1          2   8.9   115   142    6205    (-,-) 
  PC1/add_174_42_g1170/Y -       B->Y  F     NAND2X1        1   7.7   122   141    6347    (-,-) 
  PC1/add_174_42_g1167/Y -       C->Y  R     NAND3X2        4  17.1   149   144    6490    (-,-) 
  PC1/add_174_42_g1162/Y -       B->Y  F     NAND2X1        2   9.0   124   167    6657    (-,-) 
  PC1/g46352/Y           -       A1->Y R     OAI21X1        4  17.1   421   374    7031    (-,-) 
  PC1/add_174_42_g1146/Y -       B->Y  F     NAND2X1        1   7.6   169   244    7275    (-,-) 
  PC1/g46345/Y           -       C0->Y R     OAI211X2       3  13.2   237   148    7424    (-,-) 
  PC1/add_174_42_g1137/Y -       B->Y  F     NAND2X1        1   7.8   133   192    7616    (-,-) 
  PC1/add_174_42_g1132/Y -       B->Y  R     NAND2X2        3  13.2   120   130    7746    (-,-) 
  PC1/add_174_42_g1131/Y -       B->Y  F     NAND2X1        1   7.8   108   144    7890    (-,-) 
  PC1/add_174_42_g1129/Y -       B->Y  R     NAND2X2        3  16.0   132   129    8019    (-,-) 
  PC1/add_174_42_g1126/Y -       B->Y  F     NAND2X2        1   5.0    62   100    8119    (-,-) 
  PC1/add_174_42_g1125/Y -       B->Y  R     NAND2X1        2   9.7   142   120    8239    (-,-) 
  PC1/add_174_42_g1121/Y -       B->Y  F     XNOR2X1        2   8.9   100   339    8578    (-,-) 
  PC1/g45796/Y           -       B->Y  R     NAND2X1        1   4.8    82   102    8681    (-,-) 
  PC1/g46334/Y           -       A->Y  F     NAND3X1        2   8.8   194   198    8878    (-,-) 
  PC1/g26604/Y           -       A->Y  R     CLKINVX1       1   3.6    91   114    8992    (-,-) 
  PC1/g39895/Y           -       B->Y  R     AND2X2        16  63.2   351   483    9475    (-,-) 
  PC1/g38586/Y           -       A0->Y F     OAI21X1        1   3.6   108   206    9681    (-,-) 
  PC1/RF_reg[0][29]/D    -       -     F     DFFRX1         1     -     -     0    9681    (-,-) 
#------------------------------------------------------------------------------------------------



Path 49: MET (218 ps) Setup Check with Pin PC1/RF_reg[15][28]/CK->D
          Group: C2C
     Startpoint: (R) PC1/IR_reg[30]/CK
          Clock: (R) SYS_CLOCK
       Endpoint: (F) PC1/RF_reg[15][28]/D
          Clock: (R) SYS_CLOCK

                     Capture       Launch     
        Clock Edge:+   10000            0     
       Src Latency:+       0            0     
       Net Latency:+       0 (I)        0 (I) 
           Arrival:=   10000            0     
                                              
             Setup:-     177                  
     Required Time:=    9823                  
      Launch Clock:-       0                  
         Data Path:-    9604                  
             Slack:=     218                  

#-----------------------------------------------------------------------------------------------------------------------------------------
#                         Timing Point                           Flags    Arc   Edge   Cell     Fanout  Load Trans Delay Arrival Instance 
#                                                                                                       (fF)  (ps)  (ps)   (ps)  Location 
#-----------------------------------------------------------------------------------------------------------------------------------------
  PC1/IR_reg[30]/CK                                              -       -      R     (arrival)    587     -     0     0       0    (-,-) 
  PC1/IR_reg[30]/Q                                               -       CK->Q  F     DFFX1          3  12.3   102   491     491    (-,-) 
  PC1/g43941__4733/Y                                             -       A->Y   R     NOR2X2         2   8.3   130   160     651    (-,-) 
  PC1/g43922__8428/Y                                             -       B->Y   R     CLKAND2X2      2  16.7   106   224     875    (-,-) 
  PC1/g43628__2883/Y                                             -       A->Y   F     NAND2X4        7  29.1   112   140    1015    (-,-) 
  PC1/g43627/Y                                                   -       A->Y   R     INVX1          2   9.1   114   137    1152    (-,-) 
  PC1/g46330/Y                                                   -       B1->Y  F     AOI22X1        1   4.8   128   124    1275    (-,-) 
  PC1/g46329/Y                                                   -       A->Y   R     CLKINVX1       3  16.8   187   198    1473    (-,-) 
  PC1/g43354/Y                                                   -       A->Y   F     CLKINVX2       2  14.0    77   124    1598    (-,-) 
  PC1/g43342__5477/Y                                             -       A->Y   R     NAND2X2        3  23.6   148   152    1749    (-,-) 
  PC1/g43309/Y                                                   -       A->Y   F     INVX1          2   9.1    78   125    1874    (-,-) 
  PC1/g43268__7482/Y                                             -       B->Y   R     NAND2X1        1  12.8   161   150    2024    (-,-) 
  PC1/g43210/Y                                                   -       A->Y   F     CLKINVX4      32 128.6   198   236    2261    (-,-) 
  PC1/g42955__6161/Y                                             -       A1->Y  R     AOI22X1        1   4.9   196   256    2516    (-,-) 
  PC1/g42703__6161/Y                                             -       A->Y   F     NAND2X1        1   7.5   122   170    2686    (-,-) 
  PC1/g42692__1617/Y                                             -       A->Y   R     NOR2X2         1  12.8   176   202    2888    (-,-) 
  PC1/g42616__5115/Y                                             -       A->Y   F     NAND2X4        9  37.0   138   182    3070    (-,-) 
  PC1/g27311__2802/Y                                             -       B->Y   R     NAND2X1        1   5.0   110   120    3190    (-,-) 
  PC1/g27307__6783/Y                                             -       B->Y   F     NAND2X1        1   6.7   104   131    3321    (-,-) 
  PC1/sub_150_48_Y_sub_128_48_Y_add_149_48_Y_add_127_48_g1341/CO -       CI->CO F     ADDFX1         3  13.1   147   441    3762    (-,-) 
  PC1/sub_150_48_Y_sub_128_48_Y_add_149_48_Y_add_127_48_g1340/Y  -       B->Y   R     NAND2X1        1   5.0    92   123    3884    (-,-) 
  PC1/sub_150_48_Y_sub_128_48_Y_add_149_48_Y_add_127_48_g1338/Y  -       B->Y   F     NAND2X1        3  13.1   159   174    4058    (-,-) 
  PC1/sub_150_48_Y_sub_128_48_Y_add_149_48_Y_add_127_48_g1336/Y  -       B->Y   R     NAND2X1        1   5.0    96   126    4184    (-,-) 
  PC1/sub_150_48_Y_sub_128_48_Y_add_149_48_Y_add_127_48_g1334/Y  -       B->Y   F     NAND2X1        3  13.1   159   176    4360    (-,-) 
  PC1/sub_150_48_Y_sub_128_48_Y_add_149_48_Y_add_127_48_g1332/Y  -       B->Y   R     NAND2X1        1   7.8   118   150    4510    (-,-) 
  PC1/sub_150_48_Y_sub_128_48_Y_add_149_48_Y_add_127_48_g1330/Y  -       B->Y   F     NAND2X2        4  17.0   116   150    4660    (-,-) 
  PC1/sub_150_48_Y_sub_128_48_Y_add_149_48_Y_add_127_48_g1326/Y  -       B->Y   R     NAND2X1        1   7.6   109   131    4792    (-,-) 
  PC1/g46344/Y                                                   -       C0->Y  F     OAI211X2       3  13.1   177   200    4992    (-,-) 
  PC1/sub_150_48_Y_sub_128_48_Y_add_149_48_Y_add_127_48_g1321/Y  -       B->Y   R     NAND2X1        1   7.8   124   157    5148    (-,-) 
  PC1/sub_150_48_Y_sub_128_48_Y_add_149_48_Y_add_127_48_g1319/Y  -       B->Y   F     NAND2X2        3  15.9   110   148    5297    (-,-) 
  PC1/sub_150_48_Y_sub_128_48_Y_add_149_48_Y_add_127_48_g1315/Y  -       B->Y   R     NAND2X2        1   7.8    77    97    5394    (-,-) 
  PC1/sub_150_48_Y_sub_128_48_Y_add_149_48_Y_add_127_48_g1314/Y  -       B->Y   F     NAND2X2        4  17.2   117   131    5525    (-,-) 
  PC1/sub_150_48_Y_sub_128_48_Y_add_149_48_Y_add_127_48_g1309/Y  -       B->Y   R     NAND2X1        1   7.8   112   133    5658    (-,-) 
  PC1/sub_150_48_Y_sub_128_48_Y_add_149_48_Y_add_127_48_g1308/Y  -       B->Y   F     NAND2X2        2  11.7    97   124    5783    (-,-) 
  PC1/sub_150_48_Y_sub_128_48_Y_add_149_48_Y_add_127_48_g1304/Y  -       B->Y   R     NAND2X2        2  11.7    96   107    5890    (-,-) 
  PC1/sub_150_48_Y_sub_128_48_Y_add_149_48_Y_add_127_48_g1299/Y  -       B->Y   F     NOR2X2         1   7.5    49    76    5966    (-,-) 
  PC1/sub_150_48_Y_sub_128_48_Y_add_149_48_Y_add_127_48_g1294/Y  -       B->Y   R     NOR2X2         2   8.9   135   123    6089    (-,-) 
  PC1/sub_150_48_Y_sub_128_48_Y_add_149_48_Y_add_127_48_g1289/Y  -       B->Y   F     NOR2X1         3  12.8   128   141    6230    (-,-) 
  PC1/sub_150_48_Y_sub_128_48_Y_add_149_48_Y_add_127_48_g1282/Y  -       B->Y   R     NAND2X1        1   7.8   111   138    6368    (-,-) 
  PC1/sub_150_48_Y_sub_128_48_Y_add_149_48_Y_add_127_48_g1278/Y  -       B->Y   F     NAND2X2        5  21.0   143   163    6532    (-,-) 
  PC1/sub_150_48_Y_sub_128_48_Y_add_149_48_Y_add_127_48_g1268/Y  -       C->Y   R     NAND3X1        1   7.8   124   149    6681    (-,-) 
  PC1/sub_150_48_Y_sub_128_48_Y_add_149_48_Y_add_127_48_g1265/Y  -       B->Y   F     NAND2X2        4  17.0   123   153    6834    (-,-) 
  PC1/g3/Y                                                       -       B->Y   R     NAND2X1        1   4.8    84   113    6946    (-,-) 
  PC1/g46323/Y                                                   -       A->Y   F     NAND3X1        3  13.1   247   249    7195    (-,-) 
  PC1/sub_150_48_Y_sub_128_48_Y_add_149_48_Y_add_127_48_g1249/Y  -       B->Y   R     NAND2X1        1   7.8   144   182    7377    (-,-) 
  PC1/sub_150_48_Y_sub_128_48_Y_add_149_48_Y_add_127_48_g1244/Y  -       B->Y   F     NAND2X2        3  15.9   118   157    7534    (-,-) 
  PC1/sub_150_48_Y_sub_128_48_Y_add_149_48_Y_add_127_48_g1242/Y  -       B->Y   R     NAND2X2        1   7.8    78   100    7634    (-,-) 
  PC1/sub_150_48_Y_sub_128_48_Y_add_149_48_Y_add_127_48_g1240/Y  -       B->Y   F     NAND2X2        3  15.9   118   126    7761    (-,-) 
  PC1/sub_150_48_Y_sub_128_48_Y_add_149_48_Y_add_127_48_g1238/Y  -       B->Y   R     NAND2X1        1   5.0    90   112    7873    (-,-) 
  PC1/sub_150_48_Y_sub_128_48_Y_add_149_48_Y_add_127_48_g1236/Y  -       B0->Y  F     OAI21X1        1   4.8    95   128    8001    (-,-) 
  PC1/g45620__7410/Y                                             -       A1->Y  R     AOI211X1       1   4.8   292   288    8289    (-,-) 
  PC1/g45607/Y                                                   -       A->Y   F     CLKINVX1       1   5.0    88   139    8428    (-,-) 
  PC1/g46336/Y                                                   -       C0->Y  R     AOI221X1       2   7.5   402   345    8773    (-,-) 
  PC1/g39898/Y                                                   -       B->Y   R     AND2X2        16  63.2   353   625    9398    (-,-) 
  PC1/g38655/Y                                                   -       A0->Y  F     OAI21X1        1   3.6   108   206    9604    (-,-) 
  PC1/RF_reg[15][28]/D                                           -       -      F     DFFRX1         1     -     -     0    9604    (-,-) 
#-----------------------------------------------------------------------------------------------------------------------------------------



Path 50: MET (218 ps) Setup Check with Pin PC1/RF_reg[14][28]/CK->D
          Group: C2C
     Startpoint: (R) PC1/IR_reg[30]/CK
          Clock: (R) SYS_CLOCK
       Endpoint: (F) PC1/RF_reg[14][28]/D
          Clock: (R) SYS_CLOCK

                     Capture       Launch     
        Clock Edge:+   10000            0     
       Src Latency:+       0            0     
       Net Latency:+       0 (I)        0 (I) 
           Arrival:=   10000            0     
                                              
             Setup:-     177                  
     Required Time:=    9823                  
      Launch Clock:-       0                  
         Data Path:-    9604                  
             Slack:=     218                  

#-----------------------------------------------------------------------------------------------------------------------------------------
#                         Timing Point                           Flags    Arc   Edge   Cell     Fanout  Load Trans Delay Arrival Instance 
#                                                                                                       (fF)  (ps)  (ps)   (ps)  Location 
#-----------------------------------------------------------------------------------------------------------------------------------------
  PC1/IR_reg[30]/CK                                              -       -      R     (arrival)    587     -     0     0       0    (-,-) 
  PC1/IR_reg[30]/Q                                               -       CK->Q  F     DFFX1          3  12.3   102   491     491    (-,-) 
  PC1/g43941__4733/Y                                             -       A->Y   R     NOR2X2         2   8.3   130   160     651    (-,-) 
  PC1/g43922__8428/Y                                             -       B->Y   R     CLKAND2X2      2  16.7   106   224     875    (-,-) 
  PC1/g43628__2883/Y                                             -       A->Y   F     NAND2X4        7  29.1   112   140    1015    (-,-) 
  PC1/g43627/Y                                                   -       A->Y   R     INVX1          2   9.1   114   137    1152    (-,-) 
  PC1/g46330/Y                                                   -       B1->Y  F     AOI22X1        1   4.8   128   124    1275    (-,-) 
  PC1/g46329/Y                                                   -       A->Y   R     CLKINVX1       3  16.8   187   198    1473    (-,-) 
  PC1/g43354/Y                                                   -       A->Y   F     CLKINVX2       2  14.0    77   124    1598    (-,-) 
  PC1/g43342__5477/Y                                             -       A->Y   R     NAND2X2        3  23.6   148   152    1749    (-,-) 
  PC1/g43309/Y                                                   -       A->Y   F     INVX1          2   9.1    78   125    1874    (-,-) 
  PC1/g43268__7482/Y                                             -       B->Y   R     NAND2X1        1  12.8   161   150    2024    (-,-) 
  PC1/g43210/Y                                                   -       A->Y   F     CLKINVX4      32 128.6   198   236    2261    (-,-) 
  PC1/g42955__6161/Y                                             -       A1->Y  R     AOI22X1        1   4.9   196   256    2516    (-,-) 
  PC1/g42703__6161/Y                                             -       A->Y   F     NAND2X1        1   7.5   122   170    2686    (-,-) 
  PC1/g42692__1617/Y                                             -       A->Y   R     NOR2X2         1  12.8   176   202    2888    (-,-) 
  PC1/g42616__5115/Y                                             -       A->Y   F     NAND2X4        9  37.0   138   182    3070    (-,-) 
  PC1/g27311__2802/Y                                             -       B->Y   R     NAND2X1        1   5.0   110   120    3190    (-,-) 
  PC1/g27307__6783/Y                                             -       B->Y   F     NAND2X1        1   6.7   104   131    3321    (-,-) 
  PC1/sub_150_48_Y_sub_128_48_Y_add_149_48_Y_add_127_48_g1341/CO -       CI->CO F     ADDFX1         3  13.1   147   441    3762    (-,-) 
  PC1/sub_150_48_Y_sub_128_48_Y_add_149_48_Y_add_127_48_g1340/Y  -       B->Y   R     NAND2X1        1   5.0    92   123    3884    (-,-) 
  PC1/sub_150_48_Y_sub_128_48_Y_add_149_48_Y_add_127_48_g1338/Y  -       B->Y   F     NAND2X1        3  13.1   159   174    4058    (-,-) 
  PC1/sub_150_48_Y_sub_128_48_Y_add_149_48_Y_add_127_48_g1336/Y  -       B->Y   R     NAND2X1        1   5.0    96   126    4184    (-,-) 
  PC1/sub_150_48_Y_sub_128_48_Y_add_149_48_Y_add_127_48_g1334/Y  -       B->Y   F     NAND2X1        3  13.1   159   176    4360    (-,-) 
  PC1/sub_150_48_Y_sub_128_48_Y_add_149_48_Y_add_127_48_g1332/Y  -       B->Y   R     NAND2X1        1   7.8   118   150    4510    (-,-) 
  PC1/sub_150_48_Y_sub_128_48_Y_add_149_48_Y_add_127_48_g1330/Y  -       B->Y   F     NAND2X2        4  17.0   116   150    4660    (-,-) 
  PC1/sub_150_48_Y_sub_128_48_Y_add_149_48_Y_add_127_48_g1326/Y  -       B->Y   R     NAND2X1        1   7.6   109   131    4792    (-,-) 
  PC1/g46344/Y                                                   -       C0->Y  F     OAI211X2       3  13.1   177   200    4992    (-,-) 
  PC1/sub_150_48_Y_sub_128_48_Y_add_149_48_Y_add_127_48_g1321/Y  -       B->Y   R     NAND2X1        1   7.8   124   157    5148    (-,-) 
  PC1/sub_150_48_Y_sub_128_48_Y_add_149_48_Y_add_127_48_g1319/Y  -       B->Y   F     NAND2X2        3  15.9   110   148    5297    (-,-) 
  PC1/sub_150_48_Y_sub_128_48_Y_add_149_48_Y_add_127_48_g1315/Y  -       B->Y   R     NAND2X2        1   7.8    77    97    5394    (-,-) 
  PC1/sub_150_48_Y_sub_128_48_Y_add_149_48_Y_add_127_48_g1314/Y  -       B->Y   F     NAND2X2        4  17.2   117   131    5525    (-,-) 
  PC1/sub_150_48_Y_sub_128_48_Y_add_149_48_Y_add_127_48_g1309/Y  -       B->Y   R     NAND2X1        1   7.8   112   133    5658    (-,-) 
  PC1/sub_150_48_Y_sub_128_48_Y_add_149_48_Y_add_127_48_g1308/Y  -       B->Y   F     NAND2X2        2  11.7    97   124    5783    (-,-) 
  PC1/sub_150_48_Y_sub_128_48_Y_add_149_48_Y_add_127_48_g1304/Y  -       B->Y   R     NAND2X2        2  11.7    96   107    5890    (-,-) 
  PC1/sub_150_48_Y_sub_128_48_Y_add_149_48_Y_add_127_48_g1299/Y  -       B->Y   F     NOR2X2         1   7.5    49    76    5966    (-,-) 
  PC1/sub_150_48_Y_sub_128_48_Y_add_149_48_Y_add_127_48_g1294/Y  -       B->Y   R     NOR2X2         2   8.9   135   123    6089    (-,-) 
  PC1/sub_150_48_Y_sub_128_48_Y_add_149_48_Y_add_127_48_g1289/Y  -       B->Y   F     NOR2X1         3  12.8   128   141    6230    (-,-) 
  PC1/sub_150_48_Y_sub_128_48_Y_add_149_48_Y_add_127_48_g1282/Y  -       B->Y   R     NAND2X1        1   7.8   111   138    6368    (-,-) 
  PC1/sub_150_48_Y_sub_128_48_Y_add_149_48_Y_add_127_48_g1278/Y  -       B->Y   F     NAND2X2        5  21.0   143   163    6532    (-,-) 
  PC1/sub_150_48_Y_sub_128_48_Y_add_149_48_Y_add_127_48_g1268/Y  -       C->Y   R     NAND3X1        1   7.8   124   149    6681    (-,-) 
  PC1/sub_150_48_Y_sub_128_48_Y_add_149_48_Y_add_127_48_g1265/Y  -       B->Y   F     NAND2X2        4  17.0   123   153    6834    (-,-) 
  PC1/g3/Y                                                       -       B->Y   R     NAND2X1        1   4.8    84   113    6946    (-,-) 
  PC1/g46323/Y                                                   -       A->Y   F     NAND3X1        3  13.1   247   249    7195    (-,-) 
  PC1/sub_150_48_Y_sub_128_48_Y_add_149_48_Y_add_127_48_g1249/Y  -       B->Y   R     NAND2X1        1   7.8   144   182    7377    (-,-) 
  PC1/sub_150_48_Y_sub_128_48_Y_add_149_48_Y_add_127_48_g1244/Y  -       B->Y   F     NAND2X2        3  15.9   118   157    7534    (-,-) 
  PC1/sub_150_48_Y_sub_128_48_Y_add_149_48_Y_add_127_48_g1242/Y  -       B->Y   R     NAND2X2        1   7.8    78   100    7634    (-,-) 
  PC1/sub_150_48_Y_sub_128_48_Y_add_149_48_Y_add_127_48_g1240/Y  -       B->Y   F     NAND2X2        3  15.9   118   126    7761    (-,-) 
  PC1/sub_150_48_Y_sub_128_48_Y_add_149_48_Y_add_127_48_g1238/Y  -       B->Y   R     NAND2X1        1   5.0    90   112    7873    (-,-) 
  PC1/sub_150_48_Y_sub_128_48_Y_add_149_48_Y_add_127_48_g1236/Y  -       B0->Y  F     OAI21X1        1   4.8    95   128    8001    (-,-) 
  PC1/g45620__7410/Y                                             -       A1->Y  R     AOI211X1       1   4.8   292   288    8289    (-,-) 
  PC1/g45607/Y                                                   -       A->Y   F     CLKINVX1       1   5.0    88   139    8428    (-,-) 
  PC1/g46336/Y                                                   -       C0->Y  R     AOI221X1       2   7.5   402   345    8773    (-,-) 
  PC1/g39898/Y                                                   -       B->Y   R     AND2X2        16  63.2   353   625    9398    (-,-) 
  PC1/g38653/Y                                                   -       A0->Y  F     OAI21X1        1   3.6   108   206    9604    (-,-) 
  PC1/RF_reg[14][28]/D                                           -       -      F     DFFRX1         1     -     -     0    9604    (-,-) 
#-----------------------------------------------------------------------------------------------------------------------------------------

