
Cadence Innovus(TM) Implementation System.
Copyright 2021 Cadence Design Systems, Inc. All rights reserved worldwide.

Version:	v21.18-s099_1, built Tue Jul 18 13:03:50 PDT 2023
Options:	-init scripts/cts.tcl -log logs/cts.log 
Date:		Sun Jul 12 16:59:14 2026
Host:		cadence (x86_64 w/Linux 3.10.0-1160.el7.x86_64) (8cores*32cpus*Intel(R) Xeon(R) CPU E5-2440 v2 @ 1.90GHz 20480KB)
OS:		Red Hat Enterprise Linux Server 7.9 (Maipo)

License:
		[16:59:14.095697] Configured Lic search path (21.01-s002): 5280@cadence

		invs	Innovus Implementation System	21.1	checkout succeeded
		8 CPU jobs allowed with the current license(s). Use setMultiCpuUsage to set your required CPU count.
Change the soft stacksize limit to 0.2%RAM (386 mbytes). Set global soft_stack_size_limit to change the value.

**INFO:  MMMC transition support version v31-84 

<CMD> set_global _enable_mmmc_by_default_flow      $CTE::mmmc_default
<CMD> suppressMessage ENCEXT-2799
<CMD> getVersion
<CMD> define_proc_arguments ViaFillQor -info {This procedure extracts Viafill details from innovus db} -define_args {
		{-window "window coordinates" "" list optional}
		{-window_size "window size in microns" "" string optional}
	
	}
[INFO] Loading Pegasus 22.24 fill procedures
<CMD> define_proc_arguments ProcessFills -info {This procedure processes Fill types} -define_args {
    {-fillInfo "Design Fill data" "" list required}
				{-csvName "File path for Fill Data csv file" "Path of CSV file" string required}
				{-selectFill "type of fill to be selected in session" "list of BRIDGE/EXTENSION/STAMP/FLOATING" list required}
    {-output_data "Boolean Flag to output Fill Data for further processing" "" string required}
}
<CMD> define_proc_arguments FillQor -info {This procedure extracts fill details from innovus db} -define_args {
    {-layers "Fills Cleanup on which all layers" "list of Metal/Routing layers" list optional}
				{-selectFill "type of fill to be selected in session" "list of BRIDGE/EXTENSION/STAMP/FLOATING" list optional}
				{-outData "Boolean Flag to output Fill Data for further processing" "" boolean optional}
    {-outDataFile "File path for Fill Data csv file" "Path of CSV file" string optional}
}
<CMD> define_proc_arguments ProcessFills_fast -info {This procedure processes Fill types} -define_args {
    {-fillInfo "Design Fill data" "" list required}
				{-csvName "File path for Fill Data csv file" "Path of CSV file" string required}
				{-selectFill "type of fill to be selected in session" "list of BRIDGE/EXTENSION/STAMP/FLOATING" list required}
    {-output_data "Boolean Flag to output Fill Data for further processing" "" string required}
}
<CMD> define_proc_arguments FillQor_fast -info {This procedure extracts fill details from innovus db} -define_args {
    {-layers "Fills Cleanup on which all layers" "list of Metal/Routing layers" list optional}
				{-selectFill "type of fill to be selected in session" "list of BRIDGE/EXTENSION/STAMP/FLOATING" list optional}
				{-outData "Boolean Flag to output Fill Data for further processing" "" boolean optional}
    {-outDataFile "File path for Fill Data csv file" "Path of CSV file" string optional}
}
<CMD> define_proc_arguments ProcessFills_fast_stampOnly -info {This procedure processes Fill types} -define_args {
    {-fillInfo "Design Fill data" "" list required}
	
}
<CMD> define_proc_arguments FillQor_fast_stampOnly -info {This procedure extracts fill details from innovus db} -define_args {
    {-layers "Fills Cleanup on which all layers" "list of Metal/Routing layers" list optional}
}
Sourcing file "scripts/cts.tcl" ...
### Start verbose source output (echo mode) for '../project_setup.tcl' ...
# set TECH "sky130_cadence" ;
# set MULTIVT "true"
# set MBFF "false"
# source -e -v $::env(REPO_ROOT)/util/tech/${TECH}.tcl 
### Start verbose source output (echo mode) for '/home/B2_Robiul/UDIF/aiub_vlsi_impl_demo/util/tech/sky130_cadence.tcl' ...
# set TECH "sky130_cadence" 
# puts "ATSH_VLSI: TECH=$TECH"
# puts "ATSH_VLSI: Starting Setup"
# if { $TECH == "sky130_cadence" } {
	set TECH_DIR "/home/eee/sky130_cadence"
	set STD_LIB_DIR "sky130_scl_9T_0.0.5"
	puts "ATSH_VLSI: $TECH has no multivt or mbff options as of this release."
	#set MULTIVT $::env(MULTIVT)
	#set MBFF $::env(MBFF)

set LEF_FILES ""

# Adding Technology LEF file
append LEF_FILES " " "$TECH_DIR/$STD_LIB_DIR/lef/sky130_scl_9T.tlef"

# Adding RVT Cell LEF
append LEF_FILES " " "$TECH_DIR/$STD_LIB_DIR/lef/sky130_scl_9T.lef"


set LIB_FILES(slow) ""
set LIB_FILES(fast) ""

append LIB_FILES(slow) " " "$TECH_DIR/$STD_LIB_DIR/lib/sky130_ss_1.62_125_nldm.lib"
append LIB_FILES(fast) " " "$TECH_DIR/$STD_LIB_DIR/lib/sky130_ff_1.98_0_nldm.lib"
append LIB_FILES(typical) " " "$TECH_DIR/$STD_LIB_DIR/lib/sky130_tt_1.8_25_nldm.lib"

set LIB_FILES(all) "$LIB_FILES(slow) $LIB_FILES(fast) $LIB_FILES(typical)"

set QRC_TECH_FILE(typical) "$TECH_DIR/sky130_release_0.0.4/quantus/extraction/typical/qrcTechFile"

set PHYSICAL_CELL_LIST " FILL1 FILL2 FILL4 FILL8 FILL16 FILL32 FILL64 "
set CLK_BUFFERS " CLKBUFX4 CLKBUFX8 CLKBUFX2 "
set CLK_INVERTERS " CLKINVX2 CLKINVX8 CLKINVX1 CLKINVX4 "

set GDS_MAP_FILE "$TECH_DIR/$STD_LIB_DIR/gds/sky130_stream.mapFile"
set GDS_MERGE_FILE "$TECH_DIR/$STD_LIB_DIR/gds/sky130_scl_9T.gds"

} ;
### End verbose source output for '/home/B2_Robiul/UDIF/aiub_vlsi_impl_demo/util/tech/sky130_cadence.tcl'.
# set DESIGN_DIR "design_data"
# set DESIGN_NAME "$::env(TOP)"
# puts "TOP DESIGN SET TO: $DESIGN_NAME"
# set CLK_PORT "SYS_CLOCK" 
# set CLK_PERIOD "5.0" ;
# set POWER_NET "VDD"
# set GROUND_NET "VSS"
# set SYNTH_EFFORT_GENERIC "medium"
# set SYNTH_EFFORT_OPT "high"
# set SYNTH_INFO_LEVEL 7
# set SYNTH_LOW_POWER "false"
# if { $var(step) == "synth" } {
set RTL_FILES "[glob $DESIGN_DIR/*v]"
set CONSTRAINTS_FILE "[glob $DESIGN_DIR/*sdc]"
#set RTL_FILES "[exec python3 $::env(REPO_ROOT)/util/compile.py $::env(REPO_ROOT)/frontend/$::env(PROJECT)/manifest.json syn]"
#set CONSTRAINTS_FILE "[exec python3 $::env(REPO_ROOT)/util/compile.py $::env(REPO_ROOT)/frontend/$::env(PROJECT)/manifest.json syn_sdc]"
}
# set PNR_INIT_NETLIST "$DESIGN_DIR/${DESIGN_NAME}_gate.v"
# set PNR_SDC "$DESIGN_DIR/${DESIGN_NAME}.sdc"
# set PNR_VIEW_DEF "$DESIGN_DIR/viewDefinition.tcl"
# set PNR_GND_NETS "VSS"
# set PNR_PWR_NETS "VDD"
# set PNR_MAX_ROUTE_LAYER "6"
# set PNR_FP_TCL "../floorplan/fp.tcl"
# set PNR_FP_DEF "../floorplan/fp.def"
# set PNR_FP_PRIORITY "TCL"
### End verbose source output for '../project_setup.tcl'.
### Start verbose source output (echo mode) for 'scripts/always_source.tcl' ...
# setAnalysisMode -analysisType onChipVariation
<CMD> setAnalysisMode -analysisType onChipVariation
### End verbose source output for 'scripts/always_source.tcl'.
<CMD> restoreDesign DBS/place.enc.dat RISC_V3
#% Begin load design ... (date=07/12 16:59:53, mem=745.5M)
Set Default Input Pin Transition as 0.1 ps.
Loading design 'RISC_V3' saved by 'Innovus' '21.18-s099_1' on 'Sun Jul 12 16:59:12 2026'.
% Begin Load MMMC data ... (date=07/12 16:59:54, mem=747.2M)
% End Load MMMC data ... (date=07/12 16:59:54, total cpu=0:00:00.1, real=0:00:00.0, peak res=748.3M, current mem=748.3M)
rctypical

Loading LEF file /home/B2_Robiul/UDIF/aiub_vlsi_impl_demo/projects/My_Risc_new/pnr_sky_V2/DBS/place.enc.dat/libs/lef/sky130_scl_9T.tlef ...

Loading LEF file /home/B2_Robiul/UDIF/aiub_vlsi_impl_demo/projects/My_Risc_new/pnr_sky_V2/DBS/place.enc.dat/libs/lef/sky130_scl_9T.lef ...
Set DBUPerIGU to M2 pitch 460.
**WARN: (IMPLF-200):	Pin 'A' in macro 'ANTENNA' has no ANTENNAGATEAREA value defined. The library data is incomplete and some process antenna rules will not be checked correctly.
Type 'man IMPLF-200' for more detail.

##  Check design process and node:  
##  Both design process and tech node are not set.

Loading view definition file from /home/B2_Robiul/UDIF/aiub_vlsi_impl_demo/projects/My_Risc_new/pnr_sky_V2/DBS/place.enc.dat/viewDefinition.tcl
Reading slow_libs timing library '/home/eee/sky130_cadence/sky130_scl_9T_0.0.5/lib/sky130_ss_1.62_125_nldm.lib' ...
Read 109 cells in library 'sky130_ss_1.62_125' 
Reading fast_libs timing library '/home/eee/sky130_cadence/sky130_scl_9T_0.0.5/lib/sky130_ff_1.98_0_nldm.lib' ...
Read 109 cells in library 'sky130_ff_1.98_0' 
*** End library_loading (cpu=0.02min, real=0.02min, mem=18.0M, fe_cpu=0.67min, fe_real=0.68min, fe_mem=1029.3M) ***
% Begin Load netlist data ... (date=07/12 16:59:55, mem=763.5M)
*** Begin netlist parsing (mem=1029.3M) ***
Created 109 new cells from 2 timing libraries.
Reading netlist ...
Backslashed names will retain backslash and a trailing blank character.
Reading verilogBinary netlist '/home/B2_Robiul/UDIF/aiub_vlsi_impl_demo/projects/My_Risc_new/pnr_sky_V2/DBS/place.enc.dat/RISC_V3.v.bin'

*** Memory Usage v#1 (Current mem = 1037.320M, initial mem = 478.109M) ***
*** End netlist parsing (cpu=0:00:00.0, real=0:00:00.0, mem=1037.3M) ***
% End Load netlist data ... (date=07/12 16:59:55, total cpu=0:00:00.0, real=0:00:00.0, peak res=769.0M, current mem=769.0M)
Set top cell to RISC_V3.
Hooked 218 DB cells to tlib cells.
Starting recursive module instantiation check.
No recursion found.
Building hierarchical netlist for Cell RISC_V3 ...
*** Netlist is unique.
** info: there are 228 modules.
** info: there are 3874 stdCell insts.

*** Memory Usage v#1 (Current mem = 1083.746M, initial mem = 478.109M) ***
*info: set bottom ioPad orient R0
**WARN: (IMPFP-3961):	The techSite 'CornerSite' has no related standard cells in the LEF/OA library. The calculations for this site type cannot be made unless standard cell models of this type exist in the LEF/OA library. Ignore this warning if the SITE is not used by the library. Alternatively, remove the SITE definition for the LEF/OA library to avoid this message.
Type 'man IMPFP-3961' for more detail.
**WARN: (IMPFP-3961):	The techSite 'IOSite' has no related standard cells in the LEF/OA library. The calculations for this site type cannot be made unless standard cell models of this type exist in the LEF/OA library. Ignore this warning if the SITE is not used by the library. Alternatively, remove the SITE definition for the LEF/OA library to avoid this message.
Type 'man IMPFP-3961' for more detail.
Start create_tracks
Generated pitch 3.66 in met5 is different from 3.22 defined in technology file in preferred direction.
Generated pitch 0.615 in met4 is different from 0.69 defined in technology file in preferred direction.
Generated pitch 0.61 in met3 is different from 0.69 defined in technology file in preferred direction.
Loading preference file /home/B2_Robiul/UDIF/aiub_vlsi_impl_demo/projects/My_Risc_new/pnr_sky_V2/DBS/place.enc.dat/gui.pref.tcl ...
##  Process: 130           (User Set)               
##     Node: (not set)                           

##  Check design process and node:  
##  Design tech node is not set.

Applying the recommended capacitance filtering threshold values for 130nm process node: total_c_th=0, relative_c_th=1 and coupling_c_th=0.4.
	These values will be used by all post-route extraction engines, including TQuantus, IQuantus and Quantus QRC extraction.
	Capacitance filtering mode(-capFilterMode option of the setExtractRCMode) is 'relAndCoup' for all engines.
	The accuracy mode for postRoute effortLevel low extraction will be set to 'standard'.
	Default value for EffortLevel(-effortLevel option of the setExtractRCMode) in postRoute extraction mode is 'low'.
**WARN: (IMPOPT-3602):	The specified path group name reg2reg is not defined.
Type 'man IMPOPT-3602' for more detail.
Effort level <high> specified for reg2reg path_group
Slack adjustment of -0 applied on reg2reg path_group
Slack adjustment of -0 applied on <default> path group
#WARNING (NRIF-91) Option setNanoRouteMode -routeTopRoutingLayer is obsolete. It will continue to work for the current release. To ensure compatibility with future releases, use option setDesignMode -topRoutingLayer instead.
**WARN: (IMPPTN-867):	Found use of setPinAssignMode -maxLayer. This will continue to work in this release; however, it is recommended to use setDesignMode -topRoutingLayer instead.
**WARN: (IMPPTN-867):	Found use of setPinAssignMode -maxLayer. This will continue to work in this release; however, it is recommended to use setDesignMode -topRoutingLayer instead.
addRing command will ignore shorts while creating rings.
addRing command will disallow rings to go over rows.
addRing command will consider rows while creating rings.
The ring targets are set to core/block ring wires.
addStripe will allow jog to connect padcore ring and block ring.

Stripes will not extend to closest target.
When breaking rings, the power planner will consider the existence of blocks.
addStripe will break automatically at non-default domains when generating global stripes over the core area or default domain.
The entire stripe set will break at the domain if one of the nets is not in the domain.
Stripes will not be created over regions without power planning wires.
Offset for stripe breaking is set to 0.
Stripes will stop at the boundary of the specified area.
The power planner will set stripe antenna targets to none (no trimming allowed).
**WARN: (IMPPSP-1003):	Found use of 'setRouteMode -earlyGlobalMaxRouteLayer'. This will continue to work in this release; however, it is recommended to use 'setDesignMode -topRoutingLayer' instead.
Change floorplan default-technical-site to 'CoreSite'.
*Info: initialize multi-corner CTS.
Reading typical_libs timing library '/home/eee/sky130_cadence/sky130_scl_9T_0.0.5/lib/sky130_tt_1.8_25_nldm.lib' ...
Read 109 cells in library 'sky130_tt_1.8_25' 
Total number of combinational cells: 87
Total number of sequential cells: 19
Total number of tristate cells: 3
Total number of level shifter cells: 0
Total number of power gating cells: 0
Total number of isolation cells: 0
Total number of power switch cells: 0
Total number of pulse generator cells: 0
Total number of always on buffers: 0
Total number of retention cells: 0
Total number of physical cells: 0
List of usable buffers: BUFX16 BUFX2 BUFX4 BUFX8 CLKBUFX2 CLKBUFX4 CLKBUFX8
Total number of usable buffers: 7
List of unusable buffers:
Total number of unusable buffers: 0
List of usable inverters: CLKINVX1 INVX1 CLKINVX2 CLKINVX4 CLKINVX8 INVX16 INVX2 INVX4 INVX8
Total number of usable inverters: 9
List of unusable inverters:
Total number of unusable inverters: 0
List of identified usable delay cells: DLY1X1 DLY1X4 DLY2X4 DLY4X4
Total number of identified usable delay cells: 4
List of identified unusable delay cells:
Total number of identified unusable delay cells: 0
Reading floorplan file - /home/B2_Robiul/UDIF/aiub_vlsi_impl_demo/projects/My_Risc_new/pnr_sky_V2/DBS/place.enc.dat/RISC_V3.fp.gz (mem = 1347.2M).
% Begin Load floorplan data ... (date=07/12 16:59:58, mem=1069.7M)
*info: reset 4533 existing net BottomPreferredLayer and AvoidDetour
Deleting old partition specification.
Set FPlanBox to (0 0 322000 318320)
**WARN: (IMPFP-3961):	The techSite 'CornerSite' has no related standard cells in the LEF/OA library. The calculations for this site type cannot be made unless standard cell models of this type exist in the LEF/OA library. Ignore this warning if the SITE is not used by the library. Alternatively, remove the SITE definition for the LEF/OA library to avoid this message.
Type 'man IMPFP-3961' for more detail.
**WARN: (IMPFP-3961):	The techSite 'IOSite' has no related standard cells in the LEF/OA library. The calculations for this site type cannot be made unless standard cell models of this type exist in the LEF/OA library. Ignore this warning if the SITE is not used by the library. Alternatively, remove the SITE definition for the LEF/OA library to avoid this message.
Type 'man IMPFP-3961' for more detail.
Start create_tracks
Generated pitch 3.66 in met5 is different from 3.22 defined in technology file in preferred direction.
Generated pitch 0.615 in met4 is different from 0.69 defined in technology file in preferred direction.
Generated pitch 0.61 in met3 is different from 0.69 defined in technology file in preferred direction.
 ... processed partition successfully.
Reading binary special route file /home/B2_Robiul/UDIF/aiub_vlsi_impl_demo/projects/My_Risc_new/pnr_sky_V2/DBS/place.enc.dat/RISC_V3.fp.spr.gz (Created by Innovus v21.18-s099_1 on Sun Jul 12 16:59:10 2026, version: 1)
Ending "Read special route file" (total cpu=0:00:00.0, real=0:00:00.0, peak res=1070.5M, current mem=1070.5M)
Extracting standard cell pins and blockage ...... 
Pin and blockage extraction finished
% End Load floorplan data ... (date=07/12 16:59:59, total cpu=0:00:00.1, real=0:00:01.0, peak res=1071.4M, current mem=1071.3M)
Reading congestion map file /home/B2_Robiul/UDIF/aiub_vlsi_impl_demo/projects/My_Risc_new/pnr_sky_V2/DBS/place.enc.dat/RISC_V3.route.congmap.gz ...
% Begin Load SymbolTable ... (date=07/12 16:59:59, mem=1071.8M)
Suppress "**WARN ..." messages.
Un-suppress "**WARN ..." messages.
% End Load SymbolTable ... (date=07/12 17:00:00, total cpu=0:00:00.1, real=0:00:01.0, peak res=1072.3M, current mem=1072.2M)
Loading place ...
% Begin Load placement data ... (date=07/12 17:00:00, mem=1072.2M)
Reading placement file - /home/B2_Robiul/UDIF/aiub_vlsi_impl_demo/projects/My_Risc_new/pnr_sky_V2/DBS/place.enc.dat/RISC_V3.place.gz.
** Reading stdCellPlacement_binary (Created by Innovus v21.18-s099_1 on Sun Jul 12 16:59:11 2026, version# 2) ...
Read Views for adaptive view pruning ...
Read 0 views from Binary DB for adaptive view pruning
*** Checked 2 GNC rules.
*** applyConnectGlobalNets disabled.
*** Completed restorePlace (cpu=0:00:00.0 real=0:00:00.0 mem=1350.2M) ***
Total net length = 1.239e+05 (6.665e+04 5.728e+04) (ext = 2.186e+04)
% End Load placement data ... (date=07/12 17:00:00, total cpu=0:00:00.1, real=0:00:00.0, peak res=1073.2M, current mem=1073.0M)
Reading PG file /home/B2_Robiul/UDIF/aiub_vlsi_impl_demo/projects/My_Risc_new/pnr_sky_V2/DBS/place.enc.dat/RISC_V3.pg.gz, version#2, (Created by Innovus v21.18-s099_1 on       Sun Jul 12 16:59:10 2026)
*** Completed restorePGFile (cpu=0:00:00.0 real=0:00:00.0 mem=1347.2M) ***
% Begin Load routing data ... (date=07/12 17:00:00, mem=1073.2M)
Reading routing file - /home/B2_Robiul/UDIF/aiub_vlsi_impl_demo/projects/My_Risc_new/pnr_sky_V2/DBS/place.enc.dat/RISC_V3.route.gz.
Reading Innovus routing data (Created by Innovus v21.18-s099_1 on Sun Jul 12 16:59:11 2026 Format: 20.1) ...
*** Total 4533 nets are successfully restored.
*** Completed restoreRoute (cpu=0:00:00.0 real=0:00:01.0 mem=1352.2M) ***
% End Load routing data ... (date=07/12 17:00:01, total cpu=0:00:00.1, real=0:00:01.0, peak res=1079.6M, current mem=1079.1M)
TAT_INFO: restoreCongMap REAL = 0 : CPU = 0 : MEM = 0.
Reading property file /home/B2_Robiul/UDIF/aiub_vlsi_impl_demo/projects/My_Risc_new/pnr_sky_V2/DBS/place.enc.dat/RISC_V3.prop
*** Completed restoreProperty (cpu=0:00:00.0 real=0:00:00.0 mem=1356.2M) ***
Set Default Input Pin Transition as 0.1 ps.
Loading preRoute extraction data from directory '/home/B2_Robiul/UDIF/aiub_vlsi_impl_demo/projects/My_Risc_new/pnr_sky_V2/DBS/place.enc.dat/extraction/' ...
Extraction setup Started 
Initializing multi-corner RC extraction with 1 active RC Corners ...
Captable file(s) not specified in multi-corner setup. PreRoute extraction will use technology file. For postRoute extraction, default value for effort level would be 'medium' and effort level 'low' would not be allowed.
Generating auto layer map file.
Loading preRoute extracted patterns from file '/home/B2_Robiul/UDIF/aiub_vlsi_impl_demo/projects/My_Risc_new/pnr_sky_V2/DBS/place.enc.dat/RISC_V3.techData.gz' ...
Completed (cpu: 0:00:00.7 real: 0:00:01.0)
Set Shrink Factor to 1.00000
Summary of Active RC-Corners : 
 
 Analysis View: func_slow
    RC-Corner Name        : rctypical
    RC-Corner Index       : 0
    RC-Corner Temperature : 25 Celsius
    RC-Corner Cap Table   : ''
    RC-Corner PreRoute Res Factor         : 1
    RC-Corner PreRoute Cap Factor         : 1
    RC-Corner PostRoute Res Factor        : 1 {1 1 1}
    RC-Corner PostRoute Cap Factor        : 1 {1 1 1}
    RC-Corner PostRoute XCap Factor       : 1 {1 1 1}
    RC-Corner PreRoute Clock Res Factor   : 1	[Derived from postRoute_res (effortLevel low)]
    RC-Corner PreRoute Clock Cap Factor   : 1	[Derived from postRoute_cap (effortLevel low)]
    RC-Corner PostRoute Clock Cap Factor  : 1 {1 1 1} 	[Derived from postRoute_cap (effortLevel low)]
    RC-Corner PostRoute Clock Res Factor  : 1 {1 1 1} 	[Derived from postRoute_res (effortLevel low)]
    RC-Corner PostRoute Clock coupling capacitance Factor : 1 {1 1 1} 
    RC-Corner Technology file: '/home/B2_Robiul/UDIF/aiub_vlsi_impl_demo/projects/My_Risc_new/pnr_sky_V2/DBS/place.enc.dat/libs/mmmc/rctypical/qrcTechFile'
 
 Analysis View: func_typical
    RC-Corner Name        : rctypical
    RC-Corner Index       : 0
    RC-Corner Temperature : 25 Celsius
    RC-Corner Cap Table   : ''
    RC-Corner PreRoute Res Factor         : 1
    RC-Corner PreRoute Cap Factor         : 1
    RC-Corner PostRoute Res Factor        : 1 {1 1 1}
    RC-Corner PostRoute Cap Factor        : 1 {1 1 1}
    RC-Corner PostRoute XCap Factor       : 1 {1 1 1}
    RC-Corner PreRoute Clock Res Factor   : 1	[Derived from postRoute_res (effortLevel low)]
    RC-Corner PreRoute Clock Cap Factor   : 1	[Derived from postRoute_cap (effortLevel low)]
    RC-Corner PostRoute Clock Cap Factor  : 1 {1 1 1} 	[Derived from postRoute_cap (effortLevel low)]
    RC-Corner PostRoute Clock Res Factor  : 1 {1 1 1} 	[Derived from postRoute_res (effortLevel low)]
    RC-Corner PostRoute Clock coupling capacitance Factor : 1 {1 1 1} 
    RC-Corner Technology file: '/home/B2_Robiul/UDIF/aiub_vlsi_impl_demo/projects/My_Risc_new/pnr_sky_V2/DBS/place.enc.dat/libs/mmmc/rctypical/qrcTechFile'
 
 Analysis View: func_fast
    RC-Corner Name        : rctypical
    RC-Corner Index       : 0
    RC-Corner Temperature : 25 Celsius
    RC-Corner Cap Table   : ''
    RC-Corner PreRoute Res Factor         : 1
    RC-Corner PreRoute Cap Factor         : 1
    RC-Corner PostRoute Res Factor        : 1 {1 1 1}
    RC-Corner PostRoute Cap Factor        : 1 {1 1 1}
    RC-Corner PostRoute XCap Factor       : 1 {1 1 1}
    RC-Corner PreRoute Clock Res Factor   : 1	[Derived from postRoute_res (effortLevel low)]
    RC-Corner PreRoute Clock Cap Factor   : 1	[Derived from postRoute_cap (effortLevel low)]
    RC-Corner PostRoute Clock Cap Factor  : 1 {1 1 1} 	[Derived from postRoute_cap (effortLevel low)]
    RC-Corner PostRoute Clock Res Factor  : 1 {1 1 1} 	[Derived from postRoute_res (effortLevel low)]
    RC-Corner PostRoute Clock coupling capacitance Factor : 1 {1 1 1} 
    RC-Corner Technology file: '/home/B2_Robiul/UDIF/aiub_vlsi_impl_demo/projects/My_Risc_new/pnr_sky_V2/DBS/place.enc.dat/libs/mmmc/rctypical/qrcTechFile'
Restored RC grid for preRoute extraction.
Initializing multi-corner resistance tables ...
Default value for postRoute extraction mode's effortLevel (-effortLevel option of setExtractRCMode) changed to 'medium'.
Start generating vias ..
#Skip building auto via since it is not turned on.
Extracting standard cell pins and blockage ...... 
Pin and blockage extraction finished
Via generation completed.
% Begin Load power constraints ... (date=07/12 17:00:03, mem=1106.4M)
% End Load power constraints ... (date=07/12 17:00:03, total cpu=0:00:00.1, real=0:00:00.0, peak res=1106.5M, current mem=1106.5M)
rctypical_fast rctypical_typical rctypical_slow
% Begin load AAE data ... (date=07/12 17:00:03, mem=1134.7M)
AAE DB initialization (MEM=1435.55 CPU=0:00:00.1 REAL=0:00:00.0) 
% End load AAE data ... (date=07/12 17:00:04, total cpu=0:00:01.2, real=0:00:01.0, peak res=1141.0M, current mem=1141.0M)
Total number of combinational cells: 87
Total number of sequential cells: 19
Total number of tristate cells: 3
Total number of level shifter cells: 0
Total number of power gating cells: 0
Total number of isolation cells: 0
Total number of power switch cells: 0
Total number of pulse generator cells: 0
Total number of always on buffers: 0
Total number of retention cells: 0
Total number of physical cells: 0
List of usable buffers: BUFX16 BUFX2 BUFX4 BUFX8
Total number of usable buffers: 4
List of unusable buffers: CLKBUFX2 CLKBUFX4 CLKBUFX8
Total number of unusable buffers: 3
List of usable inverters: INVX1 INVX16 INVX2 INVX4 INVX8
Total number of usable inverters: 5
List of unusable inverters: CLKINVX1 CLKINVX2 CLKINVX4 CLKINVX8
Total number of unusable inverters: 4
List of identified usable delay cells: DLY1X1 DLY1X4 DLY2X4 DLY4X4
Total number of identified usable delay cells: 4
List of identified unusable delay cells:
Total number of identified unusable delay cells: 0
**WARN: (IMPCTE-107):	The following globals have been obsoleted since version . They will be removed in the next release. 
timing_enable_separate_device_slew_effect_sensitivities
#% End load design ... (date=07/12 17:00:04, total cpu=0:00:09.1, real=0:00:11.0, peak res=1165.2M, current mem=1141.4M)

*** Summary of all messages that are not suppressed in this session:
Severity  ID               Count  Summary                                  
WARNING   IMPLF-200            1  Pin '%s' in macro '%s' has no ANTENNAGAT...
WARNING   IMPFP-3961           4  The techSite '%s' has no related standar...
WARNING   IMPPTN-867           2  Found use of %s. This will continue to w...
WARNING   IMPOPT-3602          1  The specified path group name %s is not ...
WARNING   NRIF-91              1  Option setNanoRouteMode -routeTopRouting...
WARNING   IMPCTE-107           1  The following globals have been obsolete...
WARNING   IMPPSP-1003          1  Found use of '%s'. This will continue to...
*** Message Summary: 11 warning(s), 0 error(s)

<CMD> set_ccopt_property buffer_cells { CLKBUFX4 CLKBUFX8 CLKBUFX2 }
<CMD> set_ccopt_property inverter_cells { CLKINVX2 CLKINVX8 CLKINVX1 CLKINVX4 }
<CMD> ccopt_design
#% Begin ccopt_design (date=07/12 17:00:04, mem=1141.3M)
Turning off fast DC mode.
*** ccopt_design #1 [begin] : totSession cpu/real = 0:00:47.3/0:00:47.9 (1.0), mem = 1436.6M
Runtime...
**INFO: User's settings:
setNanoRouteMode -extractThirdPartyCompatible  false
setNanoRouteMode -routeTopRoutingLayer         5
setDesignMode -process                         130
setDesignMode -topRoutingLayer                 met5
setExtractRCMode -coupling_c_th                0.4
setExtractRCMode -engine                       preRoute
setExtractRCMode -relative_c_th                1
setExtractRCMode -total_c_th                   0
setDelayCalMode -enable_high_fanout            true
setDelayCalMode -engine                        aae
setDelayCalMode -ignoreNetLoad                 false
setDelayCalMode -socv_accuracy_mode            low
setOptMode -preserveAllSequential              true
setPlaceMode -place_design_floorplan_mode      false
setRouteMode -earlyGlobalMaxRouteLayer         5

(ccopt_design): CTS Engine: auto. Used Spec: CCOPT spec from create_ccopt_clock_tree_spec.
(ccopt_design): create_ccopt_clock_tree_spec
Creating clock tree spec for modes (timing configs): func
extract_clock_generator_skew_groups=true: create_ccopt_clock_tree_spec will generate skew groups with a name prefix of "_clock_gen" to balance clock generator connected flops with the clock generator they drive.
Reset timing graph...
Ignoring AAE DB Resetting ...
Reset timing graph done.
Ignoring AAE DB Resetting ...
Analyzing clock structure...
Analyzing clock structure done.
Reset timing graph...
Ignoring AAE DB Resetting ...
Reset timing graph done.
Extracting original clock gating for SYS_CLOCK...
  clock_tree SYS_CLOCK contains 587 sinks and 0 clock gates.
Extracting original clock gating for SYS_CLOCK done.
The skew group SYS_CLOCK/func was created. It contains 587 sinks and 1 sources.
Checking clock tree convergence...
Checking clock tree convergence done.
Placement constraints of type 'region' or 'fence' will not be downgraded to 'guide' because the property change_fences_to_guides has been set to false.
Set place::cacheFPlanSiteMark to 1
'setDesignMode -flowEffort standard' => 'setOptMode -usefulSkewCCOpt standard' 
Using CCOpt effort standard.
CCOpt::Phase::Initialization...
Check Prerequisites...
Leaving CCOpt scope - CheckPlace...
**WARN: (IMPSP-362):	Site 'CoreSite' has one std.Cell height, so ignoring its X-symmetry.
Type 'man IMPSP-362' for more detail.
Begin checking placement ... (start mem=1526.5M, init mem=1654.8M)
*info: Placed = 4306           (Fixed = 432)
*info: Unplaced = 0           
Placement Density:61.74%(53506/86658)
Placement Density (including fixed std cells):63.14%(56797/89949)
Finished checkPlace (total: cpu=0:00:00.2, real=0:00:01.0; vio checks: cpu=0:00:00.1, real=0:00:01.0; mem=1654.8M)
Leaving CCOpt scope - CheckPlace done. (took cpu=0:00:00.2 real=0:00:00.2)
Innovus will update I/O latencies
Found 0 ideal nets, 0 pins with transition annotations, 0 instances with delay annotations, 0 nets with delay annotations, refer to logv for details.

Check Prerequisites done. (took cpu=0:00:00.2 real=0:00:00.2)
CCOpt::Phase::Initialization done. (took cpu=0:00:00.2 real=0:00:00.2)
Executing ccopt post-processing.
Synthesizing clock trees with CCOpt...
*** CTS #1 [begin] (ccopt_design #1) : totSession cpu/real = 0:00:49.4/0:00:50.0 (1.0), mem = 1654.8M
CCOpt::Phase::PreparingToBalance...
Leaving CCOpt scope - Initializing power interface...
Leaving CCOpt scope - Initializing power interface done. (took cpu=0:00:00.0 real=0:00:00.0)
Found 0 advancing pin insertion delay (0.000% of 587 clock tree sinks)
Found 0 delaying pin insertion delay (0.000% of 587 clock tree sinks)
Leaving CCOpt scope - optDesignGlobalRouteStep...
[NR-eGR] Started Early Global Route kernel ( Curr Mem: 1630.76 MB )
[NR-eGR] Track table information for default rule: 
[NR-eGR] met1 has single uniform track structure
[NR-eGR] met2 has single uniform track structure
[NR-eGR] met3 has single uniform track structure
[NR-eGR] met4 has single uniform track structure
[NR-eGR] met5 has single uniform track structure
[NR-eGR] Read 2530 PG shapes
[NR-eGR] Read 0 clock shapes
[NR-eGR] Read 0 other shapes
[NR-eGR] #Routing Blockages  : 0
[NR-eGR] #Instance Blockages : 0
[NR-eGR] #PG Blockages       : 2530
[NR-eGR] #Halo Blockages     : 0
[NR-eGR] #Boundary Blockages : 0
[NR-eGR] #Clock Blockages    : 0
[NR-eGR] #Other Blockages    : 0
[NR-eGR] Num Prerouted Nets = 0  Num Prerouted Wires = 0
[NR-eGR] Read 4298 nets ( ignored 0 )
[NR-eGR] There are 1 clock nets ( 0 with NDR ).
[NR-eGR] ============ Routing rule table ============
[NR-eGR] Rule id: 0  Nets: 4298
[NR-eGR] ========================================
[NR-eGR] 
[NR-eGR] Layer group 1: route 4298 net(s) in layer range [2, 5]
[NR-eGR] Early Global Route overflow of layer group 1: 55.95% H + 0.18% V. EstWL: 1.555978e+05um
[NR-eGR] Congestion Analysis By layer: (blocked Gcells are excluded) 
[NR-eGR]                        OverCon           OverCon           OverCon           OverCon            
[NR-eGR]                         #Gcell            #Gcell            #Gcell            #Gcell     %Gcell
[NR-eGR]        Layer             (1-4)             (5-9)           (10-14)           (15-19)    OverCon
[NR-eGR] -------------------------------------------------------------------------------------------------
[NR-eGR]    met1 ( 1)         0( 0.00%)         0( 0.00%)         0( 0.00%)         0( 0.00%)   ( 0.00%) 
[NR-eGR]    met2 ( 2)        24( 0.40%)         0( 0.00%)         0( 0.00%)         0( 0.00%)   ( 0.40%) 
[NR-eGR]    met3 ( 3)      1693(28.55%)       954(16.09%)       145( 2.45%)        13( 0.22%)   (47.30%) 
[NR-eGR]    met4 ( 4)       123( 2.07%)         5( 0.08%)         0( 0.00%)         0( 0.00%)   ( 2.16%) 
[NR-eGR]    met5 ( 5)       322( 6.13%)         0( 0.00%)         0( 0.00%)         0( 0.00%)   ( 6.13%) 
[NR-eGR] -------------------------------------------------------------------------------------------------
[NR-eGR]        Total      2162( 9.38%)       959( 4.16%)       145( 0.63%)        13( 0.06%)   (14.23%) 
[NR-eGR] 
[NR-eGR] Overflow after Early Global Route 43.15% H + 0.30% V
[NR-eGR]               Length (um)   Vias 
[NR-eGR] ---------------------------------
[NR-eGR]  met1  (1H)             0  14976 
[NR-eGR]  met2  (2V)         66048  20925 
[NR-eGR]  met3  (3H)         72453   3649 
[NR-eGR]  met4  (4V)         16684   2602 
[NR-eGR]  met5  (5H)         11754      0 
[NR-eGR] ---------------------------------
[NR-eGR]        Total       166939  42152 
[NR-eGR] --------------------------------------------------------------------------
[NR-eGR] Total half perimeter of net bounding box: 123807um
[NR-eGR] Total length: 166939um, number of vias: 42152
[NR-eGR] --------------------------------------------------------------------------
[NR-eGR] Total eGR-routed clock nets wire length: 4896um, number of vias: 1784
[NR-eGR] --------------------------------------------------------------------------
[NR-eGR] Finished Early Global Route kernel ( CPU: 0.45 sec, Real: 0.44 sec, Curr Mem: 1636.88 MB )
Leaving CCOpt scope - optDesignGlobalRouteStep done. (took cpu=0:00:00.5 real=0:00:00.5)
Legalization setup...
Using cell based legalization.
Initializing placement interface...
  Use check_library -place or consult logv if problems occur.
  Leaving CCOpt scope - Initializing placement interface...
Estimated cell power/ground rail width = 0.517 um
  Leaving CCOpt scope - Initializing placement interface done. (took cpu=0:00:00.0 real=0:00:00.0)
Initializing placement interface done.
Leaving CCOpt scope - Cleaning up placement interface...
Leaving CCOpt scope - Cleaning up placement interface done. (took cpu=0:00:00.0 real=0:00:00.0)
Leaving CCOpt scope - Initializing placement interface...
Leaving CCOpt scope - Initializing placement interface done. (took cpu=0:00:00.0 real=0:00:00.0)
Legalization setup done. (took cpu=0:00:00.1 real=0:00:00.1)
Validating CTS configuration...
Checking module port directions...
Checking module port directions done. (took cpu=0:00:00.0 real=0:00:00.0)
Non-default CCOpt properties:
  Public non-default CCOpt properties:
    buffer_cells is set for at least one object
    cts_merge_clock_gates is set for at least one object
    cts_merge_clock_logic is set for at least one object
    inverter_cells is set for at least one object
    route_type is set for at least one object
  No private non-default CCOpt properties
Route type trimming info:
  No route type modifications were made.
Updating RC grid for preRoute extraction ...
Initializing multi-corner resistance tables ...
**WARN: (IMPCCOPT-1182):	The clock_gating_cells property has no usable full-cycle clock gates for power domain auto-default. Gating limited for clock tree SYS_CLOCK. You may be able to solve this problem by specifying a list of lib_cells to use with the clock_gating_cells property.
Library trimming inverters in power domain auto-default and half-corner rctypical_slow:setup.late removed 0 of 4 cells
Original list had 4 cells:
CLKINVX8 CLKINVX4 CLKINVX2 CLKINVX1 
Library trimming was not able to trim any cells:
CLKINVX8 CLKINVX4 CLKINVX2 CLKINVX1 
Clock tree balancer configuration for clock_tree SYS_CLOCK:
Non-default CCOpt properties:
  Public non-default CCOpt properties:
    cts_merge_clock_gates: true (default: false)
    cts_merge_clock_logic: true (default: false)
    route_type (leaf): default_route_type_leaf (default: default)
    route_type (top): default_route_type_nonleaf (default: default)
    route_type (trunk): default_route_type_nonleaf (default: default)
  No private non-default CCOpt properties
For power domain auto-default:
  Buffers:     CLKBUFX8 CLKBUFX4 CLKBUFX2 
  Inverters:   CLKINVX8 CLKINVX4 CLKINVX2 CLKINVX1 
  Unblocked area available for placement of any clock cells in power_domain auto-default: 88577.453um^2
Top Routing info:
  Route-type name: default_route_type_nonleaf; Top/bottom preferred layer name: met4/met3; 
  Unshielded; Mask Constraint: 0; Source: route_type.
Trunk Routing info:
  Route-type name: default_route_type_nonleaf; Top/bottom preferred layer name: met4/met3; 
  Unshielded; Preferred extra space: 1; Mask Constraint: 0; Source: route_type.
Leaf Routing info:
  Route-type name: default_route_type_leaf; Top/bottom preferred layer name: met4/met3; 
  Unshielded; Preferred extra space: 1; Mask Constraint: 0; Source: route_type.
For timing_corner rctypical_slow:setup, late and power domain auto-default:
  Slew time target (leaf):    0.260ns
  Slew time target (trunk):   0.260ns
  Slew time target (top):     0.260ns (Note: no nets are considered top nets in this clock tree)
  Buffer unit delay: 0.223ns
  Buffer max distance: 652.328um
Fastest wire driving cells and distances:
  Buffer    : {lib_cell:CLKBUFX8, fastest_considered_half_corner=rctypical_slow:setup.late, optimalDrivingDistance=652.328um, saturatedSlew=0.189ns, speed=1996.108um per ns, cellArea=32.113um^2 per 1000um}
  Inverter  : {lib_cell:CLKINVX8, fastest_considered_half_corner=rctypical_slow:setup.late, optimalDrivingDistance=546.434um, saturatedSlew=0.180ns, speed=2882.036um per ns, cellArea=31.366um^2 per 1000um}


Logic Sizing Table:

----------------------------------------------------------
Cell    Instance count    Source    Eligible library cells
----------------------------------------------------------
  (empty table)
----------------------------------------------------------


Clock tree balancer configuration for skew_group SYS_CLOCK/func:
  Sources:                     pin SYS_CLOCK
  Total number of sinks:       587
  Delay constrained sinks:     587
  Constrains:                  default
  Non-leaf sinks:              0
  Ignore pins:                 0
 Timing corner rctypical_slow:setup.late:
  Skew target:                 0.223ns
Primary reporting skew groups are:
skew_group SYS_CLOCK/func with 587 clock sinks

Clock DAG stats initial state:
  cell counts      : b=0, i=0, icg=0, dcg=0, l=0, total=0
  sink counts      : regular=587, enable_latch=0, load_capacitance=0, antenna=0, node_sink=0, total=587
  misc counts      : r=1, pp=0
  cell areas       : b=0.000um^2, i=0.000um^2, icg=0.000um^2, dcg=0.000um^2, l=0.000um^2, total=0.000um^2
  hp wire lengths  : top=0.000um, trunk=0.000um, leaf=0.000um, total=0.000um
No ideal or dont_touch nets found in the clock tree
No dont_touch hnets found in the clock tree
No dont_touch hpins found in the clock network.
Checking for illegal sizes of clock logic instances...
Checking for illegal sizes of clock logic instances done. (took cpu=0:00:00.0 real=0:00:00.0)
Validating CTS configuration done. (took cpu=0:00:01.1 real=0:00:01.1)
CCOpt configuration status: all checks passed.
Adding exclusion drivers to pins that are effective_sink_type exclude...
    Adding exclusion drivers (these will be instances of the smallest area library cells).
  No exclusion drivers are needed.
Adding exclusion drivers to pins that are effective_sink_type exclude done.
Antenna diode management...
  Found 0 antenna diodes in the clock trees.
  
Antenna diode management done.
Adding driver cells for primary IOs...
  
  ----------------------------------------------------------------------------------------------
  CCOpt reported the following when adding drivers below input ports and above output ports     
  ----------------------------------------------------------------------------------------------
    (empty table)
  ----------------------------------------------------------------------------------------------
  
  
Adding driver cells for primary IOs done.
Adding driver cell for primary IO roots...
Adding driver cell for primary IO roots done.
Maximizing clock DAG abstraction...
  Removing clock DAG drivers
Maximizing clock DAG abstraction done.
CCOpt::Phase::PreparingToBalance done. (took cpu=0:00:01.7 real=0:00:01.7)
Synthesizing clock trees...
  Preparing To Balance...
  Leaving CCOpt scope - Cleaning up placement interface...
  Leaving CCOpt scope - Cleaning up placement interface done. (took cpu=0:00:00.0 real=0:00:00.0)
  Leaving CCOpt scope - Initializing placement interface...
  Leaving CCOpt scope - Initializing placement interface done. (took cpu=0:00:00.0 real=0:00:00.0)
  Merging duplicate siblings in DAG...
    Clock DAG stats before merging:
      cell counts      : b=0, i=0, icg=0, dcg=0, l=0, total=0
      sink counts      : regular=587, enable_latch=0, load_capacitance=0, antenna=0, node_sink=0, total=587
      misc counts      : r=1, pp=0
      cell areas       : b=0.000um^2, i=0.000um^2, icg=0.000um^2, dcg=0.000um^2, l=0.000um^2, total=0.000um^2
      hp wire lengths  : top=0.000um, trunk=0.000um, leaf=0.000um, total=0.000um
    Resynthesising clock tree into netlist...
      Reset timing graph...
Ignoring AAE DB Resetting ...
      Reset timing graph done.
    Resynthesising clock tree into netlist done.
    Merging duplicate clock dag driver clones in DAG...
    Merging duplicate clock dag driver clones in DAG done.
    
    Disconnecting clock tree from netlist...
    Disconnecting clock tree from netlist done.
  Merging duplicate siblings in DAG done.
  Applying movement limits...
  Applying movement limits done.
  Preparing To Balance done. (took cpu=0:00:00.1 real=0:00:00.1)
  CCOpt::Phase::Construction...
  Stage::Clustering...
  Clustering...
    Initialize for clustering...
    Clock DAG stats before clustering:
      cell counts      : b=0, i=0, icg=0, dcg=0, l=0, total=0
      sink counts      : regular=587, enable_latch=0, load_capacitance=0, antenna=0, node_sink=0, total=587
      misc counts      : r=1, pp=0
      cell areas       : b=0.000um^2, i=0.000um^2, icg=0.000um^2, dcg=0.000um^2, l=0.000um^2, total=0.000um^2
      hp wire lengths  : top=0.000um, trunk=0.000um, leaf=0.000um, total=0.000um
    Computing max distances from locked parents...
      Computing distance_from_locked_parent_restrictions for 0 nodes driven by 0 locked parents
    Computing max distances from locked parents done.
    Computing optimal clock node locations...
    : ...20% ...40% ...60% ...80% ...100% 
    Computing optimal clock node locations done. (took cpu=0:00:00.0 real=0:00:00.0)
    Initialize for clustering done. (took cpu=0:00:00.0 real=0:00:00.0)
    Bottom-up phase...
    Clustering bottom-up starting from leaves...
      Clustering clock_tree SYS_CLOCK...
          Clock tree timing engine global stage delay update for rctypical_slow:setup.late...
          Clock tree timing engine global stage delay update for rctypical_slow:setup.late done. (took cpu=0:00:00.0 real=0:00:00.0)
      Clustering clock_tree SYS_CLOCK done.
    Clustering bottom-up starting from leaves done.
    Rebuilding the clock tree after clustering...
    Rebuilding the clock tree after clustering done.
    Clock DAG stats after bottom-up phase:
      cell counts      : b=25, i=0, icg=0, dcg=0, l=0, total=25
      sink counts      : regular=587, enable_latch=0, load_capacitance=0, antenna=0, node_sink=0, total=587
      misc counts      : r=1, pp=0
      cell areas       : b=523.710um^2, i=0.000um^2, icg=0.000um^2, dcg=0.000um^2, l=0.000um^2, total=523.710um^2
      hp wire lengths  : top=0.000um, trunk=707.020um, leaf=2459.620um, total=3166.640um
    Clock DAG library cell distribution after bottom-up phase {count}:
       Bufs: CLKBUFX8: 25 
    Bottom-up phase done. (took cpu=0:00:00.7 real=0:00:00.7)
    Legalizing clock trees...
    Resynthesising clock tree into netlist...
      Reset timing graph...
Ignoring AAE DB Resetting ...
      Reset timing graph done.
    Resynthesising clock tree into netlist done.
    Commiting net attributes....
    Commiting net attributes. done.
    Leaving CCOpt scope - ClockRefiner...
    Performing a single pass refine place with checks partially disabled for clock sinks and datapath.
*** Starting refinePlace (0:00:51.9 mem=1722.0M) ***
Total net bbox length = 1.265e+05 (6.779e+04 5.873e+04) (ext = 1.462e+04)
Move report: Detail placement moves 144 insts, mean move: 2.41 um, max move: 9.20 um 
	Max move on inst (PC1/RF_reg[3][21]): (161.92, 241.96) --> (166.98, 237.82)
	Runtime: CPU: 0:00:00.4 REAL: 0:00:01.0 MEM: 1696.0MB
Summary Report:
Instances move: 144 (out of 3899 movable)
Instances flipped: 0
Mean displacement: 2.41 um
Max displacement: 9.20 um (Instance: PC1/RF_reg[3][21]) (161.92, 241.96) -> (166.98, 237.82)
	Length: 20 sites, height: 1 rows, site name: CoreSite, cell type: DFFRX1
Total net bbox length = 1.269e+05 (6.795e+04 5.892e+04) (ext = 1.462e+04)
Runtime: CPU: 0:00:00.4 REAL: 0:00:01.0 MEM: 1696.0MB
*** Finished refinePlace (0:00:52.3 mem=1696.0M) ***
    ClockRefiner summary
    All clock instances: Moved 46, flipped 12 and cell swapped 0 (out of a total of 612).
    The largest move was 9.2 um for PC1/RF_reg[3][21].
    Leaving CCOpt scope - ClockRefiner done. (took cpu=0:00:00.5 real=0:00:00.5)
    Disconnecting clock tree from netlist...
    Disconnecting clock tree from netlist done.
    Leaving CCOpt scope - Cleaning up placement interface...
    Leaving CCOpt scope - Cleaning up placement interface done. (took cpu=0:00:00.0 real=0:00:00.0)
    Leaving CCOpt scope - Initializing placement interface...
    Leaving CCOpt scope - Initializing placement interface done. (took cpu=0:00:00.0 real=0:00:00.0)
    Clock tree timing engine global stage delay update for rctypical_slow:setup.late...
    Clock tree timing engine global stage delay update for rctypical_slow:setup.late done. (took cpu=0:00:00.0 real=0:00:00.0)
    
    Clock tree legalization - Histogram:
    ====================================
    
    --------------------------------
    Movement (um)    Number of cells
    --------------------------------
    [6.9,6.9)               1
    --------------------------------
    
    
    Clock tree legalization - Top 10 Movements:
    ===========================================
    
    -------------------------------------------------------------------------------------------------------------------------------------------------------
    Movement (um)    Desired              Achieved             Node
                     location             location             
    -------------------------------------------------------------------------------------------------------------------------------------------------------
         6.9         (141.220,117.760)    (148.120,117.760)    CTS_ccl_a_buf_00025 (a lib_cell CLKBUFX8) at (148.120,117.760), in power domain auto-default
         0           (25.798,219.700)     (25.798,219.700)     CTS_ccl_a_buf_00007 (a lib_cell CLKBUFX8) at (23.460,217.120), in power domain auto-default
         0           (30.398,112.060)     (30.398,112.060)     CTS_ccl_a_buf_00005 (a lib_cell CLKBUFX8) at (28.060,109.480), in power domain auto-default
         0           (57.078,145.180)     (57.078,145.180)     CTS_ccl_a_buf_00004 (a lib_cell CLKBUFX8) at (54.740,142.600), in power domain auto-default
         0           (60.758,112.060)     (60.758,112.060)     CTS_ccl_a_buf_00001 (a lib_cell CLKBUFX8) at (58.420,109.480), in power domain auto-default
         0           (54.778,128.620)     (54.778,128.620)     CTS_ccl_a_buf_00012 (a lib_cell CLKBUFX8) at (52.440,126.040), in power domain auto-default
         0           (121.478,261.100)    (121.478,261.100)    CTS_ccl_a_buf_00014 (a lib_cell CLKBUFX8) at (119.140,258.520), in power domain auto-default
         0           (44.658,203.140)     (44.658,203.140)     CTS_ccl_a_buf_00010 (a lib_cell CLKBUFX8) at (42.320,200.560), in power domain auto-default
         0           (74.098,236.260)     (74.098,236.260)     CTS_ccl_a_buf_00009 (a lib_cell CLKBUFX8) at (71.760,233.680), in power domain auto-default
         0           (30.398,120.340)     (30.398,120.340)     CTS_ccl_a_buf_00024 (a lib_cell CLKBUFX8) at (28.060,117.760), in power domain auto-default
    -------------------------------------------------------------------------------------------------------------------------------------------------------
    
    Legalizing clock trees done. (took cpu=0:00:00.6 real=0:00:00.6)
    Clock DAG stats after 'Clustering':
      cell counts      : b=25, i=0, icg=0, dcg=0, l=0, total=25
      sink counts      : regular=587, enable_latch=0, load_capacitance=0, antenna=0, node_sink=0, total=587
      misc counts      : r=1, pp=0
      cell areas       : b=523.710um^2, i=0.000um^2, icg=0.000um^2, dcg=0.000um^2, l=0.000um^2, total=523.710um^2
      cell capacitance : b=0.145pF, i=0.000pF, icg=0.000pF, dcg=0.000pF, l=0.000pF, total=0.145pF
      sink capacitance : total=1.074pF, avg=0.002pF, sd=0.000pF, min=0.002pF, max=0.002pF
      wire capacitance : top=0.000pF, trunk=0.197pF, leaf=0.984pF, total=1.181pF
      wire lengths     : top=0.000um, trunk=1067.950um, leaf=4762.361um, total=5830.311um
      hp wire lengths  : top=0.000um, trunk=707.020um, leaf=2471.580um, total=3178.600um
    Clock DAG net violations after 'Clustering': none
    Clock DAG primary half-corner transition distribution after 'Clustering':
      Trunk : target=0.260ns count=3 avg=0.140ns sd=0.119ns min=0.003ns max=0.219ns {1 <= 0.156ns, 1 <= 0.208ns, 1 <= 0.234ns, 0 <= 0.247ns, 0 <= 0.260ns}
      Leaf  : target=0.150ns count=23 avg=0.133ns sd=0.012ns min=0.099ns max=0.147ns {0 <= 0.090ns, 3 <= 0.120ns, 7 <= 0.135ns, 11 <= 0.142ns, 2 <= 0.150ns}
    Clock DAG library cell distribution after 'Clustering' {count}:
       Bufs: CLKBUFX8: 25 
    Primary reporting skew groups after 'Clustering':
      skew_group SYS_CLOCK/func: insertion delay [min=0.503, max=0.563, avg=0.542, sd=0.015], skew [0.060 vs 0.223], 100% {0.503, 0.563} (wid=0.008 ws=0.005) (gid=0.556 gs=0.057)
    Skew group summary after 'Clustering':
      skew_group SYS_CLOCK/func: insertion delay [min=0.503, max=0.563, avg=0.542, sd=0.015], skew [0.060 vs 0.223], 100% {0.503, 0.563} (wid=0.008 ws=0.005) (gid=0.556 gs=0.057)
    Legalizer API calls during this step: 357 succeeded with high effort: 357 succeeded with medium effort: 0 succeeded with low effort: 0 succeeded with basic effort: 0 succeeded with basic unbounded effort: 0
  Clustering done. (took cpu=0:00:01.3 real=0:00:01.3)
  Looking for fanout violations...
  Looking for fanout violations done.
  CongRepair After Initial Clustering...
  Reset timing graph...
Ignoring AAE DB Resetting ...
  Reset timing graph done.
  Leaving CCOpt scope - Early Global Route...
  Clock implementation routing...
Net route status summary:
  Clock:        26 (unrouted=26, trialRouted=0, noStatus=0, routed=0, fixed=0, [crossesIlmBoundary=0, tooFewTerms=0, (crossesIlmBoundary AND tooFewTerms=0)])
  Non-clock:  4532 (unrouted=235, trialRouted=4297, noStatus=0, routed=0, fixed=0, [crossesIlmBoundary=0, tooFewTerms=235, (crossesIlmBoundary AND tooFewTerms=0)])
    Routing using eGR only...
      Early Global Route - eGR only step...
(ccopt eGR): There are 26 nets to be routed. 0 nets have skip routing designation.
(ccopt eGR): There are 26 nets for routing of which 26 have one or more fixed wires.
**WARN: (IMPPSP-1003):	Found use of 'setRouteMode -earlyGlobalMaxRouteLayer'. This will continue to work in this release; however, it is recommended to use 'setDesignMode -topRoutingLayer' instead.
(ccopt eGR): Start to route 26 all nets
**WARN: (IMPPSP-1003):	Found use of 'setRouteMode -earlyGlobalMaxRouteLayer'. This will continue to work in this release; however, it is recommended to use 'setDesignMode -topRoutingLayer' instead.
[NR-eGR] Track table information for default rule: 
[NR-eGR] met1 has single uniform track structure
[NR-eGR] met2 has single uniform track structure
[NR-eGR] met3 has single uniform track structure
[NR-eGR] met4 has single uniform track structure
[NR-eGR] met5 has single uniform track structure
[NR-eGR] Read 40 PG shapes
[NR-eGR] Read 0 clock shapes
[NR-eGR] Read 0 other shapes
[NR-eGR] #Routing Blockages  : 0
[NR-eGR] #Instance Blockages : 0
[NR-eGR] #PG Blockages       : 40
[NR-eGR] #Halo Blockages     : 0
[NR-eGR] #Boundary Blockages : 0
[NR-eGR] #Clock Blockages    : 0
[NR-eGR] #Other Blockages    : 0
[NR-eGR] Num Prerouted Nets = 0  Num Prerouted Wires = 0
[NR-eGR] Read 4323 nets ( ignored 4297 )
[NR-eGR] Connected 0 must-join pins/ports
[NR-eGR] There are 26 clock nets ( 26 with NDR ).
[NR-eGR] ============ Routing rule table ============
[NR-eGR] Rule id: 0  Nets: 26
[NR-eGR] ========================================
[NR-eGR] 
[NR-eGR] Layer group 1: route 26 net(s) in layer range [3, 4]
[NR-eGR] Early Global Route overflow of layer group 1: 0.00% H + 0.02% V. EstWL: 5.709060e+03um
[NR-eGR] Create a new net group with 6 nets and layer range [3, 5]
[NR-eGR] Layer group 2: route 6 net(s) in layer range [3, 5]
[NR-eGR] Early Global Route overflow of layer group 2: 0.00% H + 0.00% V. EstWL: 6.797880e+03um
[NR-eGR] Create a new net group with 6 nets and layer range [2, 5]
[NR-eGR] Layer group 3: route 6 net(s) in layer range [2, 5]
[NR-eGR] Early Global Route overflow of layer group 3: 0.00% H + 0.00% V. EstWL: 8.963100e+03um
[NR-eGR] Congestion Analysis By layer: (blocked Gcells are excluded) 
[NR-eGR]                        OverCon            
[NR-eGR]                         #Gcell     %Gcell
[NR-eGR]        Layer             (1-0)    OverCon
[NR-eGR] ----------------------------------------------
[NR-eGR]    met1 ( 1)         0( 0.00%)   ( 0.00%) 
[NR-eGR]    met2 ( 2)         0( 0.00%)   ( 0.00%) 
[NR-eGR]    met3 ( 3)         0( 0.00%)   ( 0.00%) 
[NR-eGR]    met4 ( 4)         0( 0.00%)   ( 0.00%) 
[NR-eGR]    met5 ( 5)         0( 0.00%)   ( 0.00%) 
[NR-eGR] ----------------------------------------------
[NR-eGR]        Total         0( 0.00%)   ( 0.00%) 
[NR-eGR] 
[NR-eGR] Overflow after Early Global Route 0.00% H + 0.00% V
[NR-eGR]               Length (um)   Vias 
[NR-eGR] ---------------------------------
[NR-eGR]  met1  (1H)             0  15026 
[NR-eGR]  met2  (2V)         65419  20680 
[NR-eGR]  met3  (3H)         73018   3781 
[NR-eGR]  met4  (4V)         17867   2571 
[NR-eGR]  met5  (5H)         11679      0 
[NR-eGR] ---------------------------------
[NR-eGR]        Total       167983  42058 
[NR-eGR] --------------------------------------------------------------------------
[NR-eGR] Total half perimeter of net bounding box: 126872um
[NR-eGR] Total length: 167983um, number of vias: 42058
[NR-eGR] --------------------------------------------------------------------------
[NR-eGR] Total eGR-routed clock nets wire length: 5939um, number of vias: 1690
[NR-eGR] --------------------------------------------------------------------------
[NR-eGR] Report for selected net(s) only.
[NR-eGR]               Length (um)  Vias 
[NR-eGR] --------------------------------
[NR-eGR]  met1  (1H)             0   637 
[NR-eGR]  met2  (2V)          1611   767 
[NR-eGR]  met3  (3H)          2773   252 
[NR-eGR]  met4  (4V)          1484    34 
[NR-eGR]  met5  (5H)            72     0 
[NR-eGR] --------------------------------
[NR-eGR]        Total         5939  1690 
[NR-eGR] --------------------------------------------------------------------------
[NR-eGR] Total half perimeter of net bounding box: 3337um
[NR-eGR] Total length: 5939um, number of vias: 1690
[NR-eGR] --------------------------------------------------------------------------
[NR-eGR] Total routed clock nets wire length: 5939um, number of vias: 1690
[NR-eGR] --------------------------------------------------------------------------
[NR-eGR] Finished Early Global Route kernel ( CPU: 0.27 sec, Real: 0.27 sec, Curr Mem: 1708.27 MB )
**WARN: (IMPPSP-1003):	Found use of 'setRouteMode -earlyGlobalMaxRouteLayer'. This will continue to work in this release; however, it is recommended to use 'setDesignMode -topRoutingLayer' instead.
**WARN: (IMPPSP-1003):	Found use of 'setRouteMode -earlyGlobalMinRouteLayer'. This will continue to work in this release; however, it is recommended to use 'setDesignMode -bottomRoutingLayer' instead.
**WARN: (IMPPSP-1003):	Found use of 'setRouteMode -earlyGlobalMaxRouteLayer'. This will continue to work in this release; however, it is recommended to use 'setDesignMode -topRoutingLayer' instead.
      Early Global Route - eGR only step done. (took cpu=0:00:00.4 real=0:00:00.4)
    Routing using eGR only done.
Net route status summary:
  Clock:        26 (unrouted=0, trialRouted=0, noStatus=0, routed=26, fixed=0, [crossesIlmBoundary=0, tooFewTerms=0, (crossesIlmBoundary AND tooFewTerms=0)])
  Non-clock:  4532 (unrouted=235, trialRouted=4297, noStatus=0, routed=0, fixed=0, [crossesIlmBoundary=0, tooFewTerms=235, (crossesIlmBoundary AND tooFewTerms=0)])

CCOPT: Done with clock implementation routing.

  Clock implementation routing done.
  CCOpt: Starting congestion repair using flow wrapper...
    Congestion Repair...
*** IncrReplace #1 [begin] (CTS #1 / ccopt_design #1) : totSession cpu/real = 0:00:53.1/0:00:53.7 (1.0), mem = 1708.3M
Info: Disable timing driven in postCTS congRepair.

Starting congRepair ...
[NR-eGR] Track table information for default rule: 
[NR-eGR] met1 has single uniform track structure
[NR-eGR] met2 has single uniform track structure
[NR-eGR] met3 has single uniform track structure
[NR-eGR] met4 has single uniform track structure
[NR-eGR] met5 has single uniform track structure
[NR-eGR] Read 2530 PG shapes
[NR-eGR] Read 0 clock shapes
[NR-eGR] Read 0 other shapes
[NR-eGR] #Routing Blockages  : 0
[NR-eGR] #Instance Blockages : 0
[NR-eGR] #PG Blockages       : 2530
[NR-eGR] #Halo Blockages     : 0
[NR-eGR] #Boundary Blockages : 0
[NR-eGR] #Clock Blockages    : 0
[NR-eGR] #Other Blockages    : 0
[NR-eGR] Num Prerouted Nets = 26  Num Prerouted Wires = 2189
[NR-eGR] Read 4323 nets ( ignored 26 )
[NR-eGR] ============ Routing rule table ============
[NR-eGR] Rule id: 1  Nets: 4297
[NR-eGR] ========================================
[NR-eGR] 
[NR-eGR] Layer group 1: route 4297 net(s) in layer range [2, 5]
[NR-eGR] Early Global Route overflow of layer group 1: 58.68% H + 0.38% V. EstWL: 1.515488e+05um
[NR-eGR] Congestion Analysis By layer: (blocked Gcells are excluded) 
[NR-eGR]                        OverCon           OverCon           OverCon           OverCon            
[NR-eGR]                         #Gcell            #Gcell            #Gcell            #Gcell     %Gcell
[NR-eGR]        Layer             (1-5)            (6-11)           (12-16)           (17-22)    OverCon
[NR-eGR] -------------------------------------------------------------------------------------------------
[NR-eGR]    met1 ( 1)         0( 0.00%)         0( 0.00%)         0( 0.00%)         0( 0.00%)   ( 0.00%) 
[NR-eGR]    met2 ( 2)        33( 0.56%)         0( 0.00%)         0( 0.00%)         0( 0.00%)   ( 0.56%) 
[NR-eGR]    met3 ( 3)      2057(34.69%)       764(12.88%)        63( 1.06%)         7( 0.12%)   (48.75%) 
[NR-eGR]    met4 ( 4)       178( 3.00%)         0( 0.00%)         0( 0.00%)         0( 0.00%)   ( 3.00%) 
[NR-eGR]    met5 ( 5)       324( 6.16%)         0( 0.00%)         0( 0.00%)         0( 0.00%)   ( 6.16%) 
[NR-eGR] -------------------------------------------------------------------------------------------------
[NR-eGR]        Total      2592(11.25%)       764( 3.32%)        63( 0.27%)         7( 0.03%)   (14.87%) 
[NR-eGR] 
[NR-eGR] Overflow after Early Global Route 44.31% H + 0.47% V
Early Global Route congestion estimation runtime: 0.27 seconds, mem = 1709.3M
Local HotSpot Analysis: normalized max congestion hotspot area = 276.00, normalized total congestion hotspot area = 276.00 (area is in unit of 4 std-cell row bins)

=== incrementalPlace Internal Loop 1 ===
Starting area based congRepair.
Area based congRepair is working on 100.0% of the design.
Local HotSpot Analysis in Working Area: normalized total congestion hotspot area = 325.00
Iteration  6: Total net bbox = 1.178e+05 (6.49e+04 5.29e+04)
              Est.  stn bbox = 1.603e+05 (8.11e+04 7.92e+04)
              cpu = 0:00:01.0 real = 0:00:01.0 mem = 1772.1M
Iteration  7: Total net bbox = 1.214e+05 (6.70e+04 5.44e+04)
              Est.  stn bbox = 1.644e+05 (8.35e+04 8.10e+04)
              cpu = 0:00:02.7 real = 0:00:03.0 mem = 1772.1M
Iteration  8: Total net bbox = 1.266e+05 (6.94e+04 5.71e+04)
              Est.  stn bbox = 1.701e+05 (8.61e+04 8.40e+04)
              cpu = 0:00:03.8 real = 0:00:04.0 mem = 1772.1M
Iteration  9: Total net bbox = 1.245e+05 (6.74e+04 5.71e+04)
              Est.  stn bbox = 1.663e+05 (8.27e+04 8.36e+04)
              cpu = 0:00:02.1 real = 0:00:02.0 mem = 1789.1M
Move report: Congestion Driven Placement moves 3874 insts, mean move: 14.03 um, max move: 69.00 um 
	Max move on inst (PC1/g45524__2346): (297.16, 34.96) --> (244.72, 51.51)

Finished Incremental Placement (cpu=0:00:10.3, real=0:00:11.0, mem=1773.1M)
*** Starting refinePlace (0:01:04 mem=1773.1M) ***
Total net bbox length = 1.289e+05 (6.994e+04 5.900e+04) (ext = 1.417e+04)
Move report: Detail placement moves 3874 insts, mean move: 1.07 um, max move: 11.97 um 
	Max move on inst (PC1/RF_reg[11][13]): (58.43, 295.79) --> (50.60, 299.92)
	Runtime: CPU: 0:00:00.7 REAL: 0:00:01.0 MEM: 1741.1MB
Summary Report:
Instances move: 3874 (out of 3874 movable)
Instances flipped: 0
Mean displacement: 1.07 um
Max displacement: 11.97 um (Instance: PC1/RF_reg[11][13]) (58.432, 295.785) -> (50.6, 299.92)
	Length: 18 sites, height: 1 rows, site name: CoreSite, cell type: DFFX1
Total net bbox length = 1.290e+05 (6.899e+04 6.006e+04) (ext = 1.419e+04)
Runtime: CPU: 0:00:00.7 REAL: 0:00:01.0 MEM: 1741.1MB
*** Finished refinePlace (0:01:04 mem=1741.1M) ***
[NR-eGR] Track table information for default rule: 
[NR-eGR] met1 has single uniform track structure
[NR-eGR] met2 has single uniform track structure
[NR-eGR] met3 has single uniform track structure
[NR-eGR] met4 has single uniform track structure
[NR-eGR] met5 has single uniform track structure
[NR-eGR] Read 2530 PG shapes
[NR-eGR] Read 0 clock shapes
[NR-eGR] Read 0 other shapes
[NR-eGR] #Routing Blockages  : 0
[NR-eGR] #Instance Blockages : 0
[NR-eGR] #PG Blockages       : 2530
[NR-eGR] #Halo Blockages     : 0
[NR-eGR] #Boundary Blockages : 0
[NR-eGR] #Clock Blockages    : 0
[NR-eGR] #Other Blockages    : 0
[NR-eGR] Num Prerouted Nets = 26  Num Prerouted Wires = 2189
[NR-eGR] Read 4323 nets ( ignored 26 )
[NR-eGR] ============ Routing rule table ============
[NR-eGR] Rule id: 1  Nets: 4297
[NR-eGR] ========================================
[NR-eGR] 
[NR-eGR] Layer group 1: route 4297 net(s) in layer range [2, 5]
[NR-eGR] WARN: Because design is too congested, more than 60% in one direction (H or V) and/or more than 90% adding the congestion on both directions (H + V), Early Global Route is reducing effort to solve congestion and avoiding a big runtime. Overflow: 61.21% H + 0.34% V. 
[NR-eGR] Early Global Route overflow of layer group 1: 61.21% H + 0.34% V. EstWL: 1.541902e+05um
[NR-eGR] Congestion Analysis By layer: (blocked Gcells are excluded) 
[NR-eGR]                        OverCon           OverCon           OverCon           OverCon            
[NR-eGR]                         #Gcell            #Gcell            #Gcell            #Gcell     %Gcell
[NR-eGR]        Layer             (1-4)             (5-8)            (9-12)           (13-17)    OverCon
[NR-eGR] -------------------------------------------------------------------------------------------------
[NR-eGR]    met1 ( 1)         0( 0.00%)         0( 0.00%)         0( 0.00%)         0( 0.00%)   ( 0.00%) 
[NR-eGR]    met2 ( 2)        27( 0.46%)         0( 0.00%)         0( 0.00%)         0( 0.00%)   ( 0.46%) 
[NR-eGR]    met3 ( 3)      1722(29.04%)       910(15.35%)       267( 4.50%)        37( 0.62%)   (49.51%) 
[NR-eGR]    met4 ( 4)       188( 3.17%)        10( 0.17%)         0( 0.00%)         0( 0.00%)   ( 3.34%) 
[NR-eGR]    met5 ( 5)       348( 6.62%)         0( 0.00%)         0( 0.00%)         0( 0.00%)   ( 6.62%) 
[NR-eGR] -------------------------------------------------------------------------------------------------
[NR-eGR]        Total      2285( 9.92%)       920( 3.99%)       267( 1.16%)        37( 0.16%)   (15.23%) 
[NR-eGR] 
[NR-eGR] Overflow after Early Global Route 44.71% H + 0.45% V
Early Global Route congestion estimation runtime: 0.16 seconds, mem = 1744.2M
Local HotSpot Analysis: normalized max congestion hotspot area = 286.00, normalized total congestion hotspot area = 286.00 (area is in unit of 4 std-cell row bins)
Local HotSpot Analysis in Working Area: normalized total congestion hotspot area = 324.00
[NR-eGR]               Length (um)   Vias 
[NR-eGR] ---------------------------------
[NR-eGR]  met1  (1H)             0  15026 
[NR-eGR]  met2  (2V)         66255  20667 
[NR-eGR]  met3  (3H)         74340   3848 
[NR-eGR]  met4  (4V)         18898   2656 
[NR-eGR]  met5  (5H)         11753      0 
[NR-eGR] ---------------------------------
[NR-eGR]        Total       171246  42197 
[NR-eGR] --------------------------------------------------------------------------
[NR-eGR] Total half perimeter of net bounding box: 129049um
[NR-eGR] Total length: 171246um, number of vias: 42197
[NR-eGR] --------------------------------------------------------------------------
[NR-eGR] Total eGR-routed clock nets wire length: 0um, number of vias: 0
[NR-eGR] --------------------------------------------------------------------------
Early Global Route wiring runtime: 0.20 seconds, mem = 1760.2M
Tdgp not successfully inited but do clear! skip clearing
End of congRepair (cpu=0:00:11.6, real=0:00:13.0)
*** IncrReplace #1 [finish] (CTS #1 / ccopt_design #1) : cpu/real = 0:00:11.7/0:00:12.6 (0.9), totSession cpu/real = 0:01:04.8/0:01:06.3 (1.0), mem = 1760.2M
    Congestion Repair done. (took cpu=0:00:11.7 real=0:00:12.7)
  CCOpt: Starting congestion repair using flow wrapper done.
  Leaving CCOpt scope - Early Global Route done. (took cpu=0:00:12.2 real=0:00:13.2)
  Leaving CCOpt scope - extractRC...
  Updating RC parasitics by calling: "extractRC -noRouteCheck"...
Extraction called for design 'RISC_V3' of instances=4331 and nets=4558 using extraction engine 'preRoute' .
PreRoute RC Extraction called for design RISC_V3.
RC Extraction called in multi-corner(1) mode.
RCMode: PreRoute
      RC Corner Indexes            0   
Capacitance Scaling Factor   : 1.00000 
Resistance Scaling Factor    : 1.00000 
Clock Cap. Scaling Factor    : 1.00000 
Clock Res. Scaling Factor    : 1.00000 
Shrink Factor                : 1.00000
PreRoute extraction is honoring NDR/Shielding/ExtraSpace for clock nets.
Using Quantus QRC technology file ...
Updating RC grid for preRoute extraction ...
Initializing multi-corner resistance tables ...
PreRoute RC Extraction DONE (CPU Time: 0:00:00.1  Real Time: 0:00:00.0  MEM: 1760.172M)
  Updating RC parasitics by calling: "extractRC -noRouteCheck" done.
  Leaving CCOpt scope - extractRC done. (took cpu=0:00:00.1 real=0:00:00.1)
  Clock tree timing engine global stage delay update for rctypical_slow:setup.late...
  Clock tree timing engine global stage delay update for rctypical_slow:setup.late done. (took cpu=0:00:00.0 real=0:00:00.0)
  Clock DAG stats after clustering cong repair call:
    cell counts      : b=25, i=0, icg=0, dcg=0, l=0, total=25
    sink counts      : regular=587, enable_latch=0, load_capacitance=0, antenna=0, node_sink=0, total=587
    misc counts      : r=1, pp=0
    cell areas       : b=523.710um^2, i=0.000um^2, icg=0.000um^2, dcg=0.000um^2, l=0.000um^2, total=523.710um^2
    cell capacitance : b=0.145pF, i=0.000pF, icg=0.000pF, dcg=0.000pF, l=0.000pF, total=0.145pF
    sink capacitance : total=1.074pF, avg=0.002pF, sd=0.000pF, min=0.002pF, max=0.002pF
    wire capacitance : top=0.000pF, trunk=0.197pF, leaf=0.927pF, total=1.123pF
    wire lengths     : top=0.000um, trunk=1067.950um, leaf=4477.176um, total=5545.126um
    hp wire lengths  : top=0.000um, trunk=707.020um, leaf=2130.260um, total=2837.280um
  Clock DAG net violations after clustering cong repair call: none
  Clock DAG primary half-corner transition distribution after clustering cong repair call:
    Trunk : target=0.260ns count=3 avg=0.140ns sd=0.119ns min=0.003ns max=0.220ns {1 <= 0.156ns, 1 <= 0.208ns, 1 <= 0.234ns, 0 <= 0.247ns, 0 <= 0.260ns}
    Leaf  : target=0.150ns count=23 avg=0.130ns sd=0.013ns min=0.094ns max=0.148ns {0 <= 0.090ns, 3 <= 0.120ns, 13 <= 0.135ns, 5 <= 0.142ns, 2 <= 0.150ns}
  Clock DAG library cell distribution after clustering cong repair call {count}:
     Bufs: CLKBUFX8: 25 
  Primary reporting skew groups after clustering cong repair call:
    skew_group SYS_CLOCK/func: insertion delay [min=0.499, max=0.565, avg=0.540, sd=0.016], skew [0.066 vs 0.223], 100% {0.499, 0.565} (wid=0.008 ws=0.005) (gid=0.558 gs=0.063)
  Skew group summary after clustering cong repair call:
    skew_group SYS_CLOCK/func: insertion delay [min=0.499, max=0.565, avg=0.540, sd=0.016], skew [0.066 vs 0.223], 100% {0.499, 0.565} (wid=0.008 ws=0.005) (gid=0.558 gs=0.063)
  CongRepair After Initial Clustering done. (took cpu=0:00:12.5 real=0:00:13.4)
  Stage::Clustering done. (took cpu=0:00:13.8 real=0:00:14.7)
  Stage::DRV Fixing...
  Fixing clock tree slew time and max cap violations...
    Fixing clock tree overload: ...20% ...40% ...60% ...80% ...100% 
    Clock DAG stats after 'Fixing clock tree slew time and max cap violations':
      cell counts      : b=25, i=0, icg=0, dcg=0, l=0, total=25
      sink counts      : regular=587, enable_latch=0, load_capacitance=0, antenna=0, node_sink=0, total=587
      misc counts      : r=1, pp=0
      cell areas       : b=523.710um^2, i=0.000um^2, icg=0.000um^2, dcg=0.000um^2, l=0.000um^2, total=523.710um^2
      cell capacitance : b=0.145pF, i=0.000pF, icg=0.000pF, dcg=0.000pF, l=0.000pF, total=0.145pF
      sink capacitance : total=1.074pF, avg=0.002pF, sd=0.000pF, min=0.002pF, max=0.002pF
      wire capacitance : top=0.000pF, trunk=0.197pF, leaf=0.927pF, total=1.123pF
      wire lengths     : top=0.000um, trunk=1067.950um, leaf=4477.176um, total=5545.126um
      hp wire lengths  : top=0.000um, trunk=707.020um, leaf=2130.260um, total=2837.280um
    Clock DAG net violations after 'Fixing clock tree slew time and max cap violations': none
    Clock DAG primary half-corner transition distribution after 'Fixing clock tree slew time and max cap violations':
      Trunk : target=0.260ns count=3 avg=0.140ns sd=0.119ns min=0.003ns max=0.220ns {1 <= 0.156ns, 1 <= 0.208ns, 1 <= 0.234ns, 0 <= 0.247ns, 0 <= 0.260ns}
      Leaf  : target=0.150ns count=23 avg=0.130ns sd=0.013ns min=0.094ns max=0.148ns {0 <= 0.090ns, 3 <= 0.120ns, 13 <= 0.135ns, 5 <= 0.142ns, 2 <= 0.150ns}
    Clock DAG library cell distribution after 'Fixing clock tree slew time and max cap violations' {count}:
       Bufs: CLKBUFX8: 25 
    Primary reporting skew groups after 'Fixing clock tree slew time and max cap violations':
      skew_group SYS_CLOCK/func: insertion delay [min=0.499, max=0.565], skew [0.066 vs 0.223]
    Skew group summary after 'Fixing clock tree slew time and max cap violations':
      skew_group SYS_CLOCK/func: insertion delay [min=0.499, max=0.565], skew [0.066 vs 0.223]
    Legalizer API calls during this step: 0 succeeded with high effort: 0 succeeded with medium effort: 0 succeeded with low effort: 0 succeeded with basic effort: 0 succeeded with basic unbounded effort: 0
  Fixing clock tree slew time and max cap violations done. (took cpu=0:00:00.0 real=0:00:00.0)
  Fixing clock tree slew time and max cap violations - detailed pass...
    Fixing clock tree overload: ...20% ...40% ...60% ...80% ...100% 
    Clock DAG stats after 'Fixing clock tree slew time and max cap violations - detailed pass':
      cell counts      : b=25, i=0, icg=0, dcg=0, l=0, total=25
      sink counts      : regular=587, enable_latch=0, load_capacitance=0, antenna=0, node_sink=0, total=587
      misc counts      : r=1, pp=0
      cell areas       : b=523.710um^2, i=0.000um^2, icg=0.000um^2, dcg=0.000um^2, l=0.000um^2, total=523.710um^2
      cell capacitance : b=0.145pF, i=0.000pF, icg=0.000pF, dcg=0.000pF, l=0.000pF, total=0.145pF
      sink capacitance : total=1.074pF, avg=0.002pF, sd=0.000pF, min=0.002pF, max=0.002pF
      wire capacitance : top=0.000pF, trunk=0.197pF, leaf=0.927pF, total=1.123pF
      wire lengths     : top=0.000um, trunk=1067.950um, leaf=4477.176um, total=5545.126um
      hp wire lengths  : top=0.000um, trunk=707.020um, leaf=2130.260um, total=2837.280um
    Clock DAG net violations after 'Fixing clock tree slew time and max cap violations - detailed pass': none
    Clock DAG primary half-corner transition distribution after 'Fixing clock tree slew time and max cap violations - detailed pass':
      Trunk : target=0.260ns count=3 avg=0.140ns sd=0.119ns min=0.003ns max=0.220ns {1 <= 0.156ns, 1 <= 0.208ns, 1 <= 0.234ns, 0 <= 0.247ns, 0 <= 0.260ns}
      Leaf  : target=0.150ns count=23 avg=0.130ns sd=0.013ns min=0.094ns max=0.148ns {0 <= 0.090ns, 3 <= 0.120ns, 13 <= 0.135ns, 5 <= 0.142ns, 2 <= 0.150ns}
    Clock DAG library cell distribution after 'Fixing clock tree slew time and max cap violations - detailed pass' {count}:
       Bufs: CLKBUFX8: 25 
    Primary reporting skew groups after 'Fixing clock tree slew time and max cap violations - detailed pass':
      skew_group SYS_CLOCK/func: insertion delay [min=0.499, max=0.565, avg=0.540, sd=0.016], skew [0.066 vs 0.223], 100% {0.499, 0.565} (wid=0.008 ws=0.005) (gid=0.558 gs=0.063)
    Skew group summary after 'Fixing clock tree slew time and max cap violations - detailed pass':
      skew_group SYS_CLOCK/func: insertion delay [min=0.499, max=0.565, avg=0.540, sd=0.016], skew [0.066 vs 0.223], 100% {0.499, 0.565} (wid=0.008 ws=0.005) (gid=0.558 gs=0.063)
    Legalizer API calls during this step: 0 succeeded with high effort: 0 succeeded with medium effort: 0 succeeded with low effort: 0 succeeded with basic effort: 0 succeeded with basic unbounded effort: 0
  Fixing clock tree slew time and max cap violations - detailed pass done. (took cpu=0:00:00.0 real=0:00:00.0)
  Stage::DRV Fixing done. (took cpu=0:00:00.1 real=0:00:00.1)
  Stage::Insertion Delay Reduction...
  Removing unnecessary root buffering...
    Clock DAG stats after 'Removing unnecessary root buffering':
      cell counts      : b=25, i=0, icg=0, dcg=0, l=0, total=25
      sink counts      : regular=587, enable_latch=0, load_capacitance=0, antenna=0, node_sink=0, total=587
      misc counts      : r=1, pp=0
      cell areas       : b=523.710um^2, i=0.000um^2, icg=0.000um^2, dcg=0.000um^2, l=0.000um^2, total=523.710um^2
      cell capacitance : b=0.145pF, i=0.000pF, icg=0.000pF, dcg=0.000pF, l=0.000pF, total=0.145pF
      sink capacitance : total=1.074pF, avg=0.002pF, sd=0.000pF, min=0.002pF, max=0.002pF
      wire capacitance : top=0.000pF, trunk=0.197pF, leaf=0.927pF, total=1.123pF
      wire lengths     : top=0.000um, trunk=1067.950um, leaf=4477.176um, total=5545.126um
      hp wire lengths  : top=0.000um, trunk=707.020um, leaf=2130.260um, total=2837.280um
    Clock DAG net violations after 'Removing unnecessary root buffering': none
    Clock DAG primary half-corner transition distribution after 'Removing unnecessary root buffering':
      Trunk : target=0.260ns count=3 avg=0.140ns sd=0.119ns min=0.003ns max=0.220ns {1 <= 0.156ns, 1 <= 0.208ns, 1 <= 0.234ns, 0 <= 0.247ns, 0 <= 0.260ns}
      Leaf  : target=0.150ns count=23 avg=0.130ns sd=0.013ns min=0.094ns max=0.148ns {0 <= 0.090ns, 3 <= 0.120ns, 13 <= 0.135ns, 5 <= 0.142ns, 2 <= 0.150ns}
    Clock DAG library cell distribution after 'Removing unnecessary root buffering' {count}:
       Bufs: CLKBUFX8: 25 
    Primary reporting skew groups after 'Removing unnecessary root buffering':
      skew_group SYS_CLOCK/func: insertion delay [min=0.499, max=0.565], skew [0.066 vs 0.223]
    Skew group summary after 'Removing unnecessary root buffering':
      skew_group SYS_CLOCK/func: insertion delay [min=0.499, max=0.565], skew [0.066 vs 0.223]
    Legalizer API calls during this step: 0 succeeded with high effort: 0 succeeded with medium effort: 0 succeeded with low effort: 0 succeeded with basic effort: 0 succeeded with basic unbounded effort: 0
  Removing unnecessary root buffering done. (took cpu=0:00:00.0 real=0:00:00.0)
  Removing unconstrained drivers...
    Clock DAG stats after 'Removing unconstrained drivers':
      cell counts      : b=25, i=0, icg=0, dcg=0, l=0, total=25
      sink counts      : regular=587, enable_latch=0, load_capacitance=0, antenna=0, node_sink=0, total=587
      misc counts      : r=1, pp=0
      cell areas       : b=523.710um^2, i=0.000um^2, icg=0.000um^2, dcg=0.000um^2, l=0.000um^2, total=523.710um^2
      cell capacitance : b=0.145pF, i=0.000pF, icg=0.000pF, dcg=0.000pF, l=0.000pF, total=0.145pF
      sink capacitance : total=1.074pF, avg=0.002pF, sd=0.000pF, min=0.002pF, max=0.002pF
      wire capacitance : top=0.000pF, trunk=0.197pF, leaf=0.927pF, total=1.123pF
      wire lengths     : top=0.000um, trunk=1067.950um, leaf=4477.176um, total=5545.126um
      hp wire lengths  : top=0.000um, trunk=707.020um, leaf=2130.260um, total=2837.280um
    Clock DAG net violations after 'Removing unconstrained drivers': none
    Clock DAG primary half-corner transition distribution after 'Removing unconstrained drivers':
      Trunk : target=0.260ns count=3 avg=0.140ns sd=0.119ns min=0.003ns max=0.220ns {1 <= 0.156ns, 1 <= 0.208ns, 1 <= 0.234ns, 0 <= 0.247ns, 0 <= 0.260ns}
      Leaf  : target=0.150ns count=23 avg=0.130ns sd=0.013ns min=0.094ns max=0.148ns {0 <= 0.090ns, 3 <= 0.120ns, 13 <= 0.135ns, 5 <= 0.142ns, 2 <= 0.150ns}
    Clock DAG library cell distribution after 'Removing unconstrained drivers' {count}:
       Bufs: CLKBUFX8: 25 
    Primary reporting skew groups after 'Removing unconstrained drivers':
      skew_group SYS_CLOCK/func: insertion delay [min=0.499, max=0.565], skew [0.066 vs 0.223]
    Skew group summary after 'Removing unconstrained drivers':
      skew_group SYS_CLOCK/func: insertion delay [min=0.499, max=0.565], skew [0.066 vs 0.223]
    Legalizer API calls during this step: 0 succeeded with high effort: 0 succeeded with medium effort: 0 succeeded with low effort: 0 succeeded with basic effort: 0 succeeded with basic unbounded effort: 0
  Removing unconstrained drivers done. (took cpu=0:00:00.0 real=0:00:00.0)
  Reducing insertion delay 1...
    Clock DAG stats after 'Reducing insertion delay 1':
      cell counts      : b=25, i=0, icg=0, dcg=0, l=0, total=25
      sink counts      : regular=587, enable_latch=0, load_capacitance=0, antenna=0, node_sink=0, total=587
      misc counts      : r=1, pp=0
      cell areas       : b=523.710um^2, i=0.000um^2, icg=0.000um^2, dcg=0.000um^2, l=0.000um^2, total=523.710um^2
      cell capacitance : b=0.145pF, i=0.000pF, icg=0.000pF, dcg=0.000pF, l=0.000pF, total=0.145pF
      sink capacitance : total=1.074pF, avg=0.002pF, sd=0.000pF, min=0.002pF, max=0.002pF
      wire capacitance : top=0.000pF, trunk=0.197pF, leaf=0.927pF, total=1.123pF
      wire lengths     : top=0.000um, trunk=1067.950um, leaf=4477.176um, total=5545.126um
      hp wire lengths  : top=0.000um, trunk=707.020um, leaf=2130.260um, total=2837.280um
    Clock DAG net violations after 'Reducing insertion delay 1': none
    Clock DAG primary half-corner transition distribution after 'Reducing insertion delay 1':
      Trunk : target=0.260ns count=3 avg=0.140ns sd=0.119ns min=0.003ns max=0.220ns {1 <= 0.156ns, 1 <= 0.208ns, 1 <= 0.234ns, 0 <= 0.247ns, 0 <= 0.260ns}
      Leaf  : target=0.150ns count=23 avg=0.130ns sd=0.013ns min=0.094ns max=0.148ns {0 <= 0.090ns, 3 <= 0.120ns, 13 <= 0.135ns, 5 <= 0.142ns, 2 <= 0.150ns}
    Clock DAG library cell distribution after 'Reducing insertion delay 1' {count}:
       Bufs: CLKBUFX8: 25 
    Primary reporting skew groups after 'Reducing insertion delay 1':
      skew_group SYS_CLOCK/func: insertion delay [min=0.499, max=0.565], skew [0.066 vs 0.223]
    Skew group summary after 'Reducing insertion delay 1':
      skew_group SYS_CLOCK/func: insertion delay [min=0.499, max=0.565], skew [0.066 vs 0.223]
    Legalizer API calls during this step: 3 succeeded with high effort: 3 succeeded with medium effort: 0 succeeded with low effort: 0 succeeded with basic effort: 0 succeeded with basic unbounded effort: 0
  Reducing insertion delay 1 done. (took cpu=0:00:00.0 real=0:00:00.0)
  Removing longest path buffering...
    Clock DAG stats after 'Removing longest path buffering':
      cell counts      : b=25, i=0, icg=0, dcg=0, l=0, total=25
      sink counts      : regular=587, enable_latch=0, load_capacitance=0, antenna=0, node_sink=0, total=587
      misc counts      : r=1, pp=0
      cell areas       : b=523.710um^2, i=0.000um^2, icg=0.000um^2, dcg=0.000um^2, l=0.000um^2, total=523.710um^2
      cell capacitance : b=0.145pF, i=0.000pF, icg=0.000pF, dcg=0.000pF, l=0.000pF, total=0.145pF
      sink capacitance : total=1.074pF, avg=0.002pF, sd=0.000pF, min=0.002pF, max=0.002pF
      wire capacitance : top=0.000pF, trunk=0.197pF, leaf=0.927pF, total=1.123pF
      wire lengths     : top=0.000um, trunk=1067.950um, leaf=4477.176um, total=5545.126um
      hp wire lengths  : top=0.000um, trunk=707.020um, leaf=2130.260um, total=2837.280um
    Clock DAG net violations after 'Removing longest path buffering': none
    Clock DAG primary half-corner transition distribution after 'Removing longest path buffering':
      Trunk : target=0.260ns count=3 avg=0.140ns sd=0.119ns min=0.003ns max=0.220ns {1 <= 0.156ns, 1 <= 0.208ns, 1 <= 0.234ns, 0 <= 0.247ns, 0 <= 0.260ns}
      Leaf  : target=0.150ns count=23 avg=0.130ns sd=0.013ns min=0.094ns max=0.148ns {0 <= 0.090ns, 3 <= 0.120ns, 13 <= 0.135ns, 5 <= 0.142ns, 2 <= 0.150ns}
    Clock DAG library cell distribution after 'Removing longest path buffering' {count}:
       Bufs: CLKBUFX8: 25 
    Primary reporting skew groups after 'Removing longest path buffering':
      skew_group SYS_CLOCK/func: insertion delay [min=0.499, max=0.565], skew [0.066 vs 0.223]
    Skew group summary after 'Removing longest path buffering':
      skew_group SYS_CLOCK/func: insertion delay [min=0.499, max=0.565], skew [0.066 vs 0.223]
    Legalizer API calls during this step: 0 succeeded with high effort: 0 succeeded with medium effort: 0 succeeded with low effort: 0 succeeded with basic effort: 0 succeeded with basic unbounded effort: 0
  Removing longest path buffering done. (took cpu=0:00:00.0 real=0:00:00.0)
  Reducing insertion delay 2...
    Clock DAG stats after 'Reducing insertion delay 2':
      cell counts      : b=25, i=0, icg=0, dcg=0, l=0, total=25
      sink counts      : regular=587, enable_latch=0, load_capacitance=0, antenna=0, node_sink=0, total=587
      misc counts      : r=1, pp=0
      cell areas       : b=523.710um^2, i=0.000um^2, icg=0.000um^2, dcg=0.000um^2, l=0.000um^2, total=523.710um^2
      cell capacitance : b=0.145pF, i=0.000pF, icg=0.000pF, dcg=0.000pF, l=0.000pF, total=0.145pF
      sink capacitance : total=1.074pF, avg=0.002pF, sd=0.000pF, min=0.002pF, max=0.002pF
      wire capacitance : top=0.000pF, trunk=0.187pF, leaf=0.928pF, total=1.116pF
      wire lengths     : top=0.000um, trunk=1052.771um, leaf=4483.156um, total=5535.927um
      hp wire lengths  : top=0.000um, trunk=712.080um, leaf=2128.420um, total=2840.500um
    Clock DAG net violations after 'Reducing insertion delay 2': none
    Clock DAG primary half-corner transition distribution after 'Reducing insertion delay 2':
      Trunk : target=0.260ns count=3 avg=0.136ns sd=0.115ns min=0.003ns max=0.208ns {1 <= 0.156ns, 2 <= 0.208ns, 0 <= 0.234ns, 0 <= 0.247ns, 0 <= 0.260ns}
      Leaf  : target=0.150ns count=23 avg=0.130ns sd=0.013ns min=0.094ns max=0.150ns {0 <= 0.090ns, 3 <= 0.120ns, 13 <= 0.135ns, 5 <= 0.142ns, 2 <= 0.150ns}
    Clock DAG library cell distribution after 'Reducing insertion delay 2' {count}:
       Bufs: CLKBUFX8: 25 
    Primary reporting skew groups after 'Reducing insertion delay 2':
      skew_group SYS_CLOCK/func: insertion delay [min=0.499, max=0.553, avg=0.533, sd=0.011], skew [0.054 vs 0.223], 100% {0.499, 0.553} (wid=0.006 ws=0.003) (gid=0.548 gs=0.052)
    Skew group summary after 'Reducing insertion delay 2':
      skew_group SYS_CLOCK/func: insertion delay [min=0.499, max=0.553, avg=0.533, sd=0.011], skew [0.054 vs 0.223], 100% {0.499, 0.553} (wid=0.006 ws=0.003) (gid=0.548 gs=0.052)
    Legalizer API calls during this step: 92 succeeded with high effort: 92 succeeded with medium effort: 0 succeeded with low effort: 0 succeeded with basic effort: 0 succeeded with basic unbounded effort: 0
  Reducing insertion delay 2 done. (took cpu=0:00:00.7 real=0:00:00.7)
  Stage::Insertion Delay Reduction done. (took cpu=0:00:00.8 real=0:00:00.8)
  CCOpt::Phase::Construction done. (took cpu=0:00:14.7 real=0:00:15.6)
  CCOpt::Phase::Implementation...
  Stage::Reducing Power...
  Improving clock tree routing...
    Iteration 1...
    Iteration 1 done.
    Clock DAG stats after 'Improving clock tree routing':
      cell counts      : b=25, i=0, icg=0, dcg=0, l=0, total=25
      sink counts      : regular=587, enable_latch=0, load_capacitance=0, antenna=0, node_sink=0, total=587
      misc counts      : r=1, pp=0
      cell areas       : b=523.710um^2, i=0.000um^2, icg=0.000um^2, dcg=0.000um^2, l=0.000um^2, total=523.710um^2
      cell capacitance : b=0.145pF, i=0.000pF, icg=0.000pF, dcg=0.000pF, l=0.000pF, total=0.145pF
      sink capacitance : total=1.074pF, avg=0.002pF, sd=0.000pF, min=0.002pF, max=0.002pF
      wire capacitance : top=0.000pF, trunk=0.187pF, leaf=0.928pF, total=1.116pF
      wire lengths     : top=0.000um, trunk=1052.771um, leaf=4483.156um, total=5535.927um
      hp wire lengths  : top=0.000um, trunk=712.080um, leaf=2128.420um, total=2840.500um
    Clock DAG net violations after 'Improving clock tree routing': none
    Clock DAG primary half-corner transition distribution after 'Improving clock tree routing':
      Trunk : target=0.260ns count=3 avg=0.136ns sd=0.115ns min=0.003ns max=0.208ns {1 <= 0.156ns, 2 <= 0.208ns, 0 <= 0.234ns, 0 <= 0.247ns, 0 <= 0.260ns}
      Leaf  : target=0.150ns count=23 avg=0.130ns sd=0.013ns min=0.094ns max=0.150ns {0 <= 0.090ns, 3 <= 0.120ns, 13 <= 0.135ns, 5 <= 0.142ns, 2 <= 0.150ns}
    Clock DAG library cell distribution after 'Improving clock tree routing' {count}:
       Bufs: CLKBUFX8: 25 
    Primary reporting skew groups after 'Improving clock tree routing':
      skew_group SYS_CLOCK/func: insertion delay [min=0.499, max=0.553], skew [0.054 vs 0.223]
    Skew group summary after 'Improving clock tree routing':
      skew_group SYS_CLOCK/func: insertion delay [min=0.499, max=0.553], skew [0.054 vs 0.223]
    Legalizer API calls during this step: 12 succeeded with high effort: 12 succeeded with medium effort: 0 succeeded with low effort: 0 succeeded with basic effort: 0 succeeded with basic unbounded effort: 0
  Improving clock tree routing done. (took cpu=0:00:00.0 real=0:00:00.0)
  Reducing clock tree power 1...
    Resizing gates:     ...20% ...40% ...60% ...80% ...Legalizing clock trees...
    Legalizing clock trees done. (took cpu=0:00:00.0 real=0:00:00.0)
    100% 
    Clock DAG stats after 'Reducing clock tree power 1':
      cell counts      : b=25, i=0, icg=0, dcg=0, l=0, total=25
      sink counts      : regular=587, enable_latch=0, load_capacitance=0, antenna=0, node_sink=0, total=587
      misc counts      : r=1, pp=0
      cell areas       : b=523.710um^2, i=0.000um^2, icg=0.000um^2, dcg=0.000um^2, l=0.000um^2, total=523.710um^2
      cell capacitance : b=0.145pF, i=0.000pF, icg=0.000pF, dcg=0.000pF, l=0.000pF, total=0.145pF
      sink capacitance : total=1.074pF, avg=0.002pF, sd=0.000pF, min=0.002pF, max=0.002pF
      wire capacitance : top=0.000pF, trunk=0.187pF, leaf=0.928pF, total=1.116pF
      wire lengths     : top=0.000um, trunk=1052.771um, leaf=4483.156um, total=5535.927um
      hp wire lengths  : top=0.000um, trunk=712.080um, leaf=2128.420um, total=2840.500um
    Clock DAG net violations after 'Reducing clock tree power 1': none
    Clock DAG primary half-corner transition distribution after 'Reducing clock tree power 1':
      Trunk : target=0.260ns count=3 avg=0.136ns sd=0.115ns min=0.003ns max=0.208ns {1 <= 0.156ns, 2 <= 0.208ns, 0 <= 0.234ns, 0 <= 0.247ns, 0 <= 0.260ns}
      Leaf  : target=0.150ns count=23 avg=0.130ns sd=0.013ns min=0.094ns max=0.150ns {0 <= 0.090ns, 3 <= 0.120ns, 13 <= 0.135ns, 5 <= 0.142ns, 2 <= 0.150ns}
    Clock DAG library cell distribution after 'Reducing clock tree power 1' {count}:
       Bufs: CLKBUFX8: 25 
    Primary reporting skew groups after 'Reducing clock tree power 1':
      skew_group SYS_CLOCK/func: insertion delay [min=0.499, max=0.553], skew [0.054 vs 0.223]
    Skew group summary after 'Reducing clock tree power 1':
      skew_group SYS_CLOCK/func: insertion delay [min=0.499, max=0.553], skew [0.054 vs 0.223]
    Legalizer API calls during this step: 50 succeeded with high effort: 50 succeeded with medium effort: 0 succeeded with low effort: 0 succeeded with basic effort: 0 succeeded with basic unbounded effort: 0
  Reducing clock tree power 1 done. (took cpu=0:00:00.1 real=0:00:00.1)
  Reducing clock tree power 2...
    Clock DAG stats after 'Reducing clock tree power 2':
      cell counts      : b=25, i=0, icg=0, dcg=0, l=0, total=25
      sink counts      : regular=587, enable_latch=0, load_capacitance=0, antenna=0, node_sink=0, total=587
      misc counts      : r=1, pp=0
      cell areas       : b=523.710um^2, i=0.000um^2, icg=0.000um^2, dcg=0.000um^2, l=0.000um^2, total=523.710um^2
      cell capacitance : b=0.145pF, i=0.000pF, icg=0.000pF, dcg=0.000pF, l=0.000pF, total=0.145pF
      sink capacitance : total=1.074pF, avg=0.002pF, sd=0.000pF, min=0.002pF, max=0.002pF
      wire capacitance : top=0.000pF, trunk=0.187pF, leaf=0.928pF, total=1.116pF
      wire lengths     : top=0.000um, trunk=1052.771um, leaf=4483.156um, total=5535.927um
      hp wire lengths  : top=0.000um, trunk=712.080um, leaf=2128.420um, total=2840.500um
    Clock DAG net violations after 'Reducing clock tree power 2': none
    Clock DAG primary half-corner transition distribution after 'Reducing clock tree power 2':
      Trunk : target=0.260ns count=3 avg=0.136ns sd=0.115ns min=0.003ns max=0.208ns {1 <= 0.156ns, 2 <= 0.208ns, 0 <= 0.234ns, 0 <= 0.247ns, 0 <= 0.260ns}
      Leaf  : target=0.150ns count=23 avg=0.130ns sd=0.013ns min=0.094ns max=0.150ns {0 <= 0.090ns, 3 <= 0.120ns, 13 <= 0.135ns, 5 <= 0.142ns, 2 <= 0.150ns}
    Clock DAG library cell distribution after 'Reducing clock tree power 2' {count}:
       Bufs: CLKBUFX8: 25 
    Primary reporting skew groups after 'Reducing clock tree power 2':
      skew_group SYS_CLOCK/func: insertion delay [min=0.499, max=0.553, avg=0.533, sd=0.011], skew [0.054 vs 0.223], 100% {0.499, 0.553} (wid=0.006 ws=0.003) (gid=0.548 gs=0.052)
    Skew group summary after 'Reducing clock tree power 2':
      skew_group SYS_CLOCK/func: insertion delay [min=0.499, max=0.553, avg=0.533, sd=0.011], skew [0.054 vs 0.223], 100% {0.499, 0.553} (wid=0.006 ws=0.003) (gid=0.548 gs=0.052)
    Legalizer API calls during this step: 0 succeeded with high effort: 0 succeeded with medium effort: 0 succeeded with low effort: 0 succeeded with basic effort: 0 succeeded with basic unbounded effort: 0
  Reducing clock tree power 2 done. (took cpu=0:00:00.0 real=0:00:00.0)
  Stage::Reducing Power done. (took cpu=0:00:00.2 real=0:00:00.2)
  Stage::Balancing...
  Approximately balancing fragments step...
    Resolve constraints - Approximately balancing fragments...
    Resolving skew group constraints...
      Solving LP: 1 skew groups; 2 fragments, 2 fraglets and 3 vertices; 25 variables and 66 constraints; tolerance 1
    Resolving skew group constraints done.
    Resolve constraints - Approximately balancing fragments done. (took cpu=0:00:00.2 real=0:00:00.2)
    Estimate delay to be added in balancing - Approximately balancing fragments...
    Trial balancer estimated the amount of delay to be added in balancing: 0.000ns
    Estimate delay to be added in balancing - Approximately balancing fragments done. (took cpu=0:00:00.1 real=0:00:00.1)
    Approximately balancing fragments...
      Moving gates to improve sub-tree skew...
        Tried: 27 Succeeded: 0
        Topology Tried: 0 Succeeded: 0
        0 Succeeded with SS ratio
        0 Succeeded with Lollipop: 0 with tier one, 0 with tier two. 
        Total reducing skew: 0 Average reducing skew for 0 nets : 0
        Clock DAG stats after 'Moving gates to improve sub-tree skew':
          cell counts      : b=25, i=0, icg=0, dcg=0, l=0, total=25
          sink counts      : regular=587, enable_latch=0, load_capacitance=0, antenna=0, node_sink=0, total=587
          misc counts      : r=1, pp=0
          cell areas       : b=523.710um^2, i=0.000um^2, icg=0.000um^2, dcg=0.000um^2, l=0.000um^2, total=523.710um^2
          cell capacitance : b=0.145pF, i=0.000pF, icg=0.000pF, dcg=0.000pF, l=0.000pF, total=0.145pF
          sink capacitance : total=1.074pF, avg=0.002pF, sd=0.000pF, min=0.002pF, max=0.002pF
          wire capacitance : top=0.000pF, trunk=0.187pF, leaf=0.928pF, total=1.116pF
          wire lengths     : top=0.000um, trunk=1052.771um, leaf=4483.156um, total=5535.927um
          hp wire lengths  : top=0.000um, trunk=712.080um, leaf=2128.420um, total=2840.500um
        Clock DAG net violations after 'Moving gates to improve sub-tree skew': none
        Clock DAG primary half-corner transition distribution after 'Moving gates to improve sub-tree skew':
          Trunk : target=0.260ns count=3 avg=0.136ns sd=0.115ns min=0.003ns max=0.208ns {1 <= 0.156ns, 2 <= 0.208ns, 0 <= 0.234ns, 0 <= 0.247ns, 0 <= 0.260ns}
          Leaf  : target=0.150ns count=23 avg=0.130ns sd=0.013ns min=0.094ns max=0.150ns {0 <= 0.090ns, 3 <= 0.120ns, 13 <= 0.135ns, 5 <= 0.142ns, 2 <= 0.150ns}
        Clock DAG library cell distribution after 'Moving gates to improve sub-tree skew' {count}:
           Bufs: CLKBUFX8: 25 
        Legalizer API calls during this step: 0 succeeded with high effort: 0 succeeded with medium effort: 0 succeeded with low effort: 0 succeeded with basic effort: 0 succeeded with basic unbounded effort: 0
      Moving gates to improve sub-tree skew done. (took cpu=0:00:00.0 real=0:00:00.0)
      Approximately balancing fragments bottom up...
        bottom up balancing: ...20% ...40% ...60% ...80% ...100% 
        Clock DAG stats after 'Approximately balancing fragments bottom up':
          cell counts      : b=25, i=0, icg=0, dcg=0, l=0, total=25
          sink counts      : regular=587, enable_latch=0, load_capacitance=0, antenna=0, node_sink=0, total=587
          misc counts      : r=1, pp=0
          cell areas       : b=523.710um^2, i=0.000um^2, icg=0.000um^2, dcg=0.000um^2, l=0.000um^2, total=523.710um^2
          cell capacitance : b=0.145pF, i=0.000pF, icg=0.000pF, dcg=0.000pF, l=0.000pF, total=0.145pF
          sink capacitance : total=1.074pF, avg=0.002pF, sd=0.000pF, min=0.002pF, max=0.002pF
          wire capacitance : top=0.000pF, trunk=0.187pF, leaf=0.928pF, total=1.116pF
          wire lengths     : top=0.000um, trunk=1052.771um, leaf=4483.156um, total=5535.927um
          hp wire lengths  : top=0.000um, trunk=712.080um, leaf=2128.420um, total=2840.500um
        Clock DAG net violations after 'Approximately balancing fragments bottom up': none
        Clock DAG primary half-corner transition distribution after 'Approximately balancing fragments bottom up':
          Trunk : target=0.260ns count=3 avg=0.136ns sd=0.115ns min=0.003ns max=0.208ns {1 <= 0.156ns, 2 <= 0.208ns, 0 <= 0.234ns, 0 <= 0.247ns, 0 <= 0.260ns}
          Leaf  : target=0.150ns count=23 avg=0.130ns sd=0.013ns min=0.094ns max=0.150ns {0 <= 0.090ns, 3 <= 0.120ns, 13 <= 0.135ns, 5 <= 0.142ns, 2 <= 0.150ns}
        Clock DAG library cell distribution after 'Approximately balancing fragments bottom up' {count}:
           Bufs: CLKBUFX8: 25 
        Legalizer API calls during this step: 0 succeeded with high effort: 0 succeeded with medium effort: 0 succeeded with low effort: 0 succeeded with basic effort: 0 succeeded with basic unbounded effort: 0
      Approximately balancing fragments bottom up done. (took cpu=0:00:00.1 real=0:00:00.1)
      Approximately balancing fragments, wire and cell delays...
      Approximately balancing fragments, wire and cell delays, iteration 1...
        Clock DAG stats after Approximately balancing fragments, wire and cell delays, iteration 1:
          cell counts      : b=25, i=0, icg=0, dcg=0, l=0, total=25
          sink counts      : regular=587, enable_latch=0, load_capacitance=0, antenna=0, node_sink=0, total=587
          misc counts      : r=1, pp=0
          cell areas       : b=523.710um^2, i=0.000um^2, icg=0.000um^2, dcg=0.000um^2, l=0.000um^2, total=523.710um^2
          cell capacitance : b=0.145pF, i=0.000pF, icg=0.000pF, dcg=0.000pF, l=0.000pF, total=0.145pF
          sink capacitance : total=1.074pF, avg=0.002pF, sd=0.000pF, min=0.002pF, max=0.002pF
          wire capacitance : top=0.000pF, trunk=0.187pF, leaf=0.928pF, total=1.116pF
          wire lengths     : top=0.000um, trunk=1052.771um, leaf=4483.156um, total=5535.927um
          hp wire lengths  : top=0.000um, trunk=712.080um, leaf=2128.420um, total=2840.500um
        Clock DAG net violations after Approximately balancing fragments, wire and cell delays, iteration 1: none
        Clock DAG primary half-corner transition distribution after Approximately balancing fragments, wire and cell delays, iteration 1:
          Trunk : target=0.260ns count=3 avg=0.136ns sd=0.115ns min=0.003ns max=0.208ns {1 <= 0.156ns, 2 <= 0.208ns, 0 <= 0.234ns, 0 <= 0.247ns, 0 <= 0.260ns}
          Leaf  : target=0.150ns count=23 avg=0.130ns sd=0.013ns min=0.094ns max=0.150ns {0 <= 0.090ns, 3 <= 0.120ns, 13 <= 0.135ns, 5 <= 0.142ns, 2 <= 0.150ns}
        Clock DAG library cell distribution after Approximately balancing fragments, wire and cell delays, iteration 1 {count}:
           Bufs: CLKBUFX8: 25 
      Approximately balancing fragments, wire and cell delays, iteration 1 done.
      Approximately balancing fragments, wire and cell delays done. (took cpu=0:00:00.0 real=0:00:00.0)
    Approximately balancing fragments done.
    Clock DAG stats after 'Approximately balancing fragments step':
      cell counts      : b=25, i=0, icg=0, dcg=0, l=0, total=25
      sink counts      : regular=587, enable_latch=0, load_capacitance=0, antenna=0, node_sink=0, total=587
      misc counts      : r=1, pp=0
      cell areas       : b=523.710um^2, i=0.000um^2, icg=0.000um^2, dcg=0.000um^2, l=0.000um^2, total=523.710um^2
      cell capacitance : b=0.145pF, i=0.000pF, icg=0.000pF, dcg=0.000pF, l=0.000pF, total=0.145pF
      sink capacitance : total=1.074pF, avg=0.002pF, sd=0.000pF, min=0.002pF, max=0.002pF
      wire capacitance : top=0.000pF, trunk=0.187pF, leaf=0.928pF, total=1.116pF
      wire lengths     : top=0.000um, trunk=1052.771um, leaf=4483.156um, total=5535.927um
      hp wire lengths  : top=0.000um, trunk=712.080um, leaf=2128.420um, total=2840.500um
    Clock DAG net violations after 'Approximately balancing fragments step': none
    Clock DAG primary half-corner transition distribution after 'Approximately balancing fragments step':
      Trunk : target=0.260ns count=3 avg=0.136ns sd=0.115ns min=0.003ns max=0.208ns {1 <= 0.156ns, 2 <= 0.208ns, 0 <= 0.234ns, 0 <= 0.247ns, 0 <= 0.260ns}
      Leaf  : target=0.150ns count=23 avg=0.130ns sd=0.013ns min=0.094ns max=0.150ns {0 <= 0.090ns, 3 <= 0.120ns, 13 <= 0.135ns, 5 <= 0.142ns, 2 <= 0.150ns}
    Clock DAG library cell distribution after 'Approximately balancing fragments step' {count}:
       Bufs: CLKBUFX8: 25 
    Legalizer API calls during this step: 0 succeeded with high effort: 0 succeeded with medium effort: 0 succeeded with low effort: 0 succeeded with basic effort: 0 succeeded with basic unbounded effort: 0
  Approximately balancing fragments step done. (took cpu=0:00:00.4 real=0:00:00.4)
  Clock DAG stats after Approximately balancing fragments:
    cell counts      : b=25, i=0, icg=0, dcg=0, l=0, total=25
    sink counts      : regular=587, enable_latch=0, load_capacitance=0, antenna=0, node_sink=0, total=587
    misc counts      : r=1, pp=0
    cell areas       : b=523.710um^2, i=0.000um^2, icg=0.000um^2, dcg=0.000um^2, l=0.000um^2, total=523.710um^2
    cell capacitance : b=0.145pF, i=0.000pF, icg=0.000pF, dcg=0.000pF, l=0.000pF, total=0.145pF
    sink capacitance : total=1.074pF, avg=0.002pF, sd=0.000pF, min=0.002pF, max=0.002pF
    wire capacitance : top=0.000pF, trunk=0.187pF, leaf=0.928pF, total=1.116pF
    wire lengths     : top=0.000um, trunk=1052.771um, leaf=4483.156um, total=5535.927um
    hp wire lengths  : top=0.000um, trunk=712.080um, leaf=2128.420um, total=2840.500um
  Clock DAG net violations after Approximately balancing fragments: none
  Clock DAG primary half-corner transition distribution after Approximately balancing fragments:
    Trunk : target=0.260ns count=3 avg=0.136ns sd=0.115ns min=0.003ns max=0.208ns {1 <= 0.156ns, 2 <= 0.208ns, 0 <= 0.234ns, 0 <= 0.247ns, 0 <= 0.260ns}
    Leaf  : target=0.150ns count=23 avg=0.130ns sd=0.013ns min=0.094ns max=0.150ns {0 <= 0.090ns, 3 <= 0.120ns, 13 <= 0.135ns, 5 <= 0.142ns, 2 <= 0.150ns}
  Clock DAG library cell distribution after Approximately balancing fragments {count}:
     Bufs: CLKBUFX8: 25 
  Primary reporting skew groups after Approximately balancing fragments:
    skew_group SYS_CLOCK/func: insertion delay [min=0.499, max=0.553], skew [0.054 vs 0.223]
  Skew group summary after Approximately balancing fragments:
    skew_group SYS_CLOCK/func: insertion delay [min=0.499, max=0.553], skew [0.054 vs 0.223]
  Improving fragments clock skew...
    Clock DAG stats after 'Improving fragments clock skew':
      cell counts      : b=25, i=0, icg=0, dcg=0, l=0, total=25
      sink counts      : regular=587, enable_latch=0, load_capacitance=0, antenna=0, node_sink=0, total=587
      misc counts      : r=1, pp=0
      cell areas       : b=523.710um^2, i=0.000um^2, icg=0.000um^2, dcg=0.000um^2, l=0.000um^2, total=523.710um^2
      cell capacitance : b=0.145pF, i=0.000pF, icg=0.000pF, dcg=0.000pF, l=0.000pF, total=0.145pF
      sink capacitance : total=1.074pF, avg=0.002pF, sd=0.000pF, min=0.002pF, max=0.002pF
      wire capacitance : top=0.000pF, trunk=0.187pF, leaf=0.928pF, total=1.116pF
      wire lengths     : top=0.000um, trunk=1052.771um, leaf=4483.156um, total=5535.927um
      hp wire lengths  : top=0.000um, trunk=712.080um, leaf=2128.420um, total=2840.500um
    Clock DAG net violations after 'Improving fragments clock skew': none
    Clock DAG primary half-corner transition distribution after 'Improving fragments clock skew':
      Trunk : target=0.260ns count=3 avg=0.136ns sd=0.115ns min=0.003ns max=0.208ns {1 <= 0.156ns, 2 <= 0.208ns, 0 <= 0.234ns, 0 <= 0.247ns, 0 <= 0.260ns}
      Leaf  : target=0.150ns count=23 avg=0.130ns sd=0.013ns min=0.094ns max=0.150ns {0 <= 0.090ns, 3 <= 0.120ns, 13 <= 0.135ns, 5 <= 0.142ns, 2 <= 0.150ns}
    Clock DAG library cell distribution after 'Improving fragments clock skew' {count}:
       Bufs: CLKBUFX8: 25 
    Primary reporting skew groups after 'Improving fragments clock skew':
      skew_group SYS_CLOCK/func: insertion delay [min=0.499, max=0.553], skew [0.054 vs 0.223]
    Skew group summary after 'Improving fragments clock skew':
      skew_group SYS_CLOCK/func: insertion delay [min=0.499, max=0.553], skew [0.054 vs 0.223]
    Legalizer API calls during this step: 0 succeeded with high effort: 0 succeeded with medium effort: 0 succeeded with low effort: 0 succeeded with basic effort: 0 succeeded with basic unbounded effort: 0
  Improving fragments clock skew done. (took cpu=0:00:00.0 real=0:00:00.0)
  Approximately balancing step...
    Resolve constraints - Approximately balancing...
    Resolving skew group constraints...
      Solving LP: 1 skew groups; 2 fragments, 2 fraglets and 3 vertices; 25 variables and 66 constraints; tolerance 1
    Resolving skew group constraints done.
    Resolve constraints - Approximately balancing done. (took cpu=0:00:00.0 real=0:00:00.0)
    Approximately balancing...
      Approximately balancing, wire and cell delays...
      Approximately balancing, wire and cell delays, iteration 1...
        Clock DAG stats after Approximately balancing, wire and cell delays, iteration 1:
          cell counts      : b=25, i=0, icg=0, dcg=0, l=0, total=25
          sink counts      : regular=587, enable_latch=0, load_capacitance=0, antenna=0, node_sink=0, total=587
          misc counts      : r=1, pp=0
          cell areas       : b=523.710um^2, i=0.000um^2, icg=0.000um^2, dcg=0.000um^2, l=0.000um^2, total=523.710um^2
          cell capacitance : b=0.145pF, i=0.000pF, icg=0.000pF, dcg=0.000pF, l=0.000pF, total=0.145pF
          sink capacitance : total=1.074pF, avg=0.002pF, sd=0.000pF, min=0.002pF, max=0.002pF
          wire capacitance : top=0.000pF, trunk=0.187pF, leaf=0.928pF, total=1.116pF
          wire lengths     : top=0.000um, trunk=1052.771um, leaf=4483.156um, total=5535.927um
          hp wire lengths  : top=0.000um, trunk=712.080um, leaf=2128.420um, total=2840.500um
        Clock DAG net violations after Approximately balancing, wire and cell delays, iteration 1: none
        Clock DAG primary half-corner transition distribution after Approximately balancing, wire and cell delays, iteration 1:
          Trunk : target=0.260ns count=3 avg=0.136ns sd=0.115ns min=0.003ns max=0.208ns {1 <= 0.156ns, 2 <= 0.208ns, 0 <= 0.234ns, 0 <= 0.247ns, 0 <= 0.260ns}
          Leaf  : target=0.150ns count=23 avg=0.130ns sd=0.013ns min=0.094ns max=0.150ns {0 <= 0.090ns, 3 <= 0.120ns, 13 <= 0.135ns, 5 <= 0.142ns, 2 <= 0.150ns}
        Clock DAG library cell distribution after Approximately balancing, wire and cell delays, iteration 1 {count}:
           Bufs: CLKBUFX8: 25 
      Approximately balancing, wire and cell delays, iteration 1 done.
      Approximately balancing, wire and cell delays done. (took cpu=0:00:00.0 real=0:00:00.0)
    Approximately balancing done.
    Clock DAG stats after 'Approximately balancing step':
      cell counts      : b=25, i=0, icg=0, dcg=0, l=0, total=25
      sink counts      : regular=587, enable_latch=0, load_capacitance=0, antenna=0, node_sink=0, total=587
      misc counts      : r=1, pp=0
      cell areas       : b=523.710um^2, i=0.000um^2, icg=0.000um^2, dcg=0.000um^2, l=0.000um^2, total=523.710um^2
      cell capacitance : b=0.145pF, i=0.000pF, icg=0.000pF, dcg=0.000pF, l=0.000pF, total=0.145pF
      sink capacitance : total=1.074pF, avg=0.002pF, sd=0.000pF, min=0.002pF, max=0.002pF
      wire capacitance : top=0.000pF, trunk=0.187pF, leaf=0.928pF, total=1.116pF
      wire lengths     : top=0.000um, trunk=1052.771um, leaf=4483.156um, total=5535.927um
      hp wire lengths  : top=0.000um, trunk=712.080um, leaf=2128.420um, total=2840.500um
    Clock DAG net violations after 'Approximately balancing step': none
    Clock DAG primary half-corner transition distribution after 'Approximately balancing step':
      Trunk : target=0.260ns count=3 avg=0.136ns sd=0.115ns min=0.003ns max=0.208ns {1 <= 0.156ns, 2 <= 0.208ns, 0 <= 0.234ns, 0 <= 0.247ns, 0 <= 0.260ns}
      Leaf  : target=0.150ns count=23 avg=0.130ns sd=0.013ns min=0.094ns max=0.150ns {0 <= 0.090ns, 3 <= 0.120ns, 13 <= 0.135ns, 5 <= 0.142ns, 2 <= 0.150ns}
    Clock DAG library cell distribution after 'Approximately balancing step' {count}:
       Bufs: CLKBUFX8: 25 
    Primary reporting skew groups after 'Approximately balancing step':
      skew_group SYS_CLOCK/func: insertion delay [min=0.499, max=0.553], skew [0.054 vs 0.223]
    Skew group summary after 'Approximately balancing step':
      skew_group SYS_CLOCK/func: insertion delay [min=0.499, max=0.553], skew [0.054 vs 0.223]
    Legalizer API calls during this step: 0 succeeded with high effort: 0 succeeded with medium effort: 0 succeeded with low effort: 0 succeeded with basic effort: 0 succeeded with basic unbounded effort: 0
  Approximately balancing step done. (took cpu=0:00:00.1 real=0:00:00.1)
  Fixing clock tree overload...
    Fixing clock tree overload: ...20% ...40% ...60% ...80% ...100% 
    Clock DAG stats after 'Fixing clock tree overload':
      cell counts      : b=25, i=0, icg=0, dcg=0, l=0, total=25
      sink counts      : regular=587, enable_latch=0, load_capacitance=0, antenna=0, node_sink=0, total=587
      misc counts      : r=1, pp=0
      cell areas       : b=523.710um^2, i=0.000um^2, icg=0.000um^2, dcg=0.000um^2, l=0.000um^2, total=523.710um^2
      cell capacitance : b=0.145pF, i=0.000pF, icg=0.000pF, dcg=0.000pF, l=0.000pF, total=0.145pF
      sink capacitance : total=1.074pF, avg=0.002pF, sd=0.000pF, min=0.002pF, max=0.002pF
      wire capacitance : top=0.000pF, trunk=0.187pF, leaf=0.928pF, total=1.116pF
      wire lengths     : top=0.000um, trunk=1052.771um, leaf=4483.156um, total=5535.927um
      hp wire lengths  : top=0.000um, trunk=712.080um, leaf=2128.420um, total=2840.500um
    Clock DAG net violations after 'Fixing clock tree overload': none
    Clock DAG primary half-corner transition distribution after 'Fixing clock tree overload':
      Trunk : target=0.260ns count=3 avg=0.136ns sd=0.115ns min=0.003ns max=0.208ns {1 <= 0.156ns, 2 <= 0.208ns, 0 <= 0.234ns, 0 <= 0.247ns, 0 <= 0.260ns}
      Leaf  : target=0.150ns count=23 avg=0.130ns sd=0.013ns min=0.094ns max=0.150ns {0 <= 0.090ns, 3 <= 0.120ns, 13 <= 0.135ns, 5 <= 0.142ns, 2 <= 0.150ns}
    Clock DAG library cell distribution after 'Fixing clock tree overload' {count}:
       Bufs: CLKBUFX8: 25 
    Primary reporting skew groups after 'Fixing clock tree overload':
      skew_group SYS_CLOCK/func: insertion delay [min=0.499, max=0.553], skew [0.054 vs 0.223]
    Skew group summary after 'Fixing clock tree overload':
      skew_group SYS_CLOCK/func: insertion delay [min=0.499, max=0.553], skew [0.054 vs 0.223]
    Legalizer API calls during this step: 0 succeeded with high effort: 0 succeeded with medium effort: 0 succeeded with low effort: 0 succeeded with basic effort: 0 succeeded with basic unbounded effort: 0
  Fixing clock tree overload done. (took cpu=0:00:00.0 real=0:00:00.0)
  Approximately balancing paths...
    Added 0 buffers.
    Clock DAG stats after 'Approximately balancing paths':
      cell counts      : b=25, i=0, icg=0, dcg=0, l=0, total=25
      sink counts      : regular=587, enable_latch=0, load_capacitance=0, antenna=0, node_sink=0, total=587
      misc counts      : r=1, pp=0
      cell areas       : b=523.710um^2, i=0.000um^2, icg=0.000um^2, dcg=0.000um^2, l=0.000um^2, total=523.710um^2
      cell capacitance : b=0.145pF, i=0.000pF, icg=0.000pF, dcg=0.000pF, l=0.000pF, total=0.145pF
      sink capacitance : total=1.074pF, avg=0.002pF, sd=0.000pF, min=0.002pF, max=0.002pF
      wire capacitance : top=0.000pF, trunk=0.187pF, leaf=0.928pF, total=1.116pF
      wire lengths     : top=0.000um, trunk=1052.771um, leaf=4483.156um, total=5535.927um
      hp wire lengths  : top=0.000um, trunk=712.080um, leaf=2128.420um, total=2840.500um
    Clock DAG net violations after 'Approximately balancing paths': none
    Clock DAG primary half-corner transition distribution after 'Approximately balancing paths':
      Trunk : target=0.260ns count=3 avg=0.136ns sd=0.115ns min=0.003ns max=0.208ns {1 <= 0.156ns, 2 <= 0.208ns, 0 <= 0.234ns, 0 <= 0.247ns, 0 <= 0.260ns}
      Leaf  : target=0.150ns count=23 avg=0.130ns sd=0.013ns min=0.094ns max=0.150ns {0 <= 0.090ns, 3 <= 0.120ns, 13 <= 0.135ns, 5 <= 0.142ns, 2 <= 0.150ns}
    Clock DAG library cell distribution after 'Approximately balancing paths' {count}:
       Bufs: CLKBUFX8: 25 
    Primary reporting skew groups after 'Approximately balancing paths':
      skew_group SYS_CLOCK/func: insertion delay [min=0.499, max=0.553, avg=0.533, sd=0.011], skew [0.054 vs 0.223], 100% {0.499, 0.553} (wid=0.006 ws=0.003) (gid=0.548 gs=0.052)
    Skew group summary after 'Approximately balancing paths':
      skew_group SYS_CLOCK/func: insertion delay [min=0.499, max=0.553, avg=0.533, sd=0.011], skew [0.054 vs 0.223], 100% {0.499, 0.553} (wid=0.006 ws=0.003) (gid=0.548 gs=0.052)
    Legalizer API calls during this step: 0 succeeded with high effort: 0 succeeded with medium effort: 0 succeeded with low effort: 0 succeeded with basic effort: 0 succeeded with basic unbounded effort: 0
  Approximately balancing paths done. (took cpu=0:00:00.0 real=0:00:00.0)
  Stage::Balancing done. (took cpu=0:00:00.6 real=0:00:00.6)
  Stage::Polishing...
  Clock tree timing engine global stage delay update for rctypical_slow:setup.late...
  Clock tree timing engine global stage delay update for rctypical_slow:setup.late done. (took cpu=0:00:00.0 real=0:00:00.0)
  Clock DAG stats before polishing:
    cell counts      : b=25, i=0, icg=0, dcg=0, l=0, total=25
    sink counts      : regular=587, enable_latch=0, load_capacitance=0, antenna=0, node_sink=0, total=587
    misc counts      : r=1, pp=0
    cell areas       : b=523.710um^2, i=0.000um^2, icg=0.000um^2, dcg=0.000um^2, l=0.000um^2, total=523.710um^2
    cell capacitance : b=0.145pF, i=0.000pF, icg=0.000pF, dcg=0.000pF, l=0.000pF, total=0.145pF
    sink capacitance : total=1.074pF, avg=0.002pF, sd=0.000pF, min=0.002pF, max=0.002pF
    wire capacitance : top=0.000pF, trunk=0.187pF, leaf=0.928pF, total=1.116pF
    wire lengths     : top=0.000um, trunk=1052.771um, leaf=4483.156um, total=5535.927um
    hp wire lengths  : top=0.000um, trunk=712.080um, leaf=2128.420um, total=2840.500um
  Clock DAG net violations before polishing: none
  Clock DAG primary half-corner transition distribution before polishing:
    Trunk : target=0.260ns count=3 avg=0.136ns sd=0.115ns min=0.003ns max=0.208ns {1 <= 0.156ns, 2 <= 0.208ns, 0 <= 0.234ns, 0 <= 0.247ns, 0 <= 0.260ns}
    Leaf  : target=0.150ns count=23 avg=0.130ns sd=0.013ns min=0.094ns max=0.150ns {0 <= 0.090ns, 3 <= 0.120ns, 13 <= 0.135ns, 5 <= 0.142ns, 2 <= 0.150ns}
  Clock DAG library cell distribution before polishing {count}:
     Bufs: CLKBUFX8: 25 
  Primary reporting skew groups before polishing:
    skew_group SYS_CLOCK/func: insertion delay [min=0.498, max=0.552], skew [0.054 vs 0.223]
  Skew group summary before polishing:
    skew_group SYS_CLOCK/func: insertion delay [min=0.498, max=0.552], skew [0.054 vs 0.223]
  Merging balancing drivers for power...
    Tried: 27 Succeeded: 0
    Clock DAG stats after 'Merging balancing drivers for power':
      cell counts      : b=25, i=0, icg=0, dcg=0, l=0, total=25
      sink counts      : regular=587, enable_latch=0, load_capacitance=0, antenna=0, node_sink=0, total=587
      misc counts      : r=1, pp=0
      cell areas       : b=523.710um^2, i=0.000um^2, icg=0.000um^2, dcg=0.000um^2, l=0.000um^2, total=523.710um^2
      cell capacitance : b=0.145pF, i=0.000pF, icg=0.000pF, dcg=0.000pF, l=0.000pF, total=0.145pF
      sink capacitance : total=1.074pF, avg=0.002pF, sd=0.000pF, min=0.002pF, max=0.002pF
      wire capacitance : top=0.000pF, trunk=0.187pF, leaf=0.928pF, total=1.116pF
      wire lengths     : top=0.000um, trunk=1052.771um, leaf=4483.156um, total=5535.927um
      hp wire lengths  : top=0.000um, trunk=712.080um, leaf=2128.420um, total=2840.500um
    Clock DAG net violations after 'Merging balancing drivers for power': none
    Clock DAG primary half-corner transition distribution after 'Merging balancing drivers for power':
      Trunk : target=0.260ns count=3 avg=0.136ns sd=0.115ns min=0.003ns max=0.208ns {1 <= 0.156ns, 2 <= 0.208ns, 0 <= 0.234ns, 0 <= 0.247ns, 0 <= 0.260ns}
      Leaf  : target=0.150ns count=23 avg=0.130ns sd=0.013ns min=0.094ns max=0.150ns {0 <= 0.090ns, 3 <= 0.120ns, 13 <= 0.135ns, 5 <= 0.142ns, 2 <= 0.150ns}
    Clock DAG library cell distribution after 'Merging balancing drivers for power' {count}:
       Bufs: CLKBUFX8: 25 
    Primary reporting skew groups after 'Merging balancing drivers for power':
      skew_group SYS_CLOCK/func: insertion delay [min=0.498, max=0.552], skew [0.054 vs 0.223]
    Skew group summary after 'Merging balancing drivers for power':
      skew_group SYS_CLOCK/func: insertion delay [min=0.498, max=0.552], skew [0.054 vs 0.223]
    Legalizer API calls during this step: 0 succeeded with high effort: 0 succeeded with medium effort: 0 succeeded with low effort: 0 succeeded with basic effort: 0 succeeded with basic unbounded effort: 0
  Merging balancing drivers for power done. (took cpu=0:00:00.0 real=0:00:00.0)
  Improving clock skew...
    Clock DAG stats after 'Improving clock skew':
      cell counts      : b=25, i=0, icg=0, dcg=0, l=0, total=25
      sink counts      : regular=587, enable_latch=0, load_capacitance=0, antenna=0, node_sink=0, total=587
      misc counts      : r=1, pp=0
      cell areas       : b=523.710um^2, i=0.000um^2, icg=0.000um^2, dcg=0.000um^2, l=0.000um^2, total=523.710um^2
      cell capacitance : b=0.145pF, i=0.000pF, icg=0.000pF, dcg=0.000pF, l=0.000pF, total=0.145pF
      sink capacitance : total=1.074pF, avg=0.002pF, sd=0.000pF, min=0.002pF, max=0.002pF
      wire capacitance : top=0.000pF, trunk=0.187pF, leaf=0.928pF, total=1.116pF
      wire lengths     : top=0.000um, trunk=1052.771um, leaf=4483.156um, total=5535.927um
      hp wire lengths  : top=0.000um, trunk=712.080um, leaf=2128.420um, total=2840.500um
    Clock DAG net violations after 'Improving clock skew': none
    Clock DAG primary half-corner transition distribution after 'Improving clock skew':
      Trunk : target=0.260ns count=3 avg=0.136ns sd=0.115ns min=0.003ns max=0.208ns {1 <= 0.156ns, 2 <= 0.208ns, 0 <= 0.234ns, 0 <= 0.247ns, 0 <= 0.260ns}
      Leaf  : target=0.150ns count=23 avg=0.130ns sd=0.013ns min=0.094ns max=0.150ns {0 <= 0.090ns, 3 <= 0.120ns, 13 <= 0.135ns, 5 <= 0.142ns, 2 <= 0.150ns}
    Clock DAG library cell distribution after 'Improving clock skew' {count}:
       Bufs: CLKBUFX8: 25 
    Primary reporting skew groups after 'Improving clock skew':
      skew_group SYS_CLOCK/func: insertion delay [min=0.498, max=0.552, avg=0.532, sd=0.011], skew [0.054 vs 0.223], 100% {0.498, 0.552} (wid=0.006 ws=0.003) (gid=0.546 gs=0.052)
    Skew group summary after 'Improving clock skew':
      skew_group SYS_CLOCK/func: insertion delay [min=0.498, max=0.552, avg=0.532, sd=0.011], skew [0.054 vs 0.223], 100% {0.498, 0.552} (wid=0.006 ws=0.003) (gid=0.546 gs=0.052)
    Legalizer API calls during this step: 0 succeeded with high effort: 0 succeeded with medium effort: 0 succeeded with low effort: 0 succeeded with basic effort: 0 succeeded with basic unbounded effort: 0
  Improving clock skew done. (took cpu=0:00:00.0 real=0:00:00.0)
  Moving gates to reduce wire capacitance...
    Modified slew target multipliers. Leaf=(1 to 0.9) Trunk=(1 to 0.95) Top=(1 to 0.95)
    Iteration 1...
      Artificially removing short and long paths...
        Legalizer API calls during this step: 0 succeeded with high effort: 0 succeeded with medium effort: 0 succeeded with low effort: 0 succeeded with basic effort: 0 succeeded with basic unbounded effort: 0
      Artificially removing short and long paths done. (took cpu=0:00:00.0 real=0:00:00.0)
      Moving gates to reduce wire capacitance - iteration 1: WireCapReduction...
        Legalizing clock trees...
        Legalizing clock trees done. (took cpu=0:00:00.0 real=0:00:00.0)
        Legalizer API calls during this step: 151 succeeded with high effort: 151 succeeded with medium effort: 0 succeeded with low effort: 0 succeeded with basic effort: 0 succeeded with basic unbounded effort: 0
      Moving gates to reduce wire capacitance - iteration 1: WireCapReduction done. (took cpu=0:00:00.5 real=0:00:00.5)
      Moving gates to reduce wire capacitance - iteration 1: MoveGates...
        Moving gates:         ...20% ...40% ...60% ...80% ...Legalizing clock trees...
        Legalizing clock trees done. (took cpu=0:00:00.0 real=0:00:00.0)
        100% 
        Legalizer API calls during this step: 350 succeeded with high effort: 350 succeeded with medium effort: 0 succeeded with low effort: 0 succeeded with basic effort: 0 succeeded with basic unbounded effort: 0
      Moving gates to reduce wire capacitance - iteration 1: MoveGates done. (took cpu=0:00:01.5 real=0:00:01.5)
    Iteration 1 done.
    Iteration 2...
      Artificially removing short and long paths...
        Legalizer API calls during this step: 0 succeeded with high effort: 0 succeeded with medium effort: 0 succeeded with low effort: 0 succeeded with basic effort: 0 succeeded with basic unbounded effort: 0
      Artificially removing short and long paths done. (took cpu=0:00:00.0 real=0:00:00.0)
      Moving gates to reduce wire capacitance - iteration 2: WireCapReduction...
        Legalizing clock trees...
        Legalizing clock trees done. (took cpu=0:00:00.0 real=0:00:00.0)
        Legalizer API calls during this step: 147 succeeded with high effort: 147 succeeded with medium effort: 0 succeeded with low effort: 0 succeeded with basic effort: 0 succeeded with basic unbounded effort: 0
      Moving gates to reduce wire capacitance - iteration 2: WireCapReduction done. (took cpu=0:00:00.2 real=0:00:00.2)
      Moving gates to reduce wire capacitance - iteration 2: MoveGates...
        Moving gates:         ...20% ...40% ...60% ...80% ...Legalizing clock trees...
        Legalizing clock trees done. (took cpu=0:00:00.0 real=0:00:00.0)
        100% 
        Legalizer API calls during this step: 350 succeeded with high effort: 350 succeeded with medium effort: 0 succeeded with low effort: 0 succeeded with basic effort: 0 succeeded with basic unbounded effort: 0
      Moving gates to reduce wire capacitance - iteration 2: MoveGates done. (took cpu=0:00:01.1 real=0:00:01.1)
    Iteration 2 done.
    Reverted slew target multipliers. Leaf=(0.9 to 1) Trunk=(0.95 to 1) Top=(0.95 to 1)
    Clock DAG stats after 'Moving gates to reduce wire capacitance':
      cell counts      : b=25, i=0, icg=0, dcg=0, l=0, total=25
      sink counts      : regular=587, enable_latch=0, load_capacitance=0, antenna=0, node_sink=0, total=587
      misc counts      : r=1, pp=0
      cell areas       : b=523.710um^2, i=0.000um^2, icg=0.000um^2, dcg=0.000um^2, l=0.000um^2, total=523.710um^2
      cell capacitance : b=0.145pF, i=0.000pF, icg=0.000pF, dcg=0.000pF, l=0.000pF, total=0.145pF
      sink capacitance : total=1.074pF, avg=0.002pF, sd=0.000pF, min=0.002pF, max=0.002pF
      wire capacitance : top=0.000pF, trunk=0.162pF, leaf=0.903pF, total=1.065pF
      wire lengths     : top=0.000um, trunk=903.730um, leaf=4400.813um, total=5304.543um
      hp wire lengths  : top=0.000um, trunk=691.840um, leaf=2150.040um, total=2841.880um
    Clock DAG net violations after 'Moving gates to reduce wire capacitance': none
    Clock DAG primary half-corner transition distribution after 'Moving gates to reduce wire capacitance':
      Trunk : target=0.260ns count=3 avg=0.129ns sd=0.110ns min=0.003ns max=0.201ns {1 <= 0.156ns, 2 <= 0.208ns, 0 <= 0.234ns, 0 <= 0.247ns, 0 <= 0.260ns}
      Leaf  : target=0.150ns count=23 avg=0.128ns sd=0.013ns min=0.094ns max=0.147ns {0 <= 0.090ns, 3 <= 0.120ns, 14 <= 0.135ns, 4 <= 0.142ns, 2 <= 0.150ns}
    Clock DAG library cell distribution after 'Moving gates to reduce wire capacitance' {count}:
       Bufs: CLKBUFX8: 25 
    Primary reporting skew groups after 'Moving gates to reduce wire capacitance':
      skew_group SYS_CLOCK/func: insertion delay [min=0.494, max=0.537, avg=0.518, sd=0.012], skew [0.043 vs 0.223], 100% {0.494, 0.537} (wid=0.007 ws=0.004) (gid=0.532 gs=0.041)
    Skew group summary after 'Moving gates to reduce wire capacitance':
      skew_group SYS_CLOCK/func: insertion delay [min=0.494, max=0.537, avg=0.518, sd=0.012], skew [0.043 vs 0.223], 100% {0.494, 0.537} (wid=0.007 ws=0.004) (gid=0.532 gs=0.041)
    Legalizer API calls during this step: 998 succeeded with high effort: 998 succeeded with medium effort: 0 succeeded with low effort: 0 succeeded with basic effort: 0 succeeded with basic unbounded effort: 0
  Moving gates to reduce wire capacitance done. (took cpu=0:00:03.4 real=0:00:03.4)
  Reducing clock tree power 3...
    Artificially removing short and long paths...
      Legalizer API calls during this step: 0 succeeded with high effort: 0 succeeded with medium effort: 0 succeeded with low effort: 0 succeeded with basic effort: 0 succeeded with basic unbounded effort: 0
    Artificially removing short and long paths done. (took cpu=0:00:00.0 real=0:00:00.0)
    Initial gate capacitance is (rise=1.219pF fall=1.182pF).
    Resizing gates:     ...20% ...40% ...60% ...80% ...Legalizing clock trees...
    Legalizing clock trees done. (took cpu=0:00:00.0 real=0:00:00.0)
    100% 
    Clock DAG stats after 'Reducing clock tree power 3':
      cell counts      : b=25, i=0, icg=0, dcg=0, l=0, total=25
      sink counts      : regular=587, enable_latch=0, load_capacitance=0, antenna=0, node_sink=0, total=587
      misc counts      : r=1, pp=0
      cell areas       : b=523.710um^2, i=0.000um^2, icg=0.000um^2, dcg=0.000um^2, l=0.000um^2, total=523.710um^2
      cell capacitance : b=0.145pF, i=0.000pF, icg=0.000pF, dcg=0.000pF, l=0.000pF, total=0.145pF
      sink capacitance : total=1.074pF, avg=0.002pF, sd=0.000pF, min=0.002pF, max=0.002pF
      wire capacitance : top=0.000pF, trunk=0.162pF, leaf=0.903pF, total=1.065pF
      wire lengths     : top=0.000um, trunk=903.730um, leaf=4400.813um, total=5304.543um
      hp wire lengths  : top=0.000um, trunk=691.840um, leaf=2150.040um, total=2841.880um
    Clock DAG net violations after 'Reducing clock tree power 3': none
    Clock DAG primary half-corner transition distribution after 'Reducing clock tree power 3':
      Trunk : target=0.260ns count=3 avg=0.129ns sd=0.110ns min=0.003ns max=0.201ns {1 <= 0.156ns, 2 <= 0.208ns, 0 <= 0.234ns, 0 <= 0.247ns, 0 <= 0.260ns}
      Leaf  : target=0.150ns count=23 avg=0.128ns sd=0.013ns min=0.094ns max=0.147ns {0 <= 0.090ns, 3 <= 0.120ns, 14 <= 0.135ns, 4 <= 0.142ns, 2 <= 0.150ns}
    Clock DAG library cell distribution after 'Reducing clock tree power 3' {count}:
       Bufs: CLKBUFX8: 25 
    Primary reporting skew groups after 'Reducing clock tree power 3':
      skew_group SYS_CLOCK/func: insertion delay [min=0.494, max=0.537, avg=0.518, sd=0.012], skew [0.043 vs 0.223], 100% {0.494, 0.537} (wid=0.007 ws=0.004) (gid=0.532 gs=0.041)
    Skew group summary after 'Reducing clock tree power 3':
      skew_group SYS_CLOCK/func: insertion delay [min=0.494, max=0.537, avg=0.518, sd=0.012], skew [0.043 vs 0.223], 100% {0.494, 0.537} (wid=0.007 ws=0.004) (gid=0.532 gs=0.041)
    Legalizer API calls during this step: 50 succeeded with high effort: 50 succeeded with medium effort: 0 succeeded with low effort: 0 succeeded with basic effort: 0 succeeded with basic unbounded effort: 0
  Reducing clock tree power 3 done. (took cpu=0:00:00.1 real=0:00:00.1)
  Improving insertion delay...
    Clock DAG stats after 'Improving insertion delay':
      cell counts      : b=25, i=0, icg=0, dcg=0, l=0, total=25
      sink counts      : regular=587, enable_latch=0, load_capacitance=0, antenna=0, node_sink=0, total=587
      misc counts      : r=1, pp=0
      cell areas       : b=523.710um^2, i=0.000um^2, icg=0.000um^2, dcg=0.000um^2, l=0.000um^2, total=523.710um^2
      cell capacitance : b=0.145pF, i=0.000pF, icg=0.000pF, dcg=0.000pF, l=0.000pF, total=0.145pF
      sink capacitance : total=1.074pF, avg=0.002pF, sd=0.000pF, min=0.002pF, max=0.002pF
      wire capacitance : top=0.000pF, trunk=0.162pF, leaf=0.903pF, total=1.065pF
      wire lengths     : top=0.000um, trunk=903.730um, leaf=4400.813um, total=5304.543um
      hp wire lengths  : top=0.000um, trunk=691.840um, leaf=2150.040um, total=2841.880um
    Clock DAG net violations after 'Improving insertion delay': none
    Clock DAG primary half-corner transition distribution after 'Improving insertion delay':
      Trunk : target=0.260ns count=3 avg=0.129ns sd=0.110ns min=0.003ns max=0.201ns {1 <= 0.156ns, 2 <= 0.208ns, 0 <= 0.234ns, 0 <= 0.247ns, 0 <= 0.260ns}
      Leaf  : target=0.150ns count=23 avg=0.128ns sd=0.013ns min=0.094ns max=0.147ns {0 <= 0.090ns, 3 <= 0.120ns, 14 <= 0.135ns, 4 <= 0.142ns, 2 <= 0.150ns}
    Clock DAG library cell distribution after 'Improving insertion delay' {count}:
       Bufs: CLKBUFX8: 25 
    Primary reporting skew groups after 'Improving insertion delay':
      skew_group SYS_CLOCK/func: insertion delay [min=0.494, max=0.537, avg=0.518, sd=0.012], skew [0.043 vs 0.223], 100% {0.494, 0.537} (wid=0.007 ws=0.004) (gid=0.532 gs=0.041)
    Skew group summary after 'Improving insertion delay':
      skew_group SYS_CLOCK/func: insertion delay [min=0.494, max=0.537, avg=0.518, sd=0.012], skew [0.043 vs 0.223], 100% {0.494, 0.537} (wid=0.007 ws=0.004) (gid=0.532 gs=0.041)
    Legalizer API calls during this step: 0 succeeded with high effort: 0 succeeded with medium effort: 0 succeeded with low effort: 0 succeeded with basic effort: 0 succeeded with basic unbounded effort: 0
  Improving insertion delay done. (took cpu=0:00:00.0 real=0:00:00.0)
  Wire Opt OverFix...
    Wire Reduction extra effort...
      Modified slew target multipliers. Leaf=(1 to 0.95) Trunk=(1 to 1) Top=(1 to 1)
      Artificially removing short and long paths...
        Legalizer API calls during this step: 0 succeeded with high effort: 0 succeeded with medium effort: 0 succeeded with low effort: 0 succeeded with basic effort: 0 succeeded with basic unbounded effort: 0
      Artificially removing short and long paths done. (took cpu=0:00:00.0 real=0:00:00.0)
      Global shorten wires A0...
        Legalizer API calls during this step: 12 succeeded with high effort: 12 succeeded with medium effort: 0 succeeded with low effort: 0 succeeded with basic effort: 0 succeeded with basic unbounded effort: 0
      Global shorten wires A0 done. (took cpu=0:00:00.0 real=0:00:00.0)
      Move For Wirelength - core...
        Move for wirelength. considered=26, filtered=26, permitted=25, cannotCompute=1, computed=24, moveTooSmall=27, resolved=0, predictFail=3, currentlyIllegal=0, legalizationFail=0, legalizedMoveTooSmall=10, ignoredLeafDriver=0, worse=75, accepted=4
        Max accepted move=34.960um, total accepted move=98.440um, average move=24.610um
        Move for wirelength. considered=26, filtered=26, permitted=25, cannotCompute=1, computed=24, moveTooSmall=28, resolved=0, predictFail=7, currentlyIllegal=0, legalizationFail=0, legalizedMoveTooSmall=11, ignoredLeafDriver=0, worse=80, accepted=2
        Max accepted move=14.260um, total accepted move=19.320um, average move=9.660um
        Move for wirelength. considered=26, filtered=26, permitted=25, cannotCompute=1, computed=24, moveTooSmall=28, resolved=0, predictFail=5, currentlyIllegal=0, legalizationFail=0, legalizedMoveTooSmall=13, ignoredLeafDriver=0, worse=84, accepted=0
        Max accepted move=0.000um, total accepted move=0.000um
        Legalizer API calls during this step: 294 succeeded with high effort: 294 succeeded with medium effort: 0 succeeded with low effort: 0 succeeded with basic effort: 0 succeeded with basic unbounded effort: 0
      Move For Wirelength - core done. (took cpu=0:00:00.6 real=0:00:00.6)
      Global shorten wires A1...
        Legalizer API calls during this step: 12 succeeded with high effort: 12 succeeded with medium effort: 0 succeeded with low effort: 0 succeeded with basic effort: 0 succeeded with basic unbounded effort: 0
      Global shorten wires A1 done. (took cpu=0:00:00.0 real=0:00:00.0)
      Move For Wirelength - core...
        Move for wirelength. considered=26, filtered=26, permitted=25, cannotCompute=20, computed=5, moveTooSmall=42, resolved=0, predictFail=0, currentlyIllegal=0, legalizationFail=0, legalizedMoveTooSmall=3, ignoredLeafDriver=0, worse=3, accepted=0
        Max accepted move=0.000um, total accepted move=0.000um
        Legalizer API calls during this step: 6 succeeded with high effort: 6 succeeded with medium effort: 0 succeeded with low effort: 0 succeeded with basic effort: 0 succeeded with basic unbounded effort: 0
      Move For Wirelength - core done. (took cpu=0:00:00.0 real=0:00:00.0)
      Global shorten wires B...
        Legalizer API calls during this step: 108 succeeded with high effort: 108 succeeded with medium effort: 0 succeeded with low effort: 0 succeeded with basic effort: 0 succeeded with basic unbounded effort: 0
      Global shorten wires B done. (took cpu=0:00:00.1 real=0:00:00.1)
      Move For Wirelength - branch...
        Move for wirelength. considered=26, filtered=26, permitted=25, cannotCompute=0, computed=25, moveTooSmall=0, resolved=0, predictFail=0, currentlyIllegal=0, legalizationFail=0, legalizedMoveTooSmall=0, ignoredLeafDriver=0, worse=25, accepted=2
        Max accepted move=3.220um, total accepted move=3.680um, average move=1.840um
        Move for wirelength. considered=26, filtered=26, permitted=25, cannotCompute=23, computed=2, moveTooSmall=0, resolved=0, predictFail=37, currentlyIllegal=0, legalizationFail=0, legalizedMoveTooSmall=0, ignoredLeafDriver=0, worse=2, accepted=0
        Max accepted move=0.000um, total accepted move=0.000um
        Legalizer API calls during this step: 29 succeeded with high effort: 29 succeeded with medium effort: 0 succeeded with low effort: 0 succeeded with basic effort: 0 succeeded with basic unbounded effort: 0
      Move For Wirelength - branch done. (took cpu=0:00:00.1 real=0:00:00.1)
      Reverted slew target multipliers. Leaf=(0.95 to 1) Trunk=(1 to 1) Top=(1 to 1)
      Clock DAG stats after 'Wire Reduction extra effort':
        cell counts      : b=25, i=0, icg=0, dcg=0, l=0, total=25
        sink counts      : regular=587, enable_latch=0, load_capacitance=0, antenna=0, node_sink=0, total=587
        misc counts      : r=1, pp=0
        cell areas       : b=523.710um^2, i=0.000um^2, icg=0.000um^2, dcg=0.000um^2, l=0.000um^2, total=523.710um^2
        cell capacitance : b=0.145pF, i=0.000pF, icg=0.000pF, dcg=0.000pF, l=0.000pF, total=0.145pF
        sink capacitance : total=1.074pF, avg=0.002pF, sd=0.000pF, min=0.002pF, max=0.002pF
        wire capacitance : top=0.000pF, trunk=0.154pF, leaf=0.905pF, total=1.059pF
        wire lengths     : top=0.000um, trunk=852.210um, leaf=4411.853um, total=5264.063um
        hp wire lengths  : top=0.000um, trunk=649.980um, leaf=2162.920um, total=2812.900um
      Clock DAG net violations after 'Wire Reduction extra effort': none
      Clock DAG primary half-corner transition distribution after 'Wire Reduction extra effort':
        Trunk : target=0.260ns count=3 avg=0.125ns sd=0.106ns min=0.003ns max=0.192ns {1 <= 0.156ns, 2 <= 0.208ns, 0 <= 0.234ns, 0 <= 0.247ns, 0 <= 0.260ns}
        Leaf  : target=0.150ns count=23 avg=0.128ns sd=0.013ns min=0.095ns max=0.147ns {0 <= 0.090ns, 3 <= 0.120ns, 13 <= 0.135ns, 5 <= 0.142ns, 2 <= 0.150ns}
      Clock DAG library cell distribution after 'Wire Reduction extra effort' {count}:
         Bufs: CLKBUFX8: 25 
      Primary reporting skew groups after 'Wire Reduction extra effort':
        skew_group SYS_CLOCK/func: insertion delay [min=0.488, max=0.528, avg=0.511, sd=0.011], skew [0.040 vs 0.223], 100% {0.488, 0.528} (wid=0.007 ws=0.004) (gid=0.524 gs=0.039)
      Skew group summary after 'Wire Reduction extra effort':
        skew_group SYS_CLOCK/func: insertion delay [min=0.488, max=0.528, avg=0.511, sd=0.011], skew [0.040 vs 0.223], 100% {0.488, 0.528} (wid=0.007 ws=0.004) (gid=0.524 gs=0.039)
      Legalizer API calls during this step: 461 succeeded with high effort: 461 succeeded with medium effort: 0 succeeded with low effort: 0 succeeded with basic effort: 0 succeeded with basic unbounded effort: 0
    Wire Reduction extra effort done. (took cpu=0:00:00.8 real=0:00:00.8)
    Optimizing orientation...
    FlipOpt...
    Disconnecting clock tree from netlist...
    Disconnecting clock tree from netlist done.
    Performing Single Threaded FlipOpt
    Optimizing orientation on clock cells...
      Orientation Wirelength Optimization: Attempted = 27 , Succeeded = 2 , Constraints Broken = 23 , CannotMove = 2 , Illegal = 0 , Other = 0
    Optimizing orientation on clock cells done.
    Resynthesising clock tree into netlist...
      Reset timing graph...
Ignoring AAE DB Resetting ...
      Reset timing graph done.
    Resynthesising clock tree into netlist done.
    FlipOpt done. (took cpu=0:00:00.1 real=0:00:00.1)
    Optimizing orientation done. (took cpu=0:00:00.1 real=0:00:00.1)
    Clock DAG stats after 'Wire Opt OverFix':
      cell counts      : b=25, i=0, icg=0, dcg=0, l=0, total=25
      sink counts      : regular=587, enable_latch=0, load_capacitance=0, antenna=0, node_sink=0, total=587
      misc counts      : r=1, pp=0
      cell areas       : b=523.710um^2, i=0.000um^2, icg=0.000um^2, dcg=0.000um^2, l=0.000um^2, total=523.710um^2
      cell capacitance : b=0.145pF, i=0.000pF, icg=0.000pF, dcg=0.000pF, l=0.000pF, total=0.145pF
      sink capacitance : total=1.074pF, avg=0.002pF, sd=0.000pF, min=0.002pF, max=0.002pF
      wire capacitance : top=0.000pF, trunk=0.154pF, leaf=0.904pF, total=1.059pF
      wire lengths     : top=0.000um, trunk=850.830um, leaf=4410.933um, total=5261.763um
      hp wire lengths  : top=0.000um, trunk=649.980um, leaf=2162.920um, total=2812.900um
    Clock DAG net violations after 'Wire Opt OverFix': none
    Clock DAG primary half-corner transition distribution after 'Wire Opt OverFix':
      Trunk : target=0.260ns count=3 avg=0.125ns sd=0.106ns min=0.003ns max=0.192ns {1 <= 0.156ns, 2 <= 0.208ns, 0 <= 0.234ns, 0 <= 0.247ns, 0 <= 0.260ns}
      Leaf  : target=0.150ns count=23 avg=0.128ns sd=0.013ns min=0.095ns max=0.147ns {0 <= 0.090ns, 3 <= 0.120ns, 13 <= 0.135ns, 5 <= 0.142ns, 2 <= 0.150ns}
    Clock DAG library cell distribution after 'Wire Opt OverFix' {count}:
       Bufs: CLKBUFX8: 25 
    Primary reporting skew groups after 'Wire Opt OverFix':
      skew_group SYS_CLOCK/func: insertion delay [min=0.488, max=0.528, avg=0.511, sd=0.011], skew [0.040 vs 0.223], 100% {0.488, 0.528} (wid=0.007 ws=0.004) (gid=0.524 gs=0.039)
    Skew group summary after 'Wire Opt OverFix':
      skew_group SYS_CLOCK/func: insertion delay [min=0.488, max=0.528, avg=0.511, sd=0.011], skew [0.040 vs 0.223], 100% {0.488, 0.528} (wid=0.007 ws=0.004) (gid=0.524 gs=0.039)
    Legalizer API calls during this step: 461 succeeded with high effort: 461 succeeded with medium effort: 0 succeeded with low effort: 0 succeeded with basic effort: 0 succeeded with basic unbounded effort: 0
  Wire Opt OverFix done. (took cpu=0:00:01.0 real=0:00:01.0)
  Total capacitance is (rise=2.278pF fall=2.241pF), of which (rise=1.059pF fall=1.059pF) is wire, and (rise=1.219pF fall=1.182pF) is gate.
  Stage::Polishing done. (took cpu=0:00:04.6 real=0:00:04.6)
  Stage::Updating netlist...
  Reset timing graph...
Ignoring AAE DB Resetting ...
  Reset timing graph done.
  Setting non-default rules before calling refine place.
  Leaving CCOpt scope - Cleaning up placement interface...
  Leaving CCOpt scope - Cleaning up placement interface done. (took cpu=0:00:00.0 real=0:00:00.0)
  Leaving CCOpt scope - ClockRefiner...
  Soft fixed 25 clock instances.
  Performing Clock Only Refine Place.
*** Starting refinePlace (0:01:11 mem=1758.4M) ***
Total net bbox length = 1.290e+05 (6.897e+04 6.002e+04) (ext = 1.420e+04)
Move report: Detail placement moves 0 insts, mean move: 0.00 um, max move: 0.00 um 
	Runtime: CPU: 0:00:00.0 REAL: 0:00:00.0 MEM: 1758.4MB
Summary Report:
Instances move: 0 (out of 3899 movable)
Instances flipped: 0
Mean displacement: 0.00 um
Max displacement: 0.00 um 
Total net bbox length = 1.290e+05 (6.897e+04 6.002e+04) (ext = 1.420e+04)
Runtime: CPU: 0:00:00.0 REAL: 0:00:00.0 MEM: 1758.4MB
*** Finished refinePlace (0:01:11 mem=1758.4M) ***
  ClockRefiner summary
  All clock instances: Moved 0, flipped 0 and cell swapped 0 (out of a total of 612).
  Restoring pStatusCts on 25 clock instances.
  Leaving CCOpt scope - ClockRefiner done. (took cpu=0:00:00.0 real=0:00:00.0)
  Stage::Updating netlist done. (took cpu=0:00:00.1 real=0:00:00.1)
  CCOpt::Phase::Implementation done. (took cpu=0:00:05.5 real=0:00:05.5)
  CCOpt::Phase::eGRPC...
  eGR Post Conditioning loop iteration 0...
    Clock implementation routing...
      Leaving CCOpt scope - Routing Tools...
Net route status summary:
  Clock:        26 (unrouted=26, trialRouted=0, noStatus=0, routed=0, fixed=0, [crossesIlmBoundary=0, tooFewTerms=0, (crossesIlmBoundary AND tooFewTerms=0)])
  Non-clock:  4532 (unrouted=235, trialRouted=4297, noStatus=0, routed=0, fixed=0, [crossesIlmBoundary=0, tooFewTerms=235, (crossesIlmBoundary AND tooFewTerms=0)])
      Routing using eGR only...
        Early Global Route - eGR only step...
(ccopt eGR): There are 26 nets to be routed. 0 nets have skip routing designation.
(ccopt eGR): There are 26 nets for routing of which 26 have one or more fixed wires.
**WARN: (IMPPSP-1003):	Found use of 'setRouteMode -earlyGlobalMinRouteLayer'. This will continue to work in this release; however, it is recommended to use 'setDesignMode -bottomRoutingLayer' instead.
**WARN: (IMPPSP-1003):	Found use of 'setRouteMode -earlyGlobalMaxRouteLayer'. This will continue to work in this release; however, it is recommended to use 'setDesignMode -topRoutingLayer' instead.
(ccopt eGR): Start to route 26 all nets
**WARN: (IMPPSP-1003):	Found use of 'setRouteMode -earlyGlobalMaxRouteLayer'. This will continue to work in this release; however, it is recommended to use 'setDesignMode -topRoutingLayer' instead.
[NR-eGR] Track table information for default rule: 
[NR-eGR] met1 has single uniform track structure
[NR-eGR] met2 has single uniform track structure
[NR-eGR] met3 has single uniform track structure
[NR-eGR] met4 has single uniform track structure
[NR-eGR] met5 has single uniform track structure
[NR-eGR] Read 40 PG shapes
[NR-eGR] Read 0 clock shapes
[NR-eGR] Read 0 other shapes
[NR-eGR] #Routing Blockages  : 0
[NR-eGR] #Instance Blockages : 0
[NR-eGR] #PG Blockages       : 40
[NR-eGR] #Halo Blockages     : 0
[NR-eGR] #Boundary Blockages : 0
[NR-eGR] #Clock Blockages    : 0
[NR-eGR] #Other Blockages    : 0
[NR-eGR] Num Prerouted Nets = 0  Num Prerouted Wires = 0
[NR-eGR] Read 4323 nets ( ignored 4297 )
[NR-eGR] Connected 0 must-join pins/ports
[NR-eGR] There are 26 clock nets ( 26 with NDR ).
[NR-eGR] ============ Routing rule table ============
[NR-eGR] Rule id: 0  Nets: 26
[NR-eGR] ========================================
[NR-eGR] 
[NR-eGR] Layer group 1: route 26 net(s) in layer range [3, 4]
[NR-eGR] Early Global Route overflow of layer group 1: 0.00% H + 0.02% V. EstWL: 5.117040e+03um
[NR-eGR] Create a new net group with 4 nets and layer range [3, 5]
[NR-eGR] Layer group 2: route 4 net(s) in layer range [3, 5]
[NR-eGR] Early Global Route overflow of layer group 2: 0.00% H + 0.00% V. EstWL: 5.833260e+03um
[NR-eGR] Create a new net group with 4 nets and layer range [2, 5]
[NR-eGR] Layer group 3: route 4 net(s) in layer range [2, 5]
[NR-eGR] Early Global Route overflow of layer group 3: 0.00% H + 0.00% V. EstWL: 7.311240e+03um
[NR-eGR] Congestion Analysis By layer: (blocked Gcells are excluded) 
[NR-eGR]                        OverCon            
[NR-eGR]                         #Gcell     %Gcell
[NR-eGR]        Layer             (1-0)    OverCon
[NR-eGR] ----------------------------------------------
[NR-eGR]    met1 ( 1)         0( 0.00%)   ( 0.00%) 
[NR-eGR]    met2 ( 2)         0( 0.00%)   ( 0.00%) 
[NR-eGR]    met3 ( 3)         0( 0.00%)   ( 0.00%) 
[NR-eGR]    met4 ( 4)         0( 0.00%)   ( 0.00%) 
[NR-eGR]    met5 ( 5)         0( 0.00%)   ( 0.00%) 
[NR-eGR] ----------------------------------------------
[NR-eGR]        Total         0( 0.00%)   ( 0.00%) 
[NR-eGR] 
[NR-eGR] Overflow after Early Global Route 0.00% H + 0.00% V
[NR-eGR]               Length (um)   Vias 
[NR-eGR] ---------------------------------
[NR-eGR]  met1  (1H)             0  15026 
[NR-eGR]  met2  (2V)         66416  20662 
[NR-eGR]  met3  (3H)         74087   3780 
[NR-eGR]  met4  (4V)         18496   2632 
[NR-eGR]  met5  (5H)         11695      0 
[NR-eGR] ---------------------------------
[NR-eGR]        Total       170694  42100 
[NR-eGR] --------------------------------------------------------------------------
[NR-eGR] Total half perimeter of net bounding box: 128982um
[NR-eGR] Total length: 170694um, number of vias: 42100
[NR-eGR] --------------------------------------------------------------------------
[NR-eGR] Total eGR-routed clock nets wire length: 5387um, number of vias: 1593
[NR-eGR] --------------------------------------------------------------------------
[NR-eGR] Report for selected net(s) only.
[NR-eGR]               Length (um)  Vias 
[NR-eGR] --------------------------------
[NR-eGR]  met1  (1H)             0   637 
[NR-eGR]  met2  (2V)          1771   762 
[NR-eGR]  met3  (3H)          2520   184 
[NR-eGR]  met4  (4V)          1082    10 
[NR-eGR]  met5  (5H)            14     0 
[NR-eGR] --------------------------------
[NR-eGR]        Total         5387  1593 
[NR-eGR] --------------------------------------------------------------------------
[NR-eGR] Total half perimeter of net bounding box: 2926um
[NR-eGR] Total length: 5387um, number of vias: 1593
[NR-eGR] --------------------------------------------------------------------------
[NR-eGR] Total routed clock nets wire length: 5387um, number of vias: 1593
[NR-eGR] --------------------------------------------------------------------------
[NR-eGR] Finished Early Global Route kernel ( CPU: 0.18 sec, Real: 0.18 sec, Curr Mem: 1760.45 MB )
**WARN: (IMPPSP-1003):	Found use of 'setRouteMode -earlyGlobalMaxRouteLayer'. This will continue to work in this release; however, it is recommended to use 'setDesignMode -topRoutingLayer' instead.
**WARN: (IMPPSP-1003):	Found use of 'setRouteMode -earlyGlobalMinRouteLayer'. This will continue to work in this release; however, it is recommended to use 'setDesignMode -bottomRoutingLayer' instead.
**WARN: (IMPPSP-1003):	Found use of 'setRouteMode -earlyGlobalMaxRouteLayer'. This will continue to work in this release; however, it is recommended to use 'setDesignMode -topRoutingLayer' instead.
        Early Global Route - eGR only step done. (took cpu=0:00:00.3 real=0:00:00.3)
      Routing using eGR only done.
Net route status summary:
  Clock:        26 (unrouted=0, trialRouted=0, noStatus=0, routed=26, fixed=0, [crossesIlmBoundary=0, tooFewTerms=0, (crossesIlmBoundary AND tooFewTerms=0)])
  Non-clock:  4532 (unrouted=235, trialRouted=4297, noStatus=0, routed=0, fixed=0, [crossesIlmBoundary=0, tooFewTerms=235, (crossesIlmBoundary AND tooFewTerms=0)])

CCOPT: Done with clock implementation routing.

      Leaving CCOpt scope - Routing Tools done. (took cpu=0:00:00.3 real=0:00:00.3)
    Clock implementation routing done.
    Leaving CCOpt scope - extractRC...
    Updating RC parasitics by calling: "extractRC -noRouteCheck"...
Extraction called for design 'RISC_V3' of instances=4331 and nets=4558 using extraction engine 'preRoute' .
PreRoute RC Extraction called for design RISC_V3.
RC Extraction called in multi-corner(1) mode.
RCMode: PreRoute
      RC Corner Indexes            0   
Capacitance Scaling Factor   : 1.00000 
Resistance Scaling Factor    : 1.00000 
Clock Cap. Scaling Factor    : 1.00000 
Clock Res. Scaling Factor    : 1.00000 
Shrink Factor                : 1.00000
PreRoute extraction is honoring NDR/Shielding/ExtraSpace for clock nets.
Using Quantus QRC technology file ...
Updating RC grid for preRoute extraction ...
Initializing multi-corner resistance tables ...
PreRoute RC Extraction DONE (CPU Time: 0:00:00.1  Real Time: 0:00:00.0  MEM: 1760.445M)
    Updating RC parasitics by calling: "extractRC -noRouteCheck" done.
    Leaving CCOpt scope - extractRC done. (took cpu=0:00:00.1 real=0:00:00.1)
    Leaving CCOpt scope - Initializing placement interface...
    Leaving CCOpt scope - Initializing placement interface done. (took cpu=0:00:00.0 real=0:00:00.0)
    Calling post conditioning for eGRPC...
      eGRPC...
        eGRPC active optimizations:
         - Move Down
         - Downsizing before DRV sizing
         - DRV fixing with sizing
         - Move to fanout
         - Cloning
        
        Currently running CTS, using active skew data
        Reset bufferability constraints...
        Resetting previous bufferability status on all nets so that eGRPC will attempt to fix all clock tree violations.
        Clock tree timing engine global stage delay update for rctypical_slow:setup.late...
        Clock tree timing engine global stage delay update for rctypical_slow:setup.late done. (took cpu=0:00:00.0 real=0:00:00.0)
        Reset bufferability constraints done. (took cpu=0:00:00.0 real=0:00:00.0)
        Clock DAG stats eGRPC initial state:
          cell counts      : b=25, i=0, icg=0, dcg=0, l=0, total=25
          sink counts      : regular=587, enable_latch=0, load_capacitance=0, antenna=0, node_sink=0, total=587
          misc counts      : r=1, pp=0
          cell areas       : b=523.710um^2, i=0.000um^2, icg=0.000um^2, dcg=0.000um^2, l=0.000um^2, total=523.710um^2
          cell capacitance : b=0.145pF, i=0.000pF, icg=0.000pF, dcg=0.000pF, l=0.000pF, total=0.145pF
          sink capacitance : total=1.074pF, avg=0.002pF, sd=0.000pF, min=0.002pF, max=0.002pF
          wire capacitance : top=0.000pF, trunk=0.153pF, leaf=0.882pF, total=1.034pF
          wire lengths     : top=0.000um, trunk=858.275um, leaf=4528.800um, total=5387.075um
          hp wire lengths  : top=0.000um, trunk=649.980um, leaf=2162.920um, total=2812.900um
        Clock DAG net violations eGRPC initial state: none
        Clock DAG primary half-corner transition distribution eGRPC initial state:
          Trunk : target=0.260ns count=3 avg=0.124ns sd=0.105ns min=0.003ns max=0.190ns {1 <= 0.156ns, 2 <= 0.208ns, 0 <= 0.234ns, 0 <= 0.247ns, 0 <= 0.260ns}
          Leaf  : target=0.150ns count=23 avg=0.127ns sd=0.012ns min=0.095ns max=0.142ns {0 <= 0.090ns, 3 <= 0.120ns, 14 <= 0.135ns, 6 <= 0.142ns, 0 <= 0.150ns}
        Clock DAG library cell distribution eGRPC initial state {count}:
           Bufs: CLKBUFX8: 25 
        Primary reporting skew groups eGRPC initial state:
          skew_group SYS_CLOCK/func: insertion delay [min=0.487, max=0.525, avg=0.508, sd=0.010], skew [0.038 vs 0.223], 100% {0.487, 0.525} (wid=0.007 ws=0.004) (gid=0.520 gs=0.037)
        Skew group summary eGRPC initial state:
          skew_group SYS_CLOCK/func: insertion delay [min=0.487, max=0.525, avg=0.508, sd=0.010], skew [0.038 vs 0.223], 100% {0.487, 0.525} (wid=0.007 ws=0.004) (gid=0.520 gs=0.037)
        eGRPC Moving buffers...
          Violation analysis...
          Violation analysis done. (took cpu=0:00:00.0 real=0:00:00.0)
          Clock DAG stats after 'eGRPC Moving buffers':
            cell counts      : b=25, i=0, icg=0, dcg=0, l=0, total=25
            sink counts      : regular=587, enable_latch=0, load_capacitance=0, antenna=0, node_sink=0, total=587
            misc counts      : r=1, pp=0
            cell areas       : b=523.710um^2, i=0.000um^2, icg=0.000um^2, dcg=0.000um^2, l=0.000um^2, total=523.710um^2
            cell capacitance : b=0.145pF, i=0.000pF, icg=0.000pF, dcg=0.000pF, l=0.000pF, total=0.145pF
            sink capacitance : total=1.074pF, avg=0.002pF, sd=0.000pF, min=0.002pF, max=0.002pF
            wire capacitance : top=0.000pF, trunk=0.153pF, leaf=0.882pF, total=1.034pF
            wire lengths     : top=0.000um, trunk=858.275um, leaf=4528.800um, total=5387.075um
            hp wire lengths  : top=0.000um, trunk=649.980um, leaf=2162.920um, total=2812.900um
          Clock DAG net violations after 'eGRPC Moving buffers': none
          Clock DAG primary half-corner transition distribution after 'eGRPC Moving buffers':
            Trunk : target=0.260ns count=3 avg=0.124ns sd=0.105ns min=0.003ns max=0.190ns {1 <= 0.156ns, 2 <= 0.208ns, 0 <= 0.234ns, 0 <= 0.247ns, 0 <= 0.260ns}
            Leaf  : target=0.150ns count=23 avg=0.127ns sd=0.012ns min=0.095ns max=0.142ns {0 <= 0.090ns, 3 <= 0.120ns, 14 <= 0.135ns, 6 <= 0.142ns, 0 <= 0.150ns}
          Clock DAG library cell distribution after 'eGRPC Moving buffers' {count}:
             Bufs: CLKBUFX8: 25 
          Primary reporting skew groups after 'eGRPC Moving buffers':
            skew_group SYS_CLOCK/func: insertion delay [min=0.487, max=0.525], skew [0.038 vs 0.223]
          Skew group summary after 'eGRPC Moving buffers':
            skew_group SYS_CLOCK/func: insertion delay [min=0.487, max=0.525], skew [0.038 vs 0.223]
          Legalizer API calls during this step: 0 succeeded with high effort: 0 succeeded with medium effort: 0 succeeded with low effort: 0 succeeded with basic effort: 0 succeeded with basic unbounded effort: 0
        eGRPC Moving buffers done. (took cpu=0:00:00.0 real=0:00:00.0)
        eGRPC Initial Pass of Downsizing Clock Tree cells...
          Artificially removing long paths...
            Legalizer API calls during this step: 0 succeeded with high effort: 0 succeeded with medium effort: 0 succeeded with low effort: 0 succeeded with basic effort: 0 succeeded with basic unbounded effort: 0
          Artificially removing long paths done. (took cpu=0:00:00.0 real=0:00:00.0)
          Modifying slew-target multiplier from 1 to 0.9
          Downsizing prefiltering...
          Downsizing prefiltering done.
          Downsizing: ...20% ...40% ...60% ...80% ...100% 
          DoDownSizing Summary : numSized = 0, numUnchanged = 5, numSkippedDueToOther = 0, numSkippedDueToCloseToSlewTarget = 19, numSkippedDueToCloseToSkewTarget = 2
          CCOpt-eGRPC Downsizing: considered: 5, tested: 0, violation detected: 0, violation ignored (due to small violation): 0, cannot run: 0, attempted: 5, unsuccessful: 0, sized: 0
          Reverting slew-target multiplier from 0.9 to 1
          Clock DAG stats after 'eGRPC Initial Pass of Downsizing Clock Tree cells':
            cell counts      : b=25, i=0, icg=0, dcg=0, l=0, total=25
            sink counts      : regular=587, enable_latch=0, load_capacitance=0, antenna=0, node_sink=0, total=587
            misc counts      : r=1, pp=0
            cell areas       : b=523.710um^2, i=0.000um^2, icg=0.000um^2, dcg=0.000um^2, l=0.000um^2, total=523.710um^2
            cell capacitance : b=0.145pF, i=0.000pF, icg=0.000pF, dcg=0.000pF, l=0.000pF, total=0.145pF
            sink capacitance : total=1.074pF, avg=0.002pF, sd=0.000pF, min=0.002pF, max=0.002pF
            wire capacitance : top=0.000pF, trunk=0.153pF, leaf=0.882pF, total=1.034pF
            wire lengths     : top=0.000um, trunk=858.275um, leaf=4528.800um, total=5387.075um
            hp wire lengths  : top=0.000um, trunk=649.980um, leaf=2162.920um, total=2812.900um
          Clock DAG net violations after 'eGRPC Initial Pass of Downsizing Clock Tree cells': none
          Clock DAG primary half-corner transition distribution after 'eGRPC Initial Pass of Downsizing Clock Tree cells':
            Trunk : target=0.260ns count=3 avg=0.124ns sd=0.105ns min=0.003ns max=0.190ns {1 <= 0.156ns, 2 <= 0.208ns, 0 <= 0.234ns, 0 <= 0.247ns, 0 <= 0.260ns}
            Leaf  : target=0.150ns count=23 avg=0.127ns sd=0.012ns min=0.095ns max=0.142ns {0 <= 0.090ns, 3 <= 0.120ns, 14 <= 0.135ns, 6 <= 0.142ns, 0 <= 0.150ns}
          Clock DAG library cell distribution after 'eGRPC Initial Pass of Downsizing Clock Tree cells' {count}:
             Bufs: CLKBUFX8: 25 
          Primary reporting skew groups after 'eGRPC Initial Pass of Downsizing Clock Tree cells':
            skew_group SYS_CLOCK/func: insertion delay [min=0.487, max=0.525], skew [0.038 vs 0.223]
          Skew group summary after 'eGRPC Initial Pass of Downsizing Clock Tree cells':
            skew_group SYS_CLOCK/func: insertion delay [min=0.487, max=0.525], skew [0.038 vs 0.223]
          Legalizer API calls during this step: 5 succeeded with high effort: 5 succeeded with medium effort: 0 succeeded with low effort: 0 succeeded with basic effort: 0 succeeded with basic unbounded effort: 0
        eGRPC Initial Pass of Downsizing Clock Tree cells done. (took cpu=0:00:00.1 real=0:00:00.1)
        eGRPC Fixing DRVs...
          Fixing clock tree DRVs: ...20% ...40% ...60% ...80% ...100% 
          CCOpt-eGRPC: considered: 26, tested: 26, violation detected: 0, violation ignored (due to small violation): 0, cannot run: 0, attempted: 0, unsuccessful: 0, sized: 0
          
          Statistics: Fix DRVs (cell sizing):
          ===================================
          
          Cell changes by Net Type:
          
          -------------------------------------------------------------------------------------------------
          Net Type    Attempted    Upsized     Downsized    Swapped Same Size    Total Changed    Not Sized
          -------------------------------------------------------------------------------------------------
          top                0            0           0            0                    0                0
          trunk              0            0           0            0                    0                0
          leaf               0            0           0            0                    0                0
          -------------------------------------------------------------------------------------------------
          Total              0            0           0            0                    0                0
          -------------------------------------------------------------------------------------------------
          
          Upsized: 0, Downsized: 0, Sized but same area: 0, Unchanged: 0, Area change: 0.000um^2 (0.000%)
          Max. move: 0.000um, Min. move: 0.000um, Avg. move: N/A
          
          Clock DAG stats after 'eGRPC Fixing DRVs':
            cell counts      : b=25, i=0, icg=0, dcg=0, l=0, total=25
            sink counts      : regular=587, enable_latch=0, load_capacitance=0, antenna=0, node_sink=0, total=587
            misc counts      : r=1, pp=0
            cell areas       : b=523.710um^2, i=0.000um^2, icg=0.000um^2, dcg=0.000um^2, l=0.000um^2, total=523.710um^2
            cell capacitance : b=0.145pF, i=0.000pF, icg=0.000pF, dcg=0.000pF, l=0.000pF, total=0.145pF
            sink capacitance : total=1.074pF, avg=0.002pF, sd=0.000pF, min=0.002pF, max=0.002pF
            wire capacitance : top=0.000pF, trunk=0.153pF, leaf=0.882pF, total=1.034pF
            wire lengths     : top=0.000um, trunk=858.275um, leaf=4528.800um, total=5387.075um
            hp wire lengths  : top=0.000um, trunk=649.980um, leaf=2162.920um, total=2812.900um
          Clock DAG net violations after 'eGRPC Fixing DRVs': none
          Clock DAG primary half-corner transition distribution after 'eGRPC Fixing DRVs':
            Trunk : target=0.260ns count=3 avg=0.124ns sd=0.105ns min=0.003ns max=0.190ns {1 <= 0.156ns, 2 <= 0.208ns, 0 <= 0.234ns, 0 <= 0.247ns, 0 <= 0.260ns}
            Leaf  : target=0.150ns count=23 avg=0.127ns sd=0.012ns min=0.095ns max=0.142ns {0 <= 0.090ns, 3 <= 0.120ns, 14 <= 0.135ns, 6 <= 0.142ns, 0 <= 0.150ns}
          Clock DAG library cell distribution after 'eGRPC Fixing DRVs' {count}:
             Bufs: CLKBUFX8: 25 
          Primary reporting skew groups after 'eGRPC Fixing DRVs':
            skew_group SYS_CLOCK/func: insertion delay [min=0.487, max=0.525], skew [0.038 vs 0.223]
          Skew group summary after 'eGRPC Fixing DRVs':
            skew_group SYS_CLOCK/func: insertion delay [min=0.487, max=0.525], skew [0.038 vs 0.223]
          Legalizer API calls during this step: 0 succeeded with high effort: 0 succeeded with medium effort: 0 succeeded with low effort: 0 succeeded with basic effort: 0 succeeded with basic unbounded effort: 0
        eGRPC Fixing DRVs done. (took cpu=0:00:00.0 real=0:00:00.0)
        Reconnecting optimized routes...
        Reset timing graph...
Ignoring AAE DB Resetting ...
        Reset timing graph done.
        Reconnecting optimized routes done. (took cpu=0:00:00.0 real=0:00:00.0)
        Violation analysis...
        Violation analysis done. (took cpu=0:00:00.0 real=0:00:00.0)
        Reset timing graph...
Ignoring AAE DB Resetting ...
        Reset timing graph done.
        Clock DAG stats before routing clock trees:
          cell counts      : b=25, i=0, icg=0, dcg=0, l=0, total=25
          sink counts      : regular=587, enable_latch=0, load_capacitance=0, antenna=0, node_sink=0, total=587
          misc counts      : r=1, pp=0
          cell areas       : b=523.710um^2, i=0.000um^2, icg=0.000um^2, dcg=0.000um^2, l=0.000um^2, total=523.710um^2
          cell capacitance : b=0.145pF, i=0.000pF, icg=0.000pF, dcg=0.000pF, l=0.000pF, total=0.145pF
          sink capacitance : total=1.074pF, avg=0.002pF, sd=0.000pF, min=0.002pF, max=0.002pF
          wire capacitance : top=0.000pF, trunk=0.153pF, leaf=0.882pF, total=1.034pF
          wire lengths     : top=0.000um, trunk=858.275um, leaf=4528.800um, total=5387.075um
          hp wire lengths  : top=0.000um, trunk=649.980um, leaf=2162.920um, total=2812.900um
        Clock DAG net violations before routing clock trees: none
        Clock DAG primary half-corner transition distribution before routing clock trees:
          Trunk : target=0.260ns count=3 avg=0.124ns sd=0.105ns min=0.003ns max=0.190ns {1 <= 0.156ns, 2 <= 0.208ns, 0 <= 0.234ns, 0 <= 0.247ns, 0 <= 0.260ns}
          Leaf  : target=0.150ns count=23 avg=0.127ns sd=0.012ns min=0.095ns max=0.142ns {0 <= 0.090ns, 3 <= 0.120ns, 14 <= 0.135ns, 6 <= 0.142ns, 0 <= 0.150ns}
        Clock DAG library cell distribution before routing clock trees {count}:
           Bufs: CLKBUFX8: 25 
        Primary reporting skew groups before routing clock trees:
          skew_group SYS_CLOCK/func: insertion delay [min=0.487, max=0.525, avg=0.508, sd=0.010], skew [0.038 vs 0.223], 100% {0.487, 0.525} (wid=0.007 ws=0.004) (gid=0.520 gs=0.037)
        Skew group summary before routing clock trees:
          skew_group SYS_CLOCK/func: insertion delay [min=0.487, max=0.525, avg=0.508, sd=0.010], skew [0.038 vs 0.223], 100% {0.487, 0.525} (wid=0.007 ws=0.004) (gid=0.520 gs=0.037)
      eGRPC done.
    Calling post conditioning for eGRPC done.
  eGR Post Conditioning loop iteration 0 done.
  Refine place not called during Post Conditioning. Calling it now the eGR->PC Loop is complete.
  Leaving CCOpt scope - Cleaning up placement interface...
  Leaving CCOpt scope - Cleaning up placement interface done. (took cpu=0:00:00.0 real=0:00:00.0)
  Leaving CCOpt scope - ClockRefiner...
  Soft fixed 25 clock instances.
  Performing Single Pass Refine Place.
*** Starting refinePlace (0:01:12 mem=1760.6M) ***
Total net bbox length = 1.290e+05 (6.897e+04 6.002e+04) (ext = 1.420e+04)
Move report: Detail placement moves 97 insts, mean move: 2.57 um, max move: 10.12 um 
	Max move on inst (PC1/g43455__1666): (61.18, 63.94) --> (67.16, 68.08)
	Runtime: CPU: 0:00:00.4 REAL: 0:00:01.0 MEM: 1736.6MB
Summary Report:
Instances move: 97 (out of 3899 movable)
Instances flipped: 0
Mean displacement: 2.57 um
Max displacement: 10.12 um (Instance: PC1/g43455__1666) (61.18, 63.94) -> (67.16, 68.08)
	Length: 6 sites, height: 1 rows, site name: CoreSite, cell type: AOI22X1
Total net bbox length = 1.292e+05 (6.910e+04 6.009e+04) (ext = 1.419e+04)
Runtime: CPU: 0:00:00.4 REAL: 0:00:01.0 MEM: 1736.6MB
*** Finished refinePlace (0:01:13 mem=1736.6M) ***
  ClockRefiner summary
  All clock instances: Moved 21, flipped 8 and cell swapped 0 (out of a total of 612).
  The largest move was 9.2 um for PC1/RF_reg[9][23].
  Restoring pStatusCts on 25 clock instances.
  Leaving CCOpt scope - ClockRefiner done. (took cpu=0:00:00.4 real=0:00:00.4)
  CCOpt::Phase::eGRPC done. (took cpu=0:00:01.1 real=0:00:01.1)
  CCOpt::Phase::Routing...
  Clock implementation routing...
    Leaving CCOpt scope - Routing Tools...
Net route status summary:
  Clock:        26 (unrouted=0, trialRouted=0, noStatus=0, routed=26, fixed=0, [crossesIlmBoundary=0, tooFewTerms=0, (crossesIlmBoundary AND tooFewTerms=0)])
  Non-clock:  4532 (unrouted=235, trialRouted=4297, noStatus=0, routed=0, fixed=0, [crossesIlmBoundary=0, tooFewTerms=235, (crossesIlmBoundary AND tooFewTerms=0)])
    Routing using eGR in eGR->NR Step...
      Early Global Route - eGR->Nr High Frequency step...
(ccopt eGR): There are 26 nets to be routed. 0 nets have skip routing designation.
(ccopt eGR): There are 26 nets for routing of which 26 have one or more fixed wires.
**WARN: (IMPPSP-1003):	Found use of 'setRouteMode -earlyGlobalMinRouteLayer'. This will continue to work in this release; however, it is recommended to use 'setDesignMode -bottomRoutingLayer' instead.
**WARN: (IMPPSP-1003):	Found use of 'setRouteMode -earlyGlobalMaxRouteLayer'. This will continue to work in this release; however, it is recommended to use 'setDesignMode -topRoutingLayer' instead.
(ccopt eGR): Start to route 26 all nets
**WARN: (IMPPSP-1003):	Found use of 'setRouteMode -earlyGlobalMaxRouteLayer'. This will continue to work in this release; however, it is recommended to use 'setDesignMode -topRoutingLayer' instead.
[NR-eGR] Track table information for default rule: 
[NR-eGR] met1 has single uniform track structure
[NR-eGR] met2 has single uniform track structure
[NR-eGR] met3 has single uniform track structure
[NR-eGR] met4 has single uniform track structure
[NR-eGR] met5 has single uniform track structure
[NR-eGR] Read 40 PG shapes
[NR-eGR] Read 0 clock shapes
[NR-eGR] Read 0 other shapes
[NR-eGR] #Routing Blockages  : 0
[NR-eGR] #Instance Blockages : 0
[NR-eGR] #PG Blockages       : 40
[NR-eGR] #Halo Blockages     : 0
[NR-eGR] #Boundary Blockages : 0
[NR-eGR] #Clock Blockages    : 0
[NR-eGR] #Other Blockages    : 0
[NR-eGR] Num Prerouted Nets = 0  Num Prerouted Wires = 0
[NR-eGR] Read 4323 nets ( ignored 4297 )
[NR-eGR] Connected 0 must-join pins/ports
[NR-eGR] There are 26 clock nets ( 26 with NDR ).
[NR-eGR] ============ Routing rule table ============
[NR-eGR] Rule id: 0  Nets: 26
[NR-eGR] ========================================
[NR-eGR] 
[NR-eGR] Layer group 1: route 26 net(s) in layer range [3, 4]
[NR-eGR] Early Global Route overflow of layer group 1: 0.00% H + 0.02% V. EstWL: 5.121180e+03um
[NR-eGR] Create a new net group with 5 nets and layer range [3, 5]
[NR-eGR] Layer group 2: route 5 net(s) in layer range [3, 5]
[NR-eGR] Early Global Route overflow of layer group 2: 0.00% H + 0.00% V. EstWL: 6.027840e+03um
[NR-eGR] Create a new net group with 5 nets and layer range [2, 5]
[NR-eGR] Layer group 3: route 5 net(s) in layer range [2, 5]
[NR-eGR] Early Global Route overflow of layer group 3: 0.00% H + 0.00% V. EstWL: 7.886700e+03um
[NR-eGR] Congestion Analysis By layer: (blocked Gcells are excluded) 
[NR-eGR]                        OverCon            
[NR-eGR]                         #Gcell     %Gcell
[NR-eGR]        Layer               (1)    OverCon
[NR-eGR] ----------------------------------------------
[NR-eGR]    met1 ( 1)         0( 0.00%)   ( 0.00%) 
[NR-eGR]    met2 ( 2)         0( 0.00%)   ( 0.00%) 
[NR-eGR]    met3 ( 3)         0( 0.00%)   ( 0.00%) 
[NR-eGR]    met4 ( 4)         0( 0.00%)   ( 0.00%) 
[NR-eGR]    met5 ( 5)         1( 0.02%)   ( 0.02%) 
[NR-eGR] ----------------------------------------------
[NR-eGR]        Total         1( 0.00%)   ( 0.00%) 
[NR-eGR] 
[NR-eGR] Overflow after Early Global Route 0.00% H + 0.00% V
[NR-eGR]               Length (um)   Vias 
[NR-eGR] ---------------------------------
[NR-eGR]  met1  (1H)             0  15026 
[NR-eGR]  met2  (2V)         66439  20658 
[NR-eGR]  met3  (3H)         74065   3786 
[NR-eGR]  met4  (4V)         18508   2641 
[NR-eGR]  met5  (5H)         11711      0 
[NR-eGR] ---------------------------------
[NR-eGR]        Total       170723  42111 
[NR-eGR] --------------------------------------------------------------------------
[NR-eGR] Total half perimeter of net bounding box: 129191um
[NR-eGR] Total length: 170723um, number of vias: 42111
[NR-eGR] --------------------------------------------------------------------------
[NR-eGR] Total eGR-routed clock nets wire length: 5417um, number of vias: 1604
[NR-eGR] --------------------------------------------------------------------------
[NR-eGR] Report for selected net(s) only.
[NR-eGR]               Length (um)  Vias 
[NR-eGR] --------------------------------
[NR-eGR]  met1  (1H)             0   637 
[NR-eGR]  met2  (2V)          1795   758 
[NR-eGR]  met3  (3H)          2498   190 
[NR-eGR]  met4  (4V)          1094    19 
[NR-eGR]  met5  (5H)            30     0 
[NR-eGR] --------------------------------
[NR-eGR]        Total         5417  1604 
[NR-eGR] --------------------------------------------------------------------------
[NR-eGR] Total half perimeter of net bounding box: 2935um
[NR-eGR] Total length: 5417um, number of vias: 1604
[NR-eGR] --------------------------------------------------------------------------
[NR-eGR] Total routed clock nets wire length: 5417um, number of vias: 1604
[NR-eGR] --------------------------------------------------------------------------
[NR-eGR] Finished Early Global Route kernel ( CPU: 0.20 sec, Real: 0.21 sec, Curr Mem: 1745.60 MB )
**WARN: (IMPPSP-1003):	Found use of 'setRouteMode -earlyGlobalMaxRouteLayer'. This will continue to work in this release; however, it is recommended to use 'setDesignMode -topRoutingLayer' instead.
**WARN: (IMPPSP-1003):	Found use of 'setRouteMode -earlyGlobalMinRouteLayer'. This will continue to work in this release; however, it is recommended to use 'setDesignMode -bottomRoutingLayer' instead.
**WARN: (IMPPSP-1003):	Found use of 'setRouteMode -earlyGlobalMaxRouteLayer'. This will continue to work in this release; however, it is recommended to use 'setDesignMode -topRoutingLayer' instead.
      Early Global Route - eGR->Nr High Frequency step done. (took cpu=0:00:00.4 real=0:00:00.4)
    Routing using eGR in eGR->NR Step done.
    Routing using NR in eGR->NR Step...

CCOPT: Preparing to route 26 clock nets with NanoRoute.
  All net are default rule.
  Preferred NanoRoute mode settings: Current
#WARNING (NRIF-91) Option setNanoRouteMode -routeTopRoutingLayer is obsolete. It will continue to work for the current release. To ensure compatibility with future releases, use option setDesignMode -topRoutingLayer instead.
#WARNING (NRIF-91) Option setNanoRouteMode -routeTopRoutingLayer is obsolete. It will continue to work for the current release. To ensure compatibility with future releases, use option setDesignMode -topRoutingLayer instead.
**WARN: (IMPTCM-77):	Option "-grouteExpUseNanoRoute2" for command setNanoRouteMode is obsolete and will be removed in a future release. The obsolete option still works in this release but to avoid this warning and to ensure compatibility with future releases, remove the obsolete option from your script.
**WARN: (IMPTCM-77):	Option "-routeExpDeterministicMultiThread" for command setNanoRouteMode is obsolete and will be removed in a future release. The obsolete option still works in this release but to avoid this warning and to ensure compatibility with future releases, remove the obsolete option from your script.
      Clock detailed routing...
        NanoRoute...
% Begin globalDetailRoute (date=07/12 17:00:31, mem=1247.2M)

globalDetailRoute

#Start globalDetailRoute on Sun Jul 12 17:00:31 2026
#
#create default rule from bind_ndr_rule rule=0x7f7c1306c480 0x7f7bf56b9538
#num needed restored net=0
#need_extraction net=0 (total=4558)
#NanoRoute Version 21.18-s099_1 NR230707-1955/21_18-UB
#
#Wire/Via statistics before line assignment ...
#Total number of nets with non-default rule or having extra spacing = 26
#Total wire length = 5417 um.
#Total half perimeter of net bounding box = 2989 um.
#Total wire length on LAYER met1 = 0 um.
#Total wire length on LAYER met2 = 1795 um.
#Total wire length on LAYER met3 = 2498 um.
#Total wire length on LAYER met4 = 1094 um.
#Total wire length on LAYER met5 = 30 um.
#Total number of vias = 1604
#Up-Via Summary (total 1604):
#           
#-----------------------
# met1              637
# met2              758
# met3              190
# met4               19
#-----------------------
#                  1604 
#
#Start routing data preparation on Sun Jul 12 17:00:31 2026
#
#WARNING (NRDB-2040) Rule LEF_DEFAULT doesn't specify any vias that satisfy all of the area rules for layer met3 
#Minimum voltage of a net in the design = 0.000.
#Maximum voltage of a net in the design = 1.980.
#Voltage range [0.000 - 1.980] has 4556 nets.
#Voltage range [1.620 - 1.980] has 1 net.
#Voltage range [0.000 - 0.000] has 1 net.
#Build and mark too close pins for the same net.
#Initial pin access analysis.
#Detail pin access analysis.
# met1         H   Track-Pitch = 0.4600    Line-2-Via Pitch = 0.3400
# met2         V   Track-Pitch = 0.4600    Line-2-Via Pitch = 0.3400
# met3         H   Track-Pitch = 0.6100    Line-2-Via Pitch = 0.6100
# met4         V   Track-Pitch = 0.6150    Line-2-Via Pitch = 0.6150
# met5         H   Track-Pitch = 3.6600    Line-2-Via Pitch = 3.2000
#Bottom routing layer index=1(met1), bottom routing layer for shielding=1(met1), bottom shield layer=1(met1)
#shield_bottom_stripe_layer=1(met1), shield_top_stripe_layer=5(met5)
#pin_access_rlayer=2(met2)
#shield_top_dpt_rlayer=-1 top_rlayer=5 top_trim_metal_rlayer=-1 rlayer_lowest=1 bottom_rlayer=1
#enable_trim_layer_shield=F enable_dpt_layer_shield=F has_line_end_grid=F
#cpu time = 00:00:00, elapsed time = 00:00:00, memory = 1263.93 (MB), peak = 1296.32 (MB)
#Regenerating Ggrids automatically.
#Auto generating G-grids with size=15 tracks, using layer met3's pitch = 0.6150.
#Using automatically generated G-grids.
#Done routing data preparation.
#cpu time = 00:00:01, elapsed time = 00:00:01, memory = 1267.58 (MB), peak = 1296.32 (MB)
#Minimum voltage of a net in the design = 0.000.
#Maximum voltage of a net in the design = 1.980.
#Voltage range [0.000 - 1.980] has 4556 nets.
#Voltage range [1.620 - 1.980] has 1 net.
#Voltage range [0.000 - 0.000] has 1 net.
Updating RC grid for preRoute extraction ...
Initializing multi-corner resistance tables ...
#
#Distribution of nets:
#  
# #pin range           #net       %
#------------------------------------
#          2            2730 ( 59.9%)
#          3             899 ( 19.7%)
#          4             322 (  7.1%)
#          5              70 (  1.5%)
#          6              32 (  0.7%)
#          7              19 (  0.4%)
#          8              19 (  0.4%)
#          9              32 (  0.7%)
#  10  -  19              90 (  2.0%)
#  20  -  29              45 (  1.0%)
#  30  -  39              62 (  1.4%)
#  40  -  49               1 (  0.0%)
#  60  -  69               1 (  0.0%)
#  90  -  99               1 (  0.0%)
#     >=2000               0 (  0.0%)
#
#Total: 4558 nets, 4323 non-trivial nets
#                              #net       %
#-------------------------------------------
#  Fully global routed           26 ( 0.6%)
#  Clock                         26
#  Extra space                   26
#  Prefer layer range            26
#
#Nets in 1 layer range:
#  Bottom Pref.Layer    Top Pref.Layer       #net       %
#---------------------------------------------------------
#               met3             met4          26 (  0.6%)
#
#26 nets selected.
#
#
#Line Assignment statistics:
#Cpu time = 00:00:00
#Elapsed time = 00:00:00
#Increased memory = 4.50 (MB)
#Total memory = 1278.05 (MB)
#Peak memory = 1296.32 (MB)
#End Line Assignment: cpu:00:00:00, real:00:00:00, mem:1.2 GB, peak:1.3 GB
#
#Wire/Via statistics after line assignment ...
#Total number of nets with non-default rule or having extra spacing = 26
#Total wire length = 5537 um.
#Total half perimeter of net bounding box = 2989 um.
#Total wire length on LAYER met1 = 25 um.
#Total wire length on LAYER met2 = 1892 um.
#Total wire length on LAYER met3 = 2524 um.
#Total wire length on LAYER met4 = 1096 um.
#Total wire length on LAYER met5 = 0 um.
#Total number of vias = 1461
#Up-Via Summary (total 1461):
#           
#-----------------------
# met1              637
# met2              678
# met3              146
#-----------------------
#                  1461 
#
#Routing data preparation, pin analysis, line assignment statistics:
#Cpu time = 00:00:02
#Elapsed time = 00:00:02
#Increased memory = 22.08 (MB)
#Total memory = 1275.36 (MB)
#Peak memory = 1296.32 (MB)
#Skip comparing routing design signature in db-snapshot flow
#Minimum voltage of a net in the design = 0.000.
#Maximum voltage of a net in the design = 1.980.
#Voltage range [0.000 - 1.980] has 4556 nets.
#Voltage range [1.620 - 1.980] has 1 net.
#Voltage range [0.000 - 0.000] has 1 net.
#Minimum voltage of a net in the design = 0.000.
#Maximum voltage of a net in the design = 1.980.
#Voltage range [0.000 - 1.980] has 4556 nets.
#Voltage range [1.620 - 1.980] has 1 net.
#Voltage range [0.000 - 0.000] has 1 net.
#Minimum voltage of a net in the design = 0.000.
#Maximum voltage of a net in the design = 1.980.
#Voltage range [0.000 - 1.980] has 4556 nets.
#Voltage range [1.620 - 1.980] has 1 net.
#Voltage range [0.000 - 0.000] has 1 net.
#Minimum voltage of a net in the design = 0.000.
#Maximum voltage of a net in the design = 1.980.
#Voltage range [0.000 - 1.980] has 4556 nets.
#Voltage range [1.620 - 1.980] has 1 net.
#Voltage range [0.000 - 0.000] has 1 net.
#
#Start Detail Routing..
#start initial detail routing ...
#   number of violations = 0
#cpu time = 00:00:07, elapsed time = 00:00:07, memory = 1279.30 (MB), peak = 1334.41 (MB)
#Complete Detail Routing.
#Total number of nets with non-default rule or having extra spacing = 26
#Total wire length = 5673 um.
#Total half perimeter of net bounding box = 2989 um.
#Total wire length on LAYER met1 = 30 um.
#Total wire length on LAYER met2 = 934 um.
#Total wire length on LAYER met3 = 3018 um.
#Total wire length on LAYER met4 = 1692 um.
#Total wire length on LAYER met5 = 0 um.
#Total number of vias = 1587
#Up-Via Summary (total 1587):
#           
#-----------------------
# met1              635
# met2              589
# met3              363
#-----------------------
#                  1587 
#
#Total number of DRC violations = 0
#Cpu time = 00:00:07
#Elapsed time = 00:00:07
#Increased memory = 3.97 (MB)
#Total memory = 1279.33 (MB)
#Peak memory = 1334.41 (MB)
#Skip updating routing design signature in db-snapshot flow
#detailRoute Statistics:
#Cpu time = 00:00:07
#Elapsed time = 00:00:07
#Increased memory = 3.98 (MB)
#Total memory = 1279.34 (MB)
#Peak memory = 1334.41 (MB)
#
#globalDetailRoute statistics:
#Cpu time = 00:00:09
#Elapsed time = 00:00:09
#Increased memory = 39.11 (MB)
#Total memory = 1286.40 (MB)
#Peak memory = 1334.41 (MB)
#Number of warnings = 1
#Total number of warnings = 4
#Number of fails = 0
#Total number of fails = 0
#Complete globalDetailRoute on Sun Jul 12 17:00:40 2026
#
% End globalDetailRoute (date=07/12 17:00:40, total cpu=0:00:09.3, real=0:00:09.0, peak res=1334.4M, current mem=1285.8M)
        NanoRoute done. (took cpu=0:00:09.3 real=0:00:09.3)
      Clock detailed routing done.
#WARNING (NRIF-91) Option setNanoRouteMode -routeTopRoutingLayer is obsolete. It will continue to work for the current release. To ensure compatibility with future releases, use option setDesignMode -topRoutingLayer instead.
Skipping check of guided vs. routed net lengths.
Set FIXED routing status on 26 net(s)
Set FIXED placed status on 25 instance(s)
      Route Remaining Unrouted Nets...
Running earlyGlobalRoute to complete any remaining unrouted nets.
[NR-eGR] Started Early Global Route kernel ( Curr Mem: 1793.80 MB )
[NR-eGR] Track table information for default rule: 
[NR-eGR] met1 has single uniform track structure
[NR-eGR] met2 has single uniform track structure
[NR-eGR] met3 has single uniform track structure
[NR-eGR] met4 has single uniform track structure
[NR-eGR] met5 has single uniform track structure
[NR-eGR] Read 2530 PG shapes
[NR-eGR] Read 0 clock shapes
[NR-eGR] Read 0 other shapes
[NR-eGR] #Routing Blockages  : 0
[NR-eGR] #Instance Blockages : 0
[NR-eGR] #PG Blockages       : 2530
[NR-eGR] #Halo Blockages     : 0
[NR-eGR] #Boundary Blockages : 0
[NR-eGR] #Clock Blockages    : 0
[NR-eGR] #Other Blockages    : 0
[NR-eGR] Num Prerouted Nets = 26  Num Prerouted Wires = 2153
[NR-eGR] Read 4323 nets ( ignored 26 )
[NR-eGR] ============ Routing rule table ============
[NR-eGR] Rule id: 1  Nets: 4297
[NR-eGR] ========================================
[NR-eGR] 
[NR-eGR] Layer group 1: route 4297 net(s) in layer range [2, 5]
[NR-eGR] Early Global Route overflow of layer group 1: 59.14% H + 0.28% V. EstWL: 1.547491e+05um
[NR-eGR] Congestion Analysis By layer: (blocked Gcells are excluded) 
[NR-eGR]                        OverCon           OverCon           OverCon           OverCon            
[NR-eGR]                         #Gcell            #Gcell            #Gcell            #Gcell     %Gcell
[NR-eGR]        Layer             (1-4)             (5-9)           (10-13)           (14-18)    OverCon
[NR-eGR] -------------------------------------------------------------------------------------------------
[NR-eGR]    met1 ( 1)         0( 0.00%)         0( 0.00%)         0( 0.00%)         0( 0.00%)   ( 0.00%) 
[NR-eGR]    met2 ( 2)        26( 0.44%)         0( 0.00%)         0( 0.00%)         0( 0.00%)   ( 0.44%) 
[NR-eGR]    met3 ( 3)      1773(29.90%)       966(16.29%)       179( 3.02%)        15( 0.25%)   (49.46%) 
[NR-eGR]    met4 ( 4)       200( 3.37%)        13( 0.22%)         0( 0.00%)         0( 0.00%)   ( 3.59%) 
[NR-eGR]    met5 ( 5)       365( 6.94%)         0( 0.00%)         0( 0.00%)         0( 0.00%)   ( 6.94%) 
[NR-eGR] -------------------------------------------------------------------------------------------------
[NR-eGR]        Total      2364(10.26%)       979( 4.25%)       179( 0.78%)        15( 0.07%)   (15.35%) 
[NR-eGR] 
[NR-eGR] Overflow after Early Global Route 45.26% H + 0.53% V
[NR-eGR]               Length (um)   Vias 
[NR-eGR] ---------------------------------
[NR-eGR]  met1  (1H)            30  15024 
[NR-eGR]  met2  (2V)         66239  20499 
[NR-eGR]  met3  (3H)         73808   4007 
[NR-eGR]  met4  (4V)         18715   2680 
[NR-eGR]  met5  (5H)         12674      0 
[NR-eGR] ---------------------------------
[NR-eGR]        Total       171466  42210 
[NR-eGR] --------------------------------------------------------------------------
[NR-eGR] Total half perimeter of net bounding box: 129191um
[NR-eGR] Total length: 171466um, number of vias: 42210
[NR-eGR] --------------------------------------------------------------------------
[NR-eGR] Total eGR-routed clock nets wire length: 0um, number of vias: 0
[NR-eGR] --------------------------------------------------------------------------
[NR-eGR] Finished Early Global Route kernel ( CPU: 0.29 sec, Real: 0.29 sec, Curr Mem: 1797.42 MB )
      Route Remaining Unrouted Nets done. (took cpu=0:00:00.3 real=0:00:00.3)
    Routing using NR in eGR->NR Step done.
Net route status summary:
  Clock:        26 (unrouted=0, trialRouted=0, noStatus=0, routed=0, fixed=26, [crossesIlmBoundary=0, tooFewTerms=0, (crossesIlmBoundary AND tooFewTerms=0)])
  Non-clock:  4532 (unrouted=235, trialRouted=4297, noStatus=0, routed=0, fixed=0, [crossesIlmBoundary=0, tooFewTerms=235, (crossesIlmBoundary AND tooFewTerms=0)])

CCOPT: Done with clock implementation routing.

    Leaving CCOpt scope - Routing Tools done. (took cpu=0:00:10.2 real=0:00:10.2)
  Clock implementation routing done.
  Leaving CCOpt scope - extractRC...
  Updating RC parasitics by calling: "extractRC -noRouteCheck"...
Extraction called for design 'RISC_V3' of instances=4331 and nets=4558 using extraction engine 'preRoute' .
PreRoute RC Extraction called for design RISC_V3.
RC Extraction called in multi-corner(1) mode.
RCMode: PreRoute
      RC Corner Indexes            0   
Capacitance Scaling Factor   : 1.00000 
Resistance Scaling Factor    : 1.00000 
Clock Cap. Scaling Factor    : 1.00000 
Clock Res. Scaling Factor    : 1.00000 
Shrink Factor                : 1.00000
PreRoute extraction is honoring NDR/Shielding/ExtraSpace for clock nets.
Using Quantus QRC technology file ...
Updating RC grid for preRoute extraction ...
Initializing multi-corner resistance tables ...
PreRoute RC Extraction DONE (CPU Time: 0:00:00.1  Real Time: 0:00:00.0  MEM: 1797.418M)
  Updating RC parasitics by calling: "extractRC -noRouteCheck" done.
  Leaving CCOpt scope - extractRC done. (took cpu=0:00:00.1 real=0:00:00.1)
  Clock tree timing engine global stage delay update for rctypical_slow:setup.late...
  Clock tree timing engine global stage delay update for rctypical_slow:setup.late done. (took cpu=0:00:00.1 real=0:00:00.1)
  Clock DAG stats after routing clock trees:
    cell counts      : b=25, i=0, icg=0, dcg=0, l=0, total=25
    sink counts      : regular=587, enable_latch=0, load_capacitance=0, antenna=0, node_sink=0, total=587
    misc counts      : r=1, pp=0
    cell areas       : b=523.710um^2, i=0.000um^2, icg=0.000um^2, dcg=0.000um^2, l=0.000um^2, total=523.710um^2
    cell capacitance : b=0.145pF, i=0.000pF, icg=0.000pF, dcg=0.000pF, l=0.000pF, total=0.145pF
    sink capacitance : total=1.074pF, avg=0.002pF, sd=0.000pF, min=0.002pF, max=0.002pF
    wire capacitance : top=0.000pF, trunk=0.155pF, leaf=0.943pF, total=1.099pF
    wire lengths     : top=0.000um, trunk=868.910um, leaf=4804.315um, total=5673.225um
    hp wire lengths  : top=0.000um, trunk=649.980um, leaf=2173.040um, total=2823.020um
  Clock DAG net violations after routing clock trees:
    Remaining Transition : {count=1, worst=[0.002ns]} avg=0.002ns sd=0.000ns sum=0.002ns
  Clock DAG primary half-corner transition distribution after routing clock trees:
    Trunk : target=0.260ns count=3 avg=0.126ns sd=0.106ns min=0.003ns max=0.193ns {1 <= 0.156ns, 2 <= 0.208ns, 0 <= 0.234ns, 0 <= 0.247ns, 0 <= 0.260ns}
    Leaf  : target=0.150ns count=23 avg=0.131ns sd=0.014ns min=0.094ns max=0.152ns {0 <= 0.090ns, 3 <= 0.120ns, 11 <= 0.135ns, 6 <= 0.142ns, 2 <= 0.150ns} {1 <= 0.158ns, 0 <= 0.165ns, 0 <= 0.180ns, 0 <= 0.225ns, 0 > 0.225ns}
  Clock DAG library cell distribution after routing clock trees {count}:
     Bufs: CLKBUFX8: 25 
  Primary reporting skew groups after routing clock trees:
    skew_group SYS_CLOCK/func: insertion delay [min=0.486, max=0.537, avg=0.513, sd=0.013], skew [0.051 vs 0.223], 100% {0.486, 0.537} (wid=0.008 ws=0.005) (gid=0.533 gs=0.050)
  Skew group summary after routing clock trees:
    skew_group SYS_CLOCK/func: insertion delay [min=0.486, max=0.537, avg=0.513, sd=0.013], skew [0.051 vs 0.223], 100% {0.486, 0.537} (wid=0.008 ws=0.005) (gid=0.533 gs=0.050)
  CCOpt::Phase::Routing done. (took cpu=0:00:10.5 real=0:00:10.5)
  CCOpt::Phase::PostConditioning...
  Leaving CCOpt scope - Initializing placement interface...
  Leaving CCOpt scope - Initializing placement interface done. (took cpu=0:00:00.0 real=0:00:00.0)
  PostConditioning...
    PostConditioning active optimizations:
     - DRV fixing with initial upsizing, sizing and buffering
     - Skew fixing with sizing
    
    Currently running CTS, using active skew data
    Reset bufferability constraints...
    Resetting previous bufferability status on all nets so that PostConditioning will attempt to fix all clock tree violations.
    Reset bufferability constraints done. (took cpu=0:00:00.0 real=0:00:00.0)
    PostConditioning Upsizing To Fix DRVs...
      Fixing clock tree DRVs with upsizing: ...20% ...40% ...60% ...80% ...100% 
      CCOpt-PostConditioning: considered: 26, tested: 26, violation detected: 1, violation ignored (due to small violation): 0, cannot run: 0, attempted: 1, unsuccessful: 0, sized: 0
      
      Statistics: Fix DRVs (initial upsizing):
      ========================================
      
      Cell changes by Net Type:
      
      -------------------------------------------------------------------------------------------------------------------
      Net Type    Attempted            Upsized     Downsized    Swapped Same Size    Total Changed      Not Sized
      -------------------------------------------------------------------------------------------------------------------
      top                0                    0           0            0                    0                  0
      trunk              0                    0           0            0                    0                  0
      leaf               1 [100.0%]           0           0            0                    0 (0.0%)           1 (100.0%)
      -------------------------------------------------------------------------------------------------------------------
      Total              1 [100.0%]           0           0            0                    0 (0.0%)           1 (100.0%)
      -------------------------------------------------------------------------------------------------------------------
      
      Upsized: 0, Downsized: 0, Sized but same area: 0, Unchanged: 1, Area change: 0.000um^2 (0.000%)
      Max. move: 0.000um, Min. move: 0.000um, Avg. move: 0.000um
      
      Clock DAG stats after 'PostConditioning Upsizing To Fix DRVs':
        cell counts      : b=25, i=0, icg=0, dcg=0, l=0, total=25
        sink counts      : regular=587, enable_latch=0, load_capacitance=0, antenna=0, node_sink=0, total=587
        misc counts      : r=1, pp=0
        cell areas       : b=523.710um^2, i=0.000um^2, icg=0.000um^2, dcg=0.000um^2, l=0.000um^2, total=523.710um^2
        cell capacitance : b=0.145pF, i=0.000pF, icg=0.000pF, dcg=0.000pF, l=0.000pF, total=0.145pF
        sink capacitance : total=1.074pF, avg=0.002pF, sd=0.000pF, min=0.002pF, max=0.002pF
        wire capacitance : top=0.000pF, trunk=0.155pF, leaf=0.943pF, total=1.099pF
        wire lengths     : top=0.000um, trunk=868.910um, leaf=4804.315um, total=5673.225um
        hp wire lengths  : top=0.000um, trunk=649.980um, leaf=2173.040um, total=2823.020um
      Clock DAG net violations after 'PostConditioning Upsizing To Fix DRVs':
        Remaining Transition : {count=1, worst=[0.002ns]} avg=0.002ns sd=0.000ns sum=0.002ns
      Clock DAG primary half-corner transition distribution after 'PostConditioning Upsizing To Fix DRVs':
        Trunk : target=0.260ns count=3 avg=0.126ns sd=0.106ns min=0.003ns max=0.193ns {1 <= 0.156ns, 2 <= 0.208ns, 0 <= 0.234ns, 0 <= 0.247ns, 0 <= 0.260ns}
        Leaf  : target=0.150ns count=23 avg=0.131ns sd=0.014ns min=0.094ns max=0.152ns {0 <= 0.090ns, 3 <= 0.120ns, 11 <= 0.135ns, 6 <= 0.142ns, 2 <= 0.150ns} {1 <= 0.158ns, 0 <= 0.165ns, 0 <= 0.180ns, 0 <= 0.225ns, 0 > 0.225ns}
      Clock DAG library cell distribution after 'PostConditioning Upsizing To Fix DRVs' {count}:
         Bufs: CLKBUFX8: 25 
      Primary reporting skew groups after 'PostConditioning Upsizing To Fix DRVs':
        skew_group SYS_CLOCK/func: insertion delay [min=0.486, max=0.537], skew [0.051 vs 0.223]
      Skew group summary after 'PostConditioning Upsizing To Fix DRVs':
        skew_group SYS_CLOCK/func: insertion delay [min=0.486, max=0.537], skew [0.051 vs 0.223]
      Legalizer API calls during this step: 1 succeeded with high effort: 1 succeeded with medium effort: 0 succeeded with low effort: 0 succeeded with basic effort: 0 succeeded with basic unbounded effort: 0
    PostConditioning Upsizing To Fix DRVs done. (took cpu=0:00:00.1 real=0:00:00.1)
    Recomputing CTS skew targets...
    Resolving skew group constraints...
      Solving LP: 1 skew groups; 2 fragments, 2 fraglets and 3 vertices; 25 variables and 66 constraints; tolerance 1
    Resolving skew group constraints done.
    Recomputing CTS skew targets done. (took cpu=0:00:00.1 real=0:00:00.1)
    PostConditioning Fixing DRVs...
      Fixing clock tree DRVs: ...20% ...40% ...60% ...80% ...100% 
      CCOpt-PostConditioning: considered: 26, tested: 26, violation detected: 1, violation ignored (due to small violation): 0, cannot run: 0, attempted: 1, unsuccessful: 0, sized: 0
      
      Statistics: Fix DRVs (cell sizing):
      ===================================
      
      Cell changes by Net Type:
      
      -------------------------------------------------------------------------------------------------------------------
      Net Type    Attempted            Upsized     Downsized    Swapped Same Size    Total Changed      Not Sized
      -------------------------------------------------------------------------------------------------------------------
      top                0                    0           0            0                    0                  0
      trunk              0                    0           0            0                    0                  0
      leaf               1 [100.0%]           0           0            0                    0 (0.0%)           1 (100.0%)
      -------------------------------------------------------------------------------------------------------------------
      Total              1 [100.0%]           0           0            0                    0 (0.0%)           1 (100.0%)
      -------------------------------------------------------------------------------------------------------------------
      
      Upsized: 0, Downsized: 0, Sized but same area: 0, Unchanged: 1, Area change: 0.000um^2 (0.000%)
      Max. move: 0.000um, Min. move: 0.000um, Avg. move: 0.000um
      
      Clock DAG stats after 'PostConditioning Fixing DRVs':
        cell counts      : b=25, i=0, icg=0, dcg=0, l=0, total=25
        sink counts      : regular=587, enable_latch=0, load_capacitance=0, antenna=0, node_sink=0, total=587
        misc counts      : r=1, pp=0
        cell areas       : b=523.710um^2, i=0.000um^2, icg=0.000um^2, dcg=0.000um^2, l=0.000um^2, total=523.710um^2
        cell capacitance : b=0.145pF, i=0.000pF, icg=0.000pF, dcg=0.000pF, l=0.000pF, total=0.145pF
        sink capacitance : total=1.074pF, avg=0.002pF, sd=0.000pF, min=0.002pF, max=0.002pF
        wire capacitance : top=0.000pF, trunk=0.155pF, leaf=0.943pF, total=1.099pF
        wire lengths     : top=0.000um, trunk=868.910um, leaf=4804.315um, total=5673.225um
        hp wire lengths  : top=0.000um, trunk=649.980um, leaf=2173.040um, total=2823.020um
      Clock DAG net violations after 'PostConditioning Fixing DRVs':
        Remaining Transition : {count=1, worst=[0.002ns]} avg=0.002ns sd=0.000ns sum=0.002ns
      Clock DAG primary half-corner transition distribution after 'PostConditioning Fixing DRVs':
        Trunk : target=0.260ns count=3 avg=0.126ns sd=0.106ns min=0.003ns max=0.193ns {1 <= 0.156ns, 2 <= 0.208ns, 0 <= 0.234ns, 0 <= 0.247ns, 0 <= 0.260ns}
        Leaf  : target=0.150ns count=23 avg=0.131ns sd=0.014ns min=0.094ns max=0.152ns {0 <= 0.090ns, 3 <= 0.120ns, 11 <= 0.135ns, 6 <= 0.142ns, 2 <= 0.150ns} {1 <= 0.158ns, 0 <= 0.165ns, 0 <= 0.180ns, 0 <= 0.225ns, 0 > 0.225ns}
      Clock DAG library cell distribution after 'PostConditioning Fixing DRVs' {count}:
         Bufs: CLKBUFX8: 25 
      Primary reporting skew groups after 'PostConditioning Fixing DRVs':
        skew_group SYS_CLOCK/func: insertion delay [min=0.486, max=0.537], skew [0.051 vs 0.223]
      Skew group summary after 'PostConditioning Fixing DRVs':
        skew_group SYS_CLOCK/func: insertion delay [min=0.486, max=0.537], skew [0.051 vs 0.223]
      Legalizer API calls during this step: 3 succeeded with high effort: 3 succeeded with medium effort: 0 succeeded with low effort: 0 succeeded with basic effort: 0 succeeded with basic unbounded effort: 0
    PostConditioning Fixing DRVs done. (took cpu=0:00:00.1 real=0:00:00.1)
    Buffering to fix DRVs...
    Fixing DRVs with route buffering pass 1. Quick buffering: enabled
    Rebuffering to fix clock tree DRVs: ...20% ...40% ...60% ...80% ...100% 
    Inserted 0 buffers and inverters.
    success count. Default: 0, QS: 0, QD: 0, FS: 0, MQS: 0
    CCOpt-PostConditioning: nets considered: 26, nets tested: 26, nets violation detected: 1, nets violation ignored (due to small violation): 0, nets cannot run: 0, nets attempted: 1, nets unsuccessful: 1, buffered: 0
    Clock DAG stats PostConditioning after re-buffering DRV fixing:
      cell counts      : b=25, i=0, icg=0, dcg=0, l=0, total=25
      sink counts      : regular=587, enable_latch=0, load_capacitance=0, antenna=0, node_sink=0, total=587
      misc counts      : r=1, pp=0
      cell areas       : b=523.710um^2, i=0.000um^2, icg=0.000um^2, dcg=0.000um^2, l=0.000um^2, total=523.710um^2
      cell capacitance : b=0.145pF, i=0.000pF, icg=0.000pF, dcg=0.000pF, l=0.000pF, total=0.145pF
      sink capacitance : total=1.074pF, avg=0.002pF, sd=0.000pF, min=0.002pF, max=0.002pF
      wire capacitance : top=0.000pF, trunk=0.155pF, leaf=0.943pF, total=1.099pF
      wire lengths     : top=0.000um, trunk=868.910um, leaf=4804.315um, total=5673.225um
      hp wire lengths  : top=0.000um, trunk=649.980um, leaf=2173.040um, total=2823.020um
    Clock DAG net violations PostConditioning after re-buffering DRV fixing:
      Remaining Transition : {count=1, worst=[0.002ns]} avg=0.002ns sd=0.000ns sum=0.002ns
    Clock DAG primary half-corner transition distribution PostConditioning after re-buffering DRV fixing:
      Trunk : target=0.260ns count=3 avg=0.126ns sd=0.106ns min=0.003ns max=0.193ns {1 <= 0.156ns, 2 <= 0.208ns, 0 <= 0.234ns, 0 <= 0.247ns, 0 <= 0.260ns}
      Leaf  : target=0.150ns count=23 avg=0.131ns sd=0.014ns min=0.094ns max=0.152ns {0 <= 0.090ns, 3 <= 0.120ns, 11 <= 0.135ns, 6 <= 0.142ns, 2 <= 0.150ns} {1 <= 0.158ns, 0 <= 0.165ns, 0 <= 0.180ns, 0 <= 0.225ns, 0 > 0.225ns}
    Clock DAG library cell distribution PostConditioning after re-buffering DRV fixing {count}:
       Bufs: CLKBUFX8: 25 
    Primary reporting skew groups PostConditioning after re-buffering DRV fixing:
      skew_group SYS_CLOCK/func: insertion delay [min=0.486, max=0.537, avg=0.513, sd=0.013], skew [0.051 vs 0.223], 100% {0.486, 0.537} (wid=0.008 ws=0.005) (gid=0.533 gs=0.050)
    Skew group summary PostConditioning after re-buffering DRV fixing:
      skew_group SYS_CLOCK/func: insertion delay [min=0.486, max=0.537, avg=0.513, sd=0.013], skew [0.051 vs 0.223], 100% {0.486, 0.537} (wid=0.008 ws=0.005) (gid=0.533 gs=0.050)
    Buffering to fix DRVs done. (took cpu=0:00:00.4 real=0:00:00.4)
    PostConditioning Fixing Skew by cell sizing...
      Resized 0 clock insts to decrease delay.
      Resized 0 clock insts to increase delay.
      
      Statistics: Fix Skew (cell sizing):
      ===================================
      
      Cell changes by Net Type:
      
      -------------------------------------------------------------------------------------------------
      Net Type    Attempted    Upsized     Downsized    Swapped Same Size    Total Changed    Not Sized
      -------------------------------------------------------------------------------------------------
      top                0            0           0            0                    0                0
      trunk              0            0           0            0                    0                0
      leaf               0            0           0            0                    0                0
      -------------------------------------------------------------------------------------------------
      Total              0            0           0            0                    0                0
      -------------------------------------------------------------------------------------------------
      
      Upsized: 0, Downsized: 0, Sized but same area: 0, Unchanged: 0, Area change: 0.000um^2 (0.000%)
      Max. move: 0.000um, Min. move: 0.000um, Avg. move: N/A
      
      Clock DAG stats after 'PostConditioning Fixing Skew by cell sizing':
        cell counts      : b=25, i=0, icg=0, dcg=0, l=0, total=25
        sink counts      : regular=587, enable_latch=0, load_capacitance=0, antenna=0, node_sink=0, total=587
        misc counts      : r=1, pp=0
        cell areas       : b=523.710um^2, i=0.000um^2, icg=0.000um^2, dcg=0.000um^2, l=0.000um^2, total=523.710um^2
        cell capacitance : b=0.145pF, i=0.000pF, icg=0.000pF, dcg=0.000pF, l=0.000pF, total=0.145pF
        sink capacitance : total=1.074pF, avg=0.002pF, sd=0.000pF, min=0.002pF, max=0.002pF
        wire capacitance : top=0.000pF, trunk=0.155pF, leaf=0.943pF, total=1.099pF
        wire lengths     : top=0.000um, trunk=868.910um, leaf=4804.315um, total=5673.225um
        hp wire lengths  : top=0.000um, trunk=649.980um, leaf=2173.040um, total=2823.020um
      Clock DAG net violations after 'PostConditioning Fixing Skew by cell sizing':
        Remaining Transition : {count=1, worst=[0.002ns]} avg=0.002ns sd=0.000ns sum=0.002ns
      Clock DAG primary half-corner transition distribution after 'PostConditioning Fixing Skew by cell sizing':
        Trunk : target=0.260ns count=3 avg=0.126ns sd=0.106ns min=0.003ns max=0.193ns {1 <= 0.156ns, 2 <= 0.208ns, 0 <= 0.234ns, 0 <= 0.247ns, 0 <= 0.260ns}
        Leaf  : target=0.150ns count=23 avg=0.131ns sd=0.014ns min=0.094ns max=0.152ns {0 <= 0.090ns, 3 <= 0.120ns, 11 <= 0.135ns, 6 <= 0.142ns, 2 <= 0.150ns} {1 <= 0.158ns, 0 <= 0.165ns, 0 <= 0.180ns, 0 <= 0.225ns, 0 > 0.225ns}
      Clock DAG library cell distribution after 'PostConditioning Fixing Skew by cell sizing' {count}:
         Bufs: CLKBUFX8: 25 
      Primary reporting skew groups after 'PostConditioning Fixing Skew by cell sizing':
        skew_group SYS_CLOCK/func: insertion delay [min=0.486, max=0.537, avg=0.513, sd=0.013], skew [0.051 vs 0.223], 100% {0.486, 0.537} (wid=0.008 ws=0.005) (gid=0.533 gs=0.050)
      Skew group summary after 'PostConditioning Fixing Skew by cell sizing':
        skew_group SYS_CLOCK/func: insertion delay [min=0.486, max=0.537, avg=0.513, sd=0.013], skew [0.051 vs 0.223], 100% {0.486, 0.537} (wid=0.008 ws=0.005) (gid=0.533 gs=0.050)
      Legalizer API calls during this step: 0 succeeded with high effort: 0 succeeded with medium effort: 0 succeeded with low effort: 0 succeeded with basic effort: 0 succeeded with basic unbounded effort: 0
    PostConditioning Fixing Skew by cell sizing done. (took cpu=0:00:00.0 real=0:00:00.0)
    Reconnecting optimized routes...
    Reset timing graph...
Ignoring AAE DB Resetting ...
    Reset timing graph done.
    Reconnecting optimized routes done. (took cpu=0:00:00.0 real=0:00:00.0)
Skipping refinePlace: no changes were made during DRV and/or skew fixing steps so it is unnecessary.
  PostConditioning done.
Net route status summary:
  Clock:        26 (unrouted=0, trialRouted=0, noStatus=0, routed=0, fixed=26, [crossesIlmBoundary=0, tooFewTerms=0, (crossesIlmBoundary AND tooFewTerms=0)])
  Non-clock:  4532 (unrouted=235, trialRouted=4297, noStatus=0, routed=0, fixed=0, [crossesIlmBoundary=0, tooFewTerms=235, (crossesIlmBoundary AND tooFewTerms=0)])
  Update timing and DAG stats after post-conditioning...
  Update timing and DAG stats after post-conditioning done. (took cpu=0:00:00.0 real=0:00:00.0)
  Clock tree timing engine global stage delay update for rctypical_slow:setup.late...
  Clock tree timing engine global stage delay update for rctypical_slow:setup.late done. (took cpu=0:00:00.1 real=0:00:00.1)
  Clock DAG stats after post-conditioning:
    cell counts      : b=25, i=0, icg=0, dcg=0, l=0, total=25
    sink counts      : regular=587, enable_latch=0, load_capacitance=0, antenna=0, node_sink=0, total=587
    misc counts      : r=1, pp=0
    cell areas       : b=523.710um^2, i=0.000um^2, icg=0.000um^2, dcg=0.000um^2, l=0.000um^2, total=523.710um^2
    cell capacitance : b=0.145pF, i=0.000pF, icg=0.000pF, dcg=0.000pF, l=0.000pF, total=0.145pF
    sink capacitance : total=1.074pF, avg=0.002pF, sd=0.000pF, min=0.002pF, max=0.002pF
    wire capacitance : top=0.000pF, trunk=0.155pF, leaf=0.943pF, total=1.099pF
    wire lengths     : top=0.000um, trunk=868.910um, leaf=4804.315um, total=5673.225um
    hp wire lengths  : top=0.000um, trunk=649.980um, leaf=2173.040um, total=2823.020um
  Clock DAG net violations after post-conditioning:
    Remaining Transition : {count=1, worst=[0.002ns]} avg=0.002ns sd=0.000ns sum=0.002ns
  Clock DAG primary half-corner transition distribution after post-conditioning:
    Trunk : target=0.260ns count=3 avg=0.126ns sd=0.106ns min=0.003ns max=0.193ns {1 <= 0.156ns, 2 <= 0.208ns, 0 <= 0.234ns, 0 <= 0.247ns, 0 <= 0.260ns}
    Leaf  : target=0.150ns count=23 avg=0.131ns sd=0.014ns min=0.094ns max=0.152ns {0 <= 0.090ns, 3 <= 0.120ns, 11 <= 0.135ns, 6 <= 0.142ns, 2 <= 0.150ns} {1 <= 0.158ns, 0 <= 0.165ns, 0 <= 0.180ns, 0 <= 0.225ns, 0 > 0.225ns}
  Clock DAG library cell distribution after post-conditioning {count}:
     Bufs: CLKBUFX8: 25 
  Primary reporting skew groups after post-conditioning:
    skew_group SYS_CLOCK/func: insertion delay [min=0.486, max=0.537, avg=0.513, sd=0.013], skew [0.051 vs 0.223], 100% {0.486, 0.537} (wid=0.008 ws=0.005) (gid=0.533 gs=0.050)
  Skew group summary after post-conditioning:
    skew_group SYS_CLOCK/func: insertion delay [min=0.486, max=0.537, avg=0.513, sd=0.013], skew [0.051 vs 0.223], 100% {0.486, 0.537} (wid=0.008 ws=0.005) (gid=0.533 gs=0.050)
  CCOpt::Phase::PostConditioning done. (took cpu=0:00:00.9 real=0:00:00.9)
  Post-balance tidy up or trial balance steps...
  
  Clock DAG stats at end of CTS:
  ==============================
  
  ---------------------------------------------------------
  Cell type                 Count    Area       Capacitance
  ---------------------------------------------------------
  Buffers                    25      523.710       0.145
  Inverters                   0        0.000       0.000
  Integrated Clock Gates      0        0.000       0.000
  Discrete Clock Gates        0        0.000       0.000
  Clock Logic                 0        0.000       0.000
  All                        25      523.710       0.145
  ---------------------------------------------------------
  
  
  Clock DAG sink counts at end of CTS:
  ====================================
  
  -------------------------
  Sink type           Count
  -------------------------
  Regular              587
  Enable Latch           0
  Load Capacitance       0
  Antenna Diode          0
  Node Sink              0
  Total                587
  -------------------------
  
  
  Clock DAG wire lengths at end of CTS:
  =====================================
  
  --------------------
  Type     Wire Length
  --------------------
  Top          0.000
  Trunk      868.910
  Leaf      4804.315
  Total     5673.225
  --------------------
  
  
  Clock DAG hp wire lengths at end of CTS:
  ========================================
  
  -----------------------
  Type     hp Wire Length
  -----------------------
  Top            0.000
  Trunk        649.980
  Leaf        2173.040
  Total       2823.020
  -----------------------
  
  
  Clock DAG capacitances at end of CTS:
  =====================================
  
  --------------------------------
  Type     Gate     Wire     Total
  --------------------------------
  Top      0.000    0.000    0.000
  Trunk    0.145    0.155    0.301
  Leaf     1.074    0.943    2.017
  Total    1.219    1.099    2.318
  --------------------------------
  
  
  Clock DAG sink capacitances at end of CTS:
  ==========================================
  
  -----------------------------------------------
  Total    Average    Std. Dev.    Min      Max
  -----------------------------------------------
  1.074     0.002       0.000      0.002    0.002
  -----------------------------------------------
  
  
  Clock DAG net violations at end of CTS:
  =======================================
  
  --------------------------------------------------------------------------------------------
  Type                    Units    Count    Average    Std. Dev.    Sum      Top 10 violations
  --------------------------------------------------------------------------------------------
  Remaining Transition    ns         1       0.002       0.000      0.002    [0.002]
  --------------------------------------------------------------------------------------------
  
  
  Clock DAG primary half-corner transition distribution at end of CTS:
  ====================================================================
  
  -------------------------------------------------------------------------------------------------------------------------------------------------------------------------------------------------------------------------
  Net Type    Target    Count    Average    Std. Dev.    Min      Max      Distribution                                                               Over Target
  -------------------------------------------------------------------------------------------------------------------------------------------------------------------------------------------------------------------------
  Trunk       0.260       3       0.126       0.106      0.003    0.193    {1 <= 0.156ns, 2 <= 0.208ns, 0 <= 0.234ns, 0 <= 0.247ns, 0 <= 0.260ns}                                       -
  Leaf        0.150      23       0.131       0.014      0.094    0.152    {0 <= 0.090ns, 3 <= 0.120ns, 11 <= 0.135ns, 6 <= 0.142ns, 2 <= 0.150ns}    {1 <= 0.158ns, 0 <= 0.165ns, 0 <= 0.180ns, 0 <= 0.225ns, 0 > 0.225ns}
  -------------------------------------------------------------------------------------------------------------------------------------------------------------------------------------------------------------------------
  
  
  Clock DAG library cell distribution at end of CTS:
  ==================================================
  
  -----------------------------------------
  Name        Type      Inst     Inst Area 
                        Count    (um^2)
  -----------------------------------------
  CLKBUFX8    buffer     25       523.710
  -----------------------------------------
  
  
  Primary reporting skew groups summary at end of CTS:
  ====================================================
  
  -------------------------------------------------------------------------------------------------------------------------------------------------------------------------
  Half-corner                  Skew Group        Min ID    Max ID    Skew     Skew target    Wire skew    Worst sink skew    Average ID    Std.Dev    Skew window occupancy
  -------------------------------------------------------------------------------------------------------------------------------------------------------------------------
  rctypical_slow:setup.late    SYS_CLOCK/func    0.486     0.537     0.051       0.223         0.005           0.003           0.513        0.013     100% {0.486, 0.537}
  -------------------------------------------------------------------------------------------------------------------------------------------------------------------------
  
  
  Skew group summary at end of CTS:
  =================================
  
  -------------------------------------------------------------------------------------------------------------------------------------------------------------------------
  Half-corner                  Skew Group        Min ID    Max ID    Skew     Skew target    Wire skew    Worst sink skew    Average ID    Std.Dev    Skew window occupancy
  -------------------------------------------------------------------------------------------------------------------------------------------------------------------------
  rctypical_slow:setup.late    SYS_CLOCK/func    0.486     0.537     0.051       0.223         0.005           0.003           0.513        0.013     100% {0.486, 0.537}
  -------------------------------------------------------------------------------------------------------------------------------------------------------------------------
  
  
  Found a total of 29 clock tree pins with a slew violation.
  
  Slew violation summary across all clock trees - Top 10 violating pins:
  ======================================================================
  
  Target and measured clock slews (in ns):
  
  -------------------------------------------------------------------------------------------------------------
  Half corner                Violation  Slew    Slew      Dont   Ideal  Target            Pin
                             amount     target  achieved  touch  net?   source            
                                                          net?                            
  -------------------------------------------------------------------------------------------------------------
  rctypical_slow:setup.late    0.002    0.150    0.152    N      N      liberty explicit  PC1/RF_reg[5][26]/CK
  rctypical_slow:setup.late    0.002    0.150    0.152    N      N      liberty explicit  PC1/RF_reg[5][27]/CK
  rctypical_slow:setup.late    0.002    0.150    0.152    N      N      liberty explicit  PC1/RF_reg[5][28]/CK
  rctypical_slow:setup.late    0.002    0.150    0.152    N      N      liberty explicit  PC1/RF_reg[6][23]/CK
  rctypical_slow:setup.late    0.002    0.150    0.152    N      N      liberty explicit  PC1/RF_reg[6][26]/CK
  rctypical_slow:setup.late    0.002    0.150    0.152    N      N      liberty explicit  PC1/RF_reg[7][26]/CK
  rctypical_slow:setup.late    0.002    0.150    0.152    N      N      liberty explicit  PC1/RF_reg[14][1]/CK
  rctypical_slow:setup.late    0.002    0.150    0.152    N      N      liberty explicit  PC1/RF_reg[14][29]/CK
  rctypical_slow:setup.late    0.002    0.150    0.152    N      N      liberty explicit  PC1/RF_reg[15][29]/CK
  rctypical_slow:setup.late    0.002    0.150    0.152    N      N      liberty explicit  PC1/RF_reg[15][30]/CK
  -------------------------------------------------------------------------------------------------------------
  
  Target sources:
  auto extracted - target was extracted from SDC.
  auto computed - target was computed when balancing trees.
  explicit - target is explicitly set via target_max_trans property.
  pin explicit - target is explicitly set for this pin via pin_target_max_trans property.
  liberty explicit - target is explicitly set via max_transition from liberty library.
  
  Found 0 pins on nets marked dont_touch that have slew violations.
  Found 0 pins on nets marked dont_touch that do not have slew violations.
  Found 0 pins on nets marked ideal_network that have slew violations.
  Found 0 pins on nets marked ideal_network that do not have slew violations.
  
  
  Post-balance tidy up or trial balance steps done. (took cpu=0:00:00.1 real=0:00:00.1)
Synthesizing clock trees done.
Tidy Up And Update Timing...
External - Set all clocks to propagated mode...
Innovus updating I/O latencies
AAE_INFO: opIsDesignInPostRouteState() is 0
#################################################################################
# Design Stage: PreRoute
# Design Name: RISC_V3
# Design Mode: 130nm
# Analysis Mode: MMMC OCV 
# Parasitics Mode: No SPEF/RCDB 
# Signoff Settings: SI Off 
#################################################################################
Start delay calculation (fullDC) (1 T). (MEM=1894.07)
Total number of fetched objects 4556
Total number of fetched objects 4556
Total number of fetched objects 4556
End delay calculation. (MEM=1980.46 CPU=0:00:00.9 REAL=0:00:01.0)
End delay calculation (fullDC). (MEM=1943.84 CPU=0:00:02.1 REAL=0:00:02.0)
	Clock: SYS_CLOCK, View: func_fast, Ideal Latency: 0, Propagated Latency: 0.20457
	 Executing: set_clock_latency -source -early -min -rise -0.20457 [get_pins SYS_CLOCK]
	Clock: SYS_CLOCK, View: func_fast, Ideal Latency: 0, Propagated Latency: 0.20457
	 Executing: set_clock_latency -source -late -min -rise -0.20457 [get_pins SYS_CLOCK]
	Clock: SYS_CLOCK, View: func_fast, Ideal Latency: 0, Propagated Latency: 0.208931
	 Executing: set_clock_latency -source -early -min -fall -0.208931 [get_pins SYS_CLOCK]
	Clock: SYS_CLOCK, View: func_fast, Ideal Latency: 0, Propagated Latency: 0.208931
	 Executing: set_clock_latency -source -late -min -fall -0.208931 [get_pins SYS_CLOCK]
	Clock: SYS_CLOCK, View: func_fast, Ideal Latency: 0, Propagated Latency: 0.20457
	 Executing: set_clock_latency -source -early -max -rise -0.20457 [get_pins SYS_CLOCK]
	Clock: SYS_CLOCK, View: func_fast, Ideal Latency: 0, Propagated Latency: 0.20457
	 Executing: set_clock_latency -source -late -max -rise -0.20457 [get_pins SYS_CLOCK]
	Clock: SYS_CLOCK, View: func_fast, Ideal Latency: 0, Propagated Latency: 0.208931
	 Executing: set_clock_latency -source -early -max -fall -0.208931 [get_pins SYS_CLOCK]
	Clock: SYS_CLOCK, View: func_fast, Ideal Latency: 0, Propagated Latency: 0.208931
	 Executing: set_clock_latency -source -late -max -fall -0.208931 [get_pins SYS_CLOCK]
	Clock: SYS_CLOCK, View: func_typical, Ideal Latency: 0, Propagated Latency: 0.302589
	 Executing: set_clock_latency -source -early -min -rise -0.302589 [get_pins SYS_CLOCK]
	Clock: SYS_CLOCK, View: func_typical, Ideal Latency: 0, Propagated Latency: 0.302589
	 Executing: set_clock_latency -source -late -min -rise -0.302589 [get_pins SYS_CLOCK]
	Clock: SYS_CLOCK, View: func_typical, Ideal Latency: 0, Propagated Latency: 0.307383
	 Executing: set_clock_latency -source -early -min -fall -0.307383 [get_pins SYS_CLOCK]
	Clock: SYS_CLOCK, View: func_typical, Ideal Latency: 0, Propagated Latency: 0.307383
	 Executing: set_clock_latency -source -late -min -fall -0.307383 [get_pins SYS_CLOCK]
	Clock: SYS_CLOCK, View: func_typical, Ideal Latency: 0, Propagated Latency: 0.302589
	 Executing: set_clock_latency -source -early -max -rise -0.302589 [get_pins SYS_CLOCK]
	Clock: SYS_CLOCK, View: func_typical, Ideal Latency: 0, Propagated Latency: 0.302589
	 Executing: set_clock_latency -source -late -max -rise -0.302589 [get_pins SYS_CLOCK]
	Clock: SYS_CLOCK, View: func_typical, Ideal Latency: 0, Propagated Latency: 0.307383
	 Executing: set_clock_latency -source -early -max -fall -0.307383 [get_pins SYS_CLOCK]
	Clock: SYS_CLOCK, View: func_typical, Ideal Latency: 0, Propagated Latency: 0.307383
	 Executing: set_clock_latency -source -late -max -fall -0.307383 [get_pins SYS_CLOCK]
	Clock: SYS_CLOCK, View: func_slow, Ideal Latency: 0, Propagated Latency: 0.503678
	 Executing: set_clock_latency -source -early -min -rise -0.503678 [get_pins SYS_CLOCK]
	Clock: SYS_CLOCK, View: func_slow, Ideal Latency: 0, Propagated Latency: 0.503678
	 Executing: set_clock_latency -source -late -min -rise -0.503678 [get_pins SYS_CLOCK]
	Clock: SYS_CLOCK, View: func_slow, Ideal Latency: 0, Propagated Latency: 0.521832
	 Executing: set_clock_latency -source -early -min -fall -0.521832 [get_pins SYS_CLOCK]
	Clock: SYS_CLOCK, View: func_slow, Ideal Latency: 0, Propagated Latency: 0.521832
	 Executing: set_clock_latency -source -late -min -fall -0.521832 [get_pins SYS_CLOCK]
	Clock: SYS_CLOCK, View: func_slow, Ideal Latency: 0, Propagated Latency: 0.503678
	 Executing: set_clock_latency -source -early -max -rise -0.503678 [get_pins SYS_CLOCK]
	Clock: SYS_CLOCK, View: func_slow, Ideal Latency: 0, Propagated Latency: 0.503678
	 Executing: set_clock_latency -source -late -max -rise -0.503678 [get_pins SYS_CLOCK]
	Clock: SYS_CLOCK, View: func_slow, Ideal Latency: 0, Propagated Latency: 0.521832
	 Executing: set_clock_latency -source -early -max -fall -0.521832 [get_pins SYS_CLOCK]
	Clock: SYS_CLOCK, View: func_slow, Ideal Latency: 0, Propagated Latency: 0.521832
	 Executing: set_clock_latency -source -late -max -fall -0.521832 [get_pins SYS_CLOCK]
Setting all clocks to propagated mode.
External - Set all clocks to propagated mode done. (took cpu=0:00:04.1 real=0:00:04.0)
Clock DAG stats after update timingGraph:
  cell counts      : b=25, i=0, icg=0, dcg=0, l=0, total=25
  sink counts      : regular=587, enable_latch=0, load_capacitance=0, antenna=0, node_sink=0, total=587
  misc counts      : r=1, pp=0
  cell areas       : b=523.710um^2, i=0.000um^2, icg=0.000um^2, dcg=0.000um^2, l=0.000um^2, total=523.710um^2
  cell capacitance : b=0.145pF, i=0.000pF, icg=0.000pF, dcg=0.000pF, l=0.000pF, total=0.145pF
  sink capacitance : total=1.074pF, avg=0.002pF, sd=0.000pF, min=0.002pF, max=0.002pF
  wire capacitance : top=0.000pF, trunk=0.155pF, leaf=0.943pF, total=1.099pF
  wire lengths     : top=0.000um, trunk=868.910um, leaf=4804.315um, total=5673.225um
  hp wire lengths  : top=0.000um, trunk=649.980um, leaf=2173.040um, total=2823.020um
Clock DAG net violations after update timingGraph:
  Remaining Transition : {count=1, worst=[0.002ns]} avg=0.002ns sd=0.000ns sum=0.002ns
Clock DAG primary half-corner transition distribution after update timingGraph:
  Trunk : target=0.260ns count=3 avg=0.126ns sd=0.106ns min=0.003ns max=0.193ns {1 <= 0.156ns, 2 <= 0.208ns, 0 <= 0.234ns, 0 <= 0.247ns, 0 <= 0.260ns}
  Leaf  : target=0.150ns count=23 avg=0.131ns sd=0.014ns min=0.094ns max=0.152ns {0 <= 0.090ns, 3 <= 0.120ns, 11 <= 0.135ns, 6 <= 0.142ns, 2 <= 0.150ns} {1 <= 0.158ns, 0 <= 0.165ns, 0 <= 0.180ns, 0 <= 0.225ns, 0 > 0.225ns}
Clock DAG library cell distribution after update timingGraph {count}:
   Bufs: CLKBUFX8: 25 
Primary reporting skew groups after update timingGraph:
  skew_group SYS_CLOCK/func: insertion delay [min=0.486, max=0.537, avg=0.513, sd=0.013], skew [0.051 vs 0.223], 100% {0.486, 0.537} (wid=0.008 ws=0.005) (gid=0.533 gs=0.050)
Skew group summary after update timingGraph:
  skew_group SYS_CLOCK/func: insertion delay [min=0.486, max=0.537, avg=0.513, sd=0.013], skew [0.051 vs 0.223], 100% {0.486, 0.537} (wid=0.008 ws=0.005) (gid=0.533 gs=0.050)
Logging CTS constraint violations...
  Clock tree SYS_CLOCK has 1 slew violation.
**WARN: (IMPCCOPT-1007):	Did not meet the max transition constraint. Found 29 slew violations below cell PC1/CTS_ccl_a_buf_00002 (a lib_cell CLKBUFX8) at (142.140,59.800), in power domain auto-default with half corner rctypical_slow:setup.late. The worst violation was at the pin PC1/RF_reg[15][30]/CK with a slew time target of 0.150ns. Achieved a slew time of 0.152ns.

Type 'man IMPCCOPT-1007' for more detail.
Logging CTS constraint violations done.
Tidy Up And Update Timing done. (took cpu=0:00:04.1 real=0:00:04.1)
Runtime done. (took cpu=0:00:40.8 real=0:00:41.7)
Runtime Summary
===============
Clock Runtime:  (26%) Core CTS          10.53 (Init 1.23, Construction 1.81, Implementation 5.48, eGRPC 0.31, PostConditioning 0.93, Other 0.77)
Clock Runtime:  (28%) CTS services      11.47 (RefinePlace 0.97, EarlyGlobalClock 0.81, NanoRoute 9.33, ExtractRC 0.37, TimingAnalysis 0.00)
Clock Runtime:  (44%) Other CTS         17.74 (Init 0.73, CongRepair/EGR-DP 12.99, TimingUpdate 4.02, Other 0.00)
Clock Runtime: (100%) Total             39.74

Leaving CCOpt scope - Cleaning up placement interface...
Leaving CCOpt scope - Cleaning up placement interface done. (took cpu=0:00:00.0 real=0:00:00.0)
*** CTS #1 [finish] (ccopt_design #1) : cpu/real = 0:00:38.8/0:00:39.6 (1.0), totSession cpu/real = 0:01:28.2/0:01:29.6 (1.0), mem = 1791.7M
Synthesizing clock trees with CCOpt done.
**WARN: (IMPSP-9025):	No scan chain specified/traced.
Type 'man IMPSP-9025' for more detail.
**optDesign ... cpu = 0:00:00, real = 0:00:00, mem = 1290.4M, totSessionCpu=0:01:28 **
GigaOpt running with 1 threads.
*** InitOpt #1 [begin] (ccopt_design #1) : totSession cpu/real = 0:01:28.2/0:01:29.7 (1.0), mem = 1791.7M
**INFO: setDesignMode -flowEffort standard -> setting 'setOptMode -allEndPoints true' for the duration of this command.
Need call spDPlaceInit before registerPrioInstLoc.
**optDesign ... cpu = 0:00:01, real = 0:00:02, mem = 1352.2M, totSessionCpu=0:01:29 **
*** optDesign -postCTS ***
DRC Margin: user margin 0.0; extra margin 0.2
Hold Target Slack: user slack 0
Setup Target Slack: user slack 0; extra slack 0.0
setUsefulSkewMode -ecoRoute false
No user sequential activity specified, applying default sequential activity of "0.2" for Dynamic Power reporting.
'set_default_switching_activity' finished successfully.
Multi-VT timing optimization disabled based on library information.
Start to check current routing status for nets...
All nets are already routed correctly.
End to check current routing status for nets (mem=1862.7M)

Footprint cell information for calculating maxBufDist
*info: There are 4 candidate Buffer cells
*info: There are 5 candidate Inverter cells

Compute RC Scale Done ...
Starting delay calculation for Setup views
AAE_INFO: opIsDesignInPostRouteState() is 0
#################################################################################
# Design Stage: PreRoute
# Design Name: RISC_V3
# Design Mode: 130nm
# Analysis Mode: MMMC OCV 
# Parasitics Mode: No SPEF/RCDB 
# Signoff Settings: SI Off 
#################################################################################
Start delay calculation (fullDC) (1 T). (MEM=1979.52)
Total number of fetched objects 4556
Total number of fetched objects 4556
End delay calculation. (MEM=1983.52 CPU=0:00:04.1 REAL=0:00:04.0)
End delay calculation (fullDC). (MEM=1983.52 CPU=0:00:04.9 REAL=0:00:05.0)
*** Done Building Timing Graph (cpu=0:00:05.6 real=0:00:05.0 totSessionCpu=0:01:36 mem=1983.5M)

------------------------------------------------------------------
             Initial Summary
------------------------------------------------------------------

Setup views included:
 func_slow func_typical 

+--------------------+---------+---------+---------+
|     Setup mode     |   all   | reg2reg | default |
+--------------------+---------+---------+---------+
|           WNS (ns):| -8.938  | -8.938  | -0.584  |
|           TNS (ns):| -3033.7 | -3027.9 | -5.824  |
|    Violating Paths:|   573   |   547   |   26    |
|          All Paths:|   695   |   587   |   695   |
+--------------------+---------+---------+---------+

+----------------+-------------------------------+------------------+
|                |              Real             |       Total      |
|    DRVs        +------------------+------------+------------------|
|                |  Nr nets(terms)  | Worst Vio  |  Nr nets(terms)  |
+----------------+------------------+------------+------------------+
|   max_cap      |    279 (279)     |   -0.330   |    279 (279)     |
|   max_tran     |    705 (4678)    |   -5.301   |    707 (4764)    |
|   max_fanout   |      0 (0)       |     0      |      0 (0)       |
|   max_length   |      0 (0)       |     0      |      0 (0)       |
+----------------+------------------+------------+------------------+

Density: 62.348%
------------------------------------------------------------------
**optDesign ... cpu = 0:00:09, real = 0:00:09, mem = 1447.6M, totSessionCpu=0:01:37 **
*** InitOpt #1 [finish] (ccopt_design #1) : cpu/real = 0:00:08.6/0:00:08.6 (1.0), totSession cpu/real = 0:01:36.8/0:01:38.2 (1.0), mem = 1951.5M
** INFO : this run is activating low effort ccoptDesign flow
OPTC: m1 20.0 20.0
-congRepairInPostCTS false                 # bool, default=false, private
Begin: GigaOpt Route Type Constraints Refinement
*** CongRefineRouteType #1 [begin] (ccopt_design #1) : totSession cpu/real = 0:01:37.5/0:01:39.0 (1.0), mem = 1952.5M
Updated routing constraints on 0 nets.
Bottom Preferred Layer:
+-------------+------------+----------+
|    Layer    |    CLK     |   Rule   |
+-------------+------------+----------+
| met3 (z=3)  |         26 | default  |
+-------------+------------+----------+
Via Pillar Rule:
    None
*** CongRefineRouteType #1 [finish] (ccopt_design #1) : cpu/real = 0:00:00.0/0:00:00.0 (1.0), totSession cpu/real = 0:01:37.5/0:01:39.0 (1.0), mem = 1952.5M
End: GigaOpt Route Type Constraints Refinement
*** SimplifyNetlist #1 [begin] (ccopt_design #1) : totSession cpu/real = 0:01:37.5/0:01:39.0 (1.0), mem = 1953.5M
Info: 26 nets with fixed/cover wires excluded.
Info: 26 clock nets excluded from IPO operation.
Usable buffer cells for single buffer setup transform:
BUFX2 BUFX4 BUFX8 BUFX16 
Number of usable buffer cells above: 4

Netlist preparation processing... 
Removed 0 instance
*info: Marking 0 isolation instances dont touch
*info: Marking 0 level shifter instances dont touch
*** SimplifyNetlist #1 [finish] (ccopt_design #1) : cpu/real = 0:00:01.2/0:00:01.2 (1.0), totSession cpu/real = 0:01:38.8/0:01:40.2 (1.0), mem = 1971.9M
*** Starting optimizing excluded clock nets MEM= 1971.9M) ***
*info: No excluded clock nets to be optimized.
*** Finished optimizing excluded clock nets (CPU Time= 0:00:00.0  MEM= 1971.9M) ***
*** Starting optimizing excluded clock nets MEM= 1971.9M) ***
*info: No excluded clock nets to be optimized.
*** Finished optimizing excluded clock nets (CPU Time= 0:00:00.0  MEM= 1971.9M) ***
Info: Done creating the CCOpt slew target map.
Begin: GigaOpt high fanout net optimization
*** DrvOpt #1 [begin] (ccopt_design #1) : totSession cpu/real = 0:01:38.8/0:01:40.3 (1.0), mem = 1971.9M
Info: 26 nets with fixed/cover wires excluded.
Info: 26 clock nets excluded from IPO operation.
*** DrvOpt #1 [finish] (ccopt_design #1) : cpu/real = 0:00:00.7/0:00:00.7 (1.0), totSession cpu/real = 0:01:39.5/0:01:40.9 (1.0), mem = 1972.0M
End: GigaOpt high fanout net optimization
Begin: GigaOpt DRV Optimization
*** DrvOpt #2 [begin] (ccopt_design #1) : totSession cpu/real = 0:01:39.7/0:01:41.1 (1.0), mem = 1972.0M
Info: 26 nets with fixed/cover wires excluded.
Info: 26 clock nets excluded from IPO operation.
+-------------------------------------------------------------------------------------------------------------------------------------------------------+
|        max-tran       |        max-cap        |  max-fanout |  max-length |       setup       |        |        |        |       |          |         |
+-------------------------------------------------------------------------------------------------------------------------------------------------------+
| nets | terms|  wViol  | nets | terms|  wViol  | nets | terms| nets | terms|   WNS   |   TNS   |  #Buf  |  #Inv  | #Resize|Density|   Real   |   Mem   |
+-------------------------------------------------------------------------------------------------------------------------------------------------------+
|   977|  6030|    -5.42|   389|   540|    -0.34|     0|     0|     0|     0|    -8.94| -3033.68|       0|       0|       0| 62.35%|          |         |
|     0|     0|     0.00|     0|     0|     0.00|     0|     0|     0|     0|    -2.87|  -371.00|     282|      89|     219| 66.75%| 0:00:27.0|  2124.2M|
|     0|     0|     0.00|     0|     0|     0.00|     0|     0|     0|     0|    -2.87|  -371.00|       0|       0|       0| 66.75%| 0:00:00.0|  2124.2M|
+-------------------------------------------------------------------------------------------------------------------------------------------------------+
Bottom Preferred Layer:
+-------------+------------+----------+
|    Layer    |    CLK     |   Rule   |
+-------------+------------+----------+
| met3 (z=3)  |         26 | default  |
+-------------+------------+----------+
Via Pillar Rule:
    None

*** Finish DRV Fixing (cpu=0:00:27.7 real=0:00:28.0 mem=2124.2M) ***

*** Starting refinePlace (0:02:09 mem=2079.2M) ***
Total net bbox length = 1.347e+05 (7.198e+04 6.271e+04) (ext = 1.418e+04)
Move report: Detail placement moves 980 insts, mean move: 1.38 um, max move: 7.36 um 
	Max move on inst (PC1/FE_OFC330_n_469): (105.80, 291.64) --> (109.02, 295.78)
	Runtime: CPU: 0:00:00.3 REAL: 0:00:00.0 MEM: 2063.2MB
Summary Report:
Instances move: 980 (out of 4245 movable)
Instances flipped: 0
Mean displacement: 1.38 um
Max displacement: 7.36 um (Instance: PC1/FE_OFC330_n_469) (105.8, 291.64) -> (109.02, 295.78)
	Length: 9 sites, height: 1 rows, site name: CoreSite, cell type: INVX8
Total net bbox length = 1.355e+05 (7.255e+04 6.296e+04) (ext = 1.418e+04)
Runtime: CPU: 0:00:00.3 REAL: 0:00:00.0 MEM: 2063.2MB
*** Finished refinePlace (0:02:09 mem=2063.2M) ***
*** maximum move = 7.36 um ***
*** Finished re-routing un-routed nets (2063.2M) ***

*** Finish Physical Update (cpu=0:00:00.5 real=0:00:00.0 mem=2079.2M) ***
*** DrvOpt #2 [finish] (ccopt_design #1) : cpu/real = 0:00:29.4/0:00:29.3 (1.0), totSession cpu/real = 0:02:09.1/0:02:10.5 (1.0), mem = 1999.1M
End: GigaOpt DRV Optimization
**optDesign ... cpu = 0:00:41, real = 0:00:41, mem = 1469.4M, totSessionCpu=0:02:09 **

Optimization is working on the following views:
  Setup views: func_slow 
  Hold  views: func_fast 
Begin: GigaOpt Global Optimization
*info: use new DP (enabled)
Info: 26 nets with fixed/cover wires excluded.
Info: 26 clock nets excluded from IPO operation.
*** GlobalOpt #1 [begin] (ccopt_design #1) : totSession cpu/real = 0:02:10.1/0:02:11.5 (1.0), mem = 2037.3M
*info: 26 clock nets excluded
*info: 26 nets with fixed/cover wires excluded.
** GigaOpt Global Opt WNS Slack -2.874  TNS Slack -371.001 
+--------+--------+---------+------------+--------+------------+---------+-----------------------+
|  WNS   |  TNS   | Density |    Real    |  Mem   | Worst View |Pathgroup|       End Point       |
+--------+--------+---------+------------+--------+------------+---------+-----------------------+
|  -2.874|-371.001|   66.75%|   0:00:00.0| 2056.4M|   func_slow|  reg2reg| PC1/RF_reg[7][29]/D   |
|  -1.447|-121.515|   66.50%|   0:00:04.0| 2087.5M|   func_slow|  reg2reg| PC1/RF_reg[12][30]/D  |
|  -1.447|-121.515|   66.50%|   0:00:00.0| 2087.5M|   func_slow|  reg2reg| PC1/RF_reg[12][30]/D  |
|  -1.447|-121.515|   66.50%|   0:00:00.0| 2087.5M|   func_slow|  reg2reg| PC1/RF_reg[12][30]/D  |
|  -0.601| -24.262|   66.81%|   0:00:01.0| 2087.5M|   func_slow|  reg2reg| PC1/RF_reg[12][30]/D  |
|  -0.470| -19.419|   66.92%|   0:00:03.0| 2089.0M|   func_slow|  reg2reg| PC1/RF_reg[13][30]/D  |
|  -0.470| -19.419|   66.92%|   0:00:00.0| 2089.0M|   func_slow|  reg2reg| PC1/RF_reg[13][30]/D  |
|  -0.470| -19.419|   66.92%|   0:00:00.0| 2089.0M|   func_slow|  reg2reg| PC1/RF_reg[13][30]/D  |
|  -0.373| -12.491|   67.03%|   0:00:01.0| 2089.0M|   func_slow|  reg2reg| PC1/RF_reg[13][30]/D  |
|  -0.264|  -5.724|   67.08%|   0:00:01.0| 2089.0M|   func_slow|  reg2reg| PC1/RF_reg[13][30]/D  |
|  -0.264|  -5.724|   67.08%|   0:00:00.0| 2089.0M|   func_slow|  reg2reg| PC1/RF_reg[13][30]/D  |
|  -0.264|  -5.724|   67.08%|   0:00:00.0| 2089.0M|   func_slow|  reg2reg| PC1/RF_reg[13][30]/D  |
|  -0.219|  -3.702|   67.19%|   0:00:01.0| 2089.0M|   func_slow|  reg2reg| PC1/RF_reg[13][30]/D  |
|  -0.161|  -2.523|   67.18%|   0:00:00.0| 2089.0M|   func_slow|  reg2reg| PC1/RF_reg[13][30]/D  |
|  -0.161|  -2.523|   67.18%|   0:00:00.0| 2089.0M|   func_slow|  reg2reg| PC1/RF_reg[13][30]/D  |
|  -0.161|  -2.523|   67.18%|   0:00:00.0| 2089.0M|   func_slow|  reg2reg| PC1/RF_reg[13][30]/D  |
|  -0.160|  -2.516|   67.20%|   0:00:00.0| 2089.0M|   func_slow|  reg2reg| PC1/RF_reg[12][30]/D  |
|  -0.160|  -2.516|   67.21%|   0:00:01.0| 2089.0M|   func_slow|  reg2reg| PC1/RF_reg[12][30]/D  |
|  -0.160|  -2.516|   67.21%|   0:00:00.0| 2089.0M|   func_slow|  reg2reg| PC1/RF_reg[12][30]/D  |
|  -0.160|  -2.516|   67.21%|   0:00:00.0| 2089.0M|   func_slow|  reg2reg| PC1/RF_reg[12][30]/D  |
|  -0.160|  -2.516|   67.21%|   0:00:00.0| 2089.0M|   func_slow|  reg2reg| PC1/RF_reg[12][30]/D  |
|  -0.141|  -1.525|   67.20%|   0:00:01.0| 2089.0M|   func_slow|  reg2reg| PC1/RF_reg[13][30]/D  |
+--------+--------+---------+------------+--------+------------+---------+-----------------------+

*** Finish post-CTS Global Setup Fixing (cpu=0:00:12.5 real=0:00:13.0 mem=2089.0M) ***

*** Finish post-CTS Setup Fixing (cpu=0:00:12.5 real=0:00:13.0 mem=2089.0M) ***
Bottom Preferred Layer:
+-------------+------------+----------+
|    Layer    |    CLK     |   Rule   |
+-------------+------------+----------+
| met3 (z=3)  |         26 | default  |
+-------------+------------+----------+
Via Pillar Rule:
    None
** GigaOpt Global Opt End WNS Slack -0.141  TNS Slack -1.525 
*** GlobalOpt #1 [finish] (ccopt_design #1) : cpu/real = 0:00:13.6/0:00:13.6 (1.0), totSession cpu/real = 0:02:23.7/0:02:25.1 (1.0), mem = 2006.9M
End: GigaOpt Global Optimization
*** Timing NOT met, worst failing slack is -0.141
*** Check timing (0:00:00.0)
Info: 26 nets with fixed/cover wires excluded.
Info: 26 clock nets excluded from IPO operation.
Begin: Area Reclaim Optimization
*** AreaOpt #1 [begin] (ccopt_design #1) : totSession cpu/real = 0:02:23.8/0:02:25.2 (1.0), mem = 2064.2M
Usable buffer cells for single buffer setup transform:
BUFX2 BUFX4 BUFX8 BUFX16 
Number of usable buffer cells above: 4
Reclaim Optimization WNS Slack -0.141  TNS Slack -1.525 Density 67.20
+---------+---------+--------+--------+------------+--------+
| Density | Commits |  WNS   |  TNS   |    Real    |  Mem   |
+---------+---------+--------+--------+------------+--------+
|   67.20%|        -|  -0.141|  -1.525|   0:00:00.0| 2066.2M|
|   67.19%|        7|  -0.141|  -1.525|   0:00:01.0| 2086.7M|
|   67.19%|        0|  -0.141|  -1.525|   0:00:00.0| 2086.7M|
|   66.79%|       27|  -0.137|  -1.427|   0:00:03.0| 2086.7M|
|   66.33%|       74|  -0.114|  -0.962|   0:00:04.0| 2086.7M|
|   66.32%|        1|  -0.114|  -0.962|   0:00:00.0| 2086.7M|
|   66.32%|        0|  -0.114|  -0.962|   0:00:00.0| 2086.7M|
|   66.32%|        0|  -0.114|  -0.962|   0:00:00.0| 2086.7M|
+---------+---------+--------+--------+------------+--------+
Reclaim Optimization End WNS Slack -0.114  TNS Slack -0.962 Density 66.32
Bottom Preferred Layer:
+-------------+------------+----------+
|    Layer    |    CLK     |   Rule   |
+-------------+------------+----------+
| met3 (z=3)  |         26 | default  |
+-------------+------------+----------+
Via Pillar Rule:
    None

Number of times islegalLocAvaiable called = 0 skipped = 0, called in commitmove = 0, skipped in commitmove = 0
End: Core Area Reclaim Optimization (cpu = 0:00:08.8) (real = 0:00:09.0) **
*** AreaOpt #1 [finish] (ccopt_design #1) : cpu/real = 0:00:08.8/0:00:08.7 (1.0), totSession cpu/real = 0:02:32.6/0:02:33.9 (1.0), mem = 2086.7M
Executing incremental physical updates
Executing incremental physical updates
End: Area Reclaim Optimization (cpu=0:00:09, real=0:00:09, mem=2010.66M, totSessionCpu=0:02:33).

Active setup views:
 func_slow
  Dominating endpoints: 0
  Dominating TNS: -0.000

Begin: GigaOpt Optimization in WNS mode
Info: 26 nets with fixed/cover wires excluded.
Info: 26 clock nets excluded from IPO operation.
*** WnsOpt #1 [begin] (ccopt_design #1) : totSession cpu/real = 0:02:33.3/0:02:34.6 (1.0), mem = 2048.8M
*info: 26 clock nets excluded
*info: 26 nets with fixed/cover wires excluded.
** GigaOpt Optimizer WNS Slack -0.114 TNS Slack -0.962 Density 66.32
OptDebug: Start of Optimizer WNS Pass 0:
+----------+------+------+
|Path Group|   WNS|   TNS|
+----------+------+------+
|default   | 4.851| 0.000|
|reg2reg   |-0.114|-0.962|
|HEPG      |-0.114|-0.962|
|All Paths |-0.114|-0.962|
+----------+------+------+

CCOptDebug: Start of Optimizer WNS Pass 0: reg2reg* WNS -0.114ns TNS -0.962ns; HEPG WNS -0.114ns TNS -0.962ns; all paths WNS -0.114ns TNS -0.962ns; Real time 0:01:47
Active Path Group: reg2reg  
+--------+---------+--------+---------+---------+------------+--------+------------+---------+-----------------------+
|  WNS   | All WNS |  TNS   | All TNS | Density |    Real    |  Mem   | Worst View |Pathgroup|       End Point       |
+--------+---------+--------+---------+---------+------------+--------+------------+---------+-----------------------+
|  -0.114|   -0.114|  -0.962|   -0.962|   66.32%|   0:00:00.0| 2067.9M|   func_slow|  reg2reg| PC1/RF_reg[13][30]/D  |
|   0.024|    0.024|   0.000|    0.000|   66.35%|   0:00:00.0| 2089.5M|   func_slow|  reg2reg| PC1/RF_reg[12][30]/D  |
|   0.083|    0.083|   0.000|    0.000|   66.37%|   0:00:00.0| 2089.5M|   func_slow|  reg2reg| PC1/RF_reg[12][30]/D  |
|   0.083|    0.083|   0.000|    0.000|   66.37%|   0:00:00.0| 2089.5M|   func_slow|  reg2reg| PC1/RF_reg[12][30]/D  |
+--------+---------+--------+---------+---------+------------+--------+------------+---------+-----------------------+

*** Finish Core Optimize Step (cpu=0:00:00.8 real=0:00:00.0 mem=2089.5M) ***

*** Finished Optimize Step Cumulative (cpu=0:00:00.8 real=0:00:00.0 mem=2089.5M) ***
OptDebug: End of Optimizer WNS Pass 0:
+----------+-----+-----+
|Path Group|  WNS|  TNS|
+----------+-----+-----+
|default   |4.920|0.000|
|reg2reg   |0.083|0.000|
|HEPG      |0.083|0.000|
|All Paths |0.083|0.000|
+----------+-----+-----+

CCOptDebug: End of Optimizer WNS Pass 0: reg2reg* WNS 0.083ns TNS 0.000ns; HEPG WNS 0.083ns TNS 0.000ns; all paths WNS 0.083ns TNS 0.000ns; Real time 0:01:48
** GigaOpt Optimizer WNS Slack 0.083 TNS Slack 0.000 Density 66.37
*** Starting refinePlace (0:02:36 mem=2089.5M) ***
Total net bbox length = 1.361e+05 (7.309e+04 6.304e+04) (ext = 1.418e+04)

Starting Small incrNP...
Density distribution unevenness ratio = 6.937%
Skipped incrNP (cpu=0:00:00.0, real=0:00:00.0, mem=2089.5M)
End of Small incrNP (cpu=0:00:00.0, real=0:00:00.0)
Move report: Detail placement moves 363 insts, mean move: 1.24 um, max move: 7.82 um 
	Max move on inst (PC1/g43269__4733): (98.90, 146.74) --> (95.22, 150.88)
	Runtime: CPU: 0:00:00.6 REAL: 0:00:01.0 MEM: 2073.5MB
Summary Report:
Instances move: 363 (out of 4194 movable)
Instances flipped: 0
Mean displacement: 1.24 um
Max displacement: 7.82 um (Instance: PC1/g43269__4733) (98.9, 146.74) -> (95.22, 150.88)
	Length: 5 sites, height: 1 rows, site name: CoreSite, cell type: AND2X2
Total net bbox length = 1.364e+05 (7.328e+04 6.312e+04) (ext = 1.418e+04)
Runtime: CPU: 0:00:00.6 REAL: 0:00:01.0 MEM: 2073.5MB
*** Finished refinePlace (0:02:36 mem=2073.5M) ***
*** maximum move = 7.82 um ***
*** Finished re-routing un-routed nets (2073.5M) ***

*** Finish Physical Update (cpu=0:00:00.8 real=0:00:01.0 mem=2089.5M) ***
** GigaOpt Optimizer WNS Slack 0.083 TNS Slack 0.000 Density 66.37
OptDebug: End of Setup Fixing:
+----------+-----+-----+
|Path Group|  WNS|  TNS|
+----------+-----+-----+
|default   |4.920|0.000|
|reg2reg   |0.083|0.000|
|HEPG      |0.083|0.000|
|All Paths |0.083|0.000|
+----------+-----+-----+

Bottom Preferred Layer:
+-------------+------------+----------+
|    Layer    |    CLK     |   Rule   |
+-------------+------------+----------+
| met3 (z=3)  |         26 | default  |
+-------------+------------+----------+
Via Pillar Rule:
    None

*** Finish post-CTS Setup Fixing (cpu=0:00:02.1 real=0:00:02.0 mem=2089.5M) ***

*** WnsOpt #1 [finish] (ccopt_design #1) : cpu/real = 0:00:03.2/0:00:03.2 (1.0), totSession cpu/real = 0:02:36.5/0:02:37.8 (1.0), mem = 2009.4M
End: GigaOpt Optimization in WNS mode
Info: 26 nets with fixed/cover wires excluded.
Info: 26 clock nets excluded from IPO operation.
Begin: Area Reclaim Optimization
*** AreaOpt #2 [begin] (ccopt_design #1) : totSession cpu/real = 0:02:36.8/0:02:38.1 (1.0), mem = 2064.6M
Usable buffer cells for single buffer setup transform:
BUFX2 BUFX4 BUFX8 BUFX16 
Number of usable buffer cells above: 4
Reclaim Optimization WNS Slack 0.000  TNS Slack 0.000 Density 66.37
+---------+---------+--------+--------+------------+--------+
| Density | Commits |  WNS   |  TNS   |    Real    |  Mem   |
+---------+---------+--------+--------+------------+--------+
|   66.37%|        -|   0.000|   0.000|   0:00:00.0| 2068.6M|
|   65.75%|       85|   0.000|   0.000|   0:00:21.0| 2132.6M|
+---------+---------+--------+--------+------------+--------+
Reclaim Optimization End WNS Slack 0.000  TNS Slack 0.000 Density 65.75
Bottom Preferred Layer:
+-------------+------------+----------+
|    Layer    |    CLK     |   Rule   |
+-------------+------------+----------+
| met3 (z=3)  |         26 | default  |
+-------------+------------+----------+
Via Pillar Rule:
    None

Number of times islegalLocAvaiable called = 0 skipped = 0, called in commitmove = 0, skipped in commitmove = 0
End: Core Area Reclaim Optimization (cpu = 0:00:22.4) (real = 0:00:22.0) **
*** AreaOpt #2 [finish] (ccopt_design #1) : cpu/real = 0:00:22.4/0:00:22.3 (1.0), totSession cpu/real = 0:02:59.2/0:03:00.4 (1.0), mem = 2132.6M
End: Area Reclaim Optimization (cpu=0:00:22, real=0:00:22, mem=2015.50M, totSessionCpu=0:02:59).
Info: 26 nets with fixed/cover wires excluded.
Info: 26 clock nets excluded from IPO operation.
Begin: Area Reclaim Optimization
*** AreaOpt #3 [begin] (ccopt_design #1) : totSession cpu/real = 0:02:59.4/0:03:00.6 (1.0), mem = 2072.7M
Usable buffer cells for single buffer setup transform:
BUFX2 BUFX4 BUFX8 BUFX16 
Number of usable buffer cells above: 4
Reclaim Optimization WNS Slack 0.001  TNS Slack 0.000 Density 65.75
+---------+---------+--------+--------+------------+--------+
| Density | Commits |  WNS   |  TNS   |    Real    |  Mem   |
+---------+---------+--------+--------+------------+--------+
|   65.75%|        -|   0.001|   0.000|   0:00:00.0| 2072.7M|
|   65.75%|        0|   0.001|   0.000|   0:00:00.0| 2072.7M|
|   65.75%|        0|   0.001|   0.000|   0:00:00.0| 2072.7M|
|   65.73%|        1|   0.001|   0.000|   0:00:01.0| 2091.8M|
|   65.68%|        9|   0.006|   0.000|   0:00:02.0| 2091.8M|
|   65.68%|        0|   0.006|   0.000|   0:00:01.0| 2091.8M|
|   65.68%|        0|   0.006|   0.000|   0:00:00.0| 2091.8M|
+---------+---------+--------+--------+------------+--------+
Reclaim Optimization End WNS Slack 0.006  TNS Slack 0.000 Density 65.68
Bottom Preferred Layer:
+-------------+------------+----------+
|    Layer    |    CLK     |   Rule   |
+-------------+------------+----------+
| met3 (z=3)  |         26 | default  |
+-------------+------------+----------+
Via Pillar Rule:
    None

Number of times islegalLocAvaiable called = 12 skipped = 0, called in commitmove = 9, skipped in commitmove = 0
End: Core Area Reclaim Optimization (cpu = 0:00:04.4) (real = 0:00:05.0) **
*** Starting refinePlace (0:03:04 mem=2091.8M) ***
Total net bbox length = 1.344e+05 (7.246e+04 6.196e+04) (ext = 1.418e+04)
Move report: Detail placement moves 117 insts, mean move: 3.69 um, max move: 14.26 um 
	Max move on inst (PC1/FE_OFC395_FE_OFN56_IR_19): (114.08, 159.16) --> (115.92, 146.74)
	Runtime: CPU: 0:00:00.4 REAL: 0:00:00.0 MEM: 2078.9MB
Summary Report:
Instances move: 117 (out of 4127 movable)
Instances flipped: 0
Mean displacement: 3.69 um
Max displacement: 14.26 um (Instance: PC1/FE_OFC395_FE_OFN56_IR_19) (114.08, 159.16) -> (115.92, 146.74)
	Length: 3 sites, height: 1 rows, site name: CoreSite, cell type: INVX2
Total net bbox length = 1.348e+05 (7.261e+04 6.215e+04) (ext = 1.416e+04)
Runtime: CPU: 0:00:00.4 REAL: 0:00:00.0 MEM: 2078.9MB
*** Finished refinePlace (0:03:04 mem=2078.9M) ***
*** maximum move = 14.26 um ***
*** Finished re-routing un-routed nets (2075.9M) ***

*** Finish Physical Update (cpu=0:00:00.7 real=0:00:00.0 mem=2091.9M) ***
*** AreaOpt #3 [finish] (ccopt_design #1) : cpu/real = 0:00:05.1/0:00:05.1 (1.0), totSession cpu/real = 0:03:04.5/0:03:05.7 (1.0), mem = 2091.9M
End: Area Reclaim Optimization (cpu=0:00:05, real=0:00:05, mem=2014.79M, totSessionCpu=0:03:05).
postCtsLateCongRepair #1 0
postCtsLateCongRepair #1 0
postCtsLateCongRepair #1 0
postCtsLateCongRepair #1 0
Starting local wire reclaim
*** Starting refinePlace (0:03:05 mem=2014.8M) ***
*** Finished SKP initialization (cpu=0:00:00.9, real=0:00:00.0)***
Timing cost in AAE based: 37398.7344289753309567
Move report: Detail placement moves 937 insts, mean move: 5.98 um, max move: 71.76 um 
	Max move on inst (PC1/FE_OFC108_n_356): (231.84, 51.52) --> (270.48, 84.64)
	Runtime: CPU: 0:00:16.0 REAL: 0:00:16.0 MEM: 2006.5MB
Summary Report:
Instances move: 937 (out of 4127 movable)
Instances flipped: 0
Mean displacement: 5.98 um
Max displacement: 71.76 um (Instance: PC1/FE_OFC108_n_356) (231.84, 51.52) -> (270.48, 84.64)
	Length: 6 sites, height: 1 rows, site name: CoreSite, cell type: BUFX4
Runtime: CPU: 0:00:16.0 REAL: 0:00:16.0 MEM: 2006.5MB
*** Finished refinePlace (0:03:21 mem=2006.5M) ***
AAE_INFO: opIsDesignInPostRouteState() is 0
#################################################################################
# Design Stage: PreRoute
# Design Name: RISC_V3
# Design Mode: 130nm
# Analysis Mode: MMMC OCV 
# Parasitics Mode: No SPEF/RCDB 
# Signoff Settings: SI Off 
#################################################################################
Start delay calculation (fullDC) (1 T). (MEM=1971.5)
Total number of fetched objects 4809
End delay calculation. (MEM=2029.66 CPU=0:00:02.2 REAL=0:00:02.0)
End delay calculation (fullDC). (MEM=2029.66 CPU=0:00:02.7 REAL=0:00:03.0)
eGR doReRoute: optGuide
[NR-eGR] Track table information for default rule: 
[NR-eGR] met1 has single uniform track structure
[NR-eGR] met2 has single uniform track structure
[NR-eGR] met3 has single uniform track structure
[NR-eGR] met4 has single uniform track structure
[NR-eGR] met5 has single uniform track structure
[NR-eGR] Read 2530 PG shapes
[NR-eGR] Read 0 clock shapes
[NR-eGR] Read 0 other shapes
[NR-eGR] #Routing Blockages  : 0
[NR-eGR] #Instance Blockages : 0
[NR-eGR] #PG Blockages       : 2530
[NR-eGR] #Halo Blockages     : 0
[NR-eGR] #Boundary Blockages : 0
[NR-eGR] #Clock Blockages    : 0
[NR-eGR] #Other Blockages    : 0
[NR-eGR] Num Prerouted Nets = 26  Num Prerouted Wires = 2153
[NR-eGR] Read 4576 nets ( ignored 26 )
[NR-eGR] ============ Routing rule table ============
[NR-eGR] Rule id: 0  Nets: 4550
[NR-eGR] ========================================
[NR-eGR] 
[NR-eGR] Layer group 1: route 4550 net(s) in layer range [2, 5]
[NR-eGR] WARN: Because design is too congested, more than 60% in one direction (H or V) and/or more than 90% adding the congestion on both directions (H + V), Early Global Route is reducing effort to solve congestion and avoiding a big runtime. Overflow: 63.05% H + 0.59% V. 
[NR-eGR] Early Global Route overflow of layer group 1: 63.05% H + 0.59% V. EstWL: 1.560614e+05um
[NR-eGR] Congestion Analysis By layer: (blocked Gcells are excluded) 
[NR-eGR]                        OverCon           OverCon           OverCon           OverCon            
[NR-eGR]                         #Gcell            #Gcell            #Gcell            #Gcell     %Gcell
[NR-eGR]        Layer             (1-4)             (5-9)           (10-14)           (15-19)    OverCon
[NR-eGR] -------------------------------------------------------------------------------------------------
[NR-eGR]    met1 ( 1)         0( 0.00%)         0( 0.00%)         0( 0.00%)         0( 0.00%)   ( 0.00%) 
[NR-eGR]    met2 ( 2)        32( 0.54%)         0( 0.00%)         0( 0.00%)         0( 0.00%)   ( 0.54%) 
[NR-eGR]    met3 ( 3)      1783(30.07%)      1057(17.82%)       203( 3.42%)        18( 0.30%)   (51.62%) 
[NR-eGR]    met4 ( 4)       198( 3.34%)         7( 0.12%)         0( 0.00%)         0( 0.00%)   ( 3.46%) 
[NR-eGR]    met5 ( 5)       424( 8.07%)         0( 0.00%)         0( 0.00%)         0( 0.00%)   ( 8.07%) 
[NR-eGR] -------------------------------------------------------------------------------------------------
[NR-eGR]        Total      2437(10.58%)      1064( 4.62%)       203( 0.88%)        18( 0.08%)   (16.15%) 
[NR-eGR] 
[NR-eGR] Overflow after Early Global Route 46.96% H + 0.58% V
[NR-eGR]               Length (um)   Vias 
[NR-eGR] ---------------------------------
[NR-eGR]  met1  (1H)            30  15531 
[NR-eGR]  met2  (2V)         66425  21046 
[NR-eGR]  met3  (3H)         74516   4023 
[NR-eGR]  met4  (4V)         19101   2755 
[NR-eGR]  met5  (5H)         13113      0 
[NR-eGR] ---------------------------------
[NR-eGR]        Total       173185  43355 
[NR-eGR] --------------------------------------------------------------------------
[NR-eGR] Total half perimeter of net bounding box: 133991um
[NR-eGR] Total length: 173185um, number of vias: 43355
[NR-eGR] --------------------------------------------------------------------------
[NR-eGR] Total eGR-routed clock nets wire length: 0um, number of vias: 0
[NR-eGR] --------------------------------------------------------------------------
[NR-eGR] Finished Early Global Route kernel ( CPU: 0.39 sec, Real: 0.38 sec, Curr Mem: 1954.34 MB )
Extraction called for design 'RISC_V3' of instances=4584 and nets=4811 using extraction engine 'preRoute' .
PreRoute RC Extraction called for design RISC_V3.
RC Extraction called in multi-corner(1) mode.
RCMode: PreRoute
      RC Corner Indexes            0   
Capacitance Scaling Factor   : 1.00000 
Resistance Scaling Factor    : 1.00000 
Clock Cap. Scaling Factor    : 1.00000 
Clock Res. Scaling Factor    : 1.00000 
Shrink Factor                : 1.00000
PreRoute extraction is honoring NDR/Shielding/ExtraSpace for clock nets.
Using Quantus QRC technology file ...
Updating RC grid for preRoute extraction ...
Initializing multi-corner resistance tables ...
PreRoute RC Extraction DONE (CPU Time: 0:00:00.2  Real Time: 0:00:01.0  MEM: 1952.340M)
Compute RC Scale Done ...
[hotspot] +------------+---------------+---------------+
[hotspot] |            |   max hotspot | total hotspot |
[hotspot] +------------+---------------+---------------+
[hotspot] | normalized |        286.00 |        286.00 |
[hotspot] +------------+---------------+---------------+
Local HotSpot Analysis: normalized max congestion hotspot area = 286.00, normalized total congestion hotspot area = 286.00 (area is in unit of 4 std-cell row bins)
[hotspot] top 1 congestion hotspot bounding boxes and scores of normalized hotspot
[hotspot] +-----+-------------------------------------+---------------+
[hotspot] | top |            hotspot bbox             | hotspot score |
[hotspot] +-----+-------------------------------------+---------------+
[hotspot] |  1  |    18.40    18.40   316.48   316.48 |      286.00   |
[hotspot] +-----+-------------------------------------+---------------+
Begin: GigaOpt Route Type Constraints Refinement
*** CongRefineRouteType #2 [begin] (ccopt_design #1) : totSession cpu/real = 0:03:26.2/0:03:27.5 (1.0), mem = 1987.4M
Updated routing constraints on 0 nets.
Bottom Preferred Layer:
+-------------+------------+----------+
|    Layer    |    CLK     |   Rule   |
+-------------+------------+----------+
| met3 (z=3)  |         26 | default  |
+-------------+------------+----------+
Via Pillar Rule:
    None
*** CongRefineRouteType #2 [finish] (ccopt_design #1) : cpu/real = 0:00:00.0/0:00:00.0 (1.1), totSession cpu/real = 0:03:26.3/0:03:27.5 (1.0), mem = 1987.4M
End: GigaOpt Route Type Constraints Refinement
skip EGR on cluster skew clock nets.
OPTC: user 20.0
AAE_INFO: opIsDesignInPostRouteState() is 0
#################################################################################
# Design Stage: PreRoute
# Design Name: RISC_V3
# Design Mode: 130nm
# Analysis Mode: MMMC OCV 
# Parasitics Mode: No SPEF/RCDB 
# Signoff Settings: SI Off 
#################################################################################
Start delay calculation (fullDC) (1 T). (MEM=1986.43)
Total number of fetched objects 4809
End delay calculation. (MEM=2033.15 CPU=0:00:01.9 REAL=0:00:02.0)
End delay calculation (fullDC). (MEM=2033.15 CPU=0:00:02.5 REAL=0:00:02.0)
Begin: GigaOpt postEco DRV Optimization
*** DrvOpt #3 [begin] (ccopt_design #1) : totSession cpu/real = 0:03:30.1/0:03:31.2 (1.0), mem = 2033.1M
Info: 26 nets with fixed/cover wires excluded.
Info: 26 clock nets excluded from IPO operation.
+-------------------------------------------------------------------------------------------------------------------------------------------------------+
|        max-tran       |        max-cap        |  max-fanout |  max-length |       setup       |        |        |        |       |          |         |
+-------------------------------------------------------------------------------------------------------------------------------------------------------+
| nets | terms|  wViol  | nets | terms|  wViol  | nets | terms| nets | terms|   WNS   |   TNS   |  #Buf  |  #Inv  | #Resize|Density|   Real   |   Mem   |
+-------------------------------------------------------------------------------------------------------------------------------------------------------+
|     7|    46|    -0.03|    10|    10|    -0.01|     0|     0|     0|     0|    -0.15|    -3.33|       0|       0|       0| 65.68%|          |         |
|     0|     0|     0.00|     0|     0|     0.00|     0|     0|     0|     0|    -0.15|    -3.33|       8|       0|       9| 65.75%| 0:00:00.0|  2113.0M|
|     0|     0|     0.00|     0|     0|     0.00|     0|     0|     0|     0|    -0.15|    -3.33|       0|       0|       0| 65.75%| 0:00:00.0|  2113.0M|
+-------------------------------------------------------------------------------------------------------------------------------------------------------+
Bottom Preferred Layer:
+-------------+------------+----------+
|    Layer    |    CLK     |   Rule   |
+-------------+------------+----------+
| met3 (z=3)  |         26 | default  |
+-------------+------------+----------+
Via Pillar Rule:
    None

*** Finish DRV Fixing (cpu=0:00:00.8 real=0:00:00.0 mem=2113.0M) ***

*** DrvOpt #3 [finish] (ccopt_design #1) : cpu/real = 0:00:01.5/0:00:01.5 (1.0), totSession cpu/real = 0:03:31.6/0:03:32.7 (1.0), mem = 2033.9M
End: GigaOpt postEco DRV Optimization
GigaOpt: WNS changes after postEco optimization: 0.000 -> -0.147 (bump = 0.147)
Begin: GigaOpt nonLegal postEco optimization
Info: 26 nets with fixed/cover wires excluded.
Info: 26 clock nets excluded from IPO operation.
*** WnsOpt #2 [begin] (ccopt_design #1) : totSession cpu/real = 0:03:31.8/0:03:32.9 (1.0), mem = 2033.9M
*info: 26 clock nets excluded
*info: 26 nets with fixed/cover wires excluded.
** GigaOpt Optimizer WNS Slack -0.147 TNS Slack -3.325 Density 65.75
OptDebug: Start of Optimizer WNS Pass 0:
+----------+------+------+
|Path Group|   WNS|   TNS|
+----------+------+------+
|default   | 4.819| 0.000|
|reg2reg   |-0.147|-3.325|
|HEPG      |-0.147|-3.325|
|All Paths |-0.147|-3.325|
+----------+------+------+

CCOptDebug: Start of Optimizer WNS Pass 0: reg2reg* WNS -0.147ns TNS -3.326ns; HEPG WNS -0.147ns TNS -3.326ns; all paths WNS -0.147ns TNS -3.326ns; Real time 0:02:45
Active Path Group: reg2reg  
+--------+---------+--------+---------+---------+------------+--------+------------+---------+-----------------------+
|  WNS   | All WNS |  TNS   | All TNS | Density |    Real    |  Mem   | Worst View |Pathgroup|       End Point       |
+--------+---------+--------+---------+---------+------------+--------+------------+---------+-----------------------+
|  -0.147|   -0.147|  -3.325|   -3.325|   65.75%|   0:00:00.0| 2091.2M|   func_slow|  reg2reg| PC1/RF_reg[13][30]/D  |
|  -0.066|   -0.066|  -1.094|   -1.094|   65.76%|   0:00:01.0| 2116.3M|   func_slow|  reg2reg| PC1/RF_reg[10][29]/D  |
|  -0.027|   -0.027|  -0.124|   -0.124|   65.79%|   0:00:01.0| 2118.5M|   func_slow|  reg2reg| PC1/RF_reg[10][31]/D  |
|   0.000|    0.010|   0.000|    0.000|   65.80%|   0:00:00.0| 2118.5M|          NA|       NA| NA                    |
|   0.000|    0.010|   0.000|    0.000|   65.80%|   0:00:00.0| 2118.5M|   func_slow|       NA| NA                    |
+--------+---------+--------+---------+---------+------------+--------+------------+---------+-----------------------+

*** Finish Core Optimize Step (cpu=0:00:01.5 real=0:00:02.0 mem=2118.5M) ***

*** Finished Optimize Step Cumulative (cpu=0:00:01.5 real=0:00:02.0 mem=2118.5M) ***
OptDebug: End of Optimizer WNS Pass 0:
+----------+-----+-----+
|Path Group|  WNS|  TNS|
+----------+-----+-----+
|default   |4.892|0.000|
|reg2reg   |0.010|0.000|
|HEPG      |0.010|0.000|
|All Paths |0.010|0.000|
+----------+-----+-----+

CCOptDebug: End of Optimizer WNS Pass 0: reg2reg* WNS 0.010ns TNS 0.000ns; HEPG WNS 0.010ns TNS 0.000ns; all paths WNS 0.010ns TNS 0.000ns; Real time 0:02:47
** GigaOpt Optimizer WNS Slack 0.000 TNS Slack 0.000 Density 65.80
*** Starting refinePlace (0:03:34 mem=2118.5M) ***
Total net bbox length = 1.340e+05 (7.210e+04 6.195e+04) (ext = 1.415e+04)
Move report: Detail placement moves 35 insts, mean move: 2.87 um, max move: 8.28 um 
	Max move on inst (PC1/g43308): (97.06, 146.74) --> (101.20, 142.60)
	Runtime: CPU: 0:00:00.5 REAL: 0:00:01.0 MEM: 2105.5MB
Summary Report:
Instances move: 35 (out of 4137 movable)
Instances flipped: 0
Mean displacement: 2.87 um
Max displacement: 8.28 um (Instance: PC1/g43308) (97.06, 146.74) -> (101.2, 142.6)
	Length: 3 sites, height: 1 rows, site name: CoreSite, cell type: CLKINVX1
Total net bbox length = 1.341e+05 (7.214e+04 6.199e+04) (ext = 1.415e+04)
Runtime: CPU: 0:00:00.6 REAL: 0:00:01.0 MEM: 2105.5MB
*** Finished refinePlace (0:03:35 mem=2105.5M) ***
*** maximum move = 8.28 um ***
*** Finished re-routing un-routed nets (2102.5M) ***

*** Finish Physical Update (cpu=0:00:00.9 real=0:00:01.0 mem=2118.5M) ***
** GigaOpt Optimizer WNS Slack 0.000 TNS Slack 0.000 Density 65.80
OptDebug: End of Setup Fixing:
+----------+-----+-----+
|Path Group|  WNS|  TNS|
+----------+-----+-----+
|default   |4.892|0.000|
|reg2reg   |0.010|0.000|
|HEPG      |0.010|0.000|
|All Paths |0.010|0.000|
+----------+-----+-----+

Bottom Preferred Layer:
+-------------+------------+----------+
|    Layer    |    CLK     |   Rule   |
+-------------+------------+----------+
| met3 (z=3)  |         26 | default  |
+-------------+------------+----------+
Via Pillar Rule:
    None

*** Finish post-CTS Setup Fixing (cpu=0:00:02.9 real=0:00:03.0 mem=2118.5M) ***

*** WnsOpt #2 [finish] (ccopt_design #1) : cpu/real = 0:00:03.4/0:00:03.4 (1.0), totSession cpu/real = 0:03:35.2/0:03:36.3 (1.0), mem = 2037.4M
End: GigaOpt nonLegal postEco optimization
Register exp ratio and priority group on 0 nets on 4819 nets : 

Active setup views:
 func_slow
  Dominating endpoints: 0
  Dominating TNS: -0.000

Extraction called for design 'RISC_V3' of instances=4594 and nets=4821 using extraction engine 'preRoute' .
PreRoute RC Extraction called for design RISC_V3.
RC Extraction called in multi-corner(1) mode.
RCMode: PreRoute
      RC Corner Indexes            0   
Capacitance Scaling Factor   : 1.00000 
Resistance Scaling Factor    : 1.00000 
Clock Cap. Scaling Factor    : 1.00000 
Clock Res. Scaling Factor    : 1.00000 
Shrink Factor                : 1.00000
PreRoute extraction is honoring NDR/Shielding/ExtraSpace for clock nets.
Using Quantus QRC technology file ...
Skipped RC grid update for preRoute extraction.
Initializing multi-corner resistance tables ...
PreRoute RC Extraction DONE (CPU Time: 0:00:00.2  Real Time: 0:00:01.0  MEM: 1989.578M)
Starting delay calculation for Setup views
AAE_INFO: opIsDesignInPostRouteState() is 0
#################################################################################
# Design Stage: PreRoute
# Design Name: RISC_V3
# Design Mode: 130nm
# Analysis Mode: MMMC OCV 
# Parasitics Mode: No SPEF/RCDB 
# Signoff Settings: SI Off 
#################################################################################
Start delay calculation (fullDC) (1 T). (MEM=2005.16)
Total number of fetched objects 4819
End delay calculation. (MEM=2043.88 CPU=0:00:02.1 REAL=0:00:02.0)
End delay calculation (fullDC). (MEM=2043.88 CPU=0:00:02.6 REAL=0:00:03.0)
*** Done Building Timing Graph (cpu=0:00:03.9 real=0:00:03.0 totSessionCpu=0:03:40 mem=2043.9M)
OPTC: user 20.0
[NR-eGR] Track table information for default rule: 
[NR-eGR] met1 has single uniform track structure
[NR-eGR] met2 has single uniform track structure
[NR-eGR] met3 has single uniform track structure
[NR-eGR] met4 has single uniform track structure
[NR-eGR] met5 has single uniform track structure
[NR-eGR] Read 2530 PG shapes
[NR-eGR] Read 0 clock shapes
[NR-eGR] Read 0 other shapes
[NR-eGR] #Routing Blockages  : 0
[NR-eGR] #Instance Blockages : 0
[NR-eGR] #PG Blockages       : 2530
[NR-eGR] #Halo Blockages     : 0
[NR-eGR] #Boundary Blockages : 0
[NR-eGR] #Clock Blockages    : 0
[NR-eGR] #Other Blockages    : 0
[NR-eGR] Num Prerouted Nets = 26  Num Prerouted Wires = 2153
[NR-eGR] Read 4586 nets ( ignored 26 )
[NR-eGR] ============ Routing rule table ============
[NR-eGR] Rule id: 0  Nets: 4560
[NR-eGR] ========================================
[NR-eGR] 
[NR-eGR] Layer group 1: route 4560 net(s) in layer range [2, 5]
[NR-eGR] WARN: Because design is too congested, more than 60% in one direction (H or V) and/or more than 90% adding the congestion on both directions (H + V), Early Global Route is reducing effort to solve congestion and avoiding a big runtime. Overflow: 62.96% H + 0.59% V. 
[NR-eGR] Early Global Route overflow of layer group 1: 62.96% H + 0.59% V. EstWL: 1.561028e+05um
[NR-eGR] Congestion Analysis By layer: (blocked Gcells are excluded) 
[NR-eGR]                        OverCon           OverCon           OverCon           OverCon            
[NR-eGR]                         #Gcell            #Gcell            #Gcell            #Gcell     %Gcell
[NR-eGR]        Layer             (1-4)             (5-9)           (10-14)           (15-19)    OverCon
[NR-eGR] -------------------------------------------------------------------------------------------------
[NR-eGR]    met1 ( 1)         0( 0.00%)         0( 0.00%)         0( 0.00%)         0( 0.00%)   ( 0.00%) 
[NR-eGR]    met2 ( 2)        34( 0.57%)         0( 0.00%)         0( 0.00%)         0( 0.00%)   ( 0.57%) 
[NR-eGR]    met3 ( 3)      1788(30.15%)      1053(17.76%)       201( 3.39%)        17( 0.29%)   (51.59%) 
[NR-eGR]    met4 ( 4)       187( 3.15%)         9( 0.15%)         0( 0.00%)         0( 0.00%)   ( 3.31%) 
[NR-eGR]    met5 ( 5)       408( 7.76%)         0( 0.00%)         0( 0.00%)         0( 0.00%)   ( 7.76%) 
[NR-eGR] -------------------------------------------------------------------------------------------------
[NR-eGR]        Total      2417(10.49%)      1062( 4.61%)       201( 0.87%)        17( 0.07%)   (16.04%) 
[NR-eGR] 
[NR-eGR] Overflow after Early Global Route 46.96% H + 0.60% V
[NR-eGR] Finished Early Global Route kernel ( CPU: 0.15 sec, Real: 0.16 sec, Curr Mem: 2051.88 MB )
[hotspot] +------------+---------------+---------------+
[hotspot] |            |   max hotspot | total hotspot |
[hotspot] +------------+---------------+---------------+
[hotspot] | normalized |        286.00 |        286.00 |
[hotspot] +------------+---------------+---------------+
Local HotSpot Analysis: normalized max congestion hotspot area = 286.00, normalized total congestion hotspot area = 286.00 (area is in unit of 4 std-cell row bins)
[hotspot] top 1 congestion hotspot bounding boxes and scores of normalized hotspot
[hotspot] +-----+-------------------------------------+---------------+
[hotspot] | top |            hotspot bbox             | hotspot score |
[hotspot] +-----+-------------------------------------+---------------+
[hotspot] |  1  |    18.40    18.40   316.48   316.48 |      286.00   |
[hotspot] +-----+-------------------------------------+---------------+
[hotspot] Hotspot report including placement blocked areas
[hotspot] +------------+---------------+---------------+
[hotspot] |            |   max hotspot | total hotspot |
[hotspot] +------------+---------------+---------------+
[hotspot] | normalized |        305.00 |        305.00 |
[hotspot] +------------+---------------+---------------+
Local HotSpot Analysis (blockage included): normalized max congestion hotspot area = 305.00, normalized total congestion hotspot area = 305.00 (area is in unit of 4 std-cell row bins)
[hotspot] top 1 congestion hotspot bounding boxes and scores of normalized hotspot
[hotspot] +-----+-------------------------------------+---------------+
[hotspot] | top |            hotspot bbox             | hotspot score |
[hotspot] +-----+-------------------------------------+---------------+
[hotspot] |  1  |     1.84     1.84   316.48   316.48 |      305.00   |
[hotspot] +-----+-------------------------------------+---------------+
Reported timing to dir ./timingReports
**optDesign ... cpu = 0:02:12, real = 0:02:12, mem = 1487.2M, totSessionCpu=0:03:40 **

------------------------------------------------------------------
     optDesign Final Summary
------------------------------------------------------------------

Setup views included:
 func_slow 

+--------------------+---------+---------+---------+
|     Setup mode     |   all   | reg2reg | default |
+--------------------+---------+---------+---------+
|           WNS (ns):|  0.010  |  0.010  |  4.892  |
|           TNS (ns):|  0.000  |  0.000  |  0.000  |
|    Violating Paths:|    0    |    0    |    0    |
|          All Paths:|   695   |   587   |   695   |
+--------------------+---------+---------+---------+

+----------------+-------------------------------+------------------+
|                |              Real             |       Total      |
|    DRVs        +------------------+------------+------------------|
|                |  Nr nets(terms)  | Worst Vio  |  Nr nets(terms)  |
+----------------+------------------+------------+------------------+
|   max_cap      |      0 (0)       |   0.000    |      0 (0)       |
|   max_tran     |      0 (0)       |   0.000    |      2 (59)      |
|   max_fanout   |      0 (0)       |     0      |      0 (0)       |
|   max_length   |      0 (0)       |     0      |      0 (0)       |
+----------------+------------------+------------+------------------+

Density: 65.801%
Routing Overflow: 46.96% H and 0.60% V
------------------------------------------------------------------
**optDesign ... cpu = 0:02:14, real = 0:02:16, mem = 1489.6M, totSessionCpu=0:03:42 **
*** Finished optDesign ***
Info: Destroy the CCOpt slew target map.
Set place::cacheFPlanSiteMark to 0

*** Summary of all messages that are not suppressed in this session:
Severity  ID               Count  Summary                                  
WARNING   IMPSP-9025           1  No scan chain specified/traced.          
WARNING   IMPSP-362            1  Site '%s' has %s std.Cell height, so ign...
WARNING   IMPCCOPT-1182        1  The clock_gating_cells property has no u...
WARNING   IMPCCOPT-1007        1  Did not meet the max transition constrai...
WARNING   IMPTCM-77            2  Option "%s" for command %s is obsolete a...
WARNING   IMPPSP-1003         17  Found use of '%s'. This will continue to...
*** Message Summary: 23 warning(s), 0 error(s)

*** ccopt_design #1 [finish] : cpu/real = 0:02:54.7/0:02:58.1 (1.0), totSession cpu/real = 0:03:42.0/0:03:46.0 (1.0), mem = 2030.0M
#% End ccopt_design (date=07/12 17:03:03, total cpu=0:02:55, real=0:02:58, peak res=1520.1M, current mem=1439.9M)
<CMD> timeDesign -prects -prefix cts -outDir RPT/cts
*** timeDesign #1 [begin] : totSession cpu/real = 0:03:42.1/0:03:46.1 (1.0), mem = 1982.0M
Start to check current routing status for nets...
All nets are already routed correctly.
End to check current routing status for nets (mem=1938.0M)
Starting delay calculation for Setup views
AAE_INFO: opIsDesignInPostRouteState() is 0
#################################################################################
# Design Stage: PreRoute
# Design Name: RISC_V3
# Design Mode: 130nm
# Analysis Mode: MMMC OCV 
# Parasitics Mode: No SPEF/RCDB 
# Signoff Settings: SI Off 
#################################################################################
Start delay calculation (fullDC) (1 T). (MEM=1955.62)
Total number of fetched objects 4819
End delay calculation. (MEM=1999.32 CPU=0:00:02.7 REAL=0:00:03.0)
End delay calculation (fullDC). (MEM=1999.32 CPU=0:00:03.2 REAL=0:00:03.0)
*** Done Building Timing Graph (cpu=0:00:03.9 real=0:00:03.0 totSessionCpu=0:03:47 mem=1999.3M)

------------------------------------------------------------------
          timeDesign Summary
------------------------------------------------------------------

Setup views included:
 func_slow 

+--------------------+---------+---------+---------+
|     Setup mode     |   all   | reg2reg | default |
+--------------------+---------+---------+---------+
|           WNS (ns):|  0.062  |  0.062  |  5.475  |
|           TNS (ns):|  0.000  |  0.000  |  0.000  |
|    Violating Paths:|    0    |    0    |    0    |
|          All Paths:|   695   |   587   |   695   |
+--------------------+---------+---------+---------+

+----------------+-------------------------------+------------------+
|                |              Real             |       Total      |
|    DRVs        +------------------+------------+------------------|
|                |  Nr nets(terms)  | Worst Vio  |  Nr nets(terms)  |
+----------------+------------------+------------+------------------+
|   max_cap      |      0 (0)       |   0.000    |      0 (0)       |
|   max_tran     |      0 (0)       |   0.000    |      0 (0)       |
|   max_fanout   |      0 (0)       |     0      |      0 (0)       |
|   max_length   |      0 (0)       |     0      |      0 (0)       |
+----------------+------------------+------------+------------------+

Density: 65.801%
Routing Overflow: 46.96% H and 0.60% V
------------------------------------------------------------------
Reported timing to dir RPT/cts
Total CPU time: 6.46 sec
Total Real time: 9.0 sec
Total Memory Usage: 1975.472656 Mbytes
*** timeDesign #1 [finish] : cpu/real = 0:00:06.5/0:00:09.1 (0.7), totSession cpu/real = 0:03:48.5/0:03:55.2 (1.0), mem = 1975.5M
<CMD> saveDesign DBS/cts.enc
#% Begin save design ... (date=07/12 17:03:12, mem=1443.9M)
% Begin Save ccopt configuration ... (date=07/12 17:03:12, mem=1443.9M)
% End Save ccopt configuration ... (date=07/12 17:03:12, total cpu=0:00:00.1, real=0:00:00.0, peak res=1445.0M, current mem=1445.0M)
% Begin Save netlist data ... (date=07/12 17:03:12, mem=1445.0M)
Writing Binary DB to DBS/cts.enc.dat/RISC_V3.v.bin in single-threaded mode...
% End Save netlist data ... (date=07/12 17:03:12, total cpu=0:00:00.1, real=0:00:00.0, peak res=1445.1M, current mem=1445.1M)
Saving symbol-table file ...
Saving congestion map file DBS/cts.enc.dat/RISC_V3.route.congmap.gz ...
% Begin Save AAE data ... (date=07/12 17:03:13, mem=1445.3M)
Saving AAE Data ...
% End Save AAE data ... (date=07/12 17:03:13, total cpu=0:00:00.0, real=0:00:00.0, peak res=1445.3M, current mem=1445.3M)
Saving preference file DBS/cts.enc.dat/gui.pref.tcl ...
Saving mode setting ...
Saving global file ...
% Begin Save floorplan data ... (date=07/12 17:03:14, mem=1446.7M)
Saving floorplan file ...
Convert 0 swires and 0 svias from compressed groups
% End Save floorplan data ... (date=07/12 17:03:14, total cpu=0:00:00.1, real=0:00:00.0, peak res=1447.1M, current mem=1447.1M)
Saving PG file DBS/cts.enc.dat/RISC_V3.pg.gz, version#2, (Created by Innovus v21.18-s099_1 on Sun Jul 12 17:03:14 2026)
*** Completed savePGFile (cpu=0:00:00.1 real=0:00:01.0 mem=1980.0M) ***
Saving Drc markers ...
... No Drc file written since there is no markers found.
% Begin Save placement data ... (date=07/12 17:03:15, mem=1447.2M)
** Saving stdCellPlacement_binary (version# 2) ...
Save Adaptive View Pruning View Names to Binary file
% End Save placement data ... (date=07/12 17:03:15, total cpu=0:00:00.1, real=0:00:00.0, peak res=1447.2M, current mem=1447.2M)
% Begin Save routing data ... (date=07/12 17:03:15, mem=1447.2M)
Saving route file ...
*** Completed saveRoute (cpu=0:00:00.1 real=0:00:00.0 mem=1980.0M) ***
% End Save routing data ... (date=07/12 17:03:15, total cpu=0:00:00.2, real=0:00:01.0, peak res=1447.4M, current mem=1447.4M)
Saving property file DBS/cts.enc.dat/RISC_V3.prop
*** Completed saveProperty (cpu=0:00:00.0 real=0:00:00.0 mem=1983.0M) ***
#Saving pin access data to file DBS/cts.enc.dat/RISC_V3.apa ...
#
Saving rc congestion map DBS/cts.enc.dat/RISC_V3.congmap.gz ...
Saving preRoute extracted patterns in file 'DBS/cts.enc.dat/RISC_V3.techData.gz' ...
Saving preRoute extraction data in directory 'DBS/cts.enc.dat/extraction/' ...
% Begin Save power constraints data ... (date=07/12 17:03:17, mem=1449.2M)
% End Save power constraints data ... (date=07/12 17:03:17, total cpu=0:00:00.1, real=0:00:00.0, peak res=1449.3M, current mem=1449.3M)
rctypical
rctypical
rctypical
Generated self-contained design cts.enc.dat
#% End save design ... (date=07/12 17:03:18, total cpu=0:00:02.5, real=0:00:06.0, peak res=1452.1M, current mem=1452.1M)
*** Message Summary: 0 warning(s), 0 error(s)


*** Memory Usage v#1 (Current mem = 2041.418M, initial mem = 478.109M) ***
*** Message Summary: 34 warning(s), 0 error(s)

--- Ending "Innovus" (totcpu=0:03:51, real=0:04:04, mem=2041.4M) ---
