============================================================
  Generated by:           Genus(TM) Synthesis Solution 21.18-s082_1
  Generated on:           Jul 12 2026  04:40:45 pm
  Module:                 RISC_V3
  Operating conditions:   ss_1.62_125 
  Interconnect mode:      global
  Area mode:              physical library
============================================================


Path 1: MET (2736 ps) Setup Check with Pin PC1/RF_reg[15][27]/clk->d
          Group: C2C
     Startpoint: (R) PC1/PSTATE_reg[0]/clk
          Clock: (R) SYS_CLOCK
       Endpoint: (R) PC1/RF_reg[15][27]/d
          Clock: (R) SYS_CLOCK

                     Capture       Launch     
        Clock Edge:+   10000            0     
       Src Latency:+       0            0     
       Net Latency:+       0 (I)        0 (I) 
           Arrival:=   10000            0     
                                              
             Setup:-     183                  
     Required Time:=    9817                  
      Launch Clock:-       0                  
         Data Path:-    7081                  
             Slack:=    2736                  

#----------------------------------------------------------------------------------------------------------
#     Timing Point       Flags    Arc    Edge       Cell         Fanout  Load Trans Delay Arrival Instance 
#                                                                        (fF)  (ps)  (ps)   (ps)  Location 
#----------------------------------------------------------------------------------------------------------
  PC1/PSTATE_reg[0]/clk  -       -       R     (arrival)            587     -     0     0       0    (-,-) 
  PC1/PSTATE_reg[0]/q    (u)     clk->q  F     unmapped_d_flop        6  33.3     0   807     807    (-,-) 
  PC1/g12268/z           (u)     in_0->z F     unmapped_or2           4  25.2     0   156     964    (-,-) 
  PC1/g17550/z           (u)     in_1->z F     unmapped_or2           1   6.3     0    82    1046    (-,-) 
  PC1/g17533/z           (u)     in_0->z F     unmapped_or2           8  50.4     0   222    1268    (-,-) 
  PC1/g16964/z           (u)     in_0->z F     unmapped_complex2      1   6.3     0    82    1350    (-,-) 
  PC1/g16652/z           (u)     in_1->z R     unmapped_nand2         4  25.6     0   156    1506    (-,-) 
  PC1/g7136/z            (u)     in_1->z F     unmapped_nand2         4  25.2     0   156    1663    (-,-) 
  PC1/g16544/z           (u)     in_1->z F     unmapped_or2          32 201.6     0   364    2026    (-,-) 
  PC1/g16497/z           (u)     in_0->z F     unmapped_complex2      1   6.3     0    82    2108    (-,-) 
  PC1/g15994/z           (u)     in_1->z R     unmapped_nand2         1   6.4     0    82    2190    (-,-) 
  PC1/g15729/z           (u)     in_1->z R     unmapped_or2           1   6.4     0    82    2272    (-,-) 
  PC1/g15561/z           (u)     in_1->z R     unmapped_or2           1   6.4     0    82    2354    (-,-) 
  PC1/g15527/z           (u)     in_1->z R     unmapped_or2          13  83.2     0   269    2623    (-,-) 
  PC1/sub_126_48/g484/z  (u)     in_1->z F     unmapped_complex2      4  25.2     0   156    2779    (-,-) 
  PC1/sub_126_48/g1735/z (u)     in_1->z R     unmapped_nand2         1   6.4     0    82    2861    (-,-) 
  PC1/sub_126_48/g1708/z (u)     in_0->z F     unmapped_nand2         3  18.9     0   135    2996    (-,-) 
  PC1/sub_126_48/g1696/z (u)     in_1->z R     unmapped_nand2         1   6.4     0    82    3078    (-,-) 
  PC1/sub_126_48/g1686/z (u)     in_1->z F     unmapped_nand2         3  18.9     0   135    3213    (-,-) 
  PC1/sub_126_48/g1681/z (u)     in_1->z R     unmapped_nand2         1   6.4     0    82    3295    (-,-) 
  PC1/sub_126_48/g1673/z (u)     in_0->z F     unmapped_nand2         3  18.9     0   135    3430    (-,-) 
  PC1/sub_126_48/g1669/z (u)     in_0->z R     unmapped_nand2         2  12.8     0   112    3542    (-,-) 
  PC1/sub_126_48/g1665/z (u)     in_0->z R     unmapped_complex2      1   6.4     0    82    3624    (-,-) 
  PC1/sub_126_48/g1658/z (u)     in_0->z F     unmapped_complex2      3  18.9     0   135    3759    (-,-) 
  PC1/sub_126_48/g1654/z (u)     in_1->z R     unmapped_nand2         1   6.4     0    82    3841    (-,-) 
  PC1/sub_126_48/g1652/z (u)     in_1->z F     unmapped_nand2         3  18.9     0   135    3976    (-,-) 
  PC1/sub_126_48/g1648/z (u)     in_0->z R     unmapped_nand2         1   6.4     0    82    4058    (-,-) 
  PC1/sub_126_48/g1647/z (u)     in_0->z F     unmapped_nand2         4  25.2     0   156    4214    (-,-) 
  PC1/sub_126_48/g1646/z (u)     in_0->z R     unmapped_complex2      2  12.8     0   112    4326    (-,-) 
  PC1/sub_126_48/g1641/z (u)     in_0->z R     unmapped_complex2      1   6.4     0    82    4408    (-,-) 
  PC1/sub_126_48/g1631/z (u)     in_0->z R     unmapped_complex2      1   6.4     0    82    4490    (-,-) 
  PC1/sub_126_48/g1629/z (u)     in_0->z F     unmapped_complex2      4  25.2     0   156    4646    (-,-) 
  PC1/sub_126_48/g1628/z (u)     in_0->z R     unmapped_complex2      1   6.4     0    82    4728    (-,-) 
  PC1/sub_126_48/g1620/z (u)     in_0->z F     unmapped_complex2      3  18.9     0   135    4863    (-,-) 
  PC1/sub_126_48/g1615/z (u)     in_1->z R     unmapped_nand2         1   6.4     0    82    4945    (-,-) 
  PC1/sub_126_48/g1611/z (u)     in_1->z F     unmapped_nand2         3  18.9     0   135    5080    (-,-) 
  PC1/sub_126_48/g1607/z (u)     in_1->z R     unmapped_nand2         1   6.4     0    82    5162    (-,-) 
  PC1/sub_126_48/g1606/z (u)     in_1->z F     unmapped_nand2         6  37.8     0   195    5357    (-,-) 
  PC1/sub_126_48/g1599/z (u)     in_0->z R     unmapped_complex2      2  12.8     0   112    5469    (-,-) 
  PC1/sub_126_48/g1595/z (u)     in_0->z F     unmapped_complex2      5  31.5     0   180    5649    (-,-) 
  PC1/sub_126_48/g1585/z (u)     in_1->z R     unmapped_nand2         2  12.8     0   112    5761    (-,-) 
  PC1/sub_126_48/g1569/z (u)     in_0->z R     unmapped_complex2      1   6.4     0    82    5843    (-,-) 
  PC1/sub_126_48/g1558/z (u)     in_0->z F     unmapped_complex2      3  18.9     0   135    5978    (-,-) 
  PC1/sub_126_48/g1543/z (u)     in_1->z R     unmapped_nand2         1   6.4     0    82    6060    (-,-) 
  PC1/sub_126_48/g1534/z (u)     in_1->z F     unmapped_nand2         2  12.6     0   112    6172    (-,-) 
  PC1/sub_126_48/g1529/z (u)     in_0->z F     unmapped_or2           1   6.3     0    82    6254    (-,-) 
  PC1/sub_126_48/g1530/z (u)     in_1->z R     unmapped_nand2         1   6.4     0    82    6336    (-,-) 
  PC1/g25849/z           (u)     in_0->z F     unmapped_complex2      1   6.3     0    82    6418    (-,-) 
  PC1/g24292/z           (u)     in_1->z R     unmapped_complex2      1   6.4     0    82    6500    (-,-) 
  PC1/g24253/z           (u)     in_0->z F     unmapped_complex2      1   6.3     0    82    6582    (-,-) 
  PC1/g24204/z           (u)     in_1->z R     unmapped_nand2         2  12.8     0   112    6694    (-,-) 
  PC1/g24185/z           (u)     in_0->z R     unmapped_complex2     16  25.6     0   224    6918    (-,-) 
  PC1/g23736/z           (u)     in_0->z F     unmapped_complex2      1   6.3     0    82    6999    (-,-) 
  PC1/g23311/z           (u)     in_1->z R     unmapped_nand2         1   6.4     0    82    7081    (-,-) 
  PC1/RF_reg[15][27]/d   -       -       R     unmapped_d_flop        1     -     -     0    7081    (-,-) 
#----------------------------------------------------------------------------------------------------------

(u) : Net has unmapped pin(s).



Path 2: MET (2736 ps) Setup Check with Pin PC1/RF_reg[14][27]/clk->d
          Group: C2C
     Startpoint: (R) PC1/PSTATE_reg[0]/clk
          Clock: (R) SYS_CLOCK
       Endpoint: (R) PC1/RF_reg[14][27]/d
          Clock: (R) SYS_CLOCK

                     Capture       Launch     
        Clock Edge:+   10000            0     
       Src Latency:+       0            0     
       Net Latency:+       0 (I)        0 (I) 
           Arrival:=   10000            0     
                                              
             Setup:-     183                  
     Required Time:=    9817                  
      Launch Clock:-       0                  
         Data Path:-    7081                  
             Slack:=    2736                  

#----------------------------------------------------------------------------------------------------------
#     Timing Point       Flags    Arc    Edge       Cell         Fanout  Load Trans Delay Arrival Instance 
#                                                                        (fF)  (ps)  (ps)   (ps)  Location 
#----------------------------------------------------------------------------------------------------------
  PC1/PSTATE_reg[0]/clk  -       -       R     (arrival)            587     -     0     0       0    (-,-) 
  PC1/PSTATE_reg[0]/q    (u)     clk->q  F     unmapped_d_flop        6  33.3     0   807     807    (-,-) 
  PC1/g12268/z           (u)     in_0->z F     unmapped_or2           4  25.2     0   156     964    (-,-) 
  PC1/g17550/z           (u)     in_1->z F     unmapped_or2           1   6.3     0    82    1046    (-,-) 
  PC1/g17533/z           (u)     in_0->z F     unmapped_or2           8  50.4     0   222    1268    (-,-) 
  PC1/g16964/z           (u)     in_0->z F     unmapped_complex2      1   6.3     0    82    1350    (-,-) 
  PC1/g16652/z           (u)     in_1->z R     unmapped_nand2         4  25.6     0   156    1506    (-,-) 
  PC1/g7136/z            (u)     in_1->z F     unmapped_nand2         4  25.2     0   156    1663    (-,-) 
  PC1/g16544/z           (u)     in_1->z F     unmapped_or2          32 201.6     0   364    2026    (-,-) 
  PC1/g16497/z           (u)     in_0->z F     unmapped_complex2      1   6.3     0    82    2108    (-,-) 
  PC1/g15994/z           (u)     in_1->z R     unmapped_nand2         1   6.4     0    82    2190    (-,-) 
  PC1/g15729/z           (u)     in_1->z R     unmapped_or2           1   6.4     0    82    2272    (-,-) 
  PC1/g15561/z           (u)     in_1->z R     unmapped_or2           1   6.4     0    82    2354    (-,-) 
  PC1/g15527/z           (u)     in_1->z R     unmapped_or2          13  83.2     0   269    2623    (-,-) 
  PC1/sub_126_48/g484/z  (u)     in_1->z F     unmapped_complex2      4  25.2     0   156    2779    (-,-) 
  PC1/sub_126_48/g1735/z (u)     in_1->z R     unmapped_nand2         1   6.4     0    82    2861    (-,-) 
  PC1/sub_126_48/g1708/z (u)     in_0->z F     unmapped_nand2         3  18.9     0   135    2996    (-,-) 
  PC1/sub_126_48/g1696/z (u)     in_1->z R     unmapped_nand2         1   6.4     0    82    3078    (-,-) 
  PC1/sub_126_48/g1686/z (u)     in_1->z F     unmapped_nand2         3  18.9     0   135    3213    (-,-) 
  PC1/sub_126_48/g1681/z (u)     in_1->z R     unmapped_nand2         1   6.4     0    82    3295    (-,-) 
  PC1/sub_126_48/g1673/z (u)     in_0->z F     unmapped_nand2         3  18.9     0   135    3430    (-,-) 
  PC1/sub_126_48/g1669/z (u)     in_0->z R     unmapped_nand2         2  12.8     0   112    3542    (-,-) 
  PC1/sub_126_48/g1665/z (u)     in_0->z R     unmapped_complex2      1   6.4     0    82    3624    (-,-) 
  PC1/sub_126_48/g1658/z (u)     in_0->z F     unmapped_complex2      3  18.9     0   135    3759    (-,-) 
  PC1/sub_126_48/g1654/z (u)     in_1->z R     unmapped_nand2         1   6.4     0    82    3841    (-,-) 
  PC1/sub_126_48/g1652/z (u)     in_1->z F     unmapped_nand2         3  18.9     0   135    3976    (-,-) 
  PC1/sub_126_48/g1648/z (u)     in_0->z R     unmapped_nand2         1   6.4     0    82    4058    (-,-) 
  PC1/sub_126_48/g1647/z (u)     in_0->z F     unmapped_nand2         4  25.2     0   156    4214    (-,-) 
  PC1/sub_126_48/g1646/z (u)     in_0->z R     unmapped_complex2      2  12.8     0   112    4326    (-,-) 
  PC1/sub_126_48/g1641/z (u)     in_0->z R     unmapped_complex2      1   6.4     0    82    4408    (-,-) 
  PC1/sub_126_48/g1631/z (u)     in_0->z R     unmapped_complex2      1   6.4     0    82    4490    (-,-) 
  PC1/sub_126_48/g1629/z (u)     in_0->z F     unmapped_complex2      4  25.2     0   156    4646    (-,-) 
  PC1/sub_126_48/g1628/z (u)     in_0->z R     unmapped_complex2      1   6.4     0    82    4728    (-,-) 
  PC1/sub_126_48/g1620/z (u)     in_0->z F     unmapped_complex2      3  18.9     0   135    4863    (-,-) 
  PC1/sub_126_48/g1615/z (u)     in_1->z R     unmapped_nand2         1   6.4     0    82    4945    (-,-) 
  PC1/sub_126_48/g1611/z (u)     in_1->z F     unmapped_nand2         3  18.9     0   135    5080    (-,-) 
  PC1/sub_126_48/g1607/z (u)     in_1->z R     unmapped_nand2         1   6.4     0    82    5162    (-,-) 
  PC1/sub_126_48/g1606/z (u)     in_1->z F     unmapped_nand2         6  37.8     0   195    5357    (-,-) 
  PC1/sub_126_48/g1599/z (u)     in_0->z R     unmapped_complex2      2  12.8     0   112    5469    (-,-) 
  PC1/sub_126_48/g1595/z (u)     in_0->z F     unmapped_complex2      5  31.5     0   180    5649    (-,-) 
  PC1/sub_126_48/g1585/z (u)     in_1->z R     unmapped_nand2         2  12.8     0   112    5761    (-,-) 
  PC1/sub_126_48/g1569/z (u)     in_0->z R     unmapped_complex2      1   6.4     0    82    5843    (-,-) 
  PC1/sub_126_48/g1558/z (u)     in_0->z F     unmapped_complex2      3  18.9     0   135    5978    (-,-) 
  PC1/sub_126_48/g1543/z (u)     in_1->z R     unmapped_nand2         1   6.4     0    82    6060    (-,-) 
  PC1/sub_126_48/g1534/z (u)     in_1->z F     unmapped_nand2         2  12.6     0   112    6172    (-,-) 
  PC1/sub_126_48/g1529/z (u)     in_0->z F     unmapped_or2           1   6.3     0    82    6254    (-,-) 
  PC1/sub_126_48/g1530/z (u)     in_1->z R     unmapped_nand2         1   6.4     0    82    6336    (-,-) 
  PC1/g25849/z           (u)     in_0->z F     unmapped_complex2      1   6.3     0    82    6418    (-,-) 
  PC1/g24292/z           (u)     in_1->z R     unmapped_complex2      1   6.4     0    82    6500    (-,-) 
  PC1/g24253/z           (u)     in_0->z F     unmapped_complex2      1   6.3     0    82    6582    (-,-) 
  PC1/g24204/z           (u)     in_1->z R     unmapped_nand2         2  12.8     0   112    6694    (-,-) 
  PC1/g24185/z           (u)     in_0->z R     unmapped_complex2     16  25.6     0   224    6918    (-,-) 
  PC1/g23738/z           (u)     in_0->z F     unmapped_complex2      1   6.3     0    82    6999    (-,-) 
  PC1/g23314/z           (u)     in_1->z R     unmapped_nand2         1   6.4     0    82    7081    (-,-) 
  PC1/RF_reg[14][27]/d   -       -       R     unmapped_d_flop        1     -     -     0    7081    (-,-) 
#----------------------------------------------------------------------------------------------------------

(u) : Net has unmapped pin(s).



Path 3: MET (2736 ps) Setup Check with Pin PC1/RF_reg[13][27]/clk->d
          Group: C2C
     Startpoint: (R) PC1/PSTATE_reg[0]/clk
          Clock: (R) SYS_CLOCK
       Endpoint: (R) PC1/RF_reg[13][27]/d
          Clock: (R) SYS_CLOCK

                     Capture       Launch     
        Clock Edge:+   10000            0     
       Src Latency:+       0            0     
       Net Latency:+       0 (I)        0 (I) 
           Arrival:=   10000            0     
                                              
             Setup:-     183                  
     Required Time:=    9817                  
      Launch Clock:-       0                  
         Data Path:-    7081                  
             Slack:=    2736                  

#----------------------------------------------------------------------------------------------------------
#     Timing Point       Flags    Arc    Edge       Cell         Fanout  Load Trans Delay Arrival Instance 
#                                                                        (fF)  (ps)  (ps)   (ps)  Location 
#----------------------------------------------------------------------------------------------------------
  PC1/PSTATE_reg[0]/clk  -       -       R     (arrival)            587     -     0     0       0    (-,-) 
  PC1/PSTATE_reg[0]/q    (u)     clk->q  F     unmapped_d_flop        6  33.3     0   807     807    (-,-) 
  PC1/g12268/z           (u)     in_0->z F     unmapped_or2           4  25.2     0   156     964    (-,-) 
  PC1/g17550/z           (u)     in_1->z F     unmapped_or2           1   6.3     0    82    1046    (-,-) 
  PC1/g17533/z           (u)     in_0->z F     unmapped_or2           8  50.4     0   222    1268    (-,-) 
  PC1/g16964/z           (u)     in_0->z F     unmapped_complex2      1   6.3     0    82    1350    (-,-) 
  PC1/g16652/z           (u)     in_1->z R     unmapped_nand2         4  25.6     0   156    1506    (-,-) 
  PC1/g7136/z            (u)     in_1->z F     unmapped_nand2         4  25.2     0   156    1663    (-,-) 
  PC1/g16544/z           (u)     in_1->z F     unmapped_or2          32 201.6     0   364    2026    (-,-) 
  PC1/g16497/z           (u)     in_0->z F     unmapped_complex2      1   6.3     0    82    2108    (-,-) 
  PC1/g15994/z           (u)     in_1->z R     unmapped_nand2         1   6.4     0    82    2190    (-,-) 
  PC1/g15729/z           (u)     in_1->z R     unmapped_or2           1   6.4     0    82    2272    (-,-) 
  PC1/g15561/z           (u)     in_1->z R     unmapped_or2           1   6.4     0    82    2354    (-,-) 
  PC1/g15527/z           (u)     in_1->z R     unmapped_or2          13  83.2     0   269    2623    (-,-) 
  PC1/sub_126_48/g484/z  (u)     in_1->z F     unmapped_complex2      4  25.2     0   156    2779    (-,-) 
  PC1/sub_126_48/g1735/z (u)     in_1->z R     unmapped_nand2         1   6.4     0    82    2861    (-,-) 
  PC1/sub_126_48/g1708/z (u)     in_0->z F     unmapped_nand2         3  18.9     0   135    2996    (-,-) 
  PC1/sub_126_48/g1696/z (u)     in_1->z R     unmapped_nand2         1   6.4     0    82    3078    (-,-) 
  PC1/sub_126_48/g1686/z (u)     in_1->z F     unmapped_nand2         3  18.9     0   135    3213    (-,-) 
  PC1/sub_126_48/g1681/z (u)     in_1->z R     unmapped_nand2         1   6.4     0    82    3295    (-,-) 
  PC1/sub_126_48/g1673/z (u)     in_0->z F     unmapped_nand2         3  18.9     0   135    3430    (-,-) 
  PC1/sub_126_48/g1669/z (u)     in_0->z R     unmapped_nand2         2  12.8     0   112    3542    (-,-) 
  PC1/sub_126_48/g1665/z (u)     in_0->z R     unmapped_complex2      1   6.4     0    82    3624    (-,-) 
  PC1/sub_126_48/g1658/z (u)     in_0->z F     unmapped_complex2      3  18.9     0   135    3759    (-,-) 
  PC1/sub_126_48/g1654/z (u)     in_1->z R     unmapped_nand2         1   6.4     0    82    3841    (-,-) 
  PC1/sub_126_48/g1652/z (u)     in_1->z F     unmapped_nand2         3  18.9     0   135    3976    (-,-) 
  PC1/sub_126_48/g1648/z (u)     in_0->z R     unmapped_nand2         1   6.4     0    82    4058    (-,-) 
  PC1/sub_126_48/g1647/z (u)     in_0->z F     unmapped_nand2         4  25.2     0   156    4214    (-,-) 
  PC1/sub_126_48/g1646/z (u)     in_0->z R     unmapped_complex2      2  12.8     0   112    4326    (-,-) 
  PC1/sub_126_48/g1641/z (u)     in_0->z R     unmapped_complex2      1   6.4     0    82    4408    (-,-) 
  PC1/sub_126_48/g1631/z (u)     in_0->z R     unmapped_complex2      1   6.4     0    82    4490    (-,-) 
  PC1/sub_126_48/g1629/z (u)     in_0->z F     unmapped_complex2      4  25.2     0   156    4646    (-,-) 
  PC1/sub_126_48/g1628/z (u)     in_0->z R     unmapped_complex2      1   6.4     0    82    4728    (-,-) 
  PC1/sub_126_48/g1620/z (u)     in_0->z F     unmapped_complex2      3  18.9     0   135    4863    (-,-) 
  PC1/sub_126_48/g1615/z (u)     in_1->z R     unmapped_nand2         1   6.4     0    82    4945    (-,-) 
  PC1/sub_126_48/g1611/z (u)     in_1->z F     unmapped_nand2         3  18.9     0   135    5080    (-,-) 
  PC1/sub_126_48/g1607/z (u)     in_1->z R     unmapped_nand2         1   6.4     0    82    5162    (-,-) 
  PC1/sub_126_48/g1606/z (u)     in_1->z F     unmapped_nand2         6  37.8     0   195    5357    (-,-) 
  PC1/sub_126_48/g1599/z (u)     in_0->z R     unmapped_complex2      2  12.8     0   112    5469    (-,-) 
  PC1/sub_126_48/g1595/z (u)     in_0->z F     unmapped_complex2      5  31.5     0   180    5649    (-,-) 
  PC1/sub_126_48/g1585/z (u)     in_1->z R     unmapped_nand2         2  12.8     0   112    5761    (-,-) 
  PC1/sub_126_48/g1569/z (u)     in_0->z R     unmapped_complex2      1   6.4     0    82    5843    (-,-) 
  PC1/sub_126_48/g1558/z (u)     in_0->z F     unmapped_complex2      3  18.9     0   135    5978    (-,-) 
  PC1/sub_126_48/g1543/z (u)     in_1->z R     unmapped_nand2         1   6.4     0    82    6060    (-,-) 
  PC1/sub_126_48/g1534/z (u)     in_1->z F     unmapped_nand2         2  12.6     0   112    6172    (-,-) 
  PC1/sub_126_48/g1529/z (u)     in_0->z F     unmapped_or2           1   6.3     0    82    6254    (-,-) 
  PC1/sub_126_48/g1530/z (u)     in_1->z R     unmapped_nand2         1   6.4     0    82    6336    (-,-) 
  PC1/g25849/z           (u)     in_0->z F     unmapped_complex2      1   6.3     0    82    6418    (-,-) 
  PC1/g24292/z           (u)     in_1->z R     unmapped_complex2      1   6.4     0    82    6500    (-,-) 
  PC1/g24253/z           (u)     in_0->z F     unmapped_complex2      1   6.3     0    82    6582    (-,-) 
  PC1/g24204/z           (u)     in_1->z R     unmapped_nand2         2  12.8     0   112    6694    (-,-) 
  PC1/g24185/z           (u)     in_0->z R     unmapped_complex2     16  25.6     0   224    6918    (-,-) 
  PC1/g23740/z           (u)     in_0->z F     unmapped_complex2      1   6.3     0    82    6999    (-,-) 
  PC1/g23317/z           (u)     in_1->z R     unmapped_nand2         1   6.4     0    82    7081    (-,-) 
  PC1/RF_reg[13][27]/d   -       -       R     unmapped_d_flop        1     -     -     0    7081    (-,-) 
#----------------------------------------------------------------------------------------------------------

(u) : Net has unmapped pin(s).



Path 4: MET (2736 ps) Setup Check with Pin PC1/RF_reg[12][27]/clk->d
          Group: C2C
     Startpoint: (R) PC1/PSTATE_reg[0]/clk
          Clock: (R) SYS_CLOCK
       Endpoint: (R) PC1/RF_reg[12][27]/d
          Clock: (R) SYS_CLOCK

                     Capture       Launch     
        Clock Edge:+   10000            0     
       Src Latency:+       0            0     
       Net Latency:+       0 (I)        0 (I) 
           Arrival:=   10000            0     
                                              
             Setup:-     183                  
     Required Time:=    9817                  
      Launch Clock:-       0                  
         Data Path:-    7081                  
             Slack:=    2736                  

#----------------------------------------------------------------------------------------------------------
#     Timing Point       Flags    Arc    Edge       Cell         Fanout  Load Trans Delay Arrival Instance 
#                                                                        (fF)  (ps)  (ps)   (ps)  Location 
#----------------------------------------------------------------------------------------------------------
  PC1/PSTATE_reg[0]/clk  -       -       R     (arrival)            587     -     0     0       0    (-,-) 
  PC1/PSTATE_reg[0]/q    (u)     clk->q  F     unmapped_d_flop        6  33.3     0   807     807    (-,-) 
  PC1/g12268/z           (u)     in_0->z F     unmapped_or2           4  25.2     0   156     964    (-,-) 
  PC1/g17550/z           (u)     in_1->z F     unmapped_or2           1   6.3     0    82    1046    (-,-) 
  PC1/g17533/z           (u)     in_0->z F     unmapped_or2           8  50.4     0   222    1268    (-,-) 
  PC1/g16964/z           (u)     in_0->z F     unmapped_complex2      1   6.3     0    82    1350    (-,-) 
  PC1/g16652/z           (u)     in_1->z R     unmapped_nand2         4  25.6     0   156    1506    (-,-) 
  PC1/g7136/z            (u)     in_1->z F     unmapped_nand2         4  25.2     0   156    1663    (-,-) 
  PC1/g16544/z           (u)     in_1->z F     unmapped_or2          32 201.6     0   364    2026    (-,-) 
  PC1/g16497/z           (u)     in_0->z F     unmapped_complex2      1   6.3     0    82    2108    (-,-) 
  PC1/g15994/z           (u)     in_1->z R     unmapped_nand2         1   6.4     0    82    2190    (-,-) 
  PC1/g15729/z           (u)     in_1->z R     unmapped_or2           1   6.4     0    82    2272    (-,-) 
  PC1/g15561/z           (u)     in_1->z R     unmapped_or2           1   6.4     0    82    2354    (-,-) 
  PC1/g15527/z           (u)     in_1->z R     unmapped_or2          13  83.2     0   269    2623    (-,-) 
  PC1/sub_126_48/g484/z  (u)     in_1->z F     unmapped_complex2      4  25.2     0   156    2779    (-,-) 
  PC1/sub_126_48/g1735/z (u)     in_1->z R     unmapped_nand2         1   6.4     0    82    2861    (-,-) 
  PC1/sub_126_48/g1708/z (u)     in_0->z F     unmapped_nand2         3  18.9     0   135    2996    (-,-) 
  PC1/sub_126_48/g1696/z (u)     in_1->z R     unmapped_nand2         1   6.4     0    82    3078    (-,-) 
  PC1/sub_126_48/g1686/z (u)     in_1->z F     unmapped_nand2         3  18.9     0   135    3213    (-,-) 
  PC1/sub_126_48/g1681/z (u)     in_1->z R     unmapped_nand2         1   6.4     0    82    3295    (-,-) 
  PC1/sub_126_48/g1673/z (u)     in_0->z F     unmapped_nand2         3  18.9     0   135    3430    (-,-) 
  PC1/sub_126_48/g1669/z (u)     in_0->z R     unmapped_nand2         2  12.8     0   112    3542    (-,-) 
  PC1/sub_126_48/g1665/z (u)     in_0->z R     unmapped_complex2      1   6.4     0    82    3624    (-,-) 
  PC1/sub_126_48/g1658/z (u)     in_0->z F     unmapped_complex2      3  18.9     0   135    3759    (-,-) 
  PC1/sub_126_48/g1654/z (u)     in_1->z R     unmapped_nand2         1   6.4     0    82    3841    (-,-) 
  PC1/sub_126_48/g1652/z (u)     in_1->z F     unmapped_nand2         3  18.9     0   135    3976    (-,-) 
  PC1/sub_126_48/g1648/z (u)     in_0->z R     unmapped_nand2         1   6.4     0    82    4058    (-,-) 
  PC1/sub_126_48/g1647/z (u)     in_0->z F     unmapped_nand2         4  25.2     0   156    4214    (-,-) 
  PC1/sub_126_48/g1646/z (u)     in_0->z R     unmapped_complex2      2  12.8     0   112    4326    (-,-) 
  PC1/sub_126_48/g1641/z (u)     in_0->z R     unmapped_complex2      1   6.4     0    82    4408    (-,-) 
  PC1/sub_126_48/g1631/z (u)     in_0->z R     unmapped_complex2      1   6.4     0    82    4490    (-,-) 
  PC1/sub_126_48/g1629/z (u)     in_0->z F     unmapped_complex2      4  25.2     0   156    4646    (-,-) 
  PC1/sub_126_48/g1628/z (u)     in_0->z R     unmapped_complex2      1   6.4     0    82    4728    (-,-) 
  PC1/sub_126_48/g1620/z (u)     in_0->z F     unmapped_complex2      3  18.9     0   135    4863    (-,-) 
  PC1/sub_126_48/g1615/z (u)     in_1->z R     unmapped_nand2         1   6.4     0    82    4945    (-,-) 
  PC1/sub_126_48/g1611/z (u)     in_1->z F     unmapped_nand2         3  18.9     0   135    5080    (-,-) 
  PC1/sub_126_48/g1607/z (u)     in_1->z R     unmapped_nand2         1   6.4     0    82    5162    (-,-) 
  PC1/sub_126_48/g1606/z (u)     in_1->z F     unmapped_nand2         6  37.8     0   195    5357    (-,-) 
  PC1/sub_126_48/g1599/z (u)     in_0->z R     unmapped_complex2      2  12.8     0   112    5469    (-,-) 
  PC1/sub_126_48/g1595/z (u)     in_0->z F     unmapped_complex2      5  31.5     0   180    5649    (-,-) 
  PC1/sub_126_48/g1585/z (u)     in_1->z R     unmapped_nand2         2  12.8     0   112    5761    (-,-) 
  PC1/sub_126_48/g1569/z (u)     in_0->z R     unmapped_complex2      1   6.4     0    82    5843    (-,-) 
  PC1/sub_126_48/g1558/z (u)     in_0->z F     unmapped_complex2      3  18.9     0   135    5978    (-,-) 
  PC1/sub_126_48/g1543/z (u)     in_1->z R     unmapped_nand2         1   6.4     0    82    6060    (-,-) 
  PC1/sub_126_48/g1534/z (u)     in_1->z F     unmapped_nand2         2  12.6     0   112    6172    (-,-) 
  PC1/sub_126_48/g1529/z (u)     in_0->z F     unmapped_or2           1   6.3     0    82    6254    (-,-) 
  PC1/sub_126_48/g1530/z (u)     in_1->z R     unmapped_nand2         1   6.4     0    82    6336    (-,-) 
  PC1/g25849/z           (u)     in_0->z F     unmapped_complex2      1   6.3     0    82    6418    (-,-) 
  PC1/g24292/z           (u)     in_1->z R     unmapped_complex2      1   6.4     0    82    6500    (-,-) 
  PC1/g24253/z           (u)     in_0->z F     unmapped_complex2      1   6.3     0    82    6582    (-,-) 
  PC1/g24204/z           (u)     in_1->z R     unmapped_nand2         2  12.8     0   112    6694    (-,-) 
  PC1/g24185/z           (u)     in_0->z R     unmapped_complex2     16  25.6     0   224    6918    (-,-) 
  PC1/g23741/z           (u)     in_0->z F     unmapped_complex2      1   6.3     0    82    6999    (-,-) 
  PC1/g23320/z           (u)     in_1->z R     unmapped_nand2         1   6.4     0    82    7081    (-,-) 
  PC1/RF_reg[12][27]/d   -       -       R     unmapped_d_flop        1     -     -     0    7081    (-,-) 
#----------------------------------------------------------------------------------------------------------

(u) : Net has unmapped pin(s).



Path 5: MET (2736 ps) Setup Check with Pin PC1/RF_reg[11][27]/clk->d
          Group: C2C
     Startpoint: (R) PC1/PSTATE_reg[0]/clk
          Clock: (R) SYS_CLOCK
       Endpoint: (R) PC1/RF_reg[11][27]/d
          Clock: (R) SYS_CLOCK

                     Capture       Launch     
        Clock Edge:+   10000            0     
       Src Latency:+       0            0     
       Net Latency:+       0 (I)        0 (I) 
           Arrival:=   10000            0     
                                              
             Setup:-     183                  
     Required Time:=    9817                  
      Launch Clock:-       0                  
         Data Path:-    7081                  
             Slack:=    2736                  

#----------------------------------------------------------------------------------------------------------
#     Timing Point       Flags    Arc    Edge       Cell         Fanout  Load Trans Delay Arrival Instance 
#                                                                        (fF)  (ps)  (ps)   (ps)  Location 
#----------------------------------------------------------------------------------------------------------
  PC1/PSTATE_reg[0]/clk  -       -       R     (arrival)            587     -     0     0       0    (-,-) 
  PC1/PSTATE_reg[0]/q    (u)     clk->q  F     unmapped_d_flop        6  33.3     0   807     807    (-,-) 
  PC1/g12268/z           (u)     in_0->z F     unmapped_or2           4  25.2     0   156     964    (-,-) 
  PC1/g17550/z           (u)     in_1->z F     unmapped_or2           1   6.3     0    82    1046    (-,-) 
  PC1/g17533/z           (u)     in_0->z F     unmapped_or2           8  50.4     0   222    1268    (-,-) 
  PC1/g16964/z           (u)     in_0->z F     unmapped_complex2      1   6.3     0    82    1350    (-,-) 
  PC1/g16652/z           (u)     in_1->z R     unmapped_nand2         4  25.6     0   156    1506    (-,-) 
  PC1/g7136/z            (u)     in_1->z F     unmapped_nand2         4  25.2     0   156    1663    (-,-) 
  PC1/g16544/z           (u)     in_1->z F     unmapped_or2          32 201.6     0   364    2026    (-,-) 
  PC1/g16497/z           (u)     in_0->z F     unmapped_complex2      1   6.3     0    82    2108    (-,-) 
  PC1/g15994/z           (u)     in_1->z R     unmapped_nand2         1   6.4     0    82    2190    (-,-) 
  PC1/g15729/z           (u)     in_1->z R     unmapped_or2           1   6.4     0    82    2272    (-,-) 
  PC1/g15561/z           (u)     in_1->z R     unmapped_or2           1   6.4     0    82    2354    (-,-) 
  PC1/g15527/z           (u)     in_1->z R     unmapped_or2          13  83.2     0   269    2623    (-,-) 
  PC1/sub_126_48/g484/z  (u)     in_1->z F     unmapped_complex2      4  25.2     0   156    2779    (-,-) 
  PC1/sub_126_48/g1735/z (u)     in_1->z R     unmapped_nand2         1   6.4     0    82    2861    (-,-) 
  PC1/sub_126_48/g1708/z (u)     in_0->z F     unmapped_nand2         3  18.9     0   135    2996    (-,-) 
  PC1/sub_126_48/g1696/z (u)     in_1->z R     unmapped_nand2         1   6.4     0    82    3078    (-,-) 
  PC1/sub_126_48/g1686/z (u)     in_1->z F     unmapped_nand2         3  18.9     0   135    3213    (-,-) 
  PC1/sub_126_48/g1681/z (u)     in_1->z R     unmapped_nand2         1   6.4     0    82    3295    (-,-) 
  PC1/sub_126_48/g1673/z (u)     in_0->z F     unmapped_nand2         3  18.9     0   135    3430    (-,-) 
  PC1/sub_126_48/g1669/z (u)     in_0->z R     unmapped_nand2         2  12.8     0   112    3542    (-,-) 
  PC1/sub_126_48/g1665/z (u)     in_0->z R     unmapped_complex2      1   6.4     0    82    3624    (-,-) 
  PC1/sub_126_48/g1658/z (u)     in_0->z F     unmapped_complex2      3  18.9     0   135    3759    (-,-) 
  PC1/sub_126_48/g1654/z (u)     in_1->z R     unmapped_nand2         1   6.4     0    82    3841    (-,-) 
  PC1/sub_126_48/g1652/z (u)     in_1->z F     unmapped_nand2         3  18.9     0   135    3976    (-,-) 
  PC1/sub_126_48/g1648/z (u)     in_0->z R     unmapped_nand2         1   6.4     0    82    4058    (-,-) 
  PC1/sub_126_48/g1647/z (u)     in_0->z F     unmapped_nand2         4  25.2     0   156    4214    (-,-) 
  PC1/sub_126_48/g1646/z (u)     in_0->z R     unmapped_complex2      2  12.8     0   112    4326    (-,-) 
  PC1/sub_126_48/g1641/z (u)     in_0->z R     unmapped_complex2      1   6.4     0    82    4408    (-,-) 
  PC1/sub_126_48/g1631/z (u)     in_0->z R     unmapped_complex2      1   6.4     0    82    4490    (-,-) 
  PC1/sub_126_48/g1629/z (u)     in_0->z F     unmapped_complex2      4  25.2     0   156    4646    (-,-) 
  PC1/sub_126_48/g1628/z (u)     in_0->z R     unmapped_complex2      1   6.4     0    82    4728    (-,-) 
  PC1/sub_126_48/g1620/z (u)     in_0->z F     unmapped_complex2      3  18.9     0   135    4863    (-,-) 
  PC1/sub_126_48/g1615/z (u)     in_1->z R     unmapped_nand2         1   6.4     0    82    4945    (-,-) 
  PC1/sub_126_48/g1611/z (u)     in_1->z F     unmapped_nand2         3  18.9     0   135    5080    (-,-) 
  PC1/sub_126_48/g1607/z (u)     in_1->z R     unmapped_nand2         1   6.4     0    82    5162    (-,-) 
  PC1/sub_126_48/g1606/z (u)     in_1->z F     unmapped_nand2         6  37.8     0   195    5357    (-,-) 
  PC1/sub_126_48/g1599/z (u)     in_0->z R     unmapped_complex2      2  12.8     0   112    5469    (-,-) 
  PC1/sub_126_48/g1595/z (u)     in_0->z F     unmapped_complex2      5  31.5     0   180    5649    (-,-) 
  PC1/sub_126_48/g1585/z (u)     in_1->z R     unmapped_nand2         2  12.8     0   112    5761    (-,-) 
  PC1/sub_126_48/g1569/z (u)     in_0->z R     unmapped_complex2      1   6.4     0    82    5843    (-,-) 
  PC1/sub_126_48/g1558/z (u)     in_0->z F     unmapped_complex2      3  18.9     0   135    5978    (-,-) 
  PC1/sub_126_48/g1543/z (u)     in_1->z R     unmapped_nand2         1   6.4     0    82    6060    (-,-) 
  PC1/sub_126_48/g1534/z (u)     in_1->z F     unmapped_nand2         2  12.6     0   112    6172    (-,-) 
  PC1/sub_126_48/g1529/z (u)     in_0->z F     unmapped_or2           1   6.3     0    82    6254    (-,-) 
  PC1/sub_126_48/g1530/z (u)     in_1->z R     unmapped_nand2         1   6.4     0    82    6336    (-,-) 
  PC1/g25849/z           (u)     in_0->z F     unmapped_complex2      1   6.3     0    82    6418    (-,-) 
  PC1/g24292/z           (u)     in_1->z R     unmapped_complex2      1   6.4     0    82    6500    (-,-) 
  PC1/g24253/z           (u)     in_0->z F     unmapped_complex2      1   6.3     0    82    6582    (-,-) 
  PC1/g24204/z           (u)     in_1->z R     unmapped_nand2         2  12.8     0   112    6694    (-,-) 
  PC1/g24185/z           (u)     in_0->z R     unmapped_complex2     16  25.6     0   224    6918    (-,-) 
  PC1/g23742/z           (u)     in_0->z F     unmapped_complex2      1   6.3     0    82    6999    (-,-) 
  PC1/g23323/z           (u)     in_1->z R     unmapped_nand2         1   6.4     0    82    7081    (-,-) 
  PC1/RF_reg[11][27]/d   -       -       R     unmapped_d_flop        1     -     -     0    7081    (-,-) 
#----------------------------------------------------------------------------------------------------------

(u) : Net has unmapped pin(s).



Path 6: MET (2736 ps) Setup Check with Pin PC1/RF_reg[10][27]/clk->d
          Group: C2C
     Startpoint: (R) PC1/PSTATE_reg[0]/clk
          Clock: (R) SYS_CLOCK
       Endpoint: (R) PC1/RF_reg[10][27]/d
          Clock: (R) SYS_CLOCK

                     Capture       Launch     
        Clock Edge:+   10000            0     
       Src Latency:+       0            0     
       Net Latency:+       0 (I)        0 (I) 
           Arrival:=   10000            0     
                                              
             Setup:-     183                  
     Required Time:=    9817                  
      Launch Clock:-       0                  
         Data Path:-    7081                  
             Slack:=    2736                  

#----------------------------------------------------------------------------------------------------------
#     Timing Point       Flags    Arc    Edge       Cell         Fanout  Load Trans Delay Arrival Instance 
#                                                                        (fF)  (ps)  (ps)   (ps)  Location 
#----------------------------------------------------------------------------------------------------------
  PC1/PSTATE_reg[0]/clk  -       -       R     (arrival)            587     -     0     0       0    (-,-) 
  PC1/PSTATE_reg[0]/q    (u)     clk->q  F     unmapped_d_flop        6  33.3     0   807     807    (-,-) 
  PC1/g12268/z           (u)     in_0->z F     unmapped_or2           4  25.2     0   156     964    (-,-) 
  PC1/g17550/z           (u)     in_1->z F     unmapped_or2           1   6.3     0    82    1046    (-,-) 
  PC1/g17533/z           (u)     in_0->z F     unmapped_or2           8  50.4     0   222    1268    (-,-) 
  PC1/g16964/z           (u)     in_0->z F     unmapped_complex2      1   6.3     0    82    1350    (-,-) 
  PC1/g16652/z           (u)     in_1->z R     unmapped_nand2         4  25.6     0   156    1506    (-,-) 
  PC1/g7136/z            (u)     in_1->z F     unmapped_nand2         4  25.2     0   156    1663    (-,-) 
  PC1/g16544/z           (u)     in_1->z F     unmapped_or2          32 201.6     0   364    2026    (-,-) 
  PC1/g16497/z           (u)     in_0->z F     unmapped_complex2      1   6.3     0    82    2108    (-,-) 
  PC1/g15994/z           (u)     in_1->z R     unmapped_nand2         1   6.4     0    82    2190    (-,-) 
  PC1/g15729/z           (u)     in_1->z R     unmapped_or2           1   6.4     0    82    2272    (-,-) 
  PC1/g15561/z           (u)     in_1->z R     unmapped_or2           1   6.4     0    82    2354    (-,-) 
  PC1/g15527/z           (u)     in_1->z R     unmapped_or2          13  83.2     0   269    2623    (-,-) 
  PC1/sub_126_48/g484/z  (u)     in_1->z F     unmapped_complex2      4  25.2     0   156    2779    (-,-) 
  PC1/sub_126_48/g1735/z (u)     in_1->z R     unmapped_nand2         1   6.4     0    82    2861    (-,-) 
  PC1/sub_126_48/g1708/z (u)     in_0->z F     unmapped_nand2         3  18.9     0   135    2996    (-,-) 
  PC1/sub_126_48/g1696/z (u)     in_1->z R     unmapped_nand2         1   6.4     0    82    3078    (-,-) 
  PC1/sub_126_48/g1686/z (u)     in_1->z F     unmapped_nand2         3  18.9     0   135    3213    (-,-) 
  PC1/sub_126_48/g1681/z (u)     in_1->z R     unmapped_nand2         1   6.4     0    82    3295    (-,-) 
  PC1/sub_126_48/g1673/z (u)     in_0->z F     unmapped_nand2         3  18.9     0   135    3430    (-,-) 
  PC1/sub_126_48/g1669/z (u)     in_0->z R     unmapped_nand2         2  12.8     0   112    3542    (-,-) 
  PC1/sub_126_48/g1665/z (u)     in_0->z R     unmapped_complex2      1   6.4     0    82    3624    (-,-) 
  PC1/sub_126_48/g1658/z (u)     in_0->z F     unmapped_complex2      3  18.9     0   135    3759    (-,-) 
  PC1/sub_126_48/g1654/z (u)     in_1->z R     unmapped_nand2         1   6.4     0    82    3841    (-,-) 
  PC1/sub_126_48/g1652/z (u)     in_1->z F     unmapped_nand2         3  18.9     0   135    3976    (-,-) 
  PC1/sub_126_48/g1648/z (u)     in_0->z R     unmapped_nand2         1   6.4     0    82    4058    (-,-) 
  PC1/sub_126_48/g1647/z (u)     in_0->z F     unmapped_nand2         4  25.2     0   156    4214    (-,-) 
  PC1/sub_126_48/g1646/z (u)     in_0->z R     unmapped_complex2      2  12.8     0   112    4326    (-,-) 
  PC1/sub_126_48/g1641/z (u)     in_0->z R     unmapped_complex2      1   6.4     0    82    4408    (-,-) 
  PC1/sub_126_48/g1631/z (u)     in_0->z R     unmapped_complex2      1   6.4     0    82    4490    (-,-) 
  PC1/sub_126_48/g1629/z (u)     in_0->z F     unmapped_complex2      4  25.2     0   156    4646    (-,-) 
  PC1/sub_126_48/g1628/z (u)     in_0->z R     unmapped_complex2      1   6.4     0    82    4728    (-,-) 
  PC1/sub_126_48/g1620/z (u)     in_0->z F     unmapped_complex2      3  18.9     0   135    4863    (-,-) 
  PC1/sub_126_48/g1615/z (u)     in_1->z R     unmapped_nand2         1   6.4     0    82    4945    (-,-) 
  PC1/sub_126_48/g1611/z (u)     in_1->z F     unmapped_nand2         3  18.9     0   135    5080    (-,-) 
  PC1/sub_126_48/g1607/z (u)     in_1->z R     unmapped_nand2         1   6.4     0    82    5162    (-,-) 
  PC1/sub_126_48/g1606/z (u)     in_1->z F     unmapped_nand2         6  37.8     0   195    5357    (-,-) 
  PC1/sub_126_48/g1599/z (u)     in_0->z R     unmapped_complex2      2  12.8     0   112    5469    (-,-) 
  PC1/sub_126_48/g1595/z (u)     in_0->z F     unmapped_complex2      5  31.5     0   180    5649    (-,-) 
  PC1/sub_126_48/g1585/z (u)     in_1->z R     unmapped_nand2         2  12.8     0   112    5761    (-,-) 
  PC1/sub_126_48/g1569/z (u)     in_0->z R     unmapped_complex2      1   6.4     0    82    5843    (-,-) 
  PC1/sub_126_48/g1558/z (u)     in_0->z F     unmapped_complex2      3  18.9     0   135    5978    (-,-) 
  PC1/sub_126_48/g1543/z (u)     in_1->z R     unmapped_nand2         1   6.4     0    82    6060    (-,-) 
  PC1/sub_126_48/g1534/z (u)     in_1->z F     unmapped_nand2         2  12.6     0   112    6172    (-,-) 
  PC1/sub_126_48/g1529/z (u)     in_0->z F     unmapped_or2           1   6.3     0    82    6254    (-,-) 
  PC1/sub_126_48/g1530/z (u)     in_1->z R     unmapped_nand2         1   6.4     0    82    6336    (-,-) 
  PC1/g25849/z           (u)     in_0->z F     unmapped_complex2      1   6.3     0    82    6418    (-,-) 
  PC1/g24292/z           (u)     in_1->z R     unmapped_complex2      1   6.4     0    82    6500    (-,-) 
  PC1/g24253/z           (u)     in_0->z F     unmapped_complex2      1   6.3     0    82    6582    (-,-) 
  PC1/g24204/z           (u)     in_1->z R     unmapped_nand2         2  12.8     0   112    6694    (-,-) 
  PC1/g24185/z           (u)     in_0->z R     unmapped_complex2     16  25.6     0   224    6918    (-,-) 
  PC1/g23744/z           (u)     in_0->z F     unmapped_complex2      1   6.3     0    82    6999    (-,-) 
  PC1/g23326/z           (u)     in_1->z R     unmapped_nand2         1   6.4     0    82    7081    (-,-) 
  PC1/RF_reg[10][27]/d   -       -       R     unmapped_d_flop        1     -     -     0    7081    (-,-) 
#----------------------------------------------------------------------------------------------------------

(u) : Net has unmapped pin(s).



Path 7: MET (2736 ps) Setup Check with Pin PC1/RF_reg[9][27]/clk->d
          Group: C2C
     Startpoint: (R) PC1/PSTATE_reg[0]/clk
          Clock: (R) SYS_CLOCK
       Endpoint: (R) PC1/RF_reg[9][27]/d
          Clock: (R) SYS_CLOCK

                     Capture       Launch     
        Clock Edge:+   10000            0     
       Src Latency:+       0            0     
       Net Latency:+       0 (I)        0 (I) 
           Arrival:=   10000            0     
                                              
             Setup:-     183                  
     Required Time:=    9817                  
      Launch Clock:-       0                  
         Data Path:-    7081                  
             Slack:=    2736                  

#----------------------------------------------------------------------------------------------------------
#     Timing Point       Flags    Arc    Edge       Cell         Fanout  Load Trans Delay Arrival Instance 
#                                                                        (fF)  (ps)  (ps)   (ps)  Location 
#----------------------------------------------------------------------------------------------------------
  PC1/PSTATE_reg[0]/clk  -       -       R     (arrival)            587     -     0     0       0    (-,-) 
  PC1/PSTATE_reg[0]/q    (u)     clk->q  F     unmapped_d_flop        6  33.3     0   807     807    (-,-) 
  PC1/g12268/z           (u)     in_0->z F     unmapped_or2           4  25.2     0   156     964    (-,-) 
  PC1/g17550/z           (u)     in_1->z F     unmapped_or2           1   6.3     0    82    1046    (-,-) 
  PC1/g17533/z           (u)     in_0->z F     unmapped_or2           8  50.4     0   222    1268    (-,-) 
  PC1/g16964/z           (u)     in_0->z F     unmapped_complex2      1   6.3     0    82    1350    (-,-) 
  PC1/g16652/z           (u)     in_1->z R     unmapped_nand2         4  25.6     0   156    1506    (-,-) 
  PC1/g7136/z            (u)     in_1->z F     unmapped_nand2         4  25.2     0   156    1663    (-,-) 
  PC1/g16544/z           (u)     in_1->z F     unmapped_or2          32 201.6     0   364    2026    (-,-) 
  PC1/g16497/z           (u)     in_0->z F     unmapped_complex2      1   6.3     0    82    2108    (-,-) 
  PC1/g15994/z           (u)     in_1->z R     unmapped_nand2         1   6.4     0    82    2190    (-,-) 
  PC1/g15729/z           (u)     in_1->z R     unmapped_or2           1   6.4     0    82    2272    (-,-) 
  PC1/g15561/z           (u)     in_1->z R     unmapped_or2           1   6.4     0    82    2354    (-,-) 
  PC1/g15527/z           (u)     in_1->z R     unmapped_or2          13  83.2     0   269    2623    (-,-) 
  PC1/sub_126_48/g484/z  (u)     in_1->z F     unmapped_complex2      4  25.2     0   156    2779    (-,-) 
  PC1/sub_126_48/g1735/z (u)     in_1->z R     unmapped_nand2         1   6.4     0    82    2861    (-,-) 
  PC1/sub_126_48/g1708/z (u)     in_0->z F     unmapped_nand2         3  18.9     0   135    2996    (-,-) 
  PC1/sub_126_48/g1696/z (u)     in_1->z R     unmapped_nand2         1   6.4     0    82    3078    (-,-) 
  PC1/sub_126_48/g1686/z (u)     in_1->z F     unmapped_nand2         3  18.9     0   135    3213    (-,-) 
  PC1/sub_126_48/g1681/z (u)     in_1->z R     unmapped_nand2         1   6.4     0    82    3295    (-,-) 
  PC1/sub_126_48/g1673/z (u)     in_0->z F     unmapped_nand2         3  18.9     0   135    3430    (-,-) 
  PC1/sub_126_48/g1669/z (u)     in_0->z R     unmapped_nand2         2  12.8     0   112    3542    (-,-) 
  PC1/sub_126_48/g1665/z (u)     in_0->z R     unmapped_complex2      1   6.4     0    82    3624    (-,-) 
  PC1/sub_126_48/g1658/z (u)     in_0->z F     unmapped_complex2      3  18.9     0   135    3759    (-,-) 
  PC1/sub_126_48/g1654/z (u)     in_1->z R     unmapped_nand2         1   6.4     0    82    3841    (-,-) 
  PC1/sub_126_48/g1652/z (u)     in_1->z F     unmapped_nand2         3  18.9     0   135    3976    (-,-) 
  PC1/sub_126_48/g1648/z (u)     in_0->z R     unmapped_nand2         1   6.4     0    82    4058    (-,-) 
  PC1/sub_126_48/g1647/z (u)     in_0->z F     unmapped_nand2         4  25.2     0   156    4214    (-,-) 
  PC1/sub_126_48/g1646/z (u)     in_0->z R     unmapped_complex2      2  12.8     0   112    4326    (-,-) 
  PC1/sub_126_48/g1641/z (u)     in_0->z R     unmapped_complex2      1   6.4     0    82    4408    (-,-) 
  PC1/sub_126_48/g1631/z (u)     in_0->z R     unmapped_complex2      1   6.4     0    82    4490    (-,-) 
  PC1/sub_126_48/g1629/z (u)     in_0->z F     unmapped_complex2      4  25.2     0   156    4646    (-,-) 
  PC1/sub_126_48/g1628/z (u)     in_0->z R     unmapped_complex2      1   6.4     0    82    4728    (-,-) 
  PC1/sub_126_48/g1620/z (u)     in_0->z F     unmapped_complex2      3  18.9     0   135    4863    (-,-) 
  PC1/sub_126_48/g1615/z (u)     in_1->z R     unmapped_nand2         1   6.4     0    82    4945    (-,-) 
  PC1/sub_126_48/g1611/z (u)     in_1->z F     unmapped_nand2         3  18.9     0   135    5080    (-,-) 
  PC1/sub_126_48/g1607/z (u)     in_1->z R     unmapped_nand2         1   6.4     0    82    5162    (-,-) 
  PC1/sub_126_48/g1606/z (u)     in_1->z F     unmapped_nand2         6  37.8     0   195    5357    (-,-) 
  PC1/sub_126_48/g1599/z (u)     in_0->z R     unmapped_complex2      2  12.8     0   112    5469    (-,-) 
  PC1/sub_126_48/g1595/z (u)     in_0->z F     unmapped_complex2      5  31.5     0   180    5649    (-,-) 
  PC1/sub_126_48/g1585/z (u)     in_1->z R     unmapped_nand2         2  12.8     0   112    5761    (-,-) 
  PC1/sub_126_48/g1569/z (u)     in_0->z R     unmapped_complex2      1   6.4     0    82    5843    (-,-) 
  PC1/sub_126_48/g1558/z (u)     in_0->z F     unmapped_complex2      3  18.9     0   135    5978    (-,-) 
  PC1/sub_126_48/g1543/z (u)     in_1->z R     unmapped_nand2         1   6.4     0    82    6060    (-,-) 
  PC1/sub_126_48/g1534/z (u)     in_1->z F     unmapped_nand2         2  12.6     0   112    6172    (-,-) 
  PC1/sub_126_48/g1529/z (u)     in_0->z F     unmapped_or2           1   6.3     0    82    6254    (-,-) 
  PC1/sub_126_48/g1530/z (u)     in_1->z R     unmapped_nand2         1   6.4     0    82    6336    (-,-) 
  PC1/g25849/z           (u)     in_0->z F     unmapped_complex2      1   6.3     0    82    6418    (-,-) 
  PC1/g24292/z           (u)     in_1->z R     unmapped_complex2      1   6.4     0    82    6500    (-,-) 
  PC1/g24253/z           (u)     in_0->z F     unmapped_complex2      1   6.3     0    82    6582    (-,-) 
  PC1/g24204/z           (u)     in_1->z R     unmapped_nand2         2  12.8     0   112    6694    (-,-) 
  PC1/g24185/z           (u)     in_0->z R     unmapped_complex2     16  25.6     0   224    6918    (-,-) 
  PC1/g23746/z           (u)     in_0->z F     unmapped_complex2      1   6.3     0    82    6999    (-,-) 
  PC1/g23329/z           (u)     in_1->z R     unmapped_nand2         1   6.4     0    82    7081    (-,-) 
  PC1/RF_reg[9][27]/d    -       -       R     unmapped_d_flop        1     -     -     0    7081    (-,-) 
#----------------------------------------------------------------------------------------------------------

(u) : Net has unmapped pin(s).



Path 8: MET (2736 ps) Setup Check with Pin PC1/RF_reg[8][27]/clk->d
          Group: C2C
     Startpoint: (R) PC1/PSTATE_reg[0]/clk
          Clock: (R) SYS_CLOCK
       Endpoint: (R) PC1/RF_reg[8][27]/d
          Clock: (R) SYS_CLOCK

                     Capture       Launch     
        Clock Edge:+   10000            0     
       Src Latency:+       0            0     
       Net Latency:+       0 (I)        0 (I) 
           Arrival:=   10000            0     
                                              
             Setup:-     183                  
     Required Time:=    9817                  
      Launch Clock:-       0                  
         Data Path:-    7081                  
             Slack:=    2736                  

#----------------------------------------------------------------------------------------------------------
#     Timing Point       Flags    Arc    Edge       Cell         Fanout  Load Trans Delay Arrival Instance 
#                                                                        (fF)  (ps)  (ps)   (ps)  Location 
#----------------------------------------------------------------------------------------------------------
  PC1/PSTATE_reg[0]/clk  -       -       R     (arrival)            587     -     0     0       0    (-,-) 
  PC1/PSTATE_reg[0]/q    (u)     clk->q  F     unmapped_d_flop        6  33.3     0   807     807    (-,-) 
  PC1/g12268/z           (u)     in_0->z F     unmapped_or2           4  25.2     0   156     964    (-,-) 
  PC1/g17550/z           (u)     in_1->z F     unmapped_or2           1   6.3     0    82    1046    (-,-) 
  PC1/g17533/z           (u)     in_0->z F     unmapped_or2           8  50.4     0   222    1268    (-,-) 
  PC1/g16964/z           (u)     in_0->z F     unmapped_complex2      1   6.3     0    82    1350    (-,-) 
  PC1/g16652/z           (u)     in_1->z R     unmapped_nand2         4  25.6     0   156    1506    (-,-) 
  PC1/g7136/z            (u)     in_1->z F     unmapped_nand2         4  25.2     0   156    1663    (-,-) 
  PC1/g16544/z           (u)     in_1->z F     unmapped_or2          32 201.6     0   364    2026    (-,-) 
  PC1/g16497/z           (u)     in_0->z F     unmapped_complex2      1   6.3     0    82    2108    (-,-) 
  PC1/g15994/z           (u)     in_1->z R     unmapped_nand2         1   6.4     0    82    2190    (-,-) 
  PC1/g15729/z           (u)     in_1->z R     unmapped_or2           1   6.4     0    82    2272    (-,-) 
  PC1/g15561/z           (u)     in_1->z R     unmapped_or2           1   6.4     0    82    2354    (-,-) 
  PC1/g15527/z           (u)     in_1->z R     unmapped_or2          13  83.2     0   269    2623    (-,-) 
  PC1/sub_126_48/g484/z  (u)     in_1->z F     unmapped_complex2      4  25.2     0   156    2779    (-,-) 
  PC1/sub_126_48/g1735/z (u)     in_1->z R     unmapped_nand2         1   6.4     0    82    2861    (-,-) 
  PC1/sub_126_48/g1708/z (u)     in_0->z F     unmapped_nand2         3  18.9     0   135    2996    (-,-) 
  PC1/sub_126_48/g1696/z (u)     in_1->z R     unmapped_nand2         1   6.4     0    82    3078    (-,-) 
  PC1/sub_126_48/g1686/z (u)     in_1->z F     unmapped_nand2         3  18.9     0   135    3213    (-,-) 
  PC1/sub_126_48/g1681/z (u)     in_1->z R     unmapped_nand2         1   6.4     0    82    3295    (-,-) 
  PC1/sub_126_48/g1673/z (u)     in_0->z F     unmapped_nand2         3  18.9     0   135    3430    (-,-) 
  PC1/sub_126_48/g1669/z (u)     in_0->z R     unmapped_nand2         2  12.8     0   112    3542    (-,-) 
  PC1/sub_126_48/g1665/z (u)     in_0->z R     unmapped_complex2      1   6.4     0    82    3624    (-,-) 
  PC1/sub_126_48/g1658/z (u)     in_0->z F     unmapped_complex2      3  18.9     0   135    3759    (-,-) 
  PC1/sub_126_48/g1654/z (u)     in_1->z R     unmapped_nand2         1   6.4     0    82    3841    (-,-) 
  PC1/sub_126_48/g1652/z (u)     in_1->z F     unmapped_nand2         3  18.9     0   135    3976    (-,-) 
  PC1/sub_126_48/g1648/z (u)     in_0->z R     unmapped_nand2         1   6.4     0    82    4058    (-,-) 
  PC1/sub_126_48/g1647/z (u)     in_0->z F     unmapped_nand2         4  25.2     0   156    4214    (-,-) 
  PC1/sub_126_48/g1646/z (u)     in_0->z R     unmapped_complex2      2  12.8     0   112    4326    (-,-) 
  PC1/sub_126_48/g1641/z (u)     in_0->z R     unmapped_complex2      1   6.4     0    82    4408    (-,-) 
  PC1/sub_126_48/g1631/z (u)     in_0->z R     unmapped_complex2      1   6.4     0    82    4490    (-,-) 
  PC1/sub_126_48/g1629/z (u)     in_0->z F     unmapped_complex2      4  25.2     0   156    4646    (-,-) 
  PC1/sub_126_48/g1628/z (u)     in_0->z R     unmapped_complex2      1   6.4     0    82    4728    (-,-) 
  PC1/sub_126_48/g1620/z (u)     in_0->z F     unmapped_complex2      3  18.9     0   135    4863    (-,-) 
  PC1/sub_126_48/g1615/z (u)     in_1->z R     unmapped_nand2         1   6.4     0    82    4945    (-,-) 
  PC1/sub_126_48/g1611/z (u)     in_1->z F     unmapped_nand2         3  18.9     0   135    5080    (-,-) 
  PC1/sub_126_48/g1607/z (u)     in_1->z R     unmapped_nand2         1   6.4     0    82    5162    (-,-) 
  PC1/sub_126_48/g1606/z (u)     in_1->z F     unmapped_nand2         6  37.8     0   195    5357    (-,-) 
  PC1/sub_126_48/g1599/z (u)     in_0->z R     unmapped_complex2      2  12.8     0   112    5469    (-,-) 
  PC1/sub_126_48/g1595/z (u)     in_0->z F     unmapped_complex2      5  31.5     0   180    5649    (-,-) 
  PC1/sub_126_48/g1585/z (u)     in_1->z R     unmapped_nand2         2  12.8     0   112    5761    (-,-) 
  PC1/sub_126_48/g1569/z (u)     in_0->z R     unmapped_complex2      1   6.4     0    82    5843    (-,-) 
  PC1/sub_126_48/g1558/z (u)     in_0->z F     unmapped_complex2      3  18.9     0   135    5978    (-,-) 
  PC1/sub_126_48/g1543/z (u)     in_1->z R     unmapped_nand2         1   6.4     0    82    6060    (-,-) 
  PC1/sub_126_48/g1534/z (u)     in_1->z F     unmapped_nand2         2  12.6     0   112    6172    (-,-) 
  PC1/sub_126_48/g1529/z (u)     in_0->z F     unmapped_or2           1   6.3     0    82    6254    (-,-) 
  PC1/sub_126_48/g1530/z (u)     in_1->z R     unmapped_nand2         1   6.4     0    82    6336    (-,-) 
  PC1/g25849/z           (u)     in_0->z F     unmapped_complex2      1   6.3     0    82    6418    (-,-) 
  PC1/g24292/z           (u)     in_1->z R     unmapped_complex2      1   6.4     0    82    6500    (-,-) 
  PC1/g24253/z           (u)     in_0->z F     unmapped_complex2      1   6.3     0    82    6582    (-,-) 
  PC1/g24204/z           (u)     in_1->z R     unmapped_nand2         2  12.8     0   112    6694    (-,-) 
  PC1/g24185/z           (u)     in_0->z R     unmapped_complex2     16  25.6     0   224    6918    (-,-) 
  PC1/g23747/z           (u)     in_0->z F     unmapped_complex2      1   6.3     0    82    6999    (-,-) 
  PC1/g23332/z           (u)     in_1->z R     unmapped_nand2         1   6.4     0    82    7081    (-,-) 
  PC1/RF_reg[8][27]/d    -       -       R     unmapped_d_flop        1     -     -     0    7081    (-,-) 
#----------------------------------------------------------------------------------------------------------

(u) : Net has unmapped pin(s).



Path 9: MET (2736 ps) Setup Check with Pin PC1/RF_reg[7][27]/clk->d
          Group: C2C
     Startpoint: (R) PC1/PSTATE_reg[0]/clk
          Clock: (R) SYS_CLOCK
       Endpoint: (R) PC1/RF_reg[7][27]/d
          Clock: (R) SYS_CLOCK

                     Capture       Launch     
        Clock Edge:+   10000            0     
       Src Latency:+       0            0     
       Net Latency:+       0 (I)        0 (I) 
           Arrival:=   10000            0     
                                              
             Setup:-     183                  
     Required Time:=    9817                  
      Launch Clock:-       0                  
         Data Path:-    7081                  
             Slack:=    2736                  

#----------------------------------------------------------------------------------------------------------
#     Timing Point       Flags    Arc    Edge       Cell         Fanout  Load Trans Delay Arrival Instance 
#                                                                        (fF)  (ps)  (ps)   (ps)  Location 
#----------------------------------------------------------------------------------------------------------
  PC1/PSTATE_reg[0]/clk  -       -       R     (arrival)            587     -     0     0       0    (-,-) 
  PC1/PSTATE_reg[0]/q    (u)     clk->q  F     unmapped_d_flop        6  33.3     0   807     807    (-,-) 
  PC1/g12268/z           (u)     in_0->z F     unmapped_or2           4  25.2     0   156     964    (-,-) 
  PC1/g17550/z           (u)     in_1->z F     unmapped_or2           1   6.3     0    82    1046    (-,-) 
  PC1/g17533/z           (u)     in_0->z F     unmapped_or2           8  50.4     0   222    1268    (-,-) 
  PC1/g16964/z           (u)     in_0->z F     unmapped_complex2      1   6.3     0    82    1350    (-,-) 
  PC1/g16652/z           (u)     in_1->z R     unmapped_nand2         4  25.6     0   156    1506    (-,-) 
  PC1/g7136/z            (u)     in_1->z F     unmapped_nand2         4  25.2     0   156    1663    (-,-) 
  PC1/g16544/z           (u)     in_1->z F     unmapped_or2          32 201.6     0   364    2026    (-,-) 
  PC1/g16497/z           (u)     in_0->z F     unmapped_complex2      1   6.3     0    82    2108    (-,-) 
  PC1/g15994/z           (u)     in_1->z R     unmapped_nand2         1   6.4     0    82    2190    (-,-) 
  PC1/g15729/z           (u)     in_1->z R     unmapped_or2           1   6.4     0    82    2272    (-,-) 
  PC1/g15561/z           (u)     in_1->z R     unmapped_or2           1   6.4     0    82    2354    (-,-) 
  PC1/g15527/z           (u)     in_1->z R     unmapped_or2          13  83.2     0   269    2623    (-,-) 
  PC1/sub_126_48/g484/z  (u)     in_1->z F     unmapped_complex2      4  25.2     0   156    2779    (-,-) 
  PC1/sub_126_48/g1735/z (u)     in_1->z R     unmapped_nand2         1   6.4     0    82    2861    (-,-) 
  PC1/sub_126_48/g1708/z (u)     in_0->z F     unmapped_nand2         3  18.9     0   135    2996    (-,-) 
  PC1/sub_126_48/g1696/z (u)     in_1->z R     unmapped_nand2         1   6.4     0    82    3078    (-,-) 
  PC1/sub_126_48/g1686/z (u)     in_1->z F     unmapped_nand2         3  18.9     0   135    3213    (-,-) 
  PC1/sub_126_48/g1681/z (u)     in_1->z R     unmapped_nand2         1   6.4     0    82    3295    (-,-) 
  PC1/sub_126_48/g1673/z (u)     in_0->z F     unmapped_nand2         3  18.9     0   135    3430    (-,-) 
  PC1/sub_126_48/g1669/z (u)     in_0->z R     unmapped_nand2         2  12.8     0   112    3542    (-,-) 
  PC1/sub_126_48/g1665/z (u)     in_0->z R     unmapped_complex2      1   6.4     0    82    3624    (-,-) 
  PC1/sub_126_48/g1658/z (u)     in_0->z F     unmapped_complex2      3  18.9     0   135    3759    (-,-) 
  PC1/sub_126_48/g1654/z (u)     in_1->z R     unmapped_nand2         1   6.4     0    82    3841    (-,-) 
  PC1/sub_126_48/g1652/z (u)     in_1->z F     unmapped_nand2         3  18.9     0   135    3976    (-,-) 
  PC1/sub_126_48/g1648/z (u)     in_0->z R     unmapped_nand2         1   6.4     0    82    4058    (-,-) 
  PC1/sub_126_48/g1647/z (u)     in_0->z F     unmapped_nand2         4  25.2     0   156    4214    (-,-) 
  PC1/sub_126_48/g1646/z (u)     in_0->z R     unmapped_complex2      2  12.8     0   112    4326    (-,-) 
  PC1/sub_126_48/g1641/z (u)     in_0->z R     unmapped_complex2      1   6.4     0    82    4408    (-,-) 
  PC1/sub_126_48/g1631/z (u)     in_0->z R     unmapped_complex2      1   6.4     0    82    4490    (-,-) 
  PC1/sub_126_48/g1629/z (u)     in_0->z F     unmapped_complex2      4  25.2     0   156    4646    (-,-) 
  PC1/sub_126_48/g1628/z (u)     in_0->z R     unmapped_complex2      1   6.4     0    82    4728    (-,-) 
  PC1/sub_126_48/g1620/z (u)     in_0->z F     unmapped_complex2      3  18.9     0   135    4863    (-,-) 
  PC1/sub_126_48/g1615/z (u)     in_1->z R     unmapped_nand2         1   6.4     0    82    4945    (-,-) 
  PC1/sub_126_48/g1611/z (u)     in_1->z F     unmapped_nand2         3  18.9     0   135    5080    (-,-) 
  PC1/sub_126_48/g1607/z (u)     in_1->z R     unmapped_nand2         1   6.4     0    82    5162    (-,-) 
  PC1/sub_126_48/g1606/z (u)     in_1->z F     unmapped_nand2         6  37.8     0   195    5357    (-,-) 
  PC1/sub_126_48/g1599/z (u)     in_0->z R     unmapped_complex2      2  12.8     0   112    5469    (-,-) 
  PC1/sub_126_48/g1595/z (u)     in_0->z F     unmapped_complex2      5  31.5     0   180    5649    (-,-) 
  PC1/sub_126_48/g1585/z (u)     in_1->z R     unmapped_nand2         2  12.8     0   112    5761    (-,-) 
  PC1/sub_126_48/g1569/z (u)     in_0->z R     unmapped_complex2      1   6.4     0    82    5843    (-,-) 
  PC1/sub_126_48/g1558/z (u)     in_0->z F     unmapped_complex2      3  18.9     0   135    5978    (-,-) 
  PC1/sub_126_48/g1543/z (u)     in_1->z R     unmapped_nand2         1   6.4     0    82    6060    (-,-) 
  PC1/sub_126_48/g1534/z (u)     in_1->z F     unmapped_nand2         2  12.6     0   112    6172    (-,-) 
  PC1/sub_126_48/g1529/z (u)     in_0->z F     unmapped_or2           1   6.3     0    82    6254    (-,-) 
  PC1/sub_126_48/g1530/z (u)     in_1->z R     unmapped_nand2         1   6.4     0    82    6336    (-,-) 
  PC1/g25849/z           (u)     in_0->z F     unmapped_complex2      1   6.3     0    82    6418    (-,-) 
  PC1/g24292/z           (u)     in_1->z R     unmapped_complex2      1   6.4     0    82    6500    (-,-) 
  PC1/g24253/z           (u)     in_0->z F     unmapped_complex2      1   6.3     0    82    6582    (-,-) 
  PC1/g24204/z           (u)     in_1->z R     unmapped_nand2         2  12.8     0   112    6694    (-,-) 
  PC1/g24185/z           (u)     in_0->z R     unmapped_complex2     16  25.6     0   224    6918    (-,-) 
  PC1/g23749/z           (u)     in_0->z F     unmapped_complex2      1   6.3     0    82    6999    (-,-) 
  PC1/g23335/z           (u)     in_1->z R     unmapped_nand2         1   6.4     0    82    7081    (-,-) 
  PC1/RF_reg[7][27]/d    -       -       R     unmapped_d_flop        1     -     -     0    7081    (-,-) 
#----------------------------------------------------------------------------------------------------------

(u) : Net has unmapped pin(s).



Path 10: MET (2736 ps) Setup Check with Pin PC1/RF_reg[6][27]/clk->d
          Group: C2C
     Startpoint: (R) PC1/PSTATE_reg[0]/clk
          Clock: (R) SYS_CLOCK
       Endpoint: (R) PC1/RF_reg[6][27]/d
          Clock: (R) SYS_CLOCK

                     Capture       Launch     
        Clock Edge:+   10000            0     
       Src Latency:+       0            0     
       Net Latency:+       0 (I)        0 (I) 
           Arrival:=   10000            0     
                                              
             Setup:-     183                  
     Required Time:=    9817                  
      Launch Clock:-       0                  
         Data Path:-    7081                  
             Slack:=    2736                  

#----------------------------------------------------------------------------------------------------------
#     Timing Point       Flags    Arc    Edge       Cell         Fanout  Load Trans Delay Arrival Instance 
#                                                                        (fF)  (ps)  (ps)   (ps)  Location 
#----------------------------------------------------------------------------------------------------------
  PC1/PSTATE_reg[0]/clk  -       -       R     (arrival)            587     -     0     0       0    (-,-) 
  PC1/PSTATE_reg[0]/q    (u)     clk->q  F     unmapped_d_flop        6  33.3     0   807     807    (-,-) 
  PC1/g12268/z           (u)     in_0->z F     unmapped_or2           4  25.2     0   156     964    (-,-) 
  PC1/g17550/z           (u)     in_1->z F     unmapped_or2           1   6.3     0    82    1046    (-,-) 
  PC1/g17533/z           (u)     in_0->z F     unmapped_or2           8  50.4     0   222    1268    (-,-) 
  PC1/g16964/z           (u)     in_0->z F     unmapped_complex2      1   6.3     0    82    1350    (-,-) 
  PC1/g16652/z           (u)     in_1->z R     unmapped_nand2         4  25.6     0   156    1506    (-,-) 
  PC1/g7136/z            (u)     in_1->z F     unmapped_nand2         4  25.2     0   156    1663    (-,-) 
  PC1/g16544/z           (u)     in_1->z F     unmapped_or2          32 201.6     0   364    2026    (-,-) 
  PC1/g16497/z           (u)     in_0->z F     unmapped_complex2      1   6.3     0    82    2108    (-,-) 
  PC1/g15994/z           (u)     in_1->z R     unmapped_nand2         1   6.4     0    82    2190    (-,-) 
  PC1/g15729/z           (u)     in_1->z R     unmapped_or2           1   6.4     0    82    2272    (-,-) 
  PC1/g15561/z           (u)     in_1->z R     unmapped_or2           1   6.4     0    82    2354    (-,-) 
  PC1/g15527/z           (u)     in_1->z R     unmapped_or2          13  83.2     0   269    2623    (-,-) 
  PC1/sub_126_48/g484/z  (u)     in_1->z F     unmapped_complex2      4  25.2     0   156    2779    (-,-) 
  PC1/sub_126_48/g1735/z (u)     in_1->z R     unmapped_nand2         1   6.4     0    82    2861    (-,-) 
  PC1/sub_126_48/g1708/z (u)     in_0->z F     unmapped_nand2         3  18.9     0   135    2996    (-,-) 
  PC1/sub_126_48/g1696/z (u)     in_1->z R     unmapped_nand2         1   6.4     0    82    3078    (-,-) 
  PC1/sub_126_48/g1686/z (u)     in_1->z F     unmapped_nand2         3  18.9     0   135    3213    (-,-) 
  PC1/sub_126_48/g1681/z (u)     in_1->z R     unmapped_nand2         1   6.4     0    82    3295    (-,-) 
  PC1/sub_126_48/g1673/z (u)     in_0->z F     unmapped_nand2         3  18.9     0   135    3430    (-,-) 
  PC1/sub_126_48/g1669/z (u)     in_0->z R     unmapped_nand2         2  12.8     0   112    3542    (-,-) 
  PC1/sub_126_48/g1665/z (u)     in_0->z R     unmapped_complex2      1   6.4     0    82    3624    (-,-) 
  PC1/sub_126_48/g1658/z (u)     in_0->z F     unmapped_complex2      3  18.9     0   135    3759    (-,-) 
  PC1/sub_126_48/g1654/z (u)     in_1->z R     unmapped_nand2         1   6.4     0    82    3841    (-,-) 
  PC1/sub_126_48/g1652/z (u)     in_1->z F     unmapped_nand2         3  18.9     0   135    3976    (-,-) 
  PC1/sub_126_48/g1648/z (u)     in_0->z R     unmapped_nand2         1   6.4     0    82    4058    (-,-) 
  PC1/sub_126_48/g1647/z (u)     in_0->z F     unmapped_nand2         4  25.2     0   156    4214    (-,-) 
  PC1/sub_126_48/g1646/z (u)     in_0->z R     unmapped_complex2      2  12.8     0   112    4326    (-,-) 
  PC1/sub_126_48/g1641/z (u)     in_0->z R     unmapped_complex2      1   6.4     0    82    4408    (-,-) 
  PC1/sub_126_48/g1631/z (u)     in_0->z R     unmapped_complex2      1   6.4     0    82    4490    (-,-) 
  PC1/sub_126_48/g1629/z (u)     in_0->z F     unmapped_complex2      4  25.2     0   156    4646    (-,-) 
  PC1/sub_126_48/g1628/z (u)     in_0->z R     unmapped_complex2      1   6.4     0    82    4728    (-,-) 
  PC1/sub_126_48/g1620/z (u)     in_0->z F     unmapped_complex2      3  18.9     0   135    4863    (-,-) 
  PC1/sub_126_48/g1615/z (u)     in_1->z R     unmapped_nand2         1   6.4     0    82    4945    (-,-) 
  PC1/sub_126_48/g1611/z (u)     in_1->z F     unmapped_nand2         3  18.9     0   135    5080    (-,-) 
  PC1/sub_126_48/g1607/z (u)     in_1->z R     unmapped_nand2         1   6.4     0    82    5162    (-,-) 
  PC1/sub_126_48/g1606/z (u)     in_1->z F     unmapped_nand2         6  37.8     0   195    5357    (-,-) 
  PC1/sub_126_48/g1599/z (u)     in_0->z R     unmapped_complex2      2  12.8     0   112    5469    (-,-) 
  PC1/sub_126_48/g1595/z (u)     in_0->z F     unmapped_complex2      5  31.5     0   180    5649    (-,-) 
  PC1/sub_126_48/g1585/z (u)     in_1->z R     unmapped_nand2         2  12.8     0   112    5761    (-,-) 
  PC1/sub_126_48/g1569/z (u)     in_0->z R     unmapped_complex2      1   6.4     0    82    5843    (-,-) 
  PC1/sub_126_48/g1558/z (u)     in_0->z F     unmapped_complex2      3  18.9     0   135    5978    (-,-) 
  PC1/sub_126_48/g1543/z (u)     in_1->z R     unmapped_nand2         1   6.4     0    82    6060    (-,-) 
  PC1/sub_126_48/g1534/z (u)     in_1->z F     unmapped_nand2         2  12.6     0   112    6172    (-,-) 
  PC1/sub_126_48/g1529/z (u)     in_0->z F     unmapped_or2           1   6.3     0    82    6254    (-,-) 
  PC1/sub_126_48/g1530/z (u)     in_1->z R     unmapped_nand2         1   6.4     0    82    6336    (-,-) 
  PC1/g25849/z           (u)     in_0->z F     unmapped_complex2      1   6.3     0    82    6418    (-,-) 
  PC1/g24292/z           (u)     in_1->z R     unmapped_complex2      1   6.4     0    82    6500    (-,-) 
  PC1/g24253/z           (u)     in_0->z F     unmapped_complex2      1   6.3     0    82    6582    (-,-) 
  PC1/g24204/z           (u)     in_1->z R     unmapped_nand2         2  12.8     0   112    6694    (-,-) 
  PC1/g24185/z           (u)     in_0->z R     unmapped_complex2     16  25.6     0   224    6918    (-,-) 
  PC1/g23751/z           (u)     in_0->z F     unmapped_complex2      1   6.3     0    82    6999    (-,-) 
  PC1/g23338/z           (u)     in_1->z R     unmapped_nand2         1   6.4     0    82    7081    (-,-) 
  PC1/RF_reg[6][27]/d    -       -       R     unmapped_d_flop        1     -     -     0    7081    (-,-) 
#----------------------------------------------------------------------------------------------------------

(u) : Net has unmapped pin(s).



Path 11: MET (2736 ps) Setup Check with Pin PC1/RF_reg[5][27]/clk->d
          Group: C2C
     Startpoint: (R) PC1/PSTATE_reg[0]/clk
          Clock: (R) SYS_CLOCK
       Endpoint: (R) PC1/RF_reg[5][27]/d
          Clock: (R) SYS_CLOCK

                     Capture       Launch     
        Clock Edge:+   10000            0     
       Src Latency:+       0            0     
       Net Latency:+       0 (I)        0 (I) 
           Arrival:=   10000            0     
                                              
             Setup:-     183                  
     Required Time:=    9817                  
      Launch Clock:-       0                  
         Data Path:-    7081                  
             Slack:=    2736                  

#----------------------------------------------------------------------------------------------------------
#     Timing Point       Flags    Arc    Edge       Cell         Fanout  Load Trans Delay Arrival Instance 
#                                                                        (fF)  (ps)  (ps)   (ps)  Location 
#----------------------------------------------------------------------------------------------------------
  PC1/PSTATE_reg[0]/clk  -       -       R     (arrival)            587     -     0     0       0    (-,-) 
  PC1/PSTATE_reg[0]/q    (u)     clk->q  F     unmapped_d_flop        6  33.3     0   807     807    (-,-) 
  PC1/g12268/z           (u)     in_0->z F     unmapped_or2           4  25.2     0   156     964    (-,-) 
  PC1/g17550/z           (u)     in_1->z F     unmapped_or2           1   6.3     0    82    1046    (-,-) 
  PC1/g17533/z           (u)     in_0->z F     unmapped_or2           8  50.4     0   222    1268    (-,-) 
  PC1/g16964/z           (u)     in_0->z F     unmapped_complex2      1   6.3     0    82    1350    (-,-) 
  PC1/g16652/z           (u)     in_1->z R     unmapped_nand2         4  25.6     0   156    1506    (-,-) 
  PC1/g7136/z            (u)     in_1->z F     unmapped_nand2         4  25.2     0   156    1663    (-,-) 
  PC1/g16544/z           (u)     in_1->z F     unmapped_or2          32 201.6     0   364    2026    (-,-) 
  PC1/g16497/z           (u)     in_0->z F     unmapped_complex2      1   6.3     0    82    2108    (-,-) 
  PC1/g15994/z           (u)     in_1->z R     unmapped_nand2         1   6.4     0    82    2190    (-,-) 
  PC1/g15729/z           (u)     in_1->z R     unmapped_or2           1   6.4     0    82    2272    (-,-) 
  PC1/g15561/z           (u)     in_1->z R     unmapped_or2           1   6.4     0    82    2354    (-,-) 
  PC1/g15527/z           (u)     in_1->z R     unmapped_or2          13  83.2     0   269    2623    (-,-) 
  PC1/sub_126_48/g484/z  (u)     in_1->z F     unmapped_complex2      4  25.2     0   156    2779    (-,-) 
  PC1/sub_126_48/g1735/z (u)     in_1->z R     unmapped_nand2         1   6.4     0    82    2861    (-,-) 
  PC1/sub_126_48/g1708/z (u)     in_0->z F     unmapped_nand2         3  18.9     0   135    2996    (-,-) 
  PC1/sub_126_48/g1696/z (u)     in_1->z R     unmapped_nand2         1   6.4     0    82    3078    (-,-) 
  PC1/sub_126_48/g1686/z (u)     in_1->z F     unmapped_nand2         3  18.9     0   135    3213    (-,-) 
  PC1/sub_126_48/g1681/z (u)     in_1->z R     unmapped_nand2         1   6.4     0    82    3295    (-,-) 
  PC1/sub_126_48/g1673/z (u)     in_0->z F     unmapped_nand2         3  18.9     0   135    3430    (-,-) 
  PC1/sub_126_48/g1669/z (u)     in_0->z R     unmapped_nand2         2  12.8     0   112    3542    (-,-) 
  PC1/sub_126_48/g1665/z (u)     in_0->z R     unmapped_complex2      1   6.4     0    82    3624    (-,-) 
  PC1/sub_126_48/g1658/z (u)     in_0->z F     unmapped_complex2      3  18.9     0   135    3759    (-,-) 
  PC1/sub_126_48/g1654/z (u)     in_1->z R     unmapped_nand2         1   6.4     0    82    3841    (-,-) 
  PC1/sub_126_48/g1652/z (u)     in_1->z F     unmapped_nand2         3  18.9     0   135    3976    (-,-) 
  PC1/sub_126_48/g1648/z (u)     in_0->z R     unmapped_nand2         1   6.4     0    82    4058    (-,-) 
  PC1/sub_126_48/g1647/z (u)     in_0->z F     unmapped_nand2         4  25.2     0   156    4214    (-,-) 
  PC1/sub_126_48/g1646/z (u)     in_0->z R     unmapped_complex2      2  12.8     0   112    4326    (-,-) 
  PC1/sub_126_48/g1641/z (u)     in_0->z R     unmapped_complex2      1   6.4     0    82    4408    (-,-) 
  PC1/sub_126_48/g1631/z (u)     in_0->z R     unmapped_complex2      1   6.4     0    82    4490    (-,-) 
  PC1/sub_126_48/g1629/z (u)     in_0->z F     unmapped_complex2      4  25.2     0   156    4646    (-,-) 
  PC1/sub_126_48/g1628/z (u)     in_0->z R     unmapped_complex2      1   6.4     0    82    4728    (-,-) 
  PC1/sub_126_48/g1620/z (u)     in_0->z F     unmapped_complex2      3  18.9     0   135    4863    (-,-) 
  PC1/sub_126_48/g1615/z (u)     in_1->z R     unmapped_nand2         1   6.4     0    82    4945    (-,-) 
  PC1/sub_126_48/g1611/z (u)     in_1->z F     unmapped_nand2         3  18.9     0   135    5080    (-,-) 
  PC1/sub_126_48/g1607/z (u)     in_1->z R     unmapped_nand2         1   6.4     0    82    5162    (-,-) 
  PC1/sub_126_48/g1606/z (u)     in_1->z F     unmapped_nand2         6  37.8     0   195    5357    (-,-) 
  PC1/sub_126_48/g1599/z (u)     in_0->z R     unmapped_complex2      2  12.8     0   112    5469    (-,-) 
  PC1/sub_126_48/g1595/z (u)     in_0->z F     unmapped_complex2      5  31.5     0   180    5649    (-,-) 
  PC1/sub_126_48/g1585/z (u)     in_1->z R     unmapped_nand2         2  12.8     0   112    5761    (-,-) 
  PC1/sub_126_48/g1569/z (u)     in_0->z R     unmapped_complex2      1   6.4     0    82    5843    (-,-) 
  PC1/sub_126_48/g1558/z (u)     in_0->z F     unmapped_complex2      3  18.9     0   135    5978    (-,-) 
  PC1/sub_126_48/g1543/z (u)     in_1->z R     unmapped_nand2         1   6.4     0    82    6060    (-,-) 
  PC1/sub_126_48/g1534/z (u)     in_1->z F     unmapped_nand2         2  12.6     0   112    6172    (-,-) 
  PC1/sub_126_48/g1529/z (u)     in_0->z F     unmapped_or2           1   6.3     0    82    6254    (-,-) 
  PC1/sub_126_48/g1530/z (u)     in_1->z R     unmapped_nand2         1   6.4     0    82    6336    (-,-) 
  PC1/g25849/z           (u)     in_0->z F     unmapped_complex2      1   6.3     0    82    6418    (-,-) 
  PC1/g24292/z           (u)     in_1->z R     unmapped_complex2      1   6.4     0    82    6500    (-,-) 
  PC1/g24253/z           (u)     in_0->z F     unmapped_complex2      1   6.3     0    82    6582    (-,-) 
  PC1/g24204/z           (u)     in_1->z R     unmapped_nand2         2  12.8     0   112    6694    (-,-) 
  PC1/g24185/z           (u)     in_0->z R     unmapped_complex2     16  25.6     0   224    6918    (-,-) 
  PC1/g23752/z           (u)     in_0->z F     unmapped_complex2      1   6.3     0    82    6999    (-,-) 
  PC1/g23341/z           (u)     in_1->z R     unmapped_nand2         1   6.4     0    82    7081    (-,-) 
  PC1/RF_reg[5][27]/d    -       -       R     unmapped_d_flop        1     -     -     0    7081    (-,-) 
#----------------------------------------------------------------------------------------------------------

(u) : Net has unmapped pin(s).



Path 12: MET (2736 ps) Setup Check with Pin PC1/RF_reg[4][27]/clk->d
          Group: C2C
     Startpoint: (R) PC1/PSTATE_reg[0]/clk
          Clock: (R) SYS_CLOCK
       Endpoint: (R) PC1/RF_reg[4][27]/d
          Clock: (R) SYS_CLOCK

                     Capture       Launch     
        Clock Edge:+   10000            0     
       Src Latency:+       0            0     
       Net Latency:+       0 (I)        0 (I) 
           Arrival:=   10000            0     
                                              
             Setup:-     183                  
     Required Time:=    9817                  
      Launch Clock:-       0                  
         Data Path:-    7081                  
             Slack:=    2736                  

#----------------------------------------------------------------------------------------------------------
#     Timing Point       Flags    Arc    Edge       Cell         Fanout  Load Trans Delay Arrival Instance 
#                                                                        (fF)  (ps)  (ps)   (ps)  Location 
#----------------------------------------------------------------------------------------------------------
  PC1/PSTATE_reg[0]/clk  -       -       R     (arrival)            587     -     0     0       0    (-,-) 
  PC1/PSTATE_reg[0]/q    (u)     clk->q  F     unmapped_d_flop        6  33.3     0   807     807    (-,-) 
  PC1/g12268/z           (u)     in_0->z F     unmapped_or2           4  25.2     0   156     964    (-,-) 
  PC1/g17550/z           (u)     in_1->z F     unmapped_or2           1   6.3     0    82    1046    (-,-) 
  PC1/g17533/z           (u)     in_0->z F     unmapped_or2           8  50.4     0   222    1268    (-,-) 
  PC1/g16964/z           (u)     in_0->z F     unmapped_complex2      1   6.3     0    82    1350    (-,-) 
  PC1/g16652/z           (u)     in_1->z R     unmapped_nand2         4  25.6     0   156    1506    (-,-) 
  PC1/g7136/z            (u)     in_1->z F     unmapped_nand2         4  25.2     0   156    1663    (-,-) 
  PC1/g16544/z           (u)     in_1->z F     unmapped_or2          32 201.6     0   364    2026    (-,-) 
  PC1/g16497/z           (u)     in_0->z F     unmapped_complex2      1   6.3     0    82    2108    (-,-) 
  PC1/g15994/z           (u)     in_1->z R     unmapped_nand2         1   6.4     0    82    2190    (-,-) 
  PC1/g15729/z           (u)     in_1->z R     unmapped_or2           1   6.4     0    82    2272    (-,-) 
  PC1/g15561/z           (u)     in_1->z R     unmapped_or2           1   6.4     0    82    2354    (-,-) 
  PC1/g15527/z           (u)     in_1->z R     unmapped_or2          13  83.2     0   269    2623    (-,-) 
  PC1/sub_126_48/g484/z  (u)     in_1->z F     unmapped_complex2      4  25.2     0   156    2779    (-,-) 
  PC1/sub_126_48/g1735/z (u)     in_1->z R     unmapped_nand2         1   6.4     0    82    2861    (-,-) 
  PC1/sub_126_48/g1708/z (u)     in_0->z F     unmapped_nand2         3  18.9     0   135    2996    (-,-) 
  PC1/sub_126_48/g1696/z (u)     in_1->z R     unmapped_nand2         1   6.4     0    82    3078    (-,-) 
  PC1/sub_126_48/g1686/z (u)     in_1->z F     unmapped_nand2         3  18.9     0   135    3213    (-,-) 
  PC1/sub_126_48/g1681/z (u)     in_1->z R     unmapped_nand2         1   6.4     0    82    3295    (-,-) 
  PC1/sub_126_48/g1673/z (u)     in_0->z F     unmapped_nand2         3  18.9     0   135    3430    (-,-) 
  PC1/sub_126_48/g1669/z (u)     in_0->z R     unmapped_nand2         2  12.8     0   112    3542    (-,-) 
  PC1/sub_126_48/g1665/z (u)     in_0->z R     unmapped_complex2      1   6.4     0    82    3624    (-,-) 
  PC1/sub_126_48/g1658/z (u)     in_0->z F     unmapped_complex2      3  18.9     0   135    3759    (-,-) 
  PC1/sub_126_48/g1654/z (u)     in_1->z R     unmapped_nand2         1   6.4     0    82    3841    (-,-) 
  PC1/sub_126_48/g1652/z (u)     in_1->z F     unmapped_nand2         3  18.9     0   135    3976    (-,-) 
  PC1/sub_126_48/g1648/z (u)     in_0->z R     unmapped_nand2         1   6.4     0    82    4058    (-,-) 
  PC1/sub_126_48/g1647/z (u)     in_0->z F     unmapped_nand2         4  25.2     0   156    4214    (-,-) 
  PC1/sub_126_48/g1646/z (u)     in_0->z R     unmapped_complex2      2  12.8     0   112    4326    (-,-) 
  PC1/sub_126_48/g1641/z (u)     in_0->z R     unmapped_complex2      1   6.4     0    82    4408    (-,-) 
  PC1/sub_126_48/g1631/z (u)     in_0->z R     unmapped_complex2      1   6.4     0    82    4490    (-,-) 
  PC1/sub_126_48/g1629/z (u)     in_0->z F     unmapped_complex2      4  25.2     0   156    4646    (-,-) 
  PC1/sub_126_48/g1628/z (u)     in_0->z R     unmapped_complex2      1   6.4     0    82    4728    (-,-) 
  PC1/sub_126_48/g1620/z (u)     in_0->z F     unmapped_complex2      3  18.9     0   135    4863    (-,-) 
  PC1/sub_126_48/g1615/z (u)     in_1->z R     unmapped_nand2         1   6.4     0    82    4945    (-,-) 
  PC1/sub_126_48/g1611/z (u)     in_1->z F     unmapped_nand2         3  18.9     0   135    5080    (-,-) 
  PC1/sub_126_48/g1607/z (u)     in_1->z R     unmapped_nand2         1   6.4     0    82    5162    (-,-) 
  PC1/sub_126_48/g1606/z (u)     in_1->z F     unmapped_nand2         6  37.8     0   195    5357    (-,-) 
  PC1/sub_126_48/g1599/z (u)     in_0->z R     unmapped_complex2      2  12.8     0   112    5469    (-,-) 
  PC1/sub_126_48/g1595/z (u)     in_0->z F     unmapped_complex2      5  31.5     0   180    5649    (-,-) 
  PC1/sub_126_48/g1585/z (u)     in_1->z R     unmapped_nand2         2  12.8     0   112    5761    (-,-) 
  PC1/sub_126_48/g1569/z (u)     in_0->z R     unmapped_complex2      1   6.4     0    82    5843    (-,-) 
  PC1/sub_126_48/g1558/z (u)     in_0->z F     unmapped_complex2      3  18.9     0   135    5978    (-,-) 
  PC1/sub_126_48/g1543/z (u)     in_1->z R     unmapped_nand2         1   6.4     0    82    6060    (-,-) 
  PC1/sub_126_48/g1534/z (u)     in_1->z F     unmapped_nand2         2  12.6     0   112    6172    (-,-) 
  PC1/sub_126_48/g1529/z (u)     in_0->z F     unmapped_or2           1   6.3     0    82    6254    (-,-) 
  PC1/sub_126_48/g1530/z (u)     in_1->z R     unmapped_nand2         1   6.4     0    82    6336    (-,-) 
  PC1/g25849/z           (u)     in_0->z F     unmapped_complex2      1   6.3     0    82    6418    (-,-) 
  PC1/g24292/z           (u)     in_1->z R     unmapped_complex2      1   6.4     0    82    6500    (-,-) 
  PC1/g24253/z           (u)     in_0->z F     unmapped_complex2      1   6.3     0    82    6582    (-,-) 
  PC1/g24204/z           (u)     in_1->z R     unmapped_nand2         2  12.8     0   112    6694    (-,-) 
  PC1/g24185/z           (u)     in_0->z R     unmapped_complex2     16  25.6     0   224    6918    (-,-) 
  PC1/g23754/z           (u)     in_0->z F     unmapped_complex2      1   6.3     0    82    6999    (-,-) 
  PC1/g23344/z           (u)     in_1->z R     unmapped_nand2         1   6.4     0    82    7081    (-,-) 
  PC1/RF_reg[4][27]/d    -       -       R     unmapped_d_flop        1     -     -     0    7081    (-,-) 
#----------------------------------------------------------------------------------------------------------

(u) : Net has unmapped pin(s).



Path 13: MET (2736 ps) Setup Check with Pin PC1/RF_reg[3][27]/clk->d
          Group: C2C
     Startpoint: (R) PC1/PSTATE_reg[0]/clk
          Clock: (R) SYS_CLOCK
       Endpoint: (R) PC1/RF_reg[3][27]/d
          Clock: (R) SYS_CLOCK

                     Capture       Launch     
        Clock Edge:+   10000            0     
       Src Latency:+       0            0     
       Net Latency:+       0 (I)        0 (I) 
           Arrival:=   10000            0     
                                              
             Setup:-     183                  
     Required Time:=    9817                  
      Launch Clock:-       0                  
         Data Path:-    7081                  
             Slack:=    2736                  

#----------------------------------------------------------------------------------------------------------
#     Timing Point       Flags    Arc    Edge       Cell         Fanout  Load Trans Delay Arrival Instance 
#                                                                        (fF)  (ps)  (ps)   (ps)  Location 
#----------------------------------------------------------------------------------------------------------
  PC1/PSTATE_reg[0]/clk  -       -       R     (arrival)            587     -     0     0       0    (-,-) 
  PC1/PSTATE_reg[0]/q    (u)     clk->q  F     unmapped_d_flop        6  33.3     0   807     807    (-,-) 
  PC1/g12268/z           (u)     in_0->z F     unmapped_or2           4  25.2     0   156     964    (-,-) 
  PC1/g17550/z           (u)     in_1->z F     unmapped_or2           1   6.3     0    82    1046    (-,-) 
  PC1/g17533/z           (u)     in_0->z F     unmapped_or2           8  50.4     0   222    1268    (-,-) 
  PC1/g16964/z           (u)     in_0->z F     unmapped_complex2      1   6.3     0    82    1350    (-,-) 
  PC1/g16652/z           (u)     in_1->z R     unmapped_nand2         4  25.6     0   156    1506    (-,-) 
  PC1/g7136/z            (u)     in_1->z F     unmapped_nand2         4  25.2     0   156    1663    (-,-) 
  PC1/g16544/z           (u)     in_1->z F     unmapped_or2          32 201.6     0   364    2026    (-,-) 
  PC1/g16497/z           (u)     in_0->z F     unmapped_complex2      1   6.3     0    82    2108    (-,-) 
  PC1/g15994/z           (u)     in_1->z R     unmapped_nand2         1   6.4     0    82    2190    (-,-) 
  PC1/g15729/z           (u)     in_1->z R     unmapped_or2           1   6.4     0    82    2272    (-,-) 
  PC1/g15561/z           (u)     in_1->z R     unmapped_or2           1   6.4     0    82    2354    (-,-) 
  PC1/g15527/z           (u)     in_1->z R     unmapped_or2          13  83.2     0   269    2623    (-,-) 
  PC1/sub_126_48/g484/z  (u)     in_1->z F     unmapped_complex2      4  25.2     0   156    2779    (-,-) 
  PC1/sub_126_48/g1735/z (u)     in_1->z R     unmapped_nand2         1   6.4     0    82    2861    (-,-) 
  PC1/sub_126_48/g1708/z (u)     in_0->z F     unmapped_nand2         3  18.9     0   135    2996    (-,-) 
  PC1/sub_126_48/g1696/z (u)     in_1->z R     unmapped_nand2         1   6.4     0    82    3078    (-,-) 
  PC1/sub_126_48/g1686/z (u)     in_1->z F     unmapped_nand2         3  18.9     0   135    3213    (-,-) 
  PC1/sub_126_48/g1681/z (u)     in_1->z R     unmapped_nand2         1   6.4     0    82    3295    (-,-) 
  PC1/sub_126_48/g1673/z (u)     in_0->z F     unmapped_nand2         3  18.9     0   135    3430    (-,-) 
  PC1/sub_126_48/g1669/z (u)     in_0->z R     unmapped_nand2         2  12.8     0   112    3542    (-,-) 
  PC1/sub_126_48/g1665/z (u)     in_0->z R     unmapped_complex2      1   6.4     0    82    3624    (-,-) 
  PC1/sub_126_48/g1658/z (u)     in_0->z F     unmapped_complex2      3  18.9     0   135    3759    (-,-) 
  PC1/sub_126_48/g1654/z (u)     in_1->z R     unmapped_nand2         1   6.4     0    82    3841    (-,-) 
  PC1/sub_126_48/g1652/z (u)     in_1->z F     unmapped_nand2         3  18.9     0   135    3976    (-,-) 
  PC1/sub_126_48/g1648/z (u)     in_0->z R     unmapped_nand2         1   6.4     0    82    4058    (-,-) 
  PC1/sub_126_48/g1647/z (u)     in_0->z F     unmapped_nand2         4  25.2     0   156    4214    (-,-) 
  PC1/sub_126_48/g1646/z (u)     in_0->z R     unmapped_complex2      2  12.8     0   112    4326    (-,-) 
  PC1/sub_126_48/g1641/z (u)     in_0->z R     unmapped_complex2      1   6.4     0    82    4408    (-,-) 
  PC1/sub_126_48/g1631/z (u)     in_0->z R     unmapped_complex2      1   6.4     0    82    4490    (-,-) 
  PC1/sub_126_48/g1629/z (u)     in_0->z F     unmapped_complex2      4  25.2     0   156    4646    (-,-) 
  PC1/sub_126_48/g1628/z (u)     in_0->z R     unmapped_complex2      1   6.4     0    82    4728    (-,-) 
  PC1/sub_126_48/g1620/z (u)     in_0->z F     unmapped_complex2      3  18.9     0   135    4863    (-,-) 
  PC1/sub_126_48/g1615/z (u)     in_1->z R     unmapped_nand2         1   6.4     0    82    4945    (-,-) 
  PC1/sub_126_48/g1611/z (u)     in_1->z F     unmapped_nand2         3  18.9     0   135    5080    (-,-) 
  PC1/sub_126_48/g1607/z (u)     in_1->z R     unmapped_nand2         1   6.4     0    82    5162    (-,-) 
  PC1/sub_126_48/g1606/z (u)     in_1->z F     unmapped_nand2         6  37.8     0   195    5357    (-,-) 
  PC1/sub_126_48/g1599/z (u)     in_0->z R     unmapped_complex2      2  12.8     0   112    5469    (-,-) 
  PC1/sub_126_48/g1595/z (u)     in_0->z F     unmapped_complex2      5  31.5     0   180    5649    (-,-) 
  PC1/sub_126_48/g1585/z (u)     in_1->z R     unmapped_nand2         2  12.8     0   112    5761    (-,-) 
  PC1/sub_126_48/g1569/z (u)     in_0->z R     unmapped_complex2      1   6.4     0    82    5843    (-,-) 
  PC1/sub_126_48/g1558/z (u)     in_0->z F     unmapped_complex2      3  18.9     0   135    5978    (-,-) 
  PC1/sub_126_48/g1543/z (u)     in_1->z R     unmapped_nand2         1   6.4     0    82    6060    (-,-) 
  PC1/sub_126_48/g1534/z (u)     in_1->z F     unmapped_nand2         2  12.6     0   112    6172    (-,-) 
  PC1/sub_126_48/g1529/z (u)     in_0->z F     unmapped_or2           1   6.3     0    82    6254    (-,-) 
  PC1/sub_126_48/g1530/z (u)     in_1->z R     unmapped_nand2         1   6.4     0    82    6336    (-,-) 
  PC1/g25849/z           (u)     in_0->z F     unmapped_complex2      1   6.3     0    82    6418    (-,-) 
  PC1/g24292/z           (u)     in_1->z R     unmapped_complex2      1   6.4     0    82    6500    (-,-) 
  PC1/g24253/z           (u)     in_0->z F     unmapped_complex2      1   6.3     0    82    6582    (-,-) 
  PC1/g24204/z           (u)     in_1->z R     unmapped_nand2         2  12.8     0   112    6694    (-,-) 
  PC1/g24185/z           (u)     in_0->z R     unmapped_complex2     16  25.6     0   224    6918    (-,-) 
  PC1/g23756/z           (u)     in_0->z F     unmapped_complex2      1   6.3     0    82    6999    (-,-) 
  PC1/g23347/z           (u)     in_1->z R     unmapped_nand2         1   6.4     0    82    7081    (-,-) 
  PC1/RF_reg[3][27]/d    -       -       R     unmapped_d_flop        1     -     -     0    7081    (-,-) 
#----------------------------------------------------------------------------------------------------------

(u) : Net has unmapped pin(s).



Path 14: MET (2736 ps) Setup Check with Pin PC1/RF_reg[2][27]/clk->d
          Group: C2C
     Startpoint: (R) PC1/PSTATE_reg[0]/clk
          Clock: (R) SYS_CLOCK
       Endpoint: (R) PC1/RF_reg[2][27]/d
          Clock: (R) SYS_CLOCK

                     Capture       Launch     
        Clock Edge:+   10000            0     
       Src Latency:+       0            0     
       Net Latency:+       0 (I)        0 (I) 
           Arrival:=   10000            0     
                                              
             Setup:-     183                  
     Required Time:=    9817                  
      Launch Clock:-       0                  
         Data Path:-    7081                  
             Slack:=    2736                  

#----------------------------------------------------------------------------------------------------------
#     Timing Point       Flags    Arc    Edge       Cell         Fanout  Load Trans Delay Arrival Instance 
#                                                                        (fF)  (ps)  (ps)   (ps)  Location 
#----------------------------------------------------------------------------------------------------------
  PC1/PSTATE_reg[0]/clk  -       -       R     (arrival)            587     -     0     0       0    (-,-) 
  PC1/PSTATE_reg[0]/q    (u)     clk->q  F     unmapped_d_flop        6  33.3     0   807     807    (-,-) 
  PC1/g12268/z           (u)     in_0->z F     unmapped_or2           4  25.2     0   156     964    (-,-) 
  PC1/g17550/z           (u)     in_1->z F     unmapped_or2           1   6.3     0    82    1046    (-,-) 
  PC1/g17533/z           (u)     in_0->z F     unmapped_or2           8  50.4     0   222    1268    (-,-) 
  PC1/g16964/z           (u)     in_0->z F     unmapped_complex2      1   6.3     0    82    1350    (-,-) 
  PC1/g16652/z           (u)     in_1->z R     unmapped_nand2         4  25.6     0   156    1506    (-,-) 
  PC1/g7136/z            (u)     in_1->z F     unmapped_nand2         4  25.2     0   156    1663    (-,-) 
  PC1/g16544/z           (u)     in_1->z F     unmapped_or2          32 201.6     0   364    2026    (-,-) 
  PC1/g16497/z           (u)     in_0->z F     unmapped_complex2      1   6.3     0    82    2108    (-,-) 
  PC1/g15994/z           (u)     in_1->z R     unmapped_nand2         1   6.4     0    82    2190    (-,-) 
  PC1/g15729/z           (u)     in_1->z R     unmapped_or2           1   6.4     0    82    2272    (-,-) 
  PC1/g15561/z           (u)     in_1->z R     unmapped_or2           1   6.4     0    82    2354    (-,-) 
  PC1/g15527/z           (u)     in_1->z R     unmapped_or2          13  83.2     0   269    2623    (-,-) 
  PC1/sub_126_48/g484/z  (u)     in_1->z F     unmapped_complex2      4  25.2     0   156    2779    (-,-) 
  PC1/sub_126_48/g1735/z (u)     in_1->z R     unmapped_nand2         1   6.4     0    82    2861    (-,-) 
  PC1/sub_126_48/g1708/z (u)     in_0->z F     unmapped_nand2         3  18.9     0   135    2996    (-,-) 
  PC1/sub_126_48/g1696/z (u)     in_1->z R     unmapped_nand2         1   6.4     0    82    3078    (-,-) 
  PC1/sub_126_48/g1686/z (u)     in_1->z F     unmapped_nand2         3  18.9     0   135    3213    (-,-) 
  PC1/sub_126_48/g1681/z (u)     in_1->z R     unmapped_nand2         1   6.4     0    82    3295    (-,-) 
  PC1/sub_126_48/g1673/z (u)     in_0->z F     unmapped_nand2         3  18.9     0   135    3430    (-,-) 
  PC1/sub_126_48/g1669/z (u)     in_0->z R     unmapped_nand2         2  12.8     0   112    3542    (-,-) 
  PC1/sub_126_48/g1665/z (u)     in_0->z R     unmapped_complex2      1   6.4     0    82    3624    (-,-) 
  PC1/sub_126_48/g1658/z (u)     in_0->z F     unmapped_complex2      3  18.9     0   135    3759    (-,-) 
  PC1/sub_126_48/g1654/z (u)     in_1->z R     unmapped_nand2         1   6.4     0    82    3841    (-,-) 
  PC1/sub_126_48/g1652/z (u)     in_1->z F     unmapped_nand2         3  18.9     0   135    3976    (-,-) 
  PC1/sub_126_48/g1648/z (u)     in_0->z R     unmapped_nand2         1   6.4     0    82    4058    (-,-) 
  PC1/sub_126_48/g1647/z (u)     in_0->z F     unmapped_nand2         4  25.2     0   156    4214    (-,-) 
  PC1/sub_126_48/g1646/z (u)     in_0->z R     unmapped_complex2      2  12.8     0   112    4326    (-,-) 
  PC1/sub_126_48/g1641/z (u)     in_0->z R     unmapped_complex2      1   6.4     0    82    4408    (-,-) 
  PC1/sub_126_48/g1631/z (u)     in_0->z R     unmapped_complex2      1   6.4     0    82    4490    (-,-) 
  PC1/sub_126_48/g1629/z (u)     in_0->z F     unmapped_complex2      4  25.2     0   156    4646    (-,-) 
  PC1/sub_126_48/g1628/z (u)     in_0->z R     unmapped_complex2      1   6.4     0    82    4728    (-,-) 
  PC1/sub_126_48/g1620/z (u)     in_0->z F     unmapped_complex2      3  18.9     0   135    4863    (-,-) 
  PC1/sub_126_48/g1615/z (u)     in_1->z R     unmapped_nand2         1   6.4     0    82    4945    (-,-) 
  PC1/sub_126_48/g1611/z (u)     in_1->z F     unmapped_nand2         3  18.9     0   135    5080    (-,-) 
  PC1/sub_126_48/g1607/z (u)     in_1->z R     unmapped_nand2         1   6.4     0    82    5162    (-,-) 
  PC1/sub_126_48/g1606/z (u)     in_1->z F     unmapped_nand2         6  37.8     0   195    5357    (-,-) 
  PC1/sub_126_48/g1599/z (u)     in_0->z R     unmapped_complex2      2  12.8     0   112    5469    (-,-) 
  PC1/sub_126_48/g1595/z (u)     in_0->z F     unmapped_complex2      5  31.5     0   180    5649    (-,-) 
  PC1/sub_126_48/g1585/z (u)     in_1->z R     unmapped_nand2         2  12.8     0   112    5761    (-,-) 
  PC1/sub_126_48/g1569/z (u)     in_0->z R     unmapped_complex2      1   6.4     0    82    5843    (-,-) 
  PC1/sub_126_48/g1558/z (u)     in_0->z F     unmapped_complex2      3  18.9     0   135    5978    (-,-) 
  PC1/sub_126_48/g1543/z (u)     in_1->z R     unmapped_nand2         1   6.4     0    82    6060    (-,-) 
  PC1/sub_126_48/g1534/z (u)     in_1->z F     unmapped_nand2         2  12.6     0   112    6172    (-,-) 
  PC1/sub_126_48/g1529/z (u)     in_0->z F     unmapped_or2           1   6.3     0    82    6254    (-,-) 
  PC1/sub_126_48/g1530/z (u)     in_1->z R     unmapped_nand2         1   6.4     0    82    6336    (-,-) 
  PC1/g25849/z           (u)     in_0->z F     unmapped_complex2      1   6.3     0    82    6418    (-,-) 
  PC1/g24292/z           (u)     in_1->z R     unmapped_complex2      1   6.4     0    82    6500    (-,-) 
  PC1/g24253/z           (u)     in_0->z F     unmapped_complex2      1   6.3     0    82    6582    (-,-) 
  PC1/g24204/z           (u)     in_1->z R     unmapped_nand2         2  12.8     0   112    6694    (-,-) 
  PC1/g24185/z           (u)     in_0->z R     unmapped_complex2     16  25.6     0   224    6918    (-,-) 
  PC1/g23758/z           (u)     in_0->z F     unmapped_complex2      1   6.3     0    82    6999    (-,-) 
  PC1/g23350/z           (u)     in_1->z R     unmapped_nand2         1   6.4     0    82    7081    (-,-) 
  PC1/RF_reg[2][27]/d    -       -       R     unmapped_d_flop        1     -     -     0    7081    (-,-) 
#----------------------------------------------------------------------------------------------------------

(u) : Net has unmapped pin(s).



Path 15: MET (2736 ps) Setup Check with Pin PC1/RF_reg[1][27]/clk->d
          Group: C2C
     Startpoint: (R) PC1/PSTATE_reg[0]/clk
          Clock: (R) SYS_CLOCK
       Endpoint: (R) PC1/RF_reg[1][27]/d
          Clock: (R) SYS_CLOCK

                     Capture       Launch     
        Clock Edge:+   10000            0     
       Src Latency:+       0            0     
       Net Latency:+       0 (I)        0 (I) 
           Arrival:=   10000            0     
                                              
             Setup:-     183                  
     Required Time:=    9817                  
      Launch Clock:-       0                  
         Data Path:-    7081                  
             Slack:=    2736                  

#----------------------------------------------------------------------------------------------------------
#     Timing Point       Flags    Arc    Edge       Cell         Fanout  Load Trans Delay Arrival Instance 
#                                                                        (fF)  (ps)  (ps)   (ps)  Location 
#----------------------------------------------------------------------------------------------------------
  PC1/PSTATE_reg[0]/clk  -       -       R     (arrival)            587     -     0     0       0    (-,-) 
  PC1/PSTATE_reg[0]/q    (u)     clk->q  F     unmapped_d_flop        6  33.3     0   807     807    (-,-) 
  PC1/g12268/z           (u)     in_0->z F     unmapped_or2           4  25.2     0   156     964    (-,-) 
  PC1/g17550/z           (u)     in_1->z F     unmapped_or2           1   6.3     0    82    1046    (-,-) 
  PC1/g17533/z           (u)     in_0->z F     unmapped_or2           8  50.4     0   222    1268    (-,-) 
  PC1/g16964/z           (u)     in_0->z F     unmapped_complex2      1   6.3     0    82    1350    (-,-) 
  PC1/g16652/z           (u)     in_1->z R     unmapped_nand2         4  25.6     0   156    1506    (-,-) 
  PC1/g7136/z            (u)     in_1->z F     unmapped_nand2         4  25.2     0   156    1663    (-,-) 
  PC1/g16544/z           (u)     in_1->z F     unmapped_or2          32 201.6     0   364    2026    (-,-) 
  PC1/g16497/z           (u)     in_0->z F     unmapped_complex2      1   6.3     0    82    2108    (-,-) 
  PC1/g15994/z           (u)     in_1->z R     unmapped_nand2         1   6.4     0    82    2190    (-,-) 
  PC1/g15729/z           (u)     in_1->z R     unmapped_or2           1   6.4     0    82    2272    (-,-) 
  PC1/g15561/z           (u)     in_1->z R     unmapped_or2           1   6.4     0    82    2354    (-,-) 
  PC1/g15527/z           (u)     in_1->z R     unmapped_or2          13  83.2     0   269    2623    (-,-) 
  PC1/sub_126_48/g484/z  (u)     in_1->z F     unmapped_complex2      4  25.2     0   156    2779    (-,-) 
  PC1/sub_126_48/g1735/z (u)     in_1->z R     unmapped_nand2         1   6.4     0    82    2861    (-,-) 
  PC1/sub_126_48/g1708/z (u)     in_0->z F     unmapped_nand2         3  18.9     0   135    2996    (-,-) 
  PC1/sub_126_48/g1696/z (u)     in_1->z R     unmapped_nand2         1   6.4     0    82    3078    (-,-) 
  PC1/sub_126_48/g1686/z (u)     in_1->z F     unmapped_nand2         3  18.9     0   135    3213    (-,-) 
  PC1/sub_126_48/g1681/z (u)     in_1->z R     unmapped_nand2         1   6.4     0    82    3295    (-,-) 
  PC1/sub_126_48/g1673/z (u)     in_0->z F     unmapped_nand2         3  18.9     0   135    3430    (-,-) 
  PC1/sub_126_48/g1669/z (u)     in_0->z R     unmapped_nand2         2  12.8     0   112    3542    (-,-) 
  PC1/sub_126_48/g1665/z (u)     in_0->z R     unmapped_complex2      1   6.4     0    82    3624    (-,-) 
  PC1/sub_126_48/g1658/z (u)     in_0->z F     unmapped_complex2      3  18.9     0   135    3759    (-,-) 
  PC1/sub_126_48/g1654/z (u)     in_1->z R     unmapped_nand2         1   6.4     0    82    3841    (-,-) 
  PC1/sub_126_48/g1652/z (u)     in_1->z F     unmapped_nand2         3  18.9     0   135    3976    (-,-) 
  PC1/sub_126_48/g1648/z (u)     in_0->z R     unmapped_nand2         1   6.4     0    82    4058    (-,-) 
  PC1/sub_126_48/g1647/z (u)     in_0->z F     unmapped_nand2         4  25.2     0   156    4214    (-,-) 
  PC1/sub_126_48/g1646/z (u)     in_0->z R     unmapped_complex2      2  12.8     0   112    4326    (-,-) 
  PC1/sub_126_48/g1641/z (u)     in_0->z R     unmapped_complex2      1   6.4     0    82    4408    (-,-) 
  PC1/sub_126_48/g1631/z (u)     in_0->z R     unmapped_complex2      1   6.4     0    82    4490    (-,-) 
  PC1/sub_126_48/g1629/z (u)     in_0->z F     unmapped_complex2      4  25.2     0   156    4646    (-,-) 
  PC1/sub_126_48/g1628/z (u)     in_0->z R     unmapped_complex2      1   6.4     0    82    4728    (-,-) 
  PC1/sub_126_48/g1620/z (u)     in_0->z F     unmapped_complex2      3  18.9     0   135    4863    (-,-) 
  PC1/sub_126_48/g1615/z (u)     in_1->z R     unmapped_nand2         1   6.4     0    82    4945    (-,-) 
  PC1/sub_126_48/g1611/z (u)     in_1->z F     unmapped_nand2         3  18.9     0   135    5080    (-,-) 
  PC1/sub_126_48/g1607/z (u)     in_1->z R     unmapped_nand2         1   6.4     0    82    5162    (-,-) 
  PC1/sub_126_48/g1606/z (u)     in_1->z F     unmapped_nand2         6  37.8     0   195    5357    (-,-) 
  PC1/sub_126_48/g1599/z (u)     in_0->z R     unmapped_complex2      2  12.8     0   112    5469    (-,-) 
  PC1/sub_126_48/g1595/z (u)     in_0->z F     unmapped_complex2      5  31.5     0   180    5649    (-,-) 
  PC1/sub_126_48/g1585/z (u)     in_1->z R     unmapped_nand2         2  12.8     0   112    5761    (-,-) 
  PC1/sub_126_48/g1569/z (u)     in_0->z R     unmapped_complex2      1   6.4     0    82    5843    (-,-) 
  PC1/sub_126_48/g1558/z (u)     in_0->z F     unmapped_complex2      3  18.9     0   135    5978    (-,-) 
  PC1/sub_126_48/g1543/z (u)     in_1->z R     unmapped_nand2         1   6.4     0    82    6060    (-,-) 
  PC1/sub_126_48/g1534/z (u)     in_1->z F     unmapped_nand2         2  12.6     0   112    6172    (-,-) 
  PC1/sub_126_48/g1529/z (u)     in_0->z F     unmapped_or2           1   6.3     0    82    6254    (-,-) 
  PC1/sub_126_48/g1530/z (u)     in_1->z R     unmapped_nand2         1   6.4     0    82    6336    (-,-) 
  PC1/g25849/z           (u)     in_0->z F     unmapped_complex2      1   6.3     0    82    6418    (-,-) 
  PC1/g24292/z           (u)     in_1->z R     unmapped_complex2      1   6.4     0    82    6500    (-,-) 
  PC1/g24253/z           (u)     in_0->z F     unmapped_complex2      1   6.3     0    82    6582    (-,-) 
  PC1/g24204/z           (u)     in_1->z R     unmapped_nand2         2  12.8     0   112    6694    (-,-) 
  PC1/g24185/z           (u)     in_0->z R     unmapped_complex2     16  25.6     0   224    6918    (-,-) 
  PC1/g23760/z           (u)     in_0->z F     unmapped_complex2      1   6.3     0    82    6999    (-,-) 
  PC1/g23353/z           (u)     in_1->z R     unmapped_nand2         1   6.4     0    82    7081    (-,-) 
  PC1/RF_reg[1][27]/d    -       -       R     unmapped_d_flop        1     -     -     0    7081    (-,-) 
#----------------------------------------------------------------------------------------------------------

(u) : Net has unmapped pin(s).



Path 16: MET (2736 ps) Setup Check with Pin PC1/RF_reg[0][27]/clk->d
          Group: C2C
     Startpoint: (R) PC1/PSTATE_reg[0]/clk
          Clock: (R) SYS_CLOCK
       Endpoint: (R) PC1/RF_reg[0][27]/d
          Clock: (R) SYS_CLOCK

                     Capture       Launch     
        Clock Edge:+   10000            0     
       Src Latency:+       0            0     
       Net Latency:+       0 (I)        0 (I) 
           Arrival:=   10000            0     
                                              
             Setup:-     183                  
     Required Time:=    9817                  
      Launch Clock:-       0                  
         Data Path:-    7081                  
             Slack:=    2736                  

#----------------------------------------------------------------------------------------------------------
#     Timing Point       Flags    Arc    Edge       Cell         Fanout  Load Trans Delay Arrival Instance 
#                                                                        (fF)  (ps)  (ps)   (ps)  Location 
#----------------------------------------------------------------------------------------------------------
  PC1/PSTATE_reg[0]/clk  -       -       R     (arrival)            587     -     0     0       0    (-,-) 
  PC1/PSTATE_reg[0]/q    (u)     clk->q  F     unmapped_d_flop        6  33.3     0   807     807    (-,-) 
  PC1/g12268/z           (u)     in_0->z F     unmapped_or2           4  25.2     0   156     964    (-,-) 
  PC1/g17550/z           (u)     in_1->z F     unmapped_or2           1   6.3     0    82    1046    (-,-) 
  PC1/g17533/z           (u)     in_0->z F     unmapped_or2           8  50.4     0   222    1268    (-,-) 
  PC1/g16964/z           (u)     in_0->z F     unmapped_complex2      1   6.3     0    82    1350    (-,-) 
  PC1/g16652/z           (u)     in_1->z R     unmapped_nand2         4  25.6     0   156    1506    (-,-) 
  PC1/g7136/z            (u)     in_1->z F     unmapped_nand2         4  25.2     0   156    1663    (-,-) 
  PC1/g16544/z           (u)     in_1->z F     unmapped_or2          32 201.6     0   364    2026    (-,-) 
  PC1/g16497/z           (u)     in_0->z F     unmapped_complex2      1   6.3     0    82    2108    (-,-) 
  PC1/g15994/z           (u)     in_1->z R     unmapped_nand2         1   6.4     0    82    2190    (-,-) 
  PC1/g15729/z           (u)     in_1->z R     unmapped_or2           1   6.4     0    82    2272    (-,-) 
  PC1/g15561/z           (u)     in_1->z R     unmapped_or2           1   6.4     0    82    2354    (-,-) 
  PC1/g15527/z           (u)     in_1->z R     unmapped_or2          13  83.2     0   269    2623    (-,-) 
  PC1/sub_126_48/g484/z  (u)     in_1->z F     unmapped_complex2      4  25.2     0   156    2779    (-,-) 
  PC1/sub_126_48/g1735/z (u)     in_1->z R     unmapped_nand2         1   6.4     0    82    2861    (-,-) 
  PC1/sub_126_48/g1708/z (u)     in_0->z F     unmapped_nand2         3  18.9     0   135    2996    (-,-) 
  PC1/sub_126_48/g1696/z (u)     in_1->z R     unmapped_nand2         1   6.4     0    82    3078    (-,-) 
  PC1/sub_126_48/g1686/z (u)     in_1->z F     unmapped_nand2         3  18.9     0   135    3213    (-,-) 
  PC1/sub_126_48/g1681/z (u)     in_1->z R     unmapped_nand2         1   6.4     0    82    3295    (-,-) 
  PC1/sub_126_48/g1673/z (u)     in_0->z F     unmapped_nand2         3  18.9     0   135    3430    (-,-) 
  PC1/sub_126_48/g1669/z (u)     in_0->z R     unmapped_nand2         2  12.8     0   112    3542    (-,-) 
  PC1/sub_126_48/g1665/z (u)     in_0->z R     unmapped_complex2      1   6.4     0    82    3624    (-,-) 
  PC1/sub_126_48/g1658/z (u)     in_0->z F     unmapped_complex2      3  18.9     0   135    3759    (-,-) 
  PC1/sub_126_48/g1654/z (u)     in_1->z R     unmapped_nand2         1   6.4     0    82    3841    (-,-) 
  PC1/sub_126_48/g1652/z (u)     in_1->z F     unmapped_nand2         3  18.9     0   135    3976    (-,-) 
  PC1/sub_126_48/g1648/z (u)     in_0->z R     unmapped_nand2         1   6.4     0    82    4058    (-,-) 
  PC1/sub_126_48/g1647/z (u)     in_0->z F     unmapped_nand2         4  25.2     0   156    4214    (-,-) 
  PC1/sub_126_48/g1646/z (u)     in_0->z R     unmapped_complex2      2  12.8     0   112    4326    (-,-) 
  PC1/sub_126_48/g1641/z (u)     in_0->z R     unmapped_complex2      1   6.4     0    82    4408    (-,-) 
  PC1/sub_126_48/g1631/z (u)     in_0->z R     unmapped_complex2      1   6.4     0    82    4490    (-,-) 
  PC1/sub_126_48/g1629/z (u)     in_0->z F     unmapped_complex2      4  25.2     0   156    4646    (-,-) 
  PC1/sub_126_48/g1628/z (u)     in_0->z R     unmapped_complex2      1   6.4     0    82    4728    (-,-) 
  PC1/sub_126_48/g1620/z (u)     in_0->z F     unmapped_complex2      3  18.9     0   135    4863    (-,-) 
  PC1/sub_126_48/g1615/z (u)     in_1->z R     unmapped_nand2         1   6.4     0    82    4945    (-,-) 
  PC1/sub_126_48/g1611/z (u)     in_1->z F     unmapped_nand2         3  18.9     0   135    5080    (-,-) 
  PC1/sub_126_48/g1607/z (u)     in_1->z R     unmapped_nand2         1   6.4     0    82    5162    (-,-) 
  PC1/sub_126_48/g1606/z (u)     in_1->z F     unmapped_nand2         6  37.8     0   195    5357    (-,-) 
  PC1/sub_126_48/g1599/z (u)     in_0->z R     unmapped_complex2      2  12.8     0   112    5469    (-,-) 
  PC1/sub_126_48/g1595/z (u)     in_0->z F     unmapped_complex2      5  31.5     0   180    5649    (-,-) 
  PC1/sub_126_48/g1585/z (u)     in_1->z R     unmapped_nand2         2  12.8     0   112    5761    (-,-) 
  PC1/sub_126_48/g1569/z (u)     in_0->z R     unmapped_complex2      1   6.4     0    82    5843    (-,-) 
  PC1/sub_126_48/g1558/z (u)     in_0->z F     unmapped_complex2      3  18.9     0   135    5978    (-,-) 
  PC1/sub_126_48/g1543/z (u)     in_1->z R     unmapped_nand2         1   6.4     0    82    6060    (-,-) 
  PC1/sub_126_48/g1534/z (u)     in_1->z F     unmapped_nand2         2  12.6     0   112    6172    (-,-) 
  PC1/sub_126_48/g1529/z (u)     in_0->z F     unmapped_or2           1   6.3     0    82    6254    (-,-) 
  PC1/sub_126_48/g1530/z (u)     in_1->z R     unmapped_nand2         1   6.4     0    82    6336    (-,-) 
  PC1/g25849/z           (u)     in_0->z F     unmapped_complex2      1   6.3     0    82    6418    (-,-) 
  PC1/g24292/z           (u)     in_1->z R     unmapped_complex2      1   6.4     0    82    6500    (-,-) 
  PC1/g24253/z           (u)     in_0->z F     unmapped_complex2      1   6.3     0    82    6582    (-,-) 
  PC1/g24204/z           (u)     in_1->z R     unmapped_nand2         2  12.8     0   112    6694    (-,-) 
  PC1/g24185/z           (u)     in_0->z R     unmapped_complex2     16  25.6     0   224    6918    (-,-) 
  PC1/g23761/z           (u)     in_0->z F     unmapped_complex2      1   6.3     0    82    6999    (-,-) 
  PC1/g23356/z           (u)     in_1->z R     unmapped_nand2         1   6.4     0    82    7081    (-,-) 
  PC1/RF_reg[0][27]/d    -       -       R     unmapped_d_flop        1     -     -     0    7081    (-,-) 
#----------------------------------------------------------------------------------------------------------

(u) : Net has unmapped pin(s).



Path 17: MET (2737 ps) Setup Check with Pin PC1/RF_reg[15][31]/clk->d
          Group: C2C
     Startpoint: (R) PC1/PSTATE_reg[0]/clk
          Clock: (R) SYS_CLOCK
       Endpoint: (R) PC1/RF_reg[15][31]/d
          Clock: (R) SYS_CLOCK

                     Capture       Launch     
        Clock Edge:+   10000            0     
       Src Latency:+       0            0     
       Net Latency:+       0 (I)        0 (I) 
           Arrival:=   10000            0     
                                              
             Setup:-     183                  
     Required Time:=    9817                  
      Launch Clock:-       0                  
         Data Path:-    7080                  
             Slack:=    2737                  

#----------------------------------------------------------------------------------------------------------
#     Timing Point       Flags    Arc    Edge       Cell         Fanout  Load Trans Delay Arrival Instance 
#                                                                        (fF)  (ps)  (ps)   (ps)  Location 
#----------------------------------------------------------------------------------------------------------
  PC1/PSTATE_reg[0]/clk  -       -       R     (arrival)            587     -     0     0       0    (-,-) 
  PC1/PSTATE_reg[0]/q    (u)     clk->q  F     unmapped_d_flop        6  33.3     0   807     807    (-,-) 
  PC1/g12268/z           (u)     in_0->z F     unmapped_or2           4  25.2     0   156     964    (-,-) 
  PC1/g17550/z           (u)     in_1->z F     unmapped_or2           1   6.3     0    82    1046    (-,-) 
  PC1/g17533/z           (u)     in_0->z F     unmapped_or2           8  50.4     0   222    1268    (-,-) 
  PC1/g16964/z           (u)     in_0->z F     unmapped_complex2      1   6.3     0    82    1350    (-,-) 
  PC1/g16652/z           (u)     in_1->z R     unmapped_nand2         4  25.6     0   156    1506    (-,-) 
  PC1/g7136/z            (u)     in_1->z F     unmapped_nand2         4  25.2     0   156    1663    (-,-) 
  PC1/g16544/z           (u)     in_1->z F     unmapped_or2          32 201.6     0   364    2026    (-,-) 
  PC1/g16497/z           (u)     in_0->z F     unmapped_complex2      1   6.3     0    82    2108    (-,-) 
  PC1/g15994/z           (u)     in_1->z R     unmapped_nand2         1   6.4     0    82    2190    (-,-) 
  PC1/g15729/z           (u)     in_1->z R     unmapped_or2           1   6.4     0    82    2272    (-,-) 
  PC1/g15561/z           (u)     in_1->z R     unmapped_or2           1   6.4     0    82    2354    (-,-) 
  PC1/g15527/z           (u)     in_1->z R     unmapped_or2          13  83.2     0   269    2623    (-,-) 
  PC1/sub_126_48/g484/z  (u)     in_1->z F     unmapped_complex2      4  25.2     0   156    2779    (-,-) 
  PC1/sub_126_48/g1735/z (u)     in_1->z R     unmapped_nand2         1   6.4     0    82    2861    (-,-) 
  PC1/sub_126_48/g1708/z (u)     in_0->z F     unmapped_nand2         3  18.9     0   135    2996    (-,-) 
  PC1/sub_126_48/g1696/z (u)     in_1->z R     unmapped_nand2         1   6.4     0    82    3078    (-,-) 
  PC1/sub_126_48/g1686/z (u)     in_1->z F     unmapped_nand2         3  18.9     0   135    3213    (-,-) 
  PC1/sub_126_48/g1681/z (u)     in_1->z R     unmapped_nand2         1   6.4     0    82    3295    (-,-) 
  PC1/sub_126_48/g1673/z (u)     in_0->z F     unmapped_nand2         3  18.9     0   135    3430    (-,-) 
  PC1/sub_126_48/g1669/z (u)     in_0->z R     unmapped_nand2         2  12.8     0   112    3542    (-,-) 
  PC1/sub_126_48/g1665/z (u)     in_0->z R     unmapped_complex2      1   6.4     0    82    3624    (-,-) 
  PC1/sub_126_48/g1658/z (u)     in_0->z F     unmapped_complex2      3  18.9     0   135    3759    (-,-) 
  PC1/sub_126_48/g1654/z (u)     in_1->z R     unmapped_nand2         1   6.4     0    82    3841    (-,-) 
  PC1/sub_126_48/g1652/z (u)     in_1->z F     unmapped_nand2         3  18.9     0   135    3976    (-,-) 
  PC1/sub_126_48/g1648/z (u)     in_0->z R     unmapped_nand2         1   6.4     0    82    4058    (-,-) 
  PC1/sub_126_48/g1647/z (u)     in_0->z F     unmapped_nand2         4  25.2     0   156    4214    (-,-) 
  PC1/sub_126_48/g1646/z (u)     in_0->z R     unmapped_complex2      2  12.8     0   112    4326    (-,-) 
  PC1/sub_126_48/g1641/z (u)     in_0->z R     unmapped_complex2      1   6.4     0    82    4408    (-,-) 
  PC1/sub_126_48/g1631/z (u)     in_0->z R     unmapped_complex2      1   6.4     0    82    4490    (-,-) 
  PC1/sub_126_48/g1629/z (u)     in_0->z F     unmapped_complex2      4  25.2     0   156    4646    (-,-) 
  PC1/sub_126_48/g1628/z (u)     in_0->z R     unmapped_complex2      1   6.4     0    82    4728    (-,-) 
  PC1/sub_126_48/g1620/z (u)     in_0->z F     unmapped_complex2      3  18.9     0   135    4863    (-,-) 
  PC1/sub_126_48/g1615/z (u)     in_1->z R     unmapped_nand2         1   6.4     0    82    4945    (-,-) 
  PC1/sub_126_48/g1611/z (u)     in_1->z F     unmapped_nand2         3  18.9     0   135    5080    (-,-) 
  PC1/sub_126_48/g1607/z (u)     in_1->z R     unmapped_nand2         1   6.4     0    82    5162    (-,-) 
  PC1/sub_126_48/g1606/z (u)     in_1->z F     unmapped_nand2         6  37.8     0   195    5357    (-,-) 
  PC1/sub_126_48/g1599/z (u)     in_0->z R     unmapped_complex2      2  12.8     0   112    5469    (-,-) 
  PC1/sub_126_48/g1595/z (u)     in_0->z F     unmapped_complex2      5  31.5     0   180    5649    (-,-) 
  PC1/sub_126_48/g1584/z (u)     in_0->z R     unmapped_complex2      1   6.4     0    82    5731    (-,-) 
  PC1/sub_126_48/g1574/z (u)     in_1->z F     unmapped_nand2         1   6.3     0    82    5813    (-,-) 
  PC1/sub_126_48/g1545/z (u)     in_1->z R     unmapped_nand2         1   6.4     0    82    5895    (-,-) 
  PC1/sub_126_48/g1544/z (u)     in_0->z F     unmapped_complex2      1   6.3     0    82    5976    (-,-) 
  PC1/sub_126_48/g1535/z (u)     in_0->z R     unmapped_nand2         1   6.4     0    82    6058    (-,-) 
  PC1/sub_126_48/g1527/z (u)     in_1->z F     unmapped_nand2         2  12.6     0   112    6171    (-,-) 
  PC1/sub_126_48/g1525/z (u)     in_0->z F     unmapped_or2           1   6.3     0    82    6252    (-,-) 
  PC1/sub_126_48/g1526/z (u)     in_1->z R     unmapped_nand2         1   6.4     0    82    6334    (-,-) 
  PC1/g26160/z           (u)     in_0->z F     unmapped_complex2      1   6.3     0    82    6416    (-,-) 
  PC1/g24348/z           (u)     in_1->z R     unmapped_complex2      1   6.4     0    82    6498    (-,-) 
  PC1/g24301/z           (u)     in_0->z F     unmapped_complex2      1   6.3     0    82    6580    (-,-) 
  PC1/g24265/z           (u)     in_0->z R     unmapped_nand2         2  12.8     0   112    6692    (-,-) 
  PC1/g24207/z           (u)     in_0->z R     unmapped_complex2     16  25.6     0   224    6916    (-,-) 
  PC1/g24157/z           (u)     in_0->z F     unmapped_complex2      1   6.3     0    82    6998    (-,-) 
  PC1/g23722/z           (u)     in_1->z R     unmapped_nand2         1   6.4     0    82    7080    (-,-) 
  PC1/RF_reg[15][31]/d   -       -       R     unmapped_d_flop        1     -     -     0    7080    (-,-) 
#----------------------------------------------------------------------------------------------------------

(u) : Net has unmapped pin(s).



Path 18: MET (2737 ps) Setup Check with Pin PC1/RF_reg[14][31]/clk->d
          Group: C2C
     Startpoint: (R) PC1/PSTATE_reg[0]/clk
          Clock: (R) SYS_CLOCK
       Endpoint: (R) PC1/RF_reg[14][31]/d
          Clock: (R) SYS_CLOCK

                     Capture       Launch     
        Clock Edge:+   10000            0     
       Src Latency:+       0            0     
       Net Latency:+       0 (I)        0 (I) 
           Arrival:=   10000            0     
                                              
             Setup:-     183                  
     Required Time:=    9817                  
      Launch Clock:-       0                  
         Data Path:-    7080                  
             Slack:=    2737                  

#----------------------------------------------------------------------------------------------------------
#     Timing Point       Flags    Arc    Edge       Cell         Fanout  Load Trans Delay Arrival Instance 
#                                                                        (fF)  (ps)  (ps)   (ps)  Location 
#----------------------------------------------------------------------------------------------------------
  PC1/PSTATE_reg[0]/clk  -       -       R     (arrival)            587     -     0     0       0    (-,-) 
  PC1/PSTATE_reg[0]/q    (u)     clk->q  F     unmapped_d_flop        6  33.3     0   807     807    (-,-) 
  PC1/g12268/z           (u)     in_0->z F     unmapped_or2           4  25.2     0   156     964    (-,-) 
  PC1/g17550/z           (u)     in_1->z F     unmapped_or2           1   6.3     0    82    1046    (-,-) 
  PC1/g17533/z           (u)     in_0->z F     unmapped_or2           8  50.4     0   222    1268    (-,-) 
  PC1/g16964/z           (u)     in_0->z F     unmapped_complex2      1   6.3     0    82    1350    (-,-) 
  PC1/g16652/z           (u)     in_1->z R     unmapped_nand2         4  25.6     0   156    1506    (-,-) 
  PC1/g7136/z            (u)     in_1->z F     unmapped_nand2         4  25.2     0   156    1663    (-,-) 
  PC1/g16544/z           (u)     in_1->z F     unmapped_or2          32 201.6     0   364    2026    (-,-) 
  PC1/g16497/z           (u)     in_0->z F     unmapped_complex2      1   6.3     0    82    2108    (-,-) 
  PC1/g15994/z           (u)     in_1->z R     unmapped_nand2         1   6.4     0    82    2190    (-,-) 
  PC1/g15729/z           (u)     in_1->z R     unmapped_or2           1   6.4     0    82    2272    (-,-) 
  PC1/g15561/z           (u)     in_1->z R     unmapped_or2           1   6.4     0    82    2354    (-,-) 
  PC1/g15527/z           (u)     in_1->z R     unmapped_or2          13  83.2     0   269    2623    (-,-) 
  PC1/sub_126_48/g484/z  (u)     in_1->z F     unmapped_complex2      4  25.2     0   156    2779    (-,-) 
  PC1/sub_126_48/g1735/z (u)     in_1->z R     unmapped_nand2         1   6.4     0    82    2861    (-,-) 
  PC1/sub_126_48/g1708/z (u)     in_0->z F     unmapped_nand2         3  18.9     0   135    2996    (-,-) 
  PC1/sub_126_48/g1696/z (u)     in_1->z R     unmapped_nand2         1   6.4     0    82    3078    (-,-) 
  PC1/sub_126_48/g1686/z (u)     in_1->z F     unmapped_nand2         3  18.9     0   135    3213    (-,-) 
  PC1/sub_126_48/g1681/z (u)     in_1->z R     unmapped_nand2         1   6.4     0    82    3295    (-,-) 
  PC1/sub_126_48/g1673/z (u)     in_0->z F     unmapped_nand2         3  18.9     0   135    3430    (-,-) 
  PC1/sub_126_48/g1669/z (u)     in_0->z R     unmapped_nand2         2  12.8     0   112    3542    (-,-) 
  PC1/sub_126_48/g1665/z (u)     in_0->z R     unmapped_complex2      1   6.4     0    82    3624    (-,-) 
  PC1/sub_126_48/g1658/z (u)     in_0->z F     unmapped_complex2      3  18.9     0   135    3759    (-,-) 
  PC1/sub_126_48/g1654/z (u)     in_1->z R     unmapped_nand2         1   6.4     0    82    3841    (-,-) 
  PC1/sub_126_48/g1652/z (u)     in_1->z F     unmapped_nand2         3  18.9     0   135    3976    (-,-) 
  PC1/sub_126_48/g1648/z (u)     in_0->z R     unmapped_nand2         1   6.4     0    82    4058    (-,-) 
  PC1/sub_126_48/g1647/z (u)     in_0->z F     unmapped_nand2         4  25.2     0   156    4214    (-,-) 
  PC1/sub_126_48/g1646/z (u)     in_0->z R     unmapped_complex2      2  12.8     0   112    4326    (-,-) 
  PC1/sub_126_48/g1641/z (u)     in_0->z R     unmapped_complex2      1   6.4     0    82    4408    (-,-) 
  PC1/sub_126_48/g1631/z (u)     in_0->z R     unmapped_complex2      1   6.4     0    82    4490    (-,-) 
  PC1/sub_126_48/g1629/z (u)     in_0->z F     unmapped_complex2      4  25.2     0   156    4646    (-,-) 
  PC1/sub_126_48/g1628/z (u)     in_0->z R     unmapped_complex2      1   6.4     0    82    4728    (-,-) 
  PC1/sub_126_48/g1620/z (u)     in_0->z F     unmapped_complex2      3  18.9     0   135    4863    (-,-) 
  PC1/sub_126_48/g1615/z (u)     in_1->z R     unmapped_nand2         1   6.4     0    82    4945    (-,-) 
  PC1/sub_126_48/g1611/z (u)     in_1->z F     unmapped_nand2         3  18.9     0   135    5080    (-,-) 
  PC1/sub_126_48/g1607/z (u)     in_1->z R     unmapped_nand2         1   6.4     0    82    5162    (-,-) 
  PC1/sub_126_48/g1606/z (u)     in_1->z F     unmapped_nand2         6  37.8     0   195    5357    (-,-) 
  PC1/sub_126_48/g1599/z (u)     in_0->z R     unmapped_complex2      2  12.8     0   112    5469    (-,-) 
  PC1/sub_126_48/g1595/z (u)     in_0->z F     unmapped_complex2      5  31.5     0   180    5649    (-,-) 
  PC1/sub_126_48/g1584/z (u)     in_0->z R     unmapped_complex2      1   6.4     0    82    5731    (-,-) 
  PC1/sub_126_48/g1574/z (u)     in_1->z F     unmapped_nand2         1   6.3     0    82    5813    (-,-) 
  PC1/sub_126_48/g1545/z (u)     in_1->z R     unmapped_nand2         1   6.4     0    82    5895    (-,-) 
  PC1/sub_126_48/g1544/z (u)     in_0->z F     unmapped_complex2      1   6.3     0    82    5976    (-,-) 
  PC1/sub_126_48/g1535/z (u)     in_0->z R     unmapped_nand2         1   6.4     0    82    6058    (-,-) 
  PC1/sub_126_48/g1527/z (u)     in_1->z F     unmapped_nand2         2  12.6     0   112    6171    (-,-) 
  PC1/sub_126_48/g1525/z (u)     in_0->z F     unmapped_or2           1   6.3     0    82    6252    (-,-) 
  PC1/sub_126_48/g1526/z (u)     in_1->z R     unmapped_nand2         1   6.4     0    82    6334    (-,-) 
  PC1/g26160/z           (u)     in_0->z F     unmapped_complex2      1   6.3     0    82    6416    (-,-) 
  PC1/g24348/z           (u)     in_1->z R     unmapped_complex2      1   6.4     0    82    6498    (-,-) 
  PC1/g24301/z           (u)     in_0->z F     unmapped_complex2      1   6.3     0    82    6580    (-,-) 
  PC1/g24265/z           (u)     in_0->z R     unmapped_nand2         2  12.8     0   112    6692    (-,-) 
  PC1/g24207/z           (u)     in_0->z R     unmapped_complex2     16  25.6     0   224    6916    (-,-) 
  PC1/g24173/z           (u)     in_0->z F     unmapped_complex2      1   6.3     0    82    6998    (-,-) 
  PC1/g23727/z           (u)     in_1->z R     unmapped_nand2         1   6.4     0    82    7080    (-,-) 
  PC1/RF_reg[14][31]/d   -       -       R     unmapped_d_flop        1     -     -     0    7080    (-,-) 
#----------------------------------------------------------------------------------------------------------

(u) : Net has unmapped pin(s).



Path 19: MET (2737 ps) Setup Check with Pin PC1/RF_reg[13][31]/clk->d
          Group: C2C
     Startpoint: (R) PC1/PSTATE_reg[0]/clk
          Clock: (R) SYS_CLOCK
       Endpoint: (R) PC1/RF_reg[13][31]/d
          Clock: (R) SYS_CLOCK

                     Capture       Launch     
        Clock Edge:+   10000            0     
       Src Latency:+       0            0     
       Net Latency:+       0 (I)        0 (I) 
           Arrival:=   10000            0     
                                              
             Setup:-     183                  
     Required Time:=    9817                  
      Launch Clock:-       0                  
         Data Path:-    7080                  
             Slack:=    2737                  

#----------------------------------------------------------------------------------------------------------
#     Timing Point       Flags    Arc    Edge       Cell         Fanout  Load Trans Delay Arrival Instance 
#                                                                        (fF)  (ps)  (ps)   (ps)  Location 
#----------------------------------------------------------------------------------------------------------
  PC1/PSTATE_reg[0]/clk  -       -       R     (arrival)            587     -     0     0       0    (-,-) 
  PC1/PSTATE_reg[0]/q    (u)     clk->q  F     unmapped_d_flop        6  33.3     0   807     807    (-,-) 
  PC1/g12268/z           (u)     in_0->z F     unmapped_or2           4  25.2     0   156     964    (-,-) 
  PC1/g17550/z           (u)     in_1->z F     unmapped_or2           1   6.3     0    82    1046    (-,-) 
  PC1/g17533/z           (u)     in_0->z F     unmapped_or2           8  50.4     0   222    1268    (-,-) 
  PC1/g16964/z           (u)     in_0->z F     unmapped_complex2      1   6.3     0    82    1350    (-,-) 
  PC1/g16652/z           (u)     in_1->z R     unmapped_nand2         4  25.6     0   156    1506    (-,-) 
  PC1/g7136/z            (u)     in_1->z F     unmapped_nand2         4  25.2     0   156    1663    (-,-) 
  PC1/g16544/z           (u)     in_1->z F     unmapped_or2          32 201.6     0   364    2026    (-,-) 
  PC1/g16497/z           (u)     in_0->z F     unmapped_complex2      1   6.3     0    82    2108    (-,-) 
  PC1/g15994/z           (u)     in_1->z R     unmapped_nand2         1   6.4     0    82    2190    (-,-) 
  PC1/g15729/z           (u)     in_1->z R     unmapped_or2           1   6.4     0    82    2272    (-,-) 
  PC1/g15561/z           (u)     in_1->z R     unmapped_or2           1   6.4     0    82    2354    (-,-) 
  PC1/g15527/z           (u)     in_1->z R     unmapped_or2          13  83.2     0   269    2623    (-,-) 
  PC1/sub_126_48/g484/z  (u)     in_1->z F     unmapped_complex2      4  25.2     0   156    2779    (-,-) 
  PC1/sub_126_48/g1735/z (u)     in_1->z R     unmapped_nand2         1   6.4     0    82    2861    (-,-) 
  PC1/sub_126_48/g1708/z (u)     in_0->z F     unmapped_nand2         3  18.9     0   135    2996    (-,-) 
  PC1/sub_126_48/g1696/z (u)     in_1->z R     unmapped_nand2         1   6.4     0    82    3078    (-,-) 
  PC1/sub_126_48/g1686/z (u)     in_1->z F     unmapped_nand2         3  18.9     0   135    3213    (-,-) 
  PC1/sub_126_48/g1681/z (u)     in_1->z R     unmapped_nand2         1   6.4     0    82    3295    (-,-) 
  PC1/sub_126_48/g1673/z (u)     in_0->z F     unmapped_nand2         3  18.9     0   135    3430    (-,-) 
  PC1/sub_126_48/g1669/z (u)     in_0->z R     unmapped_nand2         2  12.8     0   112    3542    (-,-) 
  PC1/sub_126_48/g1665/z (u)     in_0->z R     unmapped_complex2      1   6.4     0    82    3624    (-,-) 
  PC1/sub_126_48/g1658/z (u)     in_0->z F     unmapped_complex2      3  18.9     0   135    3759    (-,-) 
  PC1/sub_126_48/g1654/z (u)     in_1->z R     unmapped_nand2         1   6.4     0    82    3841    (-,-) 
  PC1/sub_126_48/g1652/z (u)     in_1->z F     unmapped_nand2         3  18.9     0   135    3976    (-,-) 
  PC1/sub_126_48/g1648/z (u)     in_0->z R     unmapped_nand2         1   6.4     0    82    4058    (-,-) 
  PC1/sub_126_48/g1647/z (u)     in_0->z F     unmapped_nand2         4  25.2     0   156    4214    (-,-) 
  PC1/sub_126_48/g1646/z (u)     in_0->z R     unmapped_complex2      2  12.8     0   112    4326    (-,-) 
  PC1/sub_126_48/g1641/z (u)     in_0->z R     unmapped_complex2      1   6.4     0    82    4408    (-,-) 
  PC1/sub_126_48/g1631/z (u)     in_0->z R     unmapped_complex2      1   6.4     0    82    4490    (-,-) 
  PC1/sub_126_48/g1629/z (u)     in_0->z F     unmapped_complex2      4  25.2     0   156    4646    (-,-) 
  PC1/sub_126_48/g1628/z (u)     in_0->z R     unmapped_complex2      1   6.4     0    82    4728    (-,-) 
  PC1/sub_126_48/g1620/z (u)     in_0->z F     unmapped_complex2      3  18.9     0   135    4863    (-,-) 
  PC1/sub_126_48/g1615/z (u)     in_1->z R     unmapped_nand2         1   6.4     0    82    4945    (-,-) 
  PC1/sub_126_48/g1611/z (u)     in_1->z F     unmapped_nand2         3  18.9     0   135    5080    (-,-) 
  PC1/sub_126_48/g1607/z (u)     in_1->z R     unmapped_nand2         1   6.4     0    82    5162    (-,-) 
  PC1/sub_126_48/g1606/z (u)     in_1->z F     unmapped_nand2         6  37.8     0   195    5357    (-,-) 
  PC1/sub_126_48/g1599/z (u)     in_0->z R     unmapped_complex2      2  12.8     0   112    5469    (-,-) 
  PC1/sub_126_48/g1595/z (u)     in_0->z F     unmapped_complex2      5  31.5     0   180    5649    (-,-) 
  PC1/sub_126_48/g1584/z (u)     in_0->z R     unmapped_complex2      1   6.4     0    82    5731    (-,-) 
  PC1/sub_126_48/g1574/z (u)     in_1->z F     unmapped_nand2         1   6.3     0    82    5813    (-,-) 
  PC1/sub_126_48/g1545/z (u)     in_1->z R     unmapped_nand2         1   6.4     0    82    5895    (-,-) 
  PC1/sub_126_48/g1544/z (u)     in_0->z F     unmapped_complex2      1   6.3     0    82    5976    (-,-) 
  PC1/sub_126_48/g1535/z (u)     in_0->z R     unmapped_nand2         1   6.4     0    82    6058    (-,-) 
  PC1/sub_126_48/g1527/z (u)     in_1->z F     unmapped_nand2         2  12.6     0   112    6171    (-,-) 
  PC1/sub_126_48/g1525/z (u)     in_0->z F     unmapped_or2           1   6.3     0    82    6252    (-,-) 
  PC1/sub_126_48/g1526/z (u)     in_1->z R     unmapped_nand2         1   6.4     0    82    6334    (-,-) 
  PC1/g26160/z           (u)     in_0->z F     unmapped_complex2      1   6.3     0    82    6416    (-,-) 
  PC1/g24348/z           (u)     in_1->z R     unmapped_complex2      1   6.4     0    82    6498    (-,-) 
  PC1/g24301/z           (u)     in_0->z F     unmapped_complex2      1   6.3     0    82    6580    (-,-) 
  PC1/g24265/z           (u)     in_0->z R     unmapped_nand2         2  12.8     0   112    6692    (-,-) 
  PC1/g24207/z           (u)     in_0->z R     unmapped_complex2     16  25.6     0   224    6916    (-,-) 
  PC1/g24156/z           (u)     in_0->z F     unmapped_complex2      1   6.3     0    82    6998    (-,-) 
  PC1/g23729/z           (u)     in_1->z R     unmapped_nand2         1   6.4     0    82    7080    (-,-) 
  PC1/RF_reg[13][31]/d   -       -       R     unmapped_d_flop        1     -     -     0    7080    (-,-) 
#----------------------------------------------------------------------------------------------------------

(u) : Net has unmapped pin(s).



Path 20: MET (2737 ps) Setup Check with Pin PC1/RF_reg[12][31]/clk->d
          Group: C2C
     Startpoint: (R) PC1/PSTATE_reg[0]/clk
          Clock: (R) SYS_CLOCK
       Endpoint: (R) PC1/RF_reg[12][31]/d
          Clock: (R) SYS_CLOCK

                     Capture       Launch     
        Clock Edge:+   10000            0     
       Src Latency:+       0            0     
       Net Latency:+       0 (I)        0 (I) 
           Arrival:=   10000            0     
                                              
             Setup:-     183                  
     Required Time:=    9817                  
      Launch Clock:-       0                  
         Data Path:-    7080                  
             Slack:=    2737                  

#----------------------------------------------------------------------------------------------------------
#     Timing Point       Flags    Arc    Edge       Cell         Fanout  Load Trans Delay Arrival Instance 
#                                                                        (fF)  (ps)  (ps)   (ps)  Location 
#----------------------------------------------------------------------------------------------------------
  PC1/PSTATE_reg[0]/clk  -       -       R     (arrival)            587     -     0     0       0    (-,-) 
  PC1/PSTATE_reg[0]/q    (u)     clk->q  F     unmapped_d_flop        6  33.3     0   807     807    (-,-) 
  PC1/g12268/z           (u)     in_0->z F     unmapped_or2           4  25.2     0   156     964    (-,-) 
  PC1/g17550/z           (u)     in_1->z F     unmapped_or2           1   6.3     0    82    1046    (-,-) 
  PC1/g17533/z           (u)     in_0->z F     unmapped_or2           8  50.4     0   222    1268    (-,-) 
  PC1/g16964/z           (u)     in_0->z F     unmapped_complex2      1   6.3     0    82    1350    (-,-) 
  PC1/g16652/z           (u)     in_1->z R     unmapped_nand2         4  25.6     0   156    1506    (-,-) 
  PC1/g7136/z            (u)     in_1->z F     unmapped_nand2         4  25.2     0   156    1663    (-,-) 
  PC1/g16544/z           (u)     in_1->z F     unmapped_or2          32 201.6     0   364    2026    (-,-) 
  PC1/g16497/z           (u)     in_0->z F     unmapped_complex2      1   6.3     0    82    2108    (-,-) 
  PC1/g15994/z           (u)     in_1->z R     unmapped_nand2         1   6.4     0    82    2190    (-,-) 
  PC1/g15729/z           (u)     in_1->z R     unmapped_or2           1   6.4     0    82    2272    (-,-) 
  PC1/g15561/z           (u)     in_1->z R     unmapped_or2           1   6.4     0    82    2354    (-,-) 
  PC1/g15527/z           (u)     in_1->z R     unmapped_or2          13  83.2     0   269    2623    (-,-) 
  PC1/sub_126_48/g484/z  (u)     in_1->z F     unmapped_complex2      4  25.2     0   156    2779    (-,-) 
  PC1/sub_126_48/g1735/z (u)     in_1->z R     unmapped_nand2         1   6.4     0    82    2861    (-,-) 
  PC1/sub_126_48/g1708/z (u)     in_0->z F     unmapped_nand2         3  18.9     0   135    2996    (-,-) 
  PC1/sub_126_48/g1696/z (u)     in_1->z R     unmapped_nand2         1   6.4     0    82    3078    (-,-) 
  PC1/sub_126_48/g1686/z (u)     in_1->z F     unmapped_nand2         3  18.9     0   135    3213    (-,-) 
  PC1/sub_126_48/g1681/z (u)     in_1->z R     unmapped_nand2         1   6.4     0    82    3295    (-,-) 
  PC1/sub_126_48/g1673/z (u)     in_0->z F     unmapped_nand2         3  18.9     0   135    3430    (-,-) 
  PC1/sub_126_48/g1669/z (u)     in_0->z R     unmapped_nand2         2  12.8     0   112    3542    (-,-) 
  PC1/sub_126_48/g1665/z (u)     in_0->z R     unmapped_complex2      1   6.4     0    82    3624    (-,-) 
  PC1/sub_126_48/g1658/z (u)     in_0->z F     unmapped_complex2      3  18.9     0   135    3759    (-,-) 
  PC1/sub_126_48/g1654/z (u)     in_1->z R     unmapped_nand2         1   6.4     0    82    3841    (-,-) 
  PC1/sub_126_48/g1652/z (u)     in_1->z F     unmapped_nand2         3  18.9     0   135    3976    (-,-) 
  PC1/sub_126_48/g1648/z (u)     in_0->z R     unmapped_nand2         1   6.4     0    82    4058    (-,-) 
  PC1/sub_126_48/g1647/z (u)     in_0->z F     unmapped_nand2         4  25.2     0   156    4214    (-,-) 
  PC1/sub_126_48/g1646/z (u)     in_0->z R     unmapped_complex2      2  12.8     0   112    4326    (-,-) 
  PC1/sub_126_48/g1641/z (u)     in_0->z R     unmapped_complex2      1   6.4     0    82    4408    (-,-) 
  PC1/sub_126_48/g1631/z (u)     in_0->z R     unmapped_complex2      1   6.4     0    82    4490    (-,-) 
  PC1/sub_126_48/g1629/z (u)     in_0->z F     unmapped_complex2      4  25.2     0   156    4646    (-,-) 
  PC1/sub_126_48/g1628/z (u)     in_0->z R     unmapped_complex2      1   6.4     0    82    4728    (-,-) 
  PC1/sub_126_48/g1620/z (u)     in_0->z F     unmapped_complex2      3  18.9     0   135    4863    (-,-) 
  PC1/sub_126_48/g1615/z (u)     in_1->z R     unmapped_nand2         1   6.4     0    82    4945    (-,-) 
  PC1/sub_126_48/g1611/z (u)     in_1->z F     unmapped_nand2         3  18.9     0   135    5080    (-,-) 
  PC1/sub_126_48/g1607/z (u)     in_1->z R     unmapped_nand2         1   6.4     0    82    5162    (-,-) 
  PC1/sub_126_48/g1606/z (u)     in_1->z F     unmapped_nand2         6  37.8     0   195    5357    (-,-) 
  PC1/sub_126_48/g1599/z (u)     in_0->z R     unmapped_complex2      2  12.8     0   112    5469    (-,-) 
  PC1/sub_126_48/g1595/z (u)     in_0->z F     unmapped_complex2      5  31.5     0   180    5649    (-,-) 
  PC1/sub_126_48/g1584/z (u)     in_0->z R     unmapped_complex2      1   6.4     0    82    5731    (-,-) 
  PC1/sub_126_48/g1574/z (u)     in_1->z F     unmapped_nand2         1   6.3     0    82    5813    (-,-) 
  PC1/sub_126_48/g1545/z (u)     in_1->z R     unmapped_nand2         1   6.4     0    82    5895    (-,-) 
  PC1/sub_126_48/g1544/z (u)     in_0->z F     unmapped_complex2      1   6.3     0    82    5976    (-,-) 
  PC1/sub_126_48/g1535/z (u)     in_0->z R     unmapped_nand2         1   6.4     0    82    6058    (-,-) 
  PC1/sub_126_48/g1527/z (u)     in_1->z F     unmapped_nand2         2  12.6     0   112    6171    (-,-) 
  PC1/sub_126_48/g1525/z (u)     in_0->z F     unmapped_or2           1   6.3     0    82    6252    (-,-) 
  PC1/sub_126_48/g1526/z (u)     in_1->z R     unmapped_nand2         1   6.4     0    82    6334    (-,-) 
  PC1/g26160/z           (u)     in_0->z F     unmapped_complex2      1   6.3     0    82    6416    (-,-) 
  PC1/g24348/z           (u)     in_1->z R     unmapped_complex2      1   6.4     0    82    6498    (-,-) 
  PC1/g24301/z           (u)     in_0->z F     unmapped_complex2      1   6.3     0    82    6580    (-,-) 
  PC1/g24265/z           (u)     in_0->z R     unmapped_nand2         2  12.8     0   112    6692    (-,-) 
  PC1/g24207/z           (u)     in_0->z R     unmapped_complex2     16  25.6     0   224    6916    (-,-) 
  PC1/g24191/z           (u)     in_0->z F     unmapped_complex2      1   6.3     0    82    6998    (-,-) 
  PC1/g23734/z           (u)     in_1->z R     unmapped_nand2         1   6.4     0    82    7080    (-,-) 
  PC1/RF_reg[12][31]/d   -       -       R     unmapped_d_flop        1     -     -     0    7080    (-,-) 
#----------------------------------------------------------------------------------------------------------

(u) : Net has unmapped pin(s).



Path 21: MET (2737 ps) Setup Check with Pin PC1/RF_reg[11][31]/clk->d
          Group: C2C
     Startpoint: (R) PC1/PSTATE_reg[0]/clk
          Clock: (R) SYS_CLOCK
       Endpoint: (R) PC1/RF_reg[11][31]/d
          Clock: (R) SYS_CLOCK

                     Capture       Launch     
        Clock Edge:+   10000            0     
       Src Latency:+       0            0     
       Net Latency:+       0 (I)        0 (I) 
           Arrival:=   10000            0     
                                              
             Setup:-     183                  
     Required Time:=    9817                  
      Launch Clock:-       0                  
         Data Path:-    7080                  
             Slack:=    2737                  

#----------------------------------------------------------------------------------------------------------
#     Timing Point       Flags    Arc    Edge       Cell         Fanout  Load Trans Delay Arrival Instance 
#                                                                        (fF)  (ps)  (ps)   (ps)  Location 
#----------------------------------------------------------------------------------------------------------
  PC1/PSTATE_reg[0]/clk  -       -       R     (arrival)            587     -     0     0       0    (-,-) 
  PC1/PSTATE_reg[0]/q    (u)     clk->q  F     unmapped_d_flop        6  33.3     0   807     807    (-,-) 
  PC1/g12268/z           (u)     in_0->z F     unmapped_or2           4  25.2     0   156     964    (-,-) 
  PC1/g17550/z           (u)     in_1->z F     unmapped_or2           1   6.3     0    82    1046    (-,-) 
  PC1/g17533/z           (u)     in_0->z F     unmapped_or2           8  50.4     0   222    1268    (-,-) 
  PC1/g16964/z           (u)     in_0->z F     unmapped_complex2      1   6.3     0    82    1350    (-,-) 
  PC1/g16652/z           (u)     in_1->z R     unmapped_nand2         4  25.6     0   156    1506    (-,-) 
  PC1/g7136/z            (u)     in_1->z F     unmapped_nand2         4  25.2     0   156    1663    (-,-) 
  PC1/g16544/z           (u)     in_1->z F     unmapped_or2          32 201.6     0   364    2026    (-,-) 
  PC1/g16497/z           (u)     in_0->z F     unmapped_complex2      1   6.3     0    82    2108    (-,-) 
  PC1/g15994/z           (u)     in_1->z R     unmapped_nand2         1   6.4     0    82    2190    (-,-) 
  PC1/g15729/z           (u)     in_1->z R     unmapped_or2           1   6.4     0    82    2272    (-,-) 
  PC1/g15561/z           (u)     in_1->z R     unmapped_or2           1   6.4     0    82    2354    (-,-) 
  PC1/g15527/z           (u)     in_1->z R     unmapped_or2          13  83.2     0   269    2623    (-,-) 
  PC1/sub_126_48/g484/z  (u)     in_1->z F     unmapped_complex2      4  25.2     0   156    2779    (-,-) 
  PC1/sub_126_48/g1735/z (u)     in_1->z R     unmapped_nand2         1   6.4     0    82    2861    (-,-) 
  PC1/sub_126_48/g1708/z (u)     in_0->z F     unmapped_nand2         3  18.9     0   135    2996    (-,-) 
  PC1/sub_126_48/g1696/z (u)     in_1->z R     unmapped_nand2         1   6.4     0    82    3078    (-,-) 
  PC1/sub_126_48/g1686/z (u)     in_1->z F     unmapped_nand2         3  18.9     0   135    3213    (-,-) 
  PC1/sub_126_48/g1681/z (u)     in_1->z R     unmapped_nand2         1   6.4     0    82    3295    (-,-) 
  PC1/sub_126_48/g1673/z (u)     in_0->z F     unmapped_nand2         3  18.9     0   135    3430    (-,-) 
  PC1/sub_126_48/g1669/z (u)     in_0->z R     unmapped_nand2         2  12.8     0   112    3542    (-,-) 
  PC1/sub_126_48/g1665/z (u)     in_0->z R     unmapped_complex2      1   6.4     0    82    3624    (-,-) 
  PC1/sub_126_48/g1658/z (u)     in_0->z F     unmapped_complex2      3  18.9     0   135    3759    (-,-) 
  PC1/sub_126_48/g1654/z (u)     in_1->z R     unmapped_nand2         1   6.4     0    82    3841    (-,-) 
  PC1/sub_126_48/g1652/z (u)     in_1->z F     unmapped_nand2         3  18.9     0   135    3976    (-,-) 
  PC1/sub_126_48/g1648/z (u)     in_0->z R     unmapped_nand2         1   6.4     0    82    4058    (-,-) 
  PC1/sub_126_48/g1647/z (u)     in_0->z F     unmapped_nand2         4  25.2     0   156    4214    (-,-) 
  PC1/sub_126_48/g1646/z (u)     in_0->z R     unmapped_complex2      2  12.8     0   112    4326    (-,-) 
  PC1/sub_126_48/g1641/z (u)     in_0->z R     unmapped_complex2      1   6.4     0    82    4408    (-,-) 
  PC1/sub_126_48/g1631/z (u)     in_0->z R     unmapped_complex2      1   6.4     0    82    4490    (-,-) 
  PC1/sub_126_48/g1629/z (u)     in_0->z F     unmapped_complex2      4  25.2     0   156    4646    (-,-) 
  PC1/sub_126_48/g1628/z (u)     in_0->z R     unmapped_complex2      1   6.4     0    82    4728    (-,-) 
  PC1/sub_126_48/g1620/z (u)     in_0->z F     unmapped_complex2      3  18.9     0   135    4863    (-,-) 
  PC1/sub_126_48/g1615/z (u)     in_1->z R     unmapped_nand2         1   6.4     0    82    4945    (-,-) 
  PC1/sub_126_48/g1611/z (u)     in_1->z F     unmapped_nand2         3  18.9     0   135    5080    (-,-) 
  PC1/sub_126_48/g1607/z (u)     in_1->z R     unmapped_nand2         1   6.4     0    82    5162    (-,-) 
  PC1/sub_126_48/g1606/z (u)     in_1->z F     unmapped_nand2         6  37.8     0   195    5357    (-,-) 
  PC1/sub_126_48/g1599/z (u)     in_0->z R     unmapped_complex2      2  12.8     0   112    5469    (-,-) 
  PC1/sub_126_48/g1595/z (u)     in_0->z F     unmapped_complex2      5  31.5     0   180    5649    (-,-) 
  PC1/sub_126_48/g1584/z (u)     in_0->z R     unmapped_complex2      1   6.4     0    82    5731    (-,-) 
  PC1/sub_126_48/g1574/z (u)     in_1->z F     unmapped_nand2         1   6.3     0    82    5813    (-,-) 
  PC1/sub_126_48/g1545/z (u)     in_1->z R     unmapped_nand2         1   6.4     0    82    5895    (-,-) 
  PC1/sub_126_48/g1544/z (u)     in_0->z F     unmapped_complex2      1   6.3     0    82    5976    (-,-) 
  PC1/sub_126_48/g1535/z (u)     in_0->z R     unmapped_nand2         1   6.4     0    82    6058    (-,-) 
  PC1/sub_126_48/g1527/z (u)     in_1->z F     unmapped_nand2         2  12.6     0   112    6171    (-,-) 
  PC1/sub_126_48/g1525/z (u)     in_0->z F     unmapped_or2           1   6.3     0    82    6252    (-,-) 
  PC1/sub_126_48/g1526/z (u)     in_1->z R     unmapped_nand2         1   6.4     0    82    6334    (-,-) 
  PC1/g26160/z           (u)     in_0->z F     unmapped_complex2      1   6.3     0    82    6416    (-,-) 
  PC1/g24348/z           (u)     in_1->z R     unmapped_complex2      1   6.4     0    82    6498    (-,-) 
  PC1/g24301/z           (u)     in_0->z F     unmapped_complex2      1   6.3     0    82    6580    (-,-) 
  PC1/g24265/z           (u)     in_0->z R     unmapped_nand2         2  12.8     0   112    6692    (-,-) 
  PC1/g24207/z           (u)     in_0->z R     unmapped_complex2     16  25.6     0   224    6916    (-,-) 
  PC1/g24169/z           (u)     in_0->z F     unmapped_complex2      1   6.3     0    82    6998    (-,-) 
  PC1/g23745/z           (u)     in_1->z R     unmapped_nand2         1   6.4     0    82    7080    (-,-) 
  PC1/RF_reg[11][31]/d   -       -       R     unmapped_d_flop        1     -     -     0    7080    (-,-) 
#----------------------------------------------------------------------------------------------------------

(u) : Net has unmapped pin(s).



Path 22: MET (2737 ps) Setup Check with Pin PC1/RF_reg[10][31]/clk->d
          Group: C2C
     Startpoint: (R) PC1/PSTATE_reg[0]/clk
          Clock: (R) SYS_CLOCK
       Endpoint: (R) PC1/RF_reg[10][31]/d
          Clock: (R) SYS_CLOCK

                     Capture       Launch     
        Clock Edge:+   10000            0     
       Src Latency:+       0            0     
       Net Latency:+       0 (I)        0 (I) 
           Arrival:=   10000            0     
                                              
             Setup:-     183                  
     Required Time:=    9817                  
      Launch Clock:-       0                  
         Data Path:-    7080                  
             Slack:=    2737                  

#----------------------------------------------------------------------------------------------------------
#     Timing Point       Flags    Arc    Edge       Cell         Fanout  Load Trans Delay Arrival Instance 
#                                                                        (fF)  (ps)  (ps)   (ps)  Location 
#----------------------------------------------------------------------------------------------------------
  PC1/PSTATE_reg[0]/clk  -       -       R     (arrival)            587     -     0     0       0    (-,-) 
  PC1/PSTATE_reg[0]/q    (u)     clk->q  F     unmapped_d_flop        6  33.3     0   807     807    (-,-) 
  PC1/g12268/z           (u)     in_0->z F     unmapped_or2           4  25.2     0   156     964    (-,-) 
  PC1/g17550/z           (u)     in_1->z F     unmapped_or2           1   6.3     0    82    1046    (-,-) 
  PC1/g17533/z           (u)     in_0->z F     unmapped_or2           8  50.4     0   222    1268    (-,-) 
  PC1/g16964/z           (u)     in_0->z F     unmapped_complex2      1   6.3     0    82    1350    (-,-) 
  PC1/g16652/z           (u)     in_1->z R     unmapped_nand2         4  25.6     0   156    1506    (-,-) 
  PC1/g7136/z            (u)     in_1->z F     unmapped_nand2         4  25.2     0   156    1663    (-,-) 
  PC1/g16544/z           (u)     in_1->z F     unmapped_or2          32 201.6     0   364    2026    (-,-) 
  PC1/g16497/z           (u)     in_0->z F     unmapped_complex2      1   6.3     0    82    2108    (-,-) 
  PC1/g15994/z           (u)     in_1->z R     unmapped_nand2         1   6.4     0    82    2190    (-,-) 
  PC1/g15729/z           (u)     in_1->z R     unmapped_or2           1   6.4     0    82    2272    (-,-) 
  PC1/g15561/z           (u)     in_1->z R     unmapped_or2           1   6.4     0    82    2354    (-,-) 
  PC1/g15527/z           (u)     in_1->z R     unmapped_or2          13  83.2     0   269    2623    (-,-) 
  PC1/sub_126_48/g484/z  (u)     in_1->z F     unmapped_complex2      4  25.2     0   156    2779    (-,-) 
  PC1/sub_126_48/g1735/z (u)     in_1->z R     unmapped_nand2         1   6.4     0    82    2861    (-,-) 
  PC1/sub_126_48/g1708/z (u)     in_0->z F     unmapped_nand2         3  18.9     0   135    2996    (-,-) 
  PC1/sub_126_48/g1696/z (u)     in_1->z R     unmapped_nand2         1   6.4     0    82    3078    (-,-) 
  PC1/sub_126_48/g1686/z (u)     in_1->z F     unmapped_nand2         3  18.9     0   135    3213    (-,-) 
  PC1/sub_126_48/g1681/z (u)     in_1->z R     unmapped_nand2         1   6.4     0    82    3295    (-,-) 
  PC1/sub_126_48/g1673/z (u)     in_0->z F     unmapped_nand2         3  18.9     0   135    3430    (-,-) 
  PC1/sub_126_48/g1669/z (u)     in_0->z R     unmapped_nand2         2  12.8     0   112    3542    (-,-) 
  PC1/sub_126_48/g1665/z (u)     in_0->z R     unmapped_complex2      1   6.4     0    82    3624    (-,-) 
  PC1/sub_126_48/g1658/z (u)     in_0->z F     unmapped_complex2      3  18.9     0   135    3759    (-,-) 
  PC1/sub_126_48/g1654/z (u)     in_1->z R     unmapped_nand2         1   6.4     0    82    3841    (-,-) 
  PC1/sub_126_48/g1652/z (u)     in_1->z F     unmapped_nand2         3  18.9     0   135    3976    (-,-) 
  PC1/sub_126_48/g1648/z (u)     in_0->z R     unmapped_nand2         1   6.4     0    82    4058    (-,-) 
  PC1/sub_126_48/g1647/z (u)     in_0->z F     unmapped_nand2         4  25.2     0   156    4214    (-,-) 
  PC1/sub_126_48/g1646/z (u)     in_0->z R     unmapped_complex2      2  12.8     0   112    4326    (-,-) 
  PC1/sub_126_48/g1641/z (u)     in_0->z R     unmapped_complex2      1   6.4     0    82    4408    (-,-) 
  PC1/sub_126_48/g1631/z (u)     in_0->z R     unmapped_complex2      1   6.4     0    82    4490    (-,-) 
  PC1/sub_126_48/g1629/z (u)     in_0->z F     unmapped_complex2      4  25.2     0   156    4646    (-,-) 
  PC1/sub_126_48/g1628/z (u)     in_0->z R     unmapped_complex2      1   6.4     0    82    4728    (-,-) 
  PC1/sub_126_48/g1620/z (u)     in_0->z F     unmapped_complex2      3  18.9     0   135    4863    (-,-) 
  PC1/sub_126_48/g1615/z (u)     in_1->z R     unmapped_nand2         1   6.4     0    82    4945    (-,-) 
  PC1/sub_126_48/g1611/z (u)     in_1->z F     unmapped_nand2         3  18.9     0   135    5080    (-,-) 
  PC1/sub_126_48/g1607/z (u)     in_1->z R     unmapped_nand2         1   6.4     0    82    5162    (-,-) 
  PC1/sub_126_48/g1606/z (u)     in_1->z F     unmapped_nand2         6  37.8     0   195    5357    (-,-) 
  PC1/sub_126_48/g1599/z (u)     in_0->z R     unmapped_complex2      2  12.8     0   112    5469    (-,-) 
  PC1/sub_126_48/g1595/z (u)     in_0->z F     unmapped_complex2      5  31.5     0   180    5649    (-,-) 
  PC1/sub_126_48/g1584/z (u)     in_0->z R     unmapped_complex2      1   6.4     0    82    5731    (-,-) 
  PC1/sub_126_48/g1574/z (u)     in_1->z F     unmapped_nand2         1   6.3     0    82    5813    (-,-) 
  PC1/sub_126_48/g1545/z (u)     in_1->z R     unmapped_nand2         1   6.4     0    82    5895    (-,-) 
  PC1/sub_126_48/g1544/z (u)     in_0->z F     unmapped_complex2      1   6.3     0    82    5976    (-,-) 
  PC1/sub_126_48/g1535/z (u)     in_0->z R     unmapped_nand2         1   6.4     0    82    6058    (-,-) 
  PC1/sub_126_48/g1527/z (u)     in_1->z F     unmapped_nand2         2  12.6     0   112    6171    (-,-) 
  PC1/sub_126_48/g1525/z (u)     in_0->z F     unmapped_or2           1   6.3     0    82    6252    (-,-) 
  PC1/sub_126_48/g1526/z (u)     in_1->z R     unmapped_nand2         1   6.4     0    82    6334    (-,-) 
  PC1/g26160/z           (u)     in_0->z F     unmapped_complex2      1   6.3     0    82    6416    (-,-) 
  PC1/g24348/z           (u)     in_1->z R     unmapped_complex2      1   6.4     0    82    6498    (-,-) 
  PC1/g24301/z           (u)     in_0->z F     unmapped_complex2      1   6.3     0    82    6580    (-,-) 
  PC1/g24265/z           (u)     in_0->z R     unmapped_nand2         2  12.8     0   112    6692    (-,-) 
  PC1/g24207/z           (u)     in_0->z R     unmapped_complex2     16  25.6     0   224    6916    (-,-) 
  PC1/g24150/z           (u)     in_0->z F     unmapped_complex2      1   6.3     0    82    6998    (-,-) 
  PC1/g23748/z           (u)     in_1->z R     unmapped_nand2         1   6.4     0    82    7080    (-,-) 
  PC1/RF_reg[10][31]/d   -       -       R     unmapped_d_flop        1     -     -     0    7080    (-,-) 
#----------------------------------------------------------------------------------------------------------

(u) : Net has unmapped pin(s).



Path 23: MET (2737 ps) Setup Check with Pin PC1/RF_reg[9][31]/clk->d
          Group: C2C
     Startpoint: (R) PC1/PSTATE_reg[0]/clk
          Clock: (R) SYS_CLOCK
       Endpoint: (R) PC1/RF_reg[9][31]/d
          Clock: (R) SYS_CLOCK

                     Capture       Launch     
        Clock Edge:+   10000            0     
       Src Latency:+       0            0     
       Net Latency:+       0 (I)        0 (I) 
           Arrival:=   10000            0     
                                              
             Setup:-     183                  
     Required Time:=    9817                  
      Launch Clock:-       0                  
         Data Path:-    7080                  
             Slack:=    2737                  

#----------------------------------------------------------------------------------------------------------
#     Timing Point       Flags    Arc    Edge       Cell         Fanout  Load Trans Delay Arrival Instance 
#                                                                        (fF)  (ps)  (ps)   (ps)  Location 
#----------------------------------------------------------------------------------------------------------
  PC1/PSTATE_reg[0]/clk  -       -       R     (arrival)            587     -     0     0       0    (-,-) 
  PC1/PSTATE_reg[0]/q    (u)     clk->q  F     unmapped_d_flop        6  33.3     0   807     807    (-,-) 
  PC1/g12268/z           (u)     in_0->z F     unmapped_or2           4  25.2     0   156     964    (-,-) 
  PC1/g17550/z           (u)     in_1->z F     unmapped_or2           1   6.3     0    82    1046    (-,-) 
  PC1/g17533/z           (u)     in_0->z F     unmapped_or2           8  50.4     0   222    1268    (-,-) 
  PC1/g16964/z           (u)     in_0->z F     unmapped_complex2      1   6.3     0    82    1350    (-,-) 
  PC1/g16652/z           (u)     in_1->z R     unmapped_nand2         4  25.6     0   156    1506    (-,-) 
  PC1/g7136/z            (u)     in_1->z F     unmapped_nand2         4  25.2     0   156    1663    (-,-) 
  PC1/g16544/z           (u)     in_1->z F     unmapped_or2          32 201.6     0   364    2026    (-,-) 
  PC1/g16497/z           (u)     in_0->z F     unmapped_complex2      1   6.3     0    82    2108    (-,-) 
  PC1/g15994/z           (u)     in_1->z R     unmapped_nand2         1   6.4     0    82    2190    (-,-) 
  PC1/g15729/z           (u)     in_1->z R     unmapped_or2           1   6.4     0    82    2272    (-,-) 
  PC1/g15561/z           (u)     in_1->z R     unmapped_or2           1   6.4     0    82    2354    (-,-) 
  PC1/g15527/z           (u)     in_1->z R     unmapped_or2          13  83.2     0   269    2623    (-,-) 
  PC1/sub_126_48/g484/z  (u)     in_1->z F     unmapped_complex2      4  25.2     0   156    2779    (-,-) 
  PC1/sub_126_48/g1735/z (u)     in_1->z R     unmapped_nand2         1   6.4     0    82    2861    (-,-) 
  PC1/sub_126_48/g1708/z (u)     in_0->z F     unmapped_nand2         3  18.9     0   135    2996    (-,-) 
  PC1/sub_126_48/g1696/z (u)     in_1->z R     unmapped_nand2         1   6.4     0    82    3078    (-,-) 
  PC1/sub_126_48/g1686/z (u)     in_1->z F     unmapped_nand2         3  18.9     0   135    3213    (-,-) 
  PC1/sub_126_48/g1681/z (u)     in_1->z R     unmapped_nand2         1   6.4     0    82    3295    (-,-) 
  PC1/sub_126_48/g1673/z (u)     in_0->z F     unmapped_nand2         3  18.9     0   135    3430    (-,-) 
  PC1/sub_126_48/g1669/z (u)     in_0->z R     unmapped_nand2         2  12.8     0   112    3542    (-,-) 
  PC1/sub_126_48/g1665/z (u)     in_0->z R     unmapped_complex2      1   6.4     0    82    3624    (-,-) 
  PC1/sub_126_48/g1658/z (u)     in_0->z F     unmapped_complex2      3  18.9     0   135    3759    (-,-) 
  PC1/sub_126_48/g1654/z (u)     in_1->z R     unmapped_nand2         1   6.4     0    82    3841    (-,-) 
  PC1/sub_126_48/g1652/z (u)     in_1->z F     unmapped_nand2         3  18.9     0   135    3976    (-,-) 
  PC1/sub_126_48/g1648/z (u)     in_0->z R     unmapped_nand2         1   6.4     0    82    4058    (-,-) 
  PC1/sub_126_48/g1647/z (u)     in_0->z F     unmapped_nand2         4  25.2     0   156    4214    (-,-) 
  PC1/sub_126_48/g1646/z (u)     in_0->z R     unmapped_complex2      2  12.8     0   112    4326    (-,-) 
  PC1/sub_126_48/g1641/z (u)     in_0->z R     unmapped_complex2      1   6.4     0    82    4408    (-,-) 
  PC1/sub_126_48/g1631/z (u)     in_0->z R     unmapped_complex2      1   6.4     0    82    4490    (-,-) 
  PC1/sub_126_48/g1629/z (u)     in_0->z F     unmapped_complex2      4  25.2     0   156    4646    (-,-) 
  PC1/sub_126_48/g1628/z (u)     in_0->z R     unmapped_complex2      1   6.4     0    82    4728    (-,-) 
  PC1/sub_126_48/g1620/z (u)     in_0->z F     unmapped_complex2      3  18.9     0   135    4863    (-,-) 
  PC1/sub_126_48/g1615/z (u)     in_1->z R     unmapped_nand2         1   6.4     0    82    4945    (-,-) 
  PC1/sub_126_48/g1611/z (u)     in_1->z F     unmapped_nand2         3  18.9     0   135    5080    (-,-) 
  PC1/sub_126_48/g1607/z (u)     in_1->z R     unmapped_nand2         1   6.4     0    82    5162    (-,-) 
  PC1/sub_126_48/g1606/z (u)     in_1->z F     unmapped_nand2         6  37.8     0   195    5357    (-,-) 
  PC1/sub_126_48/g1599/z (u)     in_0->z R     unmapped_complex2      2  12.8     0   112    5469    (-,-) 
  PC1/sub_126_48/g1595/z (u)     in_0->z F     unmapped_complex2      5  31.5     0   180    5649    (-,-) 
  PC1/sub_126_48/g1584/z (u)     in_0->z R     unmapped_complex2      1   6.4     0    82    5731    (-,-) 
  PC1/sub_126_48/g1574/z (u)     in_1->z F     unmapped_nand2         1   6.3     0    82    5813    (-,-) 
  PC1/sub_126_48/g1545/z (u)     in_1->z R     unmapped_nand2         1   6.4     0    82    5895    (-,-) 
  PC1/sub_126_48/g1544/z (u)     in_0->z F     unmapped_complex2      1   6.3     0    82    5976    (-,-) 
  PC1/sub_126_48/g1535/z (u)     in_0->z R     unmapped_nand2         1   6.4     0    82    6058    (-,-) 
  PC1/sub_126_48/g1527/z (u)     in_1->z F     unmapped_nand2         2  12.6     0   112    6171    (-,-) 
  PC1/sub_126_48/g1525/z (u)     in_0->z F     unmapped_or2           1   6.3     0    82    6252    (-,-) 
  PC1/sub_126_48/g1526/z (u)     in_1->z R     unmapped_nand2         1   6.4     0    82    6334    (-,-) 
  PC1/g26160/z           (u)     in_0->z F     unmapped_complex2      1   6.3     0    82    6416    (-,-) 
  PC1/g24348/z           (u)     in_1->z R     unmapped_complex2      1   6.4     0    82    6498    (-,-) 
  PC1/g24301/z           (u)     in_0->z F     unmapped_complex2      1   6.3     0    82    6580    (-,-) 
  PC1/g24265/z           (u)     in_0->z R     unmapped_nand2         2  12.8     0   112    6692    (-,-) 
  PC1/g24207/z           (u)     in_0->z R     unmapped_complex2     16  25.6     0   224    6916    (-,-) 
  PC1/g24194/z           (u)     in_0->z F     unmapped_complex2      1   6.3     0    82    6998    (-,-) 
  PC1/g23753/z           (u)     in_1->z R     unmapped_nand2         1   6.4     0    82    7080    (-,-) 
  PC1/RF_reg[9][31]/d    -       -       R     unmapped_d_flop        1     -     -     0    7080    (-,-) 
#----------------------------------------------------------------------------------------------------------

(u) : Net has unmapped pin(s).



Path 24: MET (2737 ps) Setup Check with Pin PC1/RF_reg[8][31]/clk->d
          Group: C2C
     Startpoint: (R) PC1/PSTATE_reg[0]/clk
          Clock: (R) SYS_CLOCK
       Endpoint: (R) PC1/RF_reg[8][31]/d
          Clock: (R) SYS_CLOCK

                     Capture       Launch     
        Clock Edge:+   10000            0     
       Src Latency:+       0            0     
       Net Latency:+       0 (I)        0 (I) 
           Arrival:=   10000            0     
                                              
             Setup:-     183                  
     Required Time:=    9817                  
      Launch Clock:-       0                  
         Data Path:-    7080                  
             Slack:=    2737                  

#----------------------------------------------------------------------------------------------------------
#     Timing Point       Flags    Arc    Edge       Cell         Fanout  Load Trans Delay Arrival Instance 
#                                                                        (fF)  (ps)  (ps)   (ps)  Location 
#----------------------------------------------------------------------------------------------------------
  PC1/PSTATE_reg[0]/clk  -       -       R     (arrival)            587     -     0     0       0    (-,-) 
  PC1/PSTATE_reg[0]/q    (u)     clk->q  F     unmapped_d_flop        6  33.3     0   807     807    (-,-) 
  PC1/g12268/z           (u)     in_0->z F     unmapped_or2           4  25.2     0   156     964    (-,-) 
  PC1/g17550/z           (u)     in_1->z F     unmapped_or2           1   6.3     0    82    1046    (-,-) 
  PC1/g17533/z           (u)     in_0->z F     unmapped_or2           8  50.4     0   222    1268    (-,-) 
  PC1/g16964/z           (u)     in_0->z F     unmapped_complex2      1   6.3     0    82    1350    (-,-) 
  PC1/g16652/z           (u)     in_1->z R     unmapped_nand2         4  25.6     0   156    1506    (-,-) 
  PC1/g7136/z            (u)     in_1->z F     unmapped_nand2         4  25.2     0   156    1663    (-,-) 
  PC1/g16544/z           (u)     in_1->z F     unmapped_or2          32 201.6     0   364    2026    (-,-) 
  PC1/g16497/z           (u)     in_0->z F     unmapped_complex2      1   6.3     0    82    2108    (-,-) 
  PC1/g15994/z           (u)     in_1->z R     unmapped_nand2         1   6.4     0    82    2190    (-,-) 
  PC1/g15729/z           (u)     in_1->z R     unmapped_or2           1   6.4     0    82    2272    (-,-) 
  PC1/g15561/z           (u)     in_1->z R     unmapped_or2           1   6.4     0    82    2354    (-,-) 
  PC1/g15527/z           (u)     in_1->z R     unmapped_or2          13  83.2     0   269    2623    (-,-) 
  PC1/sub_126_48/g484/z  (u)     in_1->z F     unmapped_complex2      4  25.2     0   156    2779    (-,-) 
  PC1/sub_126_48/g1735/z (u)     in_1->z R     unmapped_nand2         1   6.4     0    82    2861    (-,-) 
  PC1/sub_126_48/g1708/z (u)     in_0->z F     unmapped_nand2         3  18.9     0   135    2996    (-,-) 
  PC1/sub_126_48/g1696/z (u)     in_1->z R     unmapped_nand2         1   6.4     0    82    3078    (-,-) 
  PC1/sub_126_48/g1686/z (u)     in_1->z F     unmapped_nand2         3  18.9     0   135    3213    (-,-) 
  PC1/sub_126_48/g1681/z (u)     in_1->z R     unmapped_nand2         1   6.4     0    82    3295    (-,-) 
  PC1/sub_126_48/g1673/z (u)     in_0->z F     unmapped_nand2         3  18.9     0   135    3430    (-,-) 
  PC1/sub_126_48/g1669/z (u)     in_0->z R     unmapped_nand2         2  12.8     0   112    3542    (-,-) 
  PC1/sub_126_48/g1665/z (u)     in_0->z R     unmapped_complex2      1   6.4     0    82    3624    (-,-) 
  PC1/sub_126_48/g1658/z (u)     in_0->z F     unmapped_complex2      3  18.9     0   135    3759    (-,-) 
  PC1/sub_126_48/g1654/z (u)     in_1->z R     unmapped_nand2         1   6.4     0    82    3841    (-,-) 
  PC1/sub_126_48/g1652/z (u)     in_1->z F     unmapped_nand2         3  18.9     0   135    3976    (-,-) 
  PC1/sub_126_48/g1648/z (u)     in_0->z R     unmapped_nand2         1   6.4     0    82    4058    (-,-) 
  PC1/sub_126_48/g1647/z (u)     in_0->z F     unmapped_nand2         4  25.2     0   156    4214    (-,-) 
  PC1/sub_126_48/g1646/z (u)     in_0->z R     unmapped_complex2      2  12.8     0   112    4326    (-,-) 
  PC1/sub_126_48/g1641/z (u)     in_0->z R     unmapped_complex2      1   6.4     0    82    4408    (-,-) 
  PC1/sub_126_48/g1631/z (u)     in_0->z R     unmapped_complex2      1   6.4     0    82    4490    (-,-) 
  PC1/sub_126_48/g1629/z (u)     in_0->z F     unmapped_complex2      4  25.2     0   156    4646    (-,-) 
  PC1/sub_126_48/g1628/z (u)     in_0->z R     unmapped_complex2      1   6.4     0    82    4728    (-,-) 
  PC1/sub_126_48/g1620/z (u)     in_0->z F     unmapped_complex2      3  18.9     0   135    4863    (-,-) 
  PC1/sub_126_48/g1615/z (u)     in_1->z R     unmapped_nand2         1   6.4     0    82    4945    (-,-) 
  PC1/sub_126_48/g1611/z (u)     in_1->z F     unmapped_nand2         3  18.9     0   135    5080    (-,-) 
  PC1/sub_126_48/g1607/z (u)     in_1->z R     unmapped_nand2         1   6.4     0    82    5162    (-,-) 
  PC1/sub_126_48/g1606/z (u)     in_1->z F     unmapped_nand2         6  37.8     0   195    5357    (-,-) 
  PC1/sub_126_48/g1599/z (u)     in_0->z R     unmapped_complex2      2  12.8     0   112    5469    (-,-) 
  PC1/sub_126_48/g1595/z (u)     in_0->z F     unmapped_complex2      5  31.5     0   180    5649    (-,-) 
  PC1/sub_126_48/g1584/z (u)     in_0->z R     unmapped_complex2      1   6.4     0    82    5731    (-,-) 
  PC1/sub_126_48/g1574/z (u)     in_1->z F     unmapped_nand2         1   6.3     0    82    5813    (-,-) 
  PC1/sub_126_48/g1545/z (u)     in_1->z R     unmapped_nand2         1   6.4     0    82    5895    (-,-) 
  PC1/sub_126_48/g1544/z (u)     in_0->z F     unmapped_complex2      1   6.3     0    82    5976    (-,-) 
  PC1/sub_126_48/g1535/z (u)     in_0->z R     unmapped_nand2         1   6.4     0    82    6058    (-,-) 
  PC1/sub_126_48/g1527/z (u)     in_1->z F     unmapped_nand2         2  12.6     0   112    6171    (-,-) 
  PC1/sub_126_48/g1525/z (u)     in_0->z F     unmapped_or2           1   6.3     0    82    6252    (-,-) 
  PC1/sub_126_48/g1526/z (u)     in_1->z R     unmapped_nand2         1   6.4     0    82    6334    (-,-) 
  PC1/g26160/z           (u)     in_0->z F     unmapped_complex2      1   6.3     0    82    6416    (-,-) 
  PC1/g24348/z           (u)     in_1->z R     unmapped_complex2      1   6.4     0    82    6498    (-,-) 
  PC1/g24301/z           (u)     in_0->z F     unmapped_complex2      1   6.3     0    82    6580    (-,-) 
  PC1/g24265/z           (u)     in_0->z R     unmapped_nand2         2  12.8     0   112    6692    (-,-) 
  PC1/g24207/z           (u)     in_0->z R     unmapped_complex2     16  25.6     0   224    6916    (-,-) 
  PC1/g24184/z           (u)     in_0->z F     unmapped_complex2      1   6.3     0    82    6998    (-,-) 
  PC1/g23755/z           (u)     in_1->z R     unmapped_nand2         1   6.4     0    82    7080    (-,-) 
  PC1/RF_reg[8][31]/d    -       -       R     unmapped_d_flop        1     -     -     0    7080    (-,-) 
#----------------------------------------------------------------------------------------------------------

(u) : Net has unmapped pin(s).



Path 25: MET (2737 ps) Setup Check with Pin PC1/RF_reg[7][31]/clk->d
          Group: C2C
     Startpoint: (R) PC1/PSTATE_reg[0]/clk
          Clock: (R) SYS_CLOCK
       Endpoint: (R) PC1/RF_reg[7][31]/d
          Clock: (R) SYS_CLOCK

                     Capture       Launch     
        Clock Edge:+   10000            0     
       Src Latency:+       0            0     
       Net Latency:+       0 (I)        0 (I) 
           Arrival:=   10000            0     
                                              
             Setup:-     183                  
     Required Time:=    9817                  
      Launch Clock:-       0                  
         Data Path:-    7080                  
             Slack:=    2737                  

#----------------------------------------------------------------------------------------------------------
#     Timing Point       Flags    Arc    Edge       Cell         Fanout  Load Trans Delay Arrival Instance 
#                                                                        (fF)  (ps)  (ps)   (ps)  Location 
#----------------------------------------------------------------------------------------------------------
  PC1/PSTATE_reg[0]/clk  -       -       R     (arrival)            587     -     0     0       0    (-,-) 
  PC1/PSTATE_reg[0]/q    (u)     clk->q  F     unmapped_d_flop        6  33.3     0   807     807    (-,-) 
  PC1/g12268/z           (u)     in_0->z F     unmapped_or2           4  25.2     0   156     964    (-,-) 
  PC1/g17550/z           (u)     in_1->z F     unmapped_or2           1   6.3     0    82    1046    (-,-) 
  PC1/g17533/z           (u)     in_0->z F     unmapped_or2           8  50.4     0   222    1268    (-,-) 
  PC1/g16964/z           (u)     in_0->z F     unmapped_complex2      1   6.3     0    82    1350    (-,-) 
  PC1/g16652/z           (u)     in_1->z R     unmapped_nand2         4  25.6     0   156    1506    (-,-) 
  PC1/g7136/z            (u)     in_1->z F     unmapped_nand2         4  25.2     0   156    1663    (-,-) 
  PC1/g16544/z           (u)     in_1->z F     unmapped_or2          32 201.6     0   364    2026    (-,-) 
  PC1/g16497/z           (u)     in_0->z F     unmapped_complex2      1   6.3     0    82    2108    (-,-) 
  PC1/g15994/z           (u)     in_1->z R     unmapped_nand2         1   6.4     0    82    2190    (-,-) 
  PC1/g15729/z           (u)     in_1->z R     unmapped_or2           1   6.4     0    82    2272    (-,-) 
  PC1/g15561/z           (u)     in_1->z R     unmapped_or2           1   6.4     0    82    2354    (-,-) 
  PC1/g15527/z           (u)     in_1->z R     unmapped_or2          13  83.2     0   269    2623    (-,-) 
  PC1/sub_126_48/g484/z  (u)     in_1->z F     unmapped_complex2      4  25.2     0   156    2779    (-,-) 
  PC1/sub_126_48/g1735/z (u)     in_1->z R     unmapped_nand2         1   6.4     0    82    2861    (-,-) 
  PC1/sub_126_48/g1708/z (u)     in_0->z F     unmapped_nand2         3  18.9     0   135    2996    (-,-) 
  PC1/sub_126_48/g1696/z (u)     in_1->z R     unmapped_nand2         1   6.4     0    82    3078    (-,-) 
  PC1/sub_126_48/g1686/z (u)     in_1->z F     unmapped_nand2         3  18.9     0   135    3213    (-,-) 
  PC1/sub_126_48/g1681/z (u)     in_1->z R     unmapped_nand2         1   6.4     0    82    3295    (-,-) 
  PC1/sub_126_48/g1673/z (u)     in_0->z F     unmapped_nand2         3  18.9     0   135    3430    (-,-) 
  PC1/sub_126_48/g1669/z (u)     in_0->z R     unmapped_nand2         2  12.8     0   112    3542    (-,-) 
  PC1/sub_126_48/g1665/z (u)     in_0->z R     unmapped_complex2      1   6.4     0    82    3624    (-,-) 
  PC1/sub_126_48/g1658/z (u)     in_0->z F     unmapped_complex2      3  18.9     0   135    3759    (-,-) 
  PC1/sub_126_48/g1654/z (u)     in_1->z R     unmapped_nand2         1   6.4     0    82    3841    (-,-) 
  PC1/sub_126_48/g1652/z (u)     in_1->z F     unmapped_nand2         3  18.9     0   135    3976    (-,-) 
  PC1/sub_126_48/g1648/z (u)     in_0->z R     unmapped_nand2         1   6.4     0    82    4058    (-,-) 
  PC1/sub_126_48/g1647/z (u)     in_0->z F     unmapped_nand2         4  25.2     0   156    4214    (-,-) 
  PC1/sub_126_48/g1646/z (u)     in_0->z R     unmapped_complex2      2  12.8     0   112    4326    (-,-) 
  PC1/sub_126_48/g1641/z (u)     in_0->z R     unmapped_complex2      1   6.4     0    82    4408    (-,-) 
  PC1/sub_126_48/g1631/z (u)     in_0->z R     unmapped_complex2      1   6.4     0    82    4490    (-,-) 
  PC1/sub_126_48/g1629/z (u)     in_0->z F     unmapped_complex2      4  25.2     0   156    4646    (-,-) 
  PC1/sub_126_48/g1628/z (u)     in_0->z R     unmapped_complex2      1   6.4     0    82    4728    (-,-) 
  PC1/sub_126_48/g1620/z (u)     in_0->z F     unmapped_complex2      3  18.9     0   135    4863    (-,-) 
  PC1/sub_126_48/g1615/z (u)     in_1->z R     unmapped_nand2         1   6.4     0    82    4945    (-,-) 
  PC1/sub_126_48/g1611/z (u)     in_1->z F     unmapped_nand2         3  18.9     0   135    5080    (-,-) 
  PC1/sub_126_48/g1607/z (u)     in_1->z R     unmapped_nand2         1   6.4     0    82    5162    (-,-) 
  PC1/sub_126_48/g1606/z (u)     in_1->z F     unmapped_nand2         6  37.8     0   195    5357    (-,-) 
  PC1/sub_126_48/g1599/z (u)     in_0->z R     unmapped_complex2      2  12.8     0   112    5469    (-,-) 
  PC1/sub_126_48/g1595/z (u)     in_0->z F     unmapped_complex2      5  31.5     0   180    5649    (-,-) 
  PC1/sub_126_48/g1584/z (u)     in_0->z R     unmapped_complex2      1   6.4     0    82    5731    (-,-) 
  PC1/sub_126_48/g1574/z (u)     in_1->z F     unmapped_nand2         1   6.3     0    82    5813    (-,-) 
  PC1/sub_126_48/g1545/z (u)     in_1->z R     unmapped_nand2         1   6.4     0    82    5895    (-,-) 
  PC1/sub_126_48/g1544/z (u)     in_0->z F     unmapped_complex2      1   6.3     0    82    5976    (-,-) 
  PC1/sub_126_48/g1535/z (u)     in_0->z R     unmapped_nand2         1   6.4     0    82    6058    (-,-) 
  PC1/sub_126_48/g1527/z (u)     in_1->z F     unmapped_nand2         2  12.6     0   112    6171    (-,-) 
  PC1/sub_126_48/g1525/z (u)     in_0->z F     unmapped_or2           1   6.3     0    82    6252    (-,-) 
  PC1/sub_126_48/g1526/z (u)     in_1->z R     unmapped_nand2         1   6.4     0    82    6334    (-,-) 
  PC1/g26160/z           (u)     in_0->z F     unmapped_complex2      1   6.3     0    82    6416    (-,-) 
  PC1/g24348/z           (u)     in_1->z R     unmapped_complex2      1   6.4     0    82    6498    (-,-) 
  PC1/g24301/z           (u)     in_0->z F     unmapped_complex2      1   6.3     0    82    6580    (-,-) 
  PC1/g24265/z           (u)     in_0->z R     unmapped_nand2         2  12.8     0   112    6692    (-,-) 
  PC1/g24207/z           (u)     in_0->z R     unmapped_complex2     16  25.6     0   224    6916    (-,-) 
  PC1/g24192/z           (u)     in_0->z F     unmapped_complex2      1   6.3     0    82    6998    (-,-) 
  PC1/g23757/z           (u)     in_1->z R     unmapped_nand2         1   6.4     0    82    7080    (-,-) 
  PC1/RF_reg[7][31]/d    -       -       R     unmapped_d_flop        1     -     -     0    7080    (-,-) 
#----------------------------------------------------------------------------------------------------------

(u) : Net has unmapped pin(s).



Path 26: MET (2737 ps) Setup Check with Pin PC1/RF_reg[6][31]/clk->d
          Group: C2C
     Startpoint: (R) PC1/PSTATE_reg[0]/clk
          Clock: (R) SYS_CLOCK
       Endpoint: (R) PC1/RF_reg[6][31]/d
          Clock: (R) SYS_CLOCK

                     Capture       Launch     
        Clock Edge:+   10000            0     
       Src Latency:+       0            0     
       Net Latency:+       0 (I)        0 (I) 
           Arrival:=   10000            0     
                                              
             Setup:-     183                  
     Required Time:=    9817                  
      Launch Clock:-       0                  
         Data Path:-    7080                  
             Slack:=    2737                  

#----------------------------------------------------------------------------------------------------------
#     Timing Point       Flags    Arc    Edge       Cell         Fanout  Load Trans Delay Arrival Instance 
#                                                                        (fF)  (ps)  (ps)   (ps)  Location 
#----------------------------------------------------------------------------------------------------------
  PC1/PSTATE_reg[0]/clk  -       -       R     (arrival)            587     -     0     0       0    (-,-) 
  PC1/PSTATE_reg[0]/q    (u)     clk->q  F     unmapped_d_flop        6  33.3     0   807     807    (-,-) 
  PC1/g12268/z           (u)     in_0->z F     unmapped_or2           4  25.2     0   156     964    (-,-) 
  PC1/g17550/z           (u)     in_1->z F     unmapped_or2           1   6.3     0    82    1046    (-,-) 
  PC1/g17533/z           (u)     in_0->z F     unmapped_or2           8  50.4     0   222    1268    (-,-) 
  PC1/g16964/z           (u)     in_0->z F     unmapped_complex2      1   6.3     0    82    1350    (-,-) 
  PC1/g16652/z           (u)     in_1->z R     unmapped_nand2         4  25.6     0   156    1506    (-,-) 
  PC1/g7136/z            (u)     in_1->z F     unmapped_nand2         4  25.2     0   156    1663    (-,-) 
  PC1/g16544/z           (u)     in_1->z F     unmapped_or2          32 201.6     0   364    2026    (-,-) 
  PC1/g16497/z           (u)     in_0->z F     unmapped_complex2      1   6.3     0    82    2108    (-,-) 
  PC1/g15994/z           (u)     in_1->z R     unmapped_nand2         1   6.4     0    82    2190    (-,-) 
  PC1/g15729/z           (u)     in_1->z R     unmapped_or2           1   6.4     0    82    2272    (-,-) 
  PC1/g15561/z           (u)     in_1->z R     unmapped_or2           1   6.4     0    82    2354    (-,-) 
  PC1/g15527/z           (u)     in_1->z R     unmapped_or2          13  83.2     0   269    2623    (-,-) 
  PC1/sub_126_48/g484/z  (u)     in_1->z F     unmapped_complex2      4  25.2     0   156    2779    (-,-) 
  PC1/sub_126_48/g1735/z (u)     in_1->z R     unmapped_nand2         1   6.4     0    82    2861    (-,-) 
  PC1/sub_126_48/g1708/z (u)     in_0->z F     unmapped_nand2         3  18.9     0   135    2996    (-,-) 
  PC1/sub_126_48/g1696/z (u)     in_1->z R     unmapped_nand2         1   6.4     0    82    3078    (-,-) 
  PC1/sub_126_48/g1686/z (u)     in_1->z F     unmapped_nand2         3  18.9     0   135    3213    (-,-) 
  PC1/sub_126_48/g1681/z (u)     in_1->z R     unmapped_nand2         1   6.4     0    82    3295    (-,-) 
  PC1/sub_126_48/g1673/z (u)     in_0->z F     unmapped_nand2         3  18.9     0   135    3430    (-,-) 
  PC1/sub_126_48/g1669/z (u)     in_0->z R     unmapped_nand2         2  12.8     0   112    3542    (-,-) 
  PC1/sub_126_48/g1665/z (u)     in_0->z R     unmapped_complex2      1   6.4     0    82    3624    (-,-) 
  PC1/sub_126_48/g1658/z (u)     in_0->z F     unmapped_complex2      3  18.9     0   135    3759    (-,-) 
  PC1/sub_126_48/g1654/z (u)     in_1->z R     unmapped_nand2         1   6.4     0    82    3841    (-,-) 
  PC1/sub_126_48/g1652/z (u)     in_1->z F     unmapped_nand2         3  18.9     0   135    3976    (-,-) 
  PC1/sub_126_48/g1648/z (u)     in_0->z R     unmapped_nand2         1   6.4     0    82    4058    (-,-) 
  PC1/sub_126_48/g1647/z (u)     in_0->z F     unmapped_nand2         4  25.2     0   156    4214    (-,-) 
  PC1/sub_126_48/g1646/z (u)     in_0->z R     unmapped_complex2      2  12.8     0   112    4326    (-,-) 
  PC1/sub_126_48/g1641/z (u)     in_0->z R     unmapped_complex2      1   6.4     0    82    4408    (-,-) 
  PC1/sub_126_48/g1631/z (u)     in_0->z R     unmapped_complex2      1   6.4     0    82    4490    (-,-) 
  PC1/sub_126_48/g1629/z (u)     in_0->z F     unmapped_complex2      4  25.2     0   156    4646    (-,-) 
  PC1/sub_126_48/g1628/z (u)     in_0->z R     unmapped_complex2      1   6.4     0    82    4728    (-,-) 
  PC1/sub_126_48/g1620/z (u)     in_0->z F     unmapped_complex2      3  18.9     0   135    4863    (-,-) 
  PC1/sub_126_48/g1615/z (u)     in_1->z R     unmapped_nand2         1   6.4     0    82    4945    (-,-) 
  PC1/sub_126_48/g1611/z (u)     in_1->z F     unmapped_nand2         3  18.9     0   135    5080    (-,-) 
  PC1/sub_126_48/g1607/z (u)     in_1->z R     unmapped_nand2         1   6.4     0    82    5162    (-,-) 
  PC1/sub_126_48/g1606/z (u)     in_1->z F     unmapped_nand2         6  37.8     0   195    5357    (-,-) 
  PC1/sub_126_48/g1599/z (u)     in_0->z R     unmapped_complex2      2  12.8     0   112    5469    (-,-) 
  PC1/sub_126_48/g1595/z (u)     in_0->z F     unmapped_complex2      5  31.5     0   180    5649    (-,-) 
  PC1/sub_126_48/g1584/z (u)     in_0->z R     unmapped_complex2      1   6.4     0    82    5731    (-,-) 
  PC1/sub_126_48/g1574/z (u)     in_1->z F     unmapped_nand2         1   6.3     0    82    5813    (-,-) 
  PC1/sub_126_48/g1545/z (u)     in_1->z R     unmapped_nand2         1   6.4     0    82    5895    (-,-) 
  PC1/sub_126_48/g1544/z (u)     in_0->z F     unmapped_complex2      1   6.3     0    82    5976    (-,-) 
  PC1/sub_126_48/g1535/z (u)     in_0->z R     unmapped_nand2         1   6.4     0    82    6058    (-,-) 
  PC1/sub_126_48/g1527/z (u)     in_1->z F     unmapped_nand2         2  12.6     0   112    6171    (-,-) 
  PC1/sub_126_48/g1525/z (u)     in_0->z F     unmapped_or2           1   6.3     0    82    6252    (-,-) 
  PC1/sub_126_48/g1526/z (u)     in_1->z R     unmapped_nand2         1   6.4     0    82    6334    (-,-) 
  PC1/g26160/z           (u)     in_0->z F     unmapped_complex2      1   6.3     0    82    6416    (-,-) 
  PC1/g24348/z           (u)     in_1->z R     unmapped_complex2      1   6.4     0    82    6498    (-,-) 
  PC1/g24301/z           (u)     in_0->z F     unmapped_complex2      1   6.3     0    82    6580    (-,-) 
  PC1/g24265/z           (u)     in_0->z R     unmapped_nand2         2  12.8     0   112    6692    (-,-) 
  PC1/g24207/z           (u)     in_0->z R     unmapped_complex2     16  25.6     0   224    6916    (-,-) 
  PC1/g24153/z           (u)     in_0->z F     unmapped_complex2      1   6.3     0    82    6998    (-,-) 
  PC1/g23805/z           (u)     in_1->z R     unmapped_nand2         1   6.4     0    82    7080    (-,-) 
  PC1/RF_reg[6][31]/d    -       -       R     unmapped_d_flop        1     -     -     0    7080    (-,-) 
#----------------------------------------------------------------------------------------------------------

(u) : Net has unmapped pin(s).



Path 27: MET (2737 ps) Setup Check with Pin PC1/RF_reg[5][31]/clk->d
          Group: C2C
     Startpoint: (R) PC1/PSTATE_reg[0]/clk
          Clock: (R) SYS_CLOCK
       Endpoint: (R) PC1/RF_reg[5][31]/d
          Clock: (R) SYS_CLOCK

                     Capture       Launch     
        Clock Edge:+   10000            0     
       Src Latency:+       0            0     
       Net Latency:+       0 (I)        0 (I) 
           Arrival:=   10000            0     
                                              
             Setup:-     183                  
     Required Time:=    9817                  
      Launch Clock:-       0                  
         Data Path:-    7080                  
             Slack:=    2737                  

#----------------------------------------------------------------------------------------------------------
#     Timing Point       Flags    Arc    Edge       Cell         Fanout  Load Trans Delay Arrival Instance 
#                                                                        (fF)  (ps)  (ps)   (ps)  Location 
#----------------------------------------------------------------------------------------------------------
  PC1/PSTATE_reg[0]/clk  -       -       R     (arrival)            587     -     0     0       0    (-,-) 
  PC1/PSTATE_reg[0]/q    (u)     clk->q  F     unmapped_d_flop        6  33.3     0   807     807    (-,-) 
  PC1/g12268/z           (u)     in_0->z F     unmapped_or2           4  25.2     0   156     964    (-,-) 
  PC1/g17550/z           (u)     in_1->z F     unmapped_or2           1   6.3     0    82    1046    (-,-) 
  PC1/g17533/z           (u)     in_0->z F     unmapped_or2           8  50.4     0   222    1268    (-,-) 
  PC1/g16964/z           (u)     in_0->z F     unmapped_complex2      1   6.3     0    82    1350    (-,-) 
  PC1/g16652/z           (u)     in_1->z R     unmapped_nand2         4  25.6     0   156    1506    (-,-) 
  PC1/g7136/z            (u)     in_1->z F     unmapped_nand2         4  25.2     0   156    1663    (-,-) 
  PC1/g16544/z           (u)     in_1->z F     unmapped_or2          32 201.6     0   364    2026    (-,-) 
  PC1/g16497/z           (u)     in_0->z F     unmapped_complex2      1   6.3     0    82    2108    (-,-) 
  PC1/g15994/z           (u)     in_1->z R     unmapped_nand2         1   6.4     0    82    2190    (-,-) 
  PC1/g15729/z           (u)     in_1->z R     unmapped_or2           1   6.4     0    82    2272    (-,-) 
  PC1/g15561/z           (u)     in_1->z R     unmapped_or2           1   6.4     0    82    2354    (-,-) 
  PC1/g15527/z           (u)     in_1->z R     unmapped_or2          13  83.2     0   269    2623    (-,-) 
  PC1/sub_126_48/g484/z  (u)     in_1->z F     unmapped_complex2      4  25.2     0   156    2779    (-,-) 
  PC1/sub_126_48/g1735/z (u)     in_1->z R     unmapped_nand2         1   6.4     0    82    2861    (-,-) 
  PC1/sub_126_48/g1708/z (u)     in_0->z F     unmapped_nand2         3  18.9     0   135    2996    (-,-) 
  PC1/sub_126_48/g1696/z (u)     in_1->z R     unmapped_nand2         1   6.4     0    82    3078    (-,-) 
  PC1/sub_126_48/g1686/z (u)     in_1->z F     unmapped_nand2         3  18.9     0   135    3213    (-,-) 
  PC1/sub_126_48/g1681/z (u)     in_1->z R     unmapped_nand2         1   6.4     0    82    3295    (-,-) 
  PC1/sub_126_48/g1673/z (u)     in_0->z F     unmapped_nand2         3  18.9     0   135    3430    (-,-) 
  PC1/sub_126_48/g1669/z (u)     in_0->z R     unmapped_nand2         2  12.8     0   112    3542    (-,-) 
  PC1/sub_126_48/g1665/z (u)     in_0->z R     unmapped_complex2      1   6.4     0    82    3624    (-,-) 
  PC1/sub_126_48/g1658/z (u)     in_0->z F     unmapped_complex2      3  18.9     0   135    3759    (-,-) 
  PC1/sub_126_48/g1654/z (u)     in_1->z R     unmapped_nand2         1   6.4     0    82    3841    (-,-) 
  PC1/sub_126_48/g1652/z (u)     in_1->z F     unmapped_nand2         3  18.9     0   135    3976    (-,-) 
  PC1/sub_126_48/g1648/z (u)     in_0->z R     unmapped_nand2         1   6.4     0    82    4058    (-,-) 
  PC1/sub_126_48/g1647/z (u)     in_0->z F     unmapped_nand2         4  25.2     0   156    4214    (-,-) 
  PC1/sub_126_48/g1646/z (u)     in_0->z R     unmapped_complex2      2  12.8     0   112    4326    (-,-) 
  PC1/sub_126_48/g1641/z (u)     in_0->z R     unmapped_complex2      1   6.4     0    82    4408    (-,-) 
  PC1/sub_126_48/g1631/z (u)     in_0->z R     unmapped_complex2      1   6.4     0    82    4490    (-,-) 
  PC1/sub_126_48/g1629/z (u)     in_0->z F     unmapped_complex2      4  25.2     0   156    4646    (-,-) 
  PC1/sub_126_48/g1628/z (u)     in_0->z R     unmapped_complex2      1   6.4     0    82    4728    (-,-) 
  PC1/sub_126_48/g1620/z (u)     in_0->z F     unmapped_complex2      3  18.9     0   135    4863    (-,-) 
  PC1/sub_126_48/g1615/z (u)     in_1->z R     unmapped_nand2         1   6.4     0    82    4945    (-,-) 
  PC1/sub_126_48/g1611/z (u)     in_1->z F     unmapped_nand2         3  18.9     0   135    5080    (-,-) 
  PC1/sub_126_48/g1607/z (u)     in_1->z R     unmapped_nand2         1   6.4     0    82    5162    (-,-) 
  PC1/sub_126_48/g1606/z (u)     in_1->z F     unmapped_nand2         6  37.8     0   195    5357    (-,-) 
  PC1/sub_126_48/g1599/z (u)     in_0->z R     unmapped_complex2      2  12.8     0   112    5469    (-,-) 
  PC1/sub_126_48/g1595/z (u)     in_0->z F     unmapped_complex2      5  31.5     0   180    5649    (-,-) 
  PC1/sub_126_48/g1584/z (u)     in_0->z R     unmapped_complex2      1   6.4     0    82    5731    (-,-) 
  PC1/sub_126_48/g1574/z (u)     in_1->z F     unmapped_nand2         1   6.3     0    82    5813    (-,-) 
  PC1/sub_126_48/g1545/z (u)     in_1->z R     unmapped_nand2         1   6.4     0    82    5895    (-,-) 
  PC1/sub_126_48/g1544/z (u)     in_0->z F     unmapped_complex2      1   6.3     0    82    5976    (-,-) 
  PC1/sub_126_48/g1535/z (u)     in_0->z R     unmapped_nand2         1   6.4     0    82    6058    (-,-) 
  PC1/sub_126_48/g1527/z (u)     in_1->z F     unmapped_nand2         2  12.6     0   112    6171    (-,-) 
  PC1/sub_126_48/g1525/z (u)     in_0->z F     unmapped_or2           1   6.3     0    82    6252    (-,-) 
  PC1/sub_126_48/g1526/z (u)     in_1->z R     unmapped_nand2         1   6.4     0    82    6334    (-,-) 
  PC1/g26160/z           (u)     in_0->z F     unmapped_complex2      1   6.3     0    82    6416    (-,-) 
  PC1/g24348/z           (u)     in_1->z R     unmapped_complex2      1   6.4     0    82    6498    (-,-) 
  PC1/g24301/z           (u)     in_0->z F     unmapped_complex2      1   6.3     0    82    6580    (-,-) 
  PC1/g24265/z           (u)     in_0->z R     unmapped_nand2         2  12.8     0   112    6692    (-,-) 
  PC1/g24207/z           (u)     in_0->z R     unmapped_complex2     16  25.6     0   224    6916    (-,-) 
  PC1/g24196/z           (u)     in_0->z F     unmapped_complex2      1   6.3     0    82    6998    (-,-) 
  PC1/g23827/z           (u)     in_1->z R     unmapped_nand2         1   6.4     0    82    7080    (-,-) 
  PC1/RF_reg[5][31]/d    -       -       R     unmapped_d_flop        1     -     -     0    7080    (-,-) 
#----------------------------------------------------------------------------------------------------------

(u) : Net has unmapped pin(s).



Path 28: MET (2737 ps) Setup Check with Pin PC1/RF_reg[4][31]/clk->d
          Group: C2C
     Startpoint: (R) PC1/PSTATE_reg[0]/clk
          Clock: (R) SYS_CLOCK
       Endpoint: (R) PC1/RF_reg[4][31]/d
          Clock: (R) SYS_CLOCK

                     Capture       Launch     
        Clock Edge:+   10000            0     
       Src Latency:+       0            0     
       Net Latency:+       0 (I)        0 (I) 
           Arrival:=   10000            0     
                                              
             Setup:-     183                  
     Required Time:=    9817                  
      Launch Clock:-       0                  
         Data Path:-    7080                  
             Slack:=    2737                  

#----------------------------------------------------------------------------------------------------------
#     Timing Point       Flags    Arc    Edge       Cell         Fanout  Load Trans Delay Arrival Instance 
#                                                                        (fF)  (ps)  (ps)   (ps)  Location 
#----------------------------------------------------------------------------------------------------------
  PC1/PSTATE_reg[0]/clk  -       -       R     (arrival)            587     -     0     0       0    (-,-) 
  PC1/PSTATE_reg[0]/q    (u)     clk->q  F     unmapped_d_flop        6  33.3     0   807     807    (-,-) 
  PC1/g12268/z           (u)     in_0->z F     unmapped_or2           4  25.2     0   156     964    (-,-) 
  PC1/g17550/z           (u)     in_1->z F     unmapped_or2           1   6.3     0    82    1046    (-,-) 
  PC1/g17533/z           (u)     in_0->z F     unmapped_or2           8  50.4     0   222    1268    (-,-) 
  PC1/g16964/z           (u)     in_0->z F     unmapped_complex2      1   6.3     0    82    1350    (-,-) 
  PC1/g16652/z           (u)     in_1->z R     unmapped_nand2         4  25.6     0   156    1506    (-,-) 
  PC1/g7136/z            (u)     in_1->z F     unmapped_nand2         4  25.2     0   156    1663    (-,-) 
  PC1/g16544/z           (u)     in_1->z F     unmapped_or2          32 201.6     0   364    2026    (-,-) 
  PC1/g16497/z           (u)     in_0->z F     unmapped_complex2      1   6.3     0    82    2108    (-,-) 
  PC1/g15994/z           (u)     in_1->z R     unmapped_nand2         1   6.4     0    82    2190    (-,-) 
  PC1/g15729/z           (u)     in_1->z R     unmapped_or2           1   6.4     0    82    2272    (-,-) 
  PC1/g15561/z           (u)     in_1->z R     unmapped_or2           1   6.4     0    82    2354    (-,-) 
  PC1/g15527/z           (u)     in_1->z R     unmapped_or2          13  83.2     0   269    2623    (-,-) 
  PC1/sub_126_48/g484/z  (u)     in_1->z F     unmapped_complex2      4  25.2     0   156    2779    (-,-) 
  PC1/sub_126_48/g1735/z (u)     in_1->z R     unmapped_nand2         1   6.4     0    82    2861    (-,-) 
  PC1/sub_126_48/g1708/z (u)     in_0->z F     unmapped_nand2         3  18.9     0   135    2996    (-,-) 
  PC1/sub_126_48/g1696/z (u)     in_1->z R     unmapped_nand2         1   6.4     0    82    3078    (-,-) 
  PC1/sub_126_48/g1686/z (u)     in_1->z F     unmapped_nand2         3  18.9     0   135    3213    (-,-) 
  PC1/sub_126_48/g1681/z (u)     in_1->z R     unmapped_nand2         1   6.4     0    82    3295    (-,-) 
  PC1/sub_126_48/g1673/z (u)     in_0->z F     unmapped_nand2         3  18.9     0   135    3430    (-,-) 
  PC1/sub_126_48/g1669/z (u)     in_0->z R     unmapped_nand2         2  12.8     0   112    3542    (-,-) 
  PC1/sub_126_48/g1665/z (u)     in_0->z R     unmapped_complex2      1   6.4     0    82    3624    (-,-) 
  PC1/sub_126_48/g1658/z (u)     in_0->z F     unmapped_complex2      3  18.9     0   135    3759    (-,-) 
  PC1/sub_126_48/g1654/z (u)     in_1->z R     unmapped_nand2         1   6.4     0    82    3841    (-,-) 
  PC1/sub_126_48/g1652/z (u)     in_1->z F     unmapped_nand2         3  18.9     0   135    3976    (-,-) 
  PC1/sub_126_48/g1648/z (u)     in_0->z R     unmapped_nand2         1   6.4     0    82    4058    (-,-) 
  PC1/sub_126_48/g1647/z (u)     in_0->z F     unmapped_nand2         4  25.2     0   156    4214    (-,-) 
  PC1/sub_126_48/g1646/z (u)     in_0->z R     unmapped_complex2      2  12.8     0   112    4326    (-,-) 
  PC1/sub_126_48/g1641/z (u)     in_0->z R     unmapped_complex2      1   6.4     0    82    4408    (-,-) 
  PC1/sub_126_48/g1631/z (u)     in_0->z R     unmapped_complex2      1   6.4     0    82    4490    (-,-) 
  PC1/sub_126_48/g1629/z (u)     in_0->z F     unmapped_complex2      4  25.2     0   156    4646    (-,-) 
  PC1/sub_126_48/g1628/z (u)     in_0->z R     unmapped_complex2      1   6.4     0    82    4728    (-,-) 
  PC1/sub_126_48/g1620/z (u)     in_0->z F     unmapped_complex2      3  18.9     0   135    4863    (-,-) 
  PC1/sub_126_48/g1615/z (u)     in_1->z R     unmapped_nand2         1   6.4     0    82    4945    (-,-) 
  PC1/sub_126_48/g1611/z (u)     in_1->z F     unmapped_nand2         3  18.9     0   135    5080    (-,-) 
  PC1/sub_126_48/g1607/z (u)     in_1->z R     unmapped_nand2         1   6.4     0    82    5162    (-,-) 
  PC1/sub_126_48/g1606/z (u)     in_1->z F     unmapped_nand2         6  37.8     0   195    5357    (-,-) 
  PC1/sub_126_48/g1599/z (u)     in_0->z R     unmapped_complex2      2  12.8     0   112    5469    (-,-) 
  PC1/sub_126_48/g1595/z (u)     in_0->z F     unmapped_complex2      5  31.5     0   180    5649    (-,-) 
  PC1/sub_126_48/g1584/z (u)     in_0->z R     unmapped_complex2      1   6.4     0    82    5731    (-,-) 
  PC1/sub_126_48/g1574/z (u)     in_1->z F     unmapped_nand2         1   6.3     0    82    5813    (-,-) 
  PC1/sub_126_48/g1545/z (u)     in_1->z R     unmapped_nand2         1   6.4     0    82    5895    (-,-) 
  PC1/sub_126_48/g1544/z (u)     in_0->z F     unmapped_complex2      1   6.3     0    82    5976    (-,-) 
  PC1/sub_126_48/g1535/z (u)     in_0->z R     unmapped_nand2         1   6.4     0    82    6058    (-,-) 
  PC1/sub_126_48/g1527/z (u)     in_1->z F     unmapped_nand2         2  12.6     0   112    6171    (-,-) 
  PC1/sub_126_48/g1525/z (u)     in_0->z F     unmapped_or2           1   6.3     0    82    6252    (-,-) 
  PC1/sub_126_48/g1526/z (u)     in_1->z R     unmapped_nand2         1   6.4     0    82    6334    (-,-) 
  PC1/g26160/z           (u)     in_0->z F     unmapped_complex2      1   6.3     0    82    6416    (-,-) 
  PC1/g24348/z           (u)     in_1->z R     unmapped_complex2      1   6.4     0    82    6498    (-,-) 
  PC1/g24301/z           (u)     in_0->z F     unmapped_complex2      1   6.3     0    82    6580    (-,-) 
  PC1/g24265/z           (u)     in_0->z R     unmapped_nand2         2  12.8     0   112    6692    (-,-) 
  PC1/g24207/z           (u)     in_0->z R     unmapped_complex2     16  25.6     0   224    6916    (-,-) 
  PC1/g24180/z           (u)     in_0->z F     unmapped_complex2      1   6.3     0    82    6998    (-,-) 
  PC1/g23847/z           (u)     in_1->z R     unmapped_nand2         1   6.4     0    82    7080    (-,-) 
  PC1/RF_reg[4][31]/d    -       -       R     unmapped_d_flop        1     -     -     0    7080    (-,-) 
#----------------------------------------------------------------------------------------------------------

(u) : Net has unmapped pin(s).



Path 29: MET (2737 ps) Setup Check with Pin PC1/RF_reg[3][31]/clk->d
          Group: C2C
     Startpoint: (R) PC1/PSTATE_reg[0]/clk
          Clock: (R) SYS_CLOCK
       Endpoint: (R) PC1/RF_reg[3][31]/d
          Clock: (R) SYS_CLOCK

                     Capture       Launch     
        Clock Edge:+   10000            0     
       Src Latency:+       0            0     
       Net Latency:+       0 (I)        0 (I) 
           Arrival:=   10000            0     
                                              
             Setup:-     183                  
     Required Time:=    9817                  
      Launch Clock:-       0                  
         Data Path:-    7080                  
             Slack:=    2737                  

#----------------------------------------------------------------------------------------------------------
#     Timing Point       Flags    Arc    Edge       Cell         Fanout  Load Trans Delay Arrival Instance 
#                                                                        (fF)  (ps)  (ps)   (ps)  Location 
#----------------------------------------------------------------------------------------------------------
  PC1/PSTATE_reg[0]/clk  -       -       R     (arrival)            587     -     0     0       0    (-,-) 
  PC1/PSTATE_reg[0]/q    (u)     clk->q  F     unmapped_d_flop        6  33.3     0   807     807    (-,-) 
  PC1/g12268/z           (u)     in_0->z F     unmapped_or2           4  25.2     0   156     964    (-,-) 
  PC1/g17550/z           (u)     in_1->z F     unmapped_or2           1   6.3     0    82    1046    (-,-) 
  PC1/g17533/z           (u)     in_0->z F     unmapped_or2           8  50.4     0   222    1268    (-,-) 
  PC1/g16964/z           (u)     in_0->z F     unmapped_complex2      1   6.3     0    82    1350    (-,-) 
  PC1/g16652/z           (u)     in_1->z R     unmapped_nand2         4  25.6     0   156    1506    (-,-) 
  PC1/g7136/z            (u)     in_1->z F     unmapped_nand2         4  25.2     0   156    1663    (-,-) 
  PC1/g16544/z           (u)     in_1->z F     unmapped_or2          32 201.6     0   364    2026    (-,-) 
  PC1/g16497/z           (u)     in_0->z F     unmapped_complex2      1   6.3     0    82    2108    (-,-) 
  PC1/g15994/z           (u)     in_1->z R     unmapped_nand2         1   6.4     0    82    2190    (-,-) 
  PC1/g15729/z           (u)     in_1->z R     unmapped_or2           1   6.4     0    82    2272    (-,-) 
  PC1/g15561/z           (u)     in_1->z R     unmapped_or2           1   6.4     0    82    2354    (-,-) 
  PC1/g15527/z           (u)     in_1->z R     unmapped_or2          13  83.2     0   269    2623    (-,-) 
  PC1/sub_126_48/g484/z  (u)     in_1->z F     unmapped_complex2      4  25.2     0   156    2779    (-,-) 
  PC1/sub_126_48/g1735/z (u)     in_1->z R     unmapped_nand2         1   6.4     0    82    2861    (-,-) 
  PC1/sub_126_48/g1708/z (u)     in_0->z F     unmapped_nand2         3  18.9     0   135    2996    (-,-) 
  PC1/sub_126_48/g1696/z (u)     in_1->z R     unmapped_nand2         1   6.4     0    82    3078    (-,-) 
  PC1/sub_126_48/g1686/z (u)     in_1->z F     unmapped_nand2         3  18.9     0   135    3213    (-,-) 
  PC1/sub_126_48/g1681/z (u)     in_1->z R     unmapped_nand2         1   6.4     0    82    3295    (-,-) 
  PC1/sub_126_48/g1673/z (u)     in_0->z F     unmapped_nand2         3  18.9     0   135    3430    (-,-) 
  PC1/sub_126_48/g1669/z (u)     in_0->z R     unmapped_nand2         2  12.8     0   112    3542    (-,-) 
  PC1/sub_126_48/g1665/z (u)     in_0->z R     unmapped_complex2      1   6.4     0    82    3624    (-,-) 
  PC1/sub_126_48/g1658/z (u)     in_0->z F     unmapped_complex2      3  18.9     0   135    3759    (-,-) 
  PC1/sub_126_48/g1654/z (u)     in_1->z R     unmapped_nand2         1   6.4     0    82    3841    (-,-) 
  PC1/sub_126_48/g1652/z (u)     in_1->z F     unmapped_nand2         3  18.9     0   135    3976    (-,-) 
  PC1/sub_126_48/g1648/z (u)     in_0->z R     unmapped_nand2         1   6.4     0    82    4058    (-,-) 
  PC1/sub_126_48/g1647/z (u)     in_0->z F     unmapped_nand2         4  25.2     0   156    4214    (-,-) 
  PC1/sub_126_48/g1646/z (u)     in_0->z R     unmapped_complex2      2  12.8     0   112    4326    (-,-) 
  PC1/sub_126_48/g1641/z (u)     in_0->z R     unmapped_complex2      1   6.4     0    82    4408    (-,-) 
  PC1/sub_126_48/g1631/z (u)     in_0->z R     unmapped_complex2      1   6.4     0    82    4490    (-,-) 
  PC1/sub_126_48/g1629/z (u)     in_0->z F     unmapped_complex2      4  25.2     0   156    4646    (-,-) 
  PC1/sub_126_48/g1628/z (u)     in_0->z R     unmapped_complex2      1   6.4     0    82    4728    (-,-) 
  PC1/sub_126_48/g1620/z (u)     in_0->z F     unmapped_complex2      3  18.9     0   135    4863    (-,-) 
  PC1/sub_126_48/g1615/z (u)     in_1->z R     unmapped_nand2         1   6.4     0    82    4945    (-,-) 
  PC1/sub_126_48/g1611/z (u)     in_1->z F     unmapped_nand2         3  18.9     0   135    5080    (-,-) 
  PC1/sub_126_48/g1607/z (u)     in_1->z R     unmapped_nand2         1   6.4     0    82    5162    (-,-) 
  PC1/sub_126_48/g1606/z (u)     in_1->z F     unmapped_nand2         6  37.8     0   195    5357    (-,-) 
  PC1/sub_126_48/g1599/z (u)     in_0->z R     unmapped_complex2      2  12.8     0   112    5469    (-,-) 
  PC1/sub_126_48/g1595/z (u)     in_0->z F     unmapped_complex2      5  31.5     0   180    5649    (-,-) 
  PC1/sub_126_48/g1584/z (u)     in_0->z R     unmapped_complex2      1   6.4     0    82    5731    (-,-) 
  PC1/sub_126_48/g1574/z (u)     in_1->z F     unmapped_nand2         1   6.3     0    82    5813    (-,-) 
  PC1/sub_126_48/g1545/z (u)     in_1->z R     unmapped_nand2         1   6.4     0    82    5895    (-,-) 
  PC1/sub_126_48/g1544/z (u)     in_0->z F     unmapped_complex2      1   6.3     0    82    5976    (-,-) 
  PC1/sub_126_48/g1535/z (u)     in_0->z R     unmapped_nand2         1   6.4     0    82    6058    (-,-) 
  PC1/sub_126_48/g1527/z (u)     in_1->z F     unmapped_nand2         2  12.6     0   112    6171    (-,-) 
  PC1/sub_126_48/g1525/z (u)     in_0->z F     unmapped_or2           1   6.3     0    82    6252    (-,-) 
  PC1/sub_126_48/g1526/z (u)     in_1->z R     unmapped_nand2         1   6.4     0    82    6334    (-,-) 
  PC1/g26160/z           (u)     in_0->z F     unmapped_complex2      1   6.3     0    82    6416    (-,-) 
  PC1/g24348/z           (u)     in_1->z R     unmapped_complex2      1   6.4     0    82    6498    (-,-) 
  PC1/g24301/z           (u)     in_0->z F     unmapped_complex2      1   6.3     0    82    6580    (-,-) 
  PC1/g24265/z           (u)     in_0->z R     unmapped_nand2         2  12.8     0   112    6692    (-,-) 
  PC1/g24207/z           (u)     in_0->z R     unmapped_complex2     16  25.6     0   224    6916    (-,-) 
  PC1/g24163/z           (u)     in_0->z F     unmapped_complex2      1   6.3     0    82    6998    (-,-) 
  PC1/g23861/z           (u)     in_1->z R     unmapped_nand2         1   6.4     0    82    7080    (-,-) 
  PC1/RF_reg[3][31]/d    -       -       R     unmapped_d_flop        1     -     -     0    7080    (-,-) 
#----------------------------------------------------------------------------------------------------------

(u) : Net has unmapped pin(s).



Path 30: MET (2737 ps) Setup Check with Pin PC1/RF_reg[2][31]/clk->d
          Group: C2C
     Startpoint: (R) PC1/PSTATE_reg[0]/clk
          Clock: (R) SYS_CLOCK
       Endpoint: (R) PC1/RF_reg[2][31]/d
          Clock: (R) SYS_CLOCK

                     Capture       Launch     
        Clock Edge:+   10000            0     
       Src Latency:+       0            0     
       Net Latency:+       0 (I)        0 (I) 
           Arrival:=   10000            0     
                                              
             Setup:-     183                  
     Required Time:=    9817                  
      Launch Clock:-       0                  
         Data Path:-    7080                  
             Slack:=    2737                  

#----------------------------------------------------------------------------------------------------------
#     Timing Point       Flags    Arc    Edge       Cell         Fanout  Load Trans Delay Arrival Instance 
#                                                                        (fF)  (ps)  (ps)   (ps)  Location 
#----------------------------------------------------------------------------------------------------------
  PC1/PSTATE_reg[0]/clk  -       -       R     (arrival)            587     -     0     0       0    (-,-) 
  PC1/PSTATE_reg[0]/q    (u)     clk->q  F     unmapped_d_flop        6  33.3     0   807     807    (-,-) 
  PC1/g12268/z           (u)     in_0->z F     unmapped_or2           4  25.2     0   156     964    (-,-) 
  PC1/g17550/z           (u)     in_1->z F     unmapped_or2           1   6.3     0    82    1046    (-,-) 
  PC1/g17533/z           (u)     in_0->z F     unmapped_or2           8  50.4     0   222    1268    (-,-) 
  PC1/g16964/z           (u)     in_0->z F     unmapped_complex2      1   6.3     0    82    1350    (-,-) 
  PC1/g16652/z           (u)     in_1->z R     unmapped_nand2         4  25.6     0   156    1506    (-,-) 
  PC1/g7136/z            (u)     in_1->z F     unmapped_nand2         4  25.2     0   156    1663    (-,-) 
  PC1/g16544/z           (u)     in_1->z F     unmapped_or2          32 201.6     0   364    2026    (-,-) 
  PC1/g16497/z           (u)     in_0->z F     unmapped_complex2      1   6.3     0    82    2108    (-,-) 
  PC1/g15994/z           (u)     in_1->z R     unmapped_nand2         1   6.4     0    82    2190    (-,-) 
  PC1/g15729/z           (u)     in_1->z R     unmapped_or2           1   6.4     0    82    2272    (-,-) 
  PC1/g15561/z           (u)     in_1->z R     unmapped_or2           1   6.4     0    82    2354    (-,-) 
  PC1/g15527/z           (u)     in_1->z R     unmapped_or2          13  83.2     0   269    2623    (-,-) 
  PC1/sub_126_48/g484/z  (u)     in_1->z F     unmapped_complex2      4  25.2     0   156    2779    (-,-) 
  PC1/sub_126_48/g1735/z (u)     in_1->z R     unmapped_nand2         1   6.4     0    82    2861    (-,-) 
  PC1/sub_126_48/g1708/z (u)     in_0->z F     unmapped_nand2         3  18.9     0   135    2996    (-,-) 
  PC1/sub_126_48/g1696/z (u)     in_1->z R     unmapped_nand2         1   6.4     0    82    3078    (-,-) 
  PC1/sub_126_48/g1686/z (u)     in_1->z F     unmapped_nand2         3  18.9     0   135    3213    (-,-) 
  PC1/sub_126_48/g1681/z (u)     in_1->z R     unmapped_nand2         1   6.4     0    82    3295    (-,-) 
  PC1/sub_126_48/g1673/z (u)     in_0->z F     unmapped_nand2         3  18.9     0   135    3430    (-,-) 
  PC1/sub_126_48/g1669/z (u)     in_0->z R     unmapped_nand2         2  12.8     0   112    3542    (-,-) 
  PC1/sub_126_48/g1665/z (u)     in_0->z R     unmapped_complex2      1   6.4     0    82    3624    (-,-) 
  PC1/sub_126_48/g1658/z (u)     in_0->z F     unmapped_complex2      3  18.9     0   135    3759    (-,-) 
  PC1/sub_126_48/g1654/z (u)     in_1->z R     unmapped_nand2         1   6.4     0    82    3841    (-,-) 
  PC1/sub_126_48/g1652/z (u)     in_1->z F     unmapped_nand2         3  18.9     0   135    3976    (-,-) 
  PC1/sub_126_48/g1648/z (u)     in_0->z R     unmapped_nand2         1   6.4     0    82    4058    (-,-) 
  PC1/sub_126_48/g1647/z (u)     in_0->z F     unmapped_nand2         4  25.2     0   156    4214    (-,-) 
  PC1/sub_126_48/g1646/z (u)     in_0->z R     unmapped_complex2      2  12.8     0   112    4326    (-,-) 
  PC1/sub_126_48/g1641/z (u)     in_0->z R     unmapped_complex2      1   6.4     0    82    4408    (-,-) 
  PC1/sub_126_48/g1631/z (u)     in_0->z R     unmapped_complex2      1   6.4     0    82    4490    (-,-) 
  PC1/sub_126_48/g1629/z (u)     in_0->z F     unmapped_complex2      4  25.2     0   156    4646    (-,-) 
  PC1/sub_126_48/g1628/z (u)     in_0->z R     unmapped_complex2      1   6.4     0    82    4728    (-,-) 
  PC1/sub_126_48/g1620/z (u)     in_0->z F     unmapped_complex2      3  18.9     0   135    4863    (-,-) 
  PC1/sub_126_48/g1615/z (u)     in_1->z R     unmapped_nand2         1   6.4     0    82    4945    (-,-) 
  PC1/sub_126_48/g1611/z (u)     in_1->z F     unmapped_nand2         3  18.9     0   135    5080    (-,-) 
  PC1/sub_126_48/g1607/z (u)     in_1->z R     unmapped_nand2         1   6.4     0    82    5162    (-,-) 
  PC1/sub_126_48/g1606/z (u)     in_1->z F     unmapped_nand2         6  37.8     0   195    5357    (-,-) 
  PC1/sub_126_48/g1599/z (u)     in_0->z R     unmapped_complex2      2  12.8     0   112    5469    (-,-) 
  PC1/sub_126_48/g1595/z (u)     in_0->z F     unmapped_complex2      5  31.5     0   180    5649    (-,-) 
  PC1/sub_126_48/g1584/z (u)     in_0->z R     unmapped_complex2      1   6.4     0    82    5731    (-,-) 
  PC1/sub_126_48/g1574/z (u)     in_1->z F     unmapped_nand2         1   6.3     0    82    5813    (-,-) 
  PC1/sub_126_48/g1545/z (u)     in_1->z R     unmapped_nand2         1   6.4     0    82    5895    (-,-) 
  PC1/sub_126_48/g1544/z (u)     in_0->z F     unmapped_complex2      1   6.3     0    82    5976    (-,-) 
  PC1/sub_126_48/g1535/z (u)     in_0->z R     unmapped_nand2         1   6.4     0    82    6058    (-,-) 
  PC1/sub_126_48/g1527/z (u)     in_1->z F     unmapped_nand2         2  12.6     0   112    6171    (-,-) 
  PC1/sub_126_48/g1525/z (u)     in_0->z F     unmapped_or2           1   6.3     0    82    6252    (-,-) 
  PC1/sub_126_48/g1526/z (u)     in_1->z R     unmapped_nand2         1   6.4     0    82    6334    (-,-) 
  PC1/g26160/z           (u)     in_0->z F     unmapped_complex2      1   6.3     0    82    6416    (-,-) 
  PC1/g24348/z           (u)     in_1->z R     unmapped_complex2      1   6.4     0    82    6498    (-,-) 
  PC1/g24301/z           (u)     in_0->z F     unmapped_complex2      1   6.3     0    82    6580    (-,-) 
  PC1/g24265/z           (u)     in_0->z R     unmapped_nand2         2  12.8     0   112    6692    (-,-) 
  PC1/g24207/z           (u)     in_0->z R     unmapped_complex2     16  25.6     0   224    6916    (-,-) 
  PC1/g24147/z           (u)     in_0->z F     unmapped_complex2      1   6.3     0    82    6998    (-,-) 
  PC1/g23875/z           (u)     in_1->z R     unmapped_nand2         1   6.4     0    82    7080    (-,-) 
  PC1/RF_reg[2][31]/d    -       -       R     unmapped_d_flop        1     -     -     0    7080    (-,-) 
#----------------------------------------------------------------------------------------------------------

(u) : Net has unmapped pin(s).



Path 31: MET (2737 ps) Setup Check with Pin PC1/RF_reg[1][31]/clk->d
          Group: C2C
     Startpoint: (R) PC1/PSTATE_reg[0]/clk
          Clock: (R) SYS_CLOCK
       Endpoint: (R) PC1/RF_reg[1][31]/d
          Clock: (R) SYS_CLOCK

                     Capture       Launch     
        Clock Edge:+   10000            0     
       Src Latency:+       0            0     
       Net Latency:+       0 (I)        0 (I) 
           Arrival:=   10000            0     
                                              
             Setup:-     183                  
     Required Time:=    9817                  
      Launch Clock:-       0                  
         Data Path:-    7080                  
             Slack:=    2737                  

#----------------------------------------------------------------------------------------------------------
#     Timing Point       Flags    Arc    Edge       Cell         Fanout  Load Trans Delay Arrival Instance 
#                                                                        (fF)  (ps)  (ps)   (ps)  Location 
#----------------------------------------------------------------------------------------------------------
  PC1/PSTATE_reg[0]/clk  -       -       R     (arrival)            587     -     0     0       0    (-,-) 
  PC1/PSTATE_reg[0]/q    (u)     clk->q  F     unmapped_d_flop        6  33.3     0   807     807    (-,-) 
  PC1/g12268/z           (u)     in_0->z F     unmapped_or2           4  25.2     0   156     964    (-,-) 
  PC1/g17550/z           (u)     in_1->z F     unmapped_or2           1   6.3     0    82    1046    (-,-) 
  PC1/g17533/z           (u)     in_0->z F     unmapped_or2           8  50.4     0   222    1268    (-,-) 
  PC1/g16964/z           (u)     in_0->z F     unmapped_complex2      1   6.3     0    82    1350    (-,-) 
  PC1/g16652/z           (u)     in_1->z R     unmapped_nand2         4  25.6     0   156    1506    (-,-) 
  PC1/g7136/z            (u)     in_1->z F     unmapped_nand2         4  25.2     0   156    1663    (-,-) 
  PC1/g16544/z           (u)     in_1->z F     unmapped_or2          32 201.6     0   364    2026    (-,-) 
  PC1/g16497/z           (u)     in_0->z F     unmapped_complex2      1   6.3     0    82    2108    (-,-) 
  PC1/g15994/z           (u)     in_1->z R     unmapped_nand2         1   6.4     0    82    2190    (-,-) 
  PC1/g15729/z           (u)     in_1->z R     unmapped_or2           1   6.4     0    82    2272    (-,-) 
  PC1/g15561/z           (u)     in_1->z R     unmapped_or2           1   6.4     0    82    2354    (-,-) 
  PC1/g15527/z           (u)     in_1->z R     unmapped_or2          13  83.2     0   269    2623    (-,-) 
  PC1/sub_126_48/g484/z  (u)     in_1->z F     unmapped_complex2      4  25.2     0   156    2779    (-,-) 
  PC1/sub_126_48/g1735/z (u)     in_1->z R     unmapped_nand2         1   6.4     0    82    2861    (-,-) 
  PC1/sub_126_48/g1708/z (u)     in_0->z F     unmapped_nand2         3  18.9     0   135    2996    (-,-) 
  PC1/sub_126_48/g1696/z (u)     in_1->z R     unmapped_nand2         1   6.4     0    82    3078    (-,-) 
  PC1/sub_126_48/g1686/z (u)     in_1->z F     unmapped_nand2         3  18.9     0   135    3213    (-,-) 
  PC1/sub_126_48/g1681/z (u)     in_1->z R     unmapped_nand2         1   6.4     0    82    3295    (-,-) 
  PC1/sub_126_48/g1673/z (u)     in_0->z F     unmapped_nand2         3  18.9     0   135    3430    (-,-) 
  PC1/sub_126_48/g1669/z (u)     in_0->z R     unmapped_nand2         2  12.8     0   112    3542    (-,-) 
  PC1/sub_126_48/g1665/z (u)     in_0->z R     unmapped_complex2      1   6.4     0    82    3624    (-,-) 
  PC1/sub_126_48/g1658/z (u)     in_0->z F     unmapped_complex2      3  18.9     0   135    3759    (-,-) 
  PC1/sub_126_48/g1654/z (u)     in_1->z R     unmapped_nand2         1   6.4     0    82    3841    (-,-) 
  PC1/sub_126_48/g1652/z (u)     in_1->z F     unmapped_nand2         3  18.9     0   135    3976    (-,-) 
  PC1/sub_126_48/g1648/z (u)     in_0->z R     unmapped_nand2         1   6.4     0    82    4058    (-,-) 
  PC1/sub_126_48/g1647/z (u)     in_0->z F     unmapped_nand2         4  25.2     0   156    4214    (-,-) 
  PC1/sub_126_48/g1646/z (u)     in_0->z R     unmapped_complex2      2  12.8     0   112    4326    (-,-) 
  PC1/sub_126_48/g1641/z (u)     in_0->z R     unmapped_complex2      1   6.4     0    82    4408    (-,-) 
  PC1/sub_126_48/g1631/z (u)     in_0->z R     unmapped_complex2      1   6.4     0    82    4490    (-,-) 
  PC1/sub_126_48/g1629/z (u)     in_0->z F     unmapped_complex2      4  25.2     0   156    4646    (-,-) 
  PC1/sub_126_48/g1628/z (u)     in_0->z R     unmapped_complex2      1   6.4     0    82    4728    (-,-) 
  PC1/sub_126_48/g1620/z (u)     in_0->z F     unmapped_complex2      3  18.9     0   135    4863    (-,-) 
  PC1/sub_126_48/g1615/z (u)     in_1->z R     unmapped_nand2         1   6.4     0    82    4945    (-,-) 
  PC1/sub_126_48/g1611/z (u)     in_1->z F     unmapped_nand2         3  18.9     0   135    5080    (-,-) 
  PC1/sub_126_48/g1607/z (u)     in_1->z R     unmapped_nand2         1   6.4     0    82    5162    (-,-) 
  PC1/sub_126_48/g1606/z (u)     in_1->z F     unmapped_nand2         6  37.8     0   195    5357    (-,-) 
  PC1/sub_126_48/g1599/z (u)     in_0->z R     unmapped_complex2      2  12.8     0   112    5469    (-,-) 
  PC1/sub_126_48/g1595/z (u)     in_0->z F     unmapped_complex2      5  31.5     0   180    5649    (-,-) 
  PC1/sub_126_48/g1584/z (u)     in_0->z R     unmapped_complex2      1   6.4     0    82    5731    (-,-) 
  PC1/sub_126_48/g1574/z (u)     in_1->z F     unmapped_nand2         1   6.3     0    82    5813    (-,-) 
  PC1/sub_126_48/g1545/z (u)     in_1->z R     unmapped_nand2         1   6.4     0    82    5895    (-,-) 
  PC1/sub_126_48/g1544/z (u)     in_0->z F     unmapped_complex2      1   6.3     0    82    5976    (-,-) 
  PC1/sub_126_48/g1535/z (u)     in_0->z R     unmapped_nand2         1   6.4     0    82    6058    (-,-) 
  PC1/sub_126_48/g1527/z (u)     in_1->z F     unmapped_nand2         2  12.6     0   112    6171    (-,-) 
  PC1/sub_126_48/g1525/z (u)     in_0->z F     unmapped_or2           1   6.3     0    82    6252    (-,-) 
  PC1/sub_126_48/g1526/z (u)     in_1->z R     unmapped_nand2         1   6.4     0    82    6334    (-,-) 
  PC1/g26160/z           (u)     in_0->z F     unmapped_complex2      1   6.3     0    82    6416    (-,-) 
  PC1/g24348/z           (u)     in_1->z R     unmapped_complex2      1   6.4     0    82    6498    (-,-) 
  PC1/g24301/z           (u)     in_0->z F     unmapped_complex2      1   6.3     0    82    6580    (-,-) 
  PC1/g24265/z           (u)     in_0->z R     unmapped_nand2         2  12.8     0   112    6692    (-,-) 
  PC1/g24207/z           (u)     in_0->z R     unmapped_complex2     16  25.6     0   224    6916    (-,-) 
  PC1/g24200/z           (u)     in_0->z F     unmapped_complex2      1   6.3     0    82    6998    (-,-) 
  PC1/g23889/z           (u)     in_1->z R     unmapped_nand2         1   6.4     0    82    7080    (-,-) 
  PC1/RF_reg[1][31]/d    -       -       R     unmapped_d_flop        1     -     -     0    7080    (-,-) 
#----------------------------------------------------------------------------------------------------------

(u) : Net has unmapped pin(s).



Path 32: MET (2737 ps) Setup Check with Pin PC1/RF_reg[0][31]/clk->d
          Group: C2C
     Startpoint: (R) PC1/PSTATE_reg[0]/clk
          Clock: (R) SYS_CLOCK
       Endpoint: (R) PC1/RF_reg[0][31]/d
          Clock: (R) SYS_CLOCK

                     Capture       Launch     
        Clock Edge:+   10000            0     
       Src Latency:+       0            0     
       Net Latency:+       0 (I)        0 (I) 
           Arrival:=   10000            0     
                                              
             Setup:-     183                  
     Required Time:=    9817                  
      Launch Clock:-       0                  
         Data Path:-    7080                  
             Slack:=    2737                  

#----------------------------------------------------------------------------------------------------------
#     Timing Point       Flags    Arc    Edge       Cell         Fanout  Load Trans Delay Arrival Instance 
#                                                                        (fF)  (ps)  (ps)   (ps)  Location 
#----------------------------------------------------------------------------------------------------------
  PC1/PSTATE_reg[0]/clk  -       -       R     (arrival)            587     -     0     0       0    (-,-) 
  PC1/PSTATE_reg[0]/q    (u)     clk->q  F     unmapped_d_flop        6  33.3     0   807     807    (-,-) 
  PC1/g12268/z           (u)     in_0->z F     unmapped_or2           4  25.2     0   156     964    (-,-) 
  PC1/g17550/z           (u)     in_1->z F     unmapped_or2           1   6.3     0    82    1046    (-,-) 
  PC1/g17533/z           (u)     in_0->z F     unmapped_or2           8  50.4     0   222    1268    (-,-) 
  PC1/g16964/z           (u)     in_0->z F     unmapped_complex2      1   6.3     0    82    1350    (-,-) 
  PC1/g16652/z           (u)     in_1->z R     unmapped_nand2         4  25.6     0   156    1506    (-,-) 
  PC1/g7136/z            (u)     in_1->z F     unmapped_nand2         4  25.2     0   156    1663    (-,-) 
  PC1/g16544/z           (u)     in_1->z F     unmapped_or2          32 201.6     0   364    2026    (-,-) 
  PC1/g16497/z           (u)     in_0->z F     unmapped_complex2      1   6.3     0    82    2108    (-,-) 
  PC1/g15994/z           (u)     in_1->z R     unmapped_nand2         1   6.4     0    82    2190    (-,-) 
  PC1/g15729/z           (u)     in_1->z R     unmapped_or2           1   6.4     0    82    2272    (-,-) 
  PC1/g15561/z           (u)     in_1->z R     unmapped_or2           1   6.4     0    82    2354    (-,-) 
  PC1/g15527/z           (u)     in_1->z R     unmapped_or2          13  83.2     0   269    2623    (-,-) 
  PC1/sub_126_48/g484/z  (u)     in_1->z F     unmapped_complex2      4  25.2     0   156    2779    (-,-) 
  PC1/sub_126_48/g1735/z (u)     in_1->z R     unmapped_nand2         1   6.4     0    82    2861    (-,-) 
  PC1/sub_126_48/g1708/z (u)     in_0->z F     unmapped_nand2         3  18.9     0   135    2996    (-,-) 
  PC1/sub_126_48/g1696/z (u)     in_1->z R     unmapped_nand2         1   6.4     0    82    3078    (-,-) 
  PC1/sub_126_48/g1686/z (u)     in_1->z F     unmapped_nand2         3  18.9     0   135    3213    (-,-) 
  PC1/sub_126_48/g1681/z (u)     in_1->z R     unmapped_nand2         1   6.4     0    82    3295    (-,-) 
  PC1/sub_126_48/g1673/z (u)     in_0->z F     unmapped_nand2         3  18.9     0   135    3430    (-,-) 
  PC1/sub_126_48/g1669/z (u)     in_0->z R     unmapped_nand2         2  12.8     0   112    3542    (-,-) 
  PC1/sub_126_48/g1665/z (u)     in_0->z R     unmapped_complex2      1   6.4     0    82    3624    (-,-) 
  PC1/sub_126_48/g1658/z (u)     in_0->z F     unmapped_complex2      3  18.9     0   135    3759    (-,-) 
  PC1/sub_126_48/g1654/z (u)     in_1->z R     unmapped_nand2         1   6.4     0    82    3841    (-,-) 
  PC1/sub_126_48/g1652/z (u)     in_1->z F     unmapped_nand2         3  18.9     0   135    3976    (-,-) 
  PC1/sub_126_48/g1648/z (u)     in_0->z R     unmapped_nand2         1   6.4     0    82    4058    (-,-) 
  PC1/sub_126_48/g1647/z (u)     in_0->z F     unmapped_nand2         4  25.2     0   156    4214    (-,-) 
  PC1/sub_126_48/g1646/z (u)     in_0->z R     unmapped_complex2      2  12.8     0   112    4326    (-,-) 
  PC1/sub_126_48/g1641/z (u)     in_0->z R     unmapped_complex2      1   6.4     0    82    4408    (-,-) 
  PC1/sub_126_48/g1631/z (u)     in_0->z R     unmapped_complex2      1   6.4     0    82    4490    (-,-) 
  PC1/sub_126_48/g1629/z (u)     in_0->z F     unmapped_complex2      4  25.2     0   156    4646    (-,-) 
  PC1/sub_126_48/g1628/z (u)     in_0->z R     unmapped_complex2      1   6.4     0    82    4728    (-,-) 
  PC1/sub_126_48/g1620/z (u)     in_0->z F     unmapped_complex2      3  18.9     0   135    4863    (-,-) 
  PC1/sub_126_48/g1615/z (u)     in_1->z R     unmapped_nand2         1   6.4     0    82    4945    (-,-) 
  PC1/sub_126_48/g1611/z (u)     in_1->z F     unmapped_nand2         3  18.9     0   135    5080    (-,-) 
  PC1/sub_126_48/g1607/z (u)     in_1->z R     unmapped_nand2         1   6.4     0    82    5162    (-,-) 
  PC1/sub_126_48/g1606/z (u)     in_1->z F     unmapped_nand2         6  37.8     0   195    5357    (-,-) 
  PC1/sub_126_48/g1599/z (u)     in_0->z R     unmapped_complex2      2  12.8     0   112    5469    (-,-) 
  PC1/sub_126_48/g1595/z (u)     in_0->z F     unmapped_complex2      5  31.5     0   180    5649    (-,-) 
  PC1/sub_126_48/g1584/z (u)     in_0->z R     unmapped_complex2      1   6.4     0    82    5731    (-,-) 
  PC1/sub_126_48/g1574/z (u)     in_1->z F     unmapped_nand2         1   6.3     0    82    5813    (-,-) 
  PC1/sub_126_48/g1545/z (u)     in_1->z R     unmapped_nand2         1   6.4     0    82    5895    (-,-) 
  PC1/sub_126_48/g1544/z (u)     in_0->z F     unmapped_complex2      1   6.3     0    82    5976    (-,-) 
  PC1/sub_126_48/g1535/z (u)     in_0->z R     unmapped_nand2         1   6.4     0    82    6058    (-,-) 
  PC1/sub_126_48/g1527/z (u)     in_1->z F     unmapped_nand2         2  12.6     0   112    6171    (-,-) 
  PC1/sub_126_48/g1525/z (u)     in_0->z F     unmapped_or2           1   6.3     0    82    6252    (-,-) 
  PC1/sub_126_48/g1526/z (u)     in_1->z R     unmapped_nand2         1   6.4     0    82    6334    (-,-) 
  PC1/g26160/z           (u)     in_0->z F     unmapped_complex2      1   6.3     0    82    6416    (-,-) 
  PC1/g24348/z           (u)     in_1->z R     unmapped_complex2      1   6.4     0    82    6498    (-,-) 
  PC1/g24301/z           (u)     in_0->z F     unmapped_complex2      1   6.3     0    82    6580    (-,-) 
  PC1/g24265/z           (u)     in_0->z R     unmapped_nand2         2  12.8     0   112    6692    (-,-) 
  PC1/g24207/z           (u)     in_0->z R     unmapped_complex2     16  25.6     0   224    6916    (-,-) 
  PC1/g24165/z           (u)     in_0->z F     unmapped_complex2      1   6.3     0    82    6998    (-,-) 
  PC1/g23934/z           (u)     in_1->z R     unmapped_nand2         1   6.4     0    82    7080    (-,-) 
  PC1/RF_reg[0][31]/d    -       -       R     unmapped_d_flop        1     -     -     0    7080    (-,-) 
#----------------------------------------------------------------------------------------------------------

(u) : Net has unmapped pin(s).



Path 33: MET (2902 ps) Setup Check with Pin PC1/RF_reg[15][23]/clk->d
          Group: C2C
     Startpoint: (R) PC1/PSTATE_reg[0]/clk
          Clock: (R) SYS_CLOCK
       Endpoint: (R) PC1/RF_reg[15][23]/d
          Clock: (R) SYS_CLOCK

                     Capture       Launch     
        Clock Edge:+   10000            0     
       Src Latency:+       0            0     
       Net Latency:+       0 (I)        0 (I) 
           Arrival:=   10000            0     
                                              
             Setup:-     183                  
     Required Time:=    9817                  
      Launch Clock:-       0                  
         Data Path:-    6915                  
             Slack:=    2902                  

#----------------------------------------------------------------------------------------------------------
#     Timing Point       Flags    Arc    Edge       Cell         Fanout  Load Trans Delay Arrival Instance 
#                                                                        (fF)  (ps)  (ps)   (ps)  Location 
#----------------------------------------------------------------------------------------------------------
  PC1/PSTATE_reg[0]/clk  -       -       R     (arrival)            587     -     0     0       0    (-,-) 
  PC1/PSTATE_reg[0]/q    (u)     clk->q  F     unmapped_d_flop        6  33.3     0   807     807    (-,-) 
  PC1/g12268/z           (u)     in_0->z F     unmapped_or2           4  25.2     0   156     964    (-,-) 
  PC1/g17550/z           (u)     in_1->z F     unmapped_or2           1   6.3     0    82    1046    (-,-) 
  PC1/g17533/z           (u)     in_0->z F     unmapped_or2           8  50.4     0   222    1268    (-,-) 
  PC1/g16964/z           (u)     in_0->z F     unmapped_complex2      1   6.3     0    82    1350    (-,-) 
  PC1/g16652/z           (u)     in_1->z R     unmapped_nand2         4  25.6     0   156    1506    (-,-) 
  PC1/g7136/z            (u)     in_1->z F     unmapped_nand2         4  25.2     0   156    1663    (-,-) 
  PC1/g16544/z           (u)     in_1->z F     unmapped_or2          32 201.6     0   364    2026    (-,-) 
  PC1/g16497/z           (u)     in_0->z F     unmapped_complex2      1   6.3     0    82    2108    (-,-) 
  PC1/g15994/z           (u)     in_1->z R     unmapped_nand2         1   6.4     0    82    2190    (-,-) 
  PC1/g15729/z           (u)     in_1->z R     unmapped_or2           1   6.4     0    82    2272    (-,-) 
  PC1/g15561/z           (u)     in_1->z R     unmapped_or2           1   6.4     0    82    2354    (-,-) 
  PC1/g15527/z           (u)     in_1->z R     unmapped_or2          13  83.2     0   269    2623    (-,-) 
  PC1/sub_126_48/g484/z  (u)     in_1->z F     unmapped_complex2      4  25.2     0   156    2779    (-,-) 
  PC1/sub_126_48/g1735/z (u)     in_1->z R     unmapped_nand2         1   6.4     0    82    2861    (-,-) 
  PC1/sub_126_48/g1708/z (u)     in_0->z F     unmapped_nand2         3  18.9     0   135    2996    (-,-) 
  PC1/sub_126_48/g1696/z (u)     in_1->z R     unmapped_nand2         1   6.4     0    82    3078    (-,-) 
  PC1/sub_126_48/g1686/z (u)     in_1->z F     unmapped_nand2         3  18.9     0   135    3213    (-,-) 
  PC1/sub_126_48/g1681/z (u)     in_1->z R     unmapped_nand2         1   6.4     0    82    3295    (-,-) 
  PC1/sub_126_48/g1673/z (u)     in_0->z F     unmapped_nand2         3  18.9     0   135    3430    (-,-) 
  PC1/sub_126_48/g1669/z (u)     in_0->z R     unmapped_nand2         2  12.8     0   112    3542    (-,-) 
  PC1/sub_126_48/g1665/z (u)     in_0->z R     unmapped_complex2      1   6.4     0    82    3624    (-,-) 
  PC1/sub_126_48/g1658/z (u)     in_0->z F     unmapped_complex2      3  18.9     0   135    3759    (-,-) 
  PC1/sub_126_48/g1654/z (u)     in_1->z R     unmapped_nand2         1   6.4     0    82    3841    (-,-) 
  PC1/sub_126_48/g1652/z (u)     in_1->z F     unmapped_nand2         3  18.9     0   135    3976    (-,-) 
  PC1/sub_126_48/g1648/z (u)     in_0->z R     unmapped_nand2         1   6.4     0    82    4058    (-,-) 
  PC1/sub_126_48/g1647/z (u)     in_0->z F     unmapped_nand2         4  25.2     0   156    4214    (-,-) 
  PC1/sub_126_48/g1646/z (u)     in_0->z R     unmapped_complex2      2  12.8     0   112    4326    (-,-) 
  PC1/sub_126_48/g1641/z (u)     in_0->z R     unmapped_complex2      1   6.4     0    82    4408    (-,-) 
  PC1/sub_126_48/g1631/z (u)     in_0->z R     unmapped_complex2      1   6.4     0    82    4490    (-,-) 
  PC1/sub_126_48/g1629/z (u)     in_0->z F     unmapped_complex2      4  25.2     0   156    4646    (-,-) 
  PC1/sub_126_48/g1628/z (u)     in_0->z R     unmapped_complex2      1   6.4     0    82    4728    (-,-) 
  PC1/sub_126_48/g1620/z (u)     in_0->z F     unmapped_complex2      3  18.9     0   135    4863    (-,-) 
  PC1/sub_126_48/g1615/z (u)     in_1->z R     unmapped_nand2         1   6.4     0    82    4945    (-,-) 
  PC1/sub_126_48/g1611/z (u)     in_1->z F     unmapped_nand2         3  18.9     0   135    5080    (-,-) 
  PC1/sub_126_48/g1607/z (u)     in_1->z R     unmapped_nand2         1   6.4     0    82    5162    (-,-) 
  PC1/sub_126_48/g1606/z (u)     in_1->z F     unmapped_nand2         6  37.8     0   195    5357    (-,-) 
  PC1/sub_126_48/g1604/z (u)     in_0->z R     unmapped_complex2      1   6.4     0    82    5439    (-,-) 
  PC1/sub_126_48/g1594/z (u)     in_0->z F     unmapped_complex2      4  25.2     0   156    5595    (-,-) 
  PC1/sub_126_48/g1579/z (u)     in_0->z R     unmapped_complex2      1   6.4     0    82    5677    (-,-) 
  PC1/sub_126_48/g1567/z (u)     in_0->z F     unmapped_complex2      3  18.9     0   135    5812    (-,-) 
  PC1/sub_126_48/g1559/z (u)     in_1->z R     unmapped_nand2         1   6.4     0    82    5894    (-,-) 
  PC1/sub_126_48/g1542/z (u)     in_1->z F     unmapped_nand2         2  12.6     0   112    6006    (-,-) 
  PC1/sub_126_48/g1532/z (u)     in_0->z F     unmapped_or2           1   6.3     0    82    6088    (-,-) 
  PC1/sub_126_48/g1533/z (u)     in_1->z R     unmapped_nand2         1   6.4     0    82    6170    (-,-) 
  PC1/g25889/z           (u)     in_0->z F     unmapped_complex2      1   6.3     0    82    6252    (-,-) 
  PC1/g24300/z           (u)     in_1->z R     unmapped_complex2      1   6.4     0    82    6334    (-,-) 
  PC1/g24242/z           (u)     in_0->z F     unmapped_complex2      1   6.3     0    82    6416    (-,-) 
  PC1/g24215/z           (u)     in_0->z R     unmapped_complex2      2  12.8     0   112    6528    (-,-) 
  PC1/g24188/z           (u)     in_0->z R     unmapped_complex2     16  25.6     0   224    6752    (-,-) 
  PC1/g23848/z           (u)     in_0->z F     unmapped_complex2      1   6.3     0    82    6834    (-,-) 
  PC1/g23503/z           (u)     in_1->z R     unmapped_nand2         1   6.4     0    82    6915    (-,-) 
  PC1/RF_reg[15][23]/d   -       -       R     unmapped_d_flop        1     -     -     0    6915    (-,-) 
#----------------------------------------------------------------------------------------------------------

(u) : Net has unmapped pin(s).



Path 34: MET (2902 ps) Setup Check with Pin PC1/RF_reg[14][23]/clk->d
          Group: C2C
     Startpoint: (R) PC1/PSTATE_reg[0]/clk
          Clock: (R) SYS_CLOCK
       Endpoint: (R) PC1/RF_reg[14][23]/d
          Clock: (R) SYS_CLOCK

                     Capture       Launch     
        Clock Edge:+   10000            0     
       Src Latency:+       0            0     
       Net Latency:+       0 (I)        0 (I) 
           Arrival:=   10000            0     
                                              
             Setup:-     183                  
     Required Time:=    9817                  
      Launch Clock:-       0                  
         Data Path:-    6915                  
             Slack:=    2902                  

#----------------------------------------------------------------------------------------------------------
#     Timing Point       Flags    Arc    Edge       Cell         Fanout  Load Trans Delay Arrival Instance 
#                                                                        (fF)  (ps)  (ps)   (ps)  Location 
#----------------------------------------------------------------------------------------------------------
  PC1/PSTATE_reg[0]/clk  -       -       R     (arrival)            587     -     0     0       0    (-,-) 
  PC1/PSTATE_reg[0]/q    (u)     clk->q  F     unmapped_d_flop        6  33.3     0   807     807    (-,-) 
  PC1/g12268/z           (u)     in_0->z F     unmapped_or2           4  25.2     0   156     964    (-,-) 
  PC1/g17550/z           (u)     in_1->z F     unmapped_or2           1   6.3     0    82    1046    (-,-) 
  PC1/g17533/z           (u)     in_0->z F     unmapped_or2           8  50.4     0   222    1268    (-,-) 
  PC1/g16964/z           (u)     in_0->z F     unmapped_complex2      1   6.3     0    82    1350    (-,-) 
  PC1/g16652/z           (u)     in_1->z R     unmapped_nand2         4  25.6     0   156    1506    (-,-) 
  PC1/g7136/z            (u)     in_1->z F     unmapped_nand2         4  25.2     0   156    1663    (-,-) 
  PC1/g16544/z           (u)     in_1->z F     unmapped_or2          32 201.6     0   364    2026    (-,-) 
  PC1/g16497/z           (u)     in_0->z F     unmapped_complex2      1   6.3     0    82    2108    (-,-) 
  PC1/g15994/z           (u)     in_1->z R     unmapped_nand2         1   6.4     0    82    2190    (-,-) 
  PC1/g15729/z           (u)     in_1->z R     unmapped_or2           1   6.4     0    82    2272    (-,-) 
  PC1/g15561/z           (u)     in_1->z R     unmapped_or2           1   6.4     0    82    2354    (-,-) 
  PC1/g15527/z           (u)     in_1->z R     unmapped_or2          13  83.2     0   269    2623    (-,-) 
  PC1/sub_126_48/g484/z  (u)     in_1->z F     unmapped_complex2      4  25.2     0   156    2779    (-,-) 
  PC1/sub_126_48/g1735/z (u)     in_1->z R     unmapped_nand2         1   6.4     0    82    2861    (-,-) 
  PC1/sub_126_48/g1708/z (u)     in_0->z F     unmapped_nand2         3  18.9     0   135    2996    (-,-) 
  PC1/sub_126_48/g1696/z (u)     in_1->z R     unmapped_nand2         1   6.4     0    82    3078    (-,-) 
  PC1/sub_126_48/g1686/z (u)     in_1->z F     unmapped_nand2         3  18.9     0   135    3213    (-,-) 
  PC1/sub_126_48/g1681/z (u)     in_1->z R     unmapped_nand2         1   6.4     0    82    3295    (-,-) 
  PC1/sub_126_48/g1673/z (u)     in_0->z F     unmapped_nand2         3  18.9     0   135    3430    (-,-) 
  PC1/sub_126_48/g1669/z (u)     in_0->z R     unmapped_nand2         2  12.8     0   112    3542    (-,-) 
  PC1/sub_126_48/g1665/z (u)     in_0->z R     unmapped_complex2      1   6.4     0    82    3624    (-,-) 
  PC1/sub_126_48/g1658/z (u)     in_0->z F     unmapped_complex2      3  18.9     0   135    3759    (-,-) 
  PC1/sub_126_48/g1654/z (u)     in_1->z R     unmapped_nand2         1   6.4     0    82    3841    (-,-) 
  PC1/sub_126_48/g1652/z (u)     in_1->z F     unmapped_nand2         3  18.9     0   135    3976    (-,-) 
  PC1/sub_126_48/g1648/z (u)     in_0->z R     unmapped_nand2         1   6.4     0    82    4058    (-,-) 
  PC1/sub_126_48/g1647/z (u)     in_0->z F     unmapped_nand2         4  25.2     0   156    4214    (-,-) 
  PC1/sub_126_48/g1646/z (u)     in_0->z R     unmapped_complex2      2  12.8     0   112    4326    (-,-) 
  PC1/sub_126_48/g1641/z (u)     in_0->z R     unmapped_complex2      1   6.4     0    82    4408    (-,-) 
  PC1/sub_126_48/g1631/z (u)     in_0->z R     unmapped_complex2      1   6.4     0    82    4490    (-,-) 
  PC1/sub_126_48/g1629/z (u)     in_0->z F     unmapped_complex2      4  25.2     0   156    4646    (-,-) 
  PC1/sub_126_48/g1628/z (u)     in_0->z R     unmapped_complex2      1   6.4     0    82    4728    (-,-) 
  PC1/sub_126_48/g1620/z (u)     in_0->z F     unmapped_complex2      3  18.9     0   135    4863    (-,-) 
  PC1/sub_126_48/g1615/z (u)     in_1->z R     unmapped_nand2         1   6.4     0    82    4945    (-,-) 
  PC1/sub_126_48/g1611/z (u)     in_1->z F     unmapped_nand2         3  18.9     0   135    5080    (-,-) 
  PC1/sub_126_48/g1607/z (u)     in_1->z R     unmapped_nand2         1   6.4     0    82    5162    (-,-) 
  PC1/sub_126_48/g1606/z (u)     in_1->z F     unmapped_nand2         6  37.8     0   195    5357    (-,-) 
  PC1/sub_126_48/g1604/z (u)     in_0->z R     unmapped_complex2      1   6.4     0    82    5439    (-,-) 
  PC1/sub_126_48/g1594/z (u)     in_0->z F     unmapped_complex2      4  25.2     0   156    5595    (-,-) 
  PC1/sub_126_48/g1579/z (u)     in_0->z R     unmapped_complex2      1   6.4     0    82    5677    (-,-) 
  PC1/sub_126_48/g1567/z (u)     in_0->z F     unmapped_complex2      3  18.9     0   135    5812    (-,-) 
  PC1/sub_126_48/g1559/z (u)     in_1->z R     unmapped_nand2         1   6.4     0    82    5894    (-,-) 
  PC1/sub_126_48/g1542/z (u)     in_1->z F     unmapped_nand2         2  12.6     0   112    6006    (-,-) 
  PC1/sub_126_48/g1532/z (u)     in_0->z F     unmapped_or2           1   6.3     0    82    6088    (-,-) 
  PC1/sub_126_48/g1533/z (u)     in_1->z R     unmapped_nand2         1   6.4     0    82    6170    (-,-) 
  PC1/g25889/z           (u)     in_0->z F     unmapped_complex2      1   6.3     0    82    6252    (-,-) 
  PC1/g24300/z           (u)     in_1->z R     unmapped_complex2      1   6.4     0    82    6334    (-,-) 
  PC1/g24242/z           (u)     in_0->z F     unmapped_complex2      1   6.3     0    82    6416    (-,-) 
  PC1/g24215/z           (u)     in_0->z R     unmapped_complex2      2  12.8     0   112    6528    (-,-) 
  PC1/g24188/z           (u)     in_0->z R     unmapped_complex2     16  25.6     0   224    6752    (-,-) 
  PC1/g23850/z           (u)     in_0->z F     unmapped_complex2      1   6.3     0    82    6834    (-,-) 
  PC1/g23506/z           (u)     in_1->z R     unmapped_nand2         1   6.4     0    82    6915    (-,-) 
  PC1/RF_reg[14][23]/d   -       -       R     unmapped_d_flop        1     -     -     0    6915    (-,-) 
#----------------------------------------------------------------------------------------------------------

(u) : Net has unmapped pin(s).



Path 35: MET (2902 ps) Setup Check with Pin PC1/RF_reg[13][23]/clk->d
          Group: C2C
     Startpoint: (R) PC1/PSTATE_reg[0]/clk
          Clock: (R) SYS_CLOCK
       Endpoint: (R) PC1/RF_reg[13][23]/d
          Clock: (R) SYS_CLOCK

                     Capture       Launch     
        Clock Edge:+   10000            0     
       Src Latency:+       0            0     
       Net Latency:+       0 (I)        0 (I) 
           Arrival:=   10000            0     
                                              
             Setup:-     183                  
     Required Time:=    9817                  
      Launch Clock:-       0                  
         Data Path:-    6915                  
             Slack:=    2902                  

#----------------------------------------------------------------------------------------------------------
#     Timing Point       Flags    Arc    Edge       Cell         Fanout  Load Trans Delay Arrival Instance 
#                                                                        (fF)  (ps)  (ps)   (ps)  Location 
#----------------------------------------------------------------------------------------------------------
  PC1/PSTATE_reg[0]/clk  -       -       R     (arrival)            587     -     0     0       0    (-,-) 
  PC1/PSTATE_reg[0]/q    (u)     clk->q  F     unmapped_d_flop        6  33.3     0   807     807    (-,-) 
  PC1/g12268/z           (u)     in_0->z F     unmapped_or2           4  25.2     0   156     964    (-,-) 
  PC1/g17550/z           (u)     in_1->z F     unmapped_or2           1   6.3     0    82    1046    (-,-) 
  PC1/g17533/z           (u)     in_0->z F     unmapped_or2           8  50.4     0   222    1268    (-,-) 
  PC1/g16964/z           (u)     in_0->z F     unmapped_complex2      1   6.3     0    82    1350    (-,-) 
  PC1/g16652/z           (u)     in_1->z R     unmapped_nand2         4  25.6     0   156    1506    (-,-) 
  PC1/g7136/z            (u)     in_1->z F     unmapped_nand2         4  25.2     0   156    1663    (-,-) 
  PC1/g16544/z           (u)     in_1->z F     unmapped_or2          32 201.6     0   364    2026    (-,-) 
  PC1/g16497/z           (u)     in_0->z F     unmapped_complex2      1   6.3     0    82    2108    (-,-) 
  PC1/g15994/z           (u)     in_1->z R     unmapped_nand2         1   6.4     0    82    2190    (-,-) 
  PC1/g15729/z           (u)     in_1->z R     unmapped_or2           1   6.4     0    82    2272    (-,-) 
  PC1/g15561/z           (u)     in_1->z R     unmapped_or2           1   6.4     0    82    2354    (-,-) 
  PC1/g15527/z           (u)     in_1->z R     unmapped_or2          13  83.2     0   269    2623    (-,-) 
  PC1/sub_126_48/g484/z  (u)     in_1->z F     unmapped_complex2      4  25.2     0   156    2779    (-,-) 
  PC1/sub_126_48/g1735/z (u)     in_1->z R     unmapped_nand2         1   6.4     0    82    2861    (-,-) 
  PC1/sub_126_48/g1708/z (u)     in_0->z F     unmapped_nand2         3  18.9     0   135    2996    (-,-) 
  PC1/sub_126_48/g1696/z (u)     in_1->z R     unmapped_nand2         1   6.4     0    82    3078    (-,-) 
  PC1/sub_126_48/g1686/z (u)     in_1->z F     unmapped_nand2         3  18.9     0   135    3213    (-,-) 
  PC1/sub_126_48/g1681/z (u)     in_1->z R     unmapped_nand2         1   6.4     0    82    3295    (-,-) 
  PC1/sub_126_48/g1673/z (u)     in_0->z F     unmapped_nand2         3  18.9     0   135    3430    (-,-) 
  PC1/sub_126_48/g1669/z (u)     in_0->z R     unmapped_nand2         2  12.8     0   112    3542    (-,-) 
  PC1/sub_126_48/g1665/z (u)     in_0->z R     unmapped_complex2      1   6.4     0    82    3624    (-,-) 
  PC1/sub_126_48/g1658/z (u)     in_0->z F     unmapped_complex2      3  18.9     0   135    3759    (-,-) 
  PC1/sub_126_48/g1654/z (u)     in_1->z R     unmapped_nand2         1   6.4     0    82    3841    (-,-) 
  PC1/sub_126_48/g1652/z (u)     in_1->z F     unmapped_nand2         3  18.9     0   135    3976    (-,-) 
  PC1/sub_126_48/g1648/z (u)     in_0->z R     unmapped_nand2         1   6.4     0    82    4058    (-,-) 
  PC1/sub_126_48/g1647/z (u)     in_0->z F     unmapped_nand2         4  25.2     0   156    4214    (-,-) 
  PC1/sub_126_48/g1646/z (u)     in_0->z R     unmapped_complex2      2  12.8     0   112    4326    (-,-) 
  PC1/sub_126_48/g1641/z (u)     in_0->z R     unmapped_complex2      1   6.4     0    82    4408    (-,-) 
  PC1/sub_126_48/g1631/z (u)     in_0->z R     unmapped_complex2      1   6.4     0    82    4490    (-,-) 
  PC1/sub_126_48/g1629/z (u)     in_0->z F     unmapped_complex2      4  25.2     0   156    4646    (-,-) 
  PC1/sub_126_48/g1628/z (u)     in_0->z R     unmapped_complex2      1   6.4     0    82    4728    (-,-) 
  PC1/sub_126_48/g1620/z (u)     in_0->z F     unmapped_complex2      3  18.9     0   135    4863    (-,-) 
  PC1/sub_126_48/g1615/z (u)     in_1->z R     unmapped_nand2         1   6.4     0    82    4945    (-,-) 
  PC1/sub_126_48/g1611/z (u)     in_1->z F     unmapped_nand2         3  18.9     0   135    5080    (-,-) 
  PC1/sub_126_48/g1607/z (u)     in_1->z R     unmapped_nand2         1   6.4     0    82    5162    (-,-) 
  PC1/sub_126_48/g1606/z (u)     in_1->z F     unmapped_nand2         6  37.8     0   195    5357    (-,-) 
  PC1/sub_126_48/g1604/z (u)     in_0->z R     unmapped_complex2      1   6.4     0    82    5439    (-,-) 
  PC1/sub_126_48/g1594/z (u)     in_0->z F     unmapped_complex2      4  25.2     0   156    5595    (-,-) 
  PC1/sub_126_48/g1579/z (u)     in_0->z R     unmapped_complex2      1   6.4     0    82    5677    (-,-) 
  PC1/sub_126_48/g1567/z (u)     in_0->z F     unmapped_complex2      3  18.9     0   135    5812    (-,-) 
  PC1/sub_126_48/g1559/z (u)     in_1->z R     unmapped_nand2         1   6.4     0    82    5894    (-,-) 
  PC1/sub_126_48/g1542/z (u)     in_1->z F     unmapped_nand2         2  12.6     0   112    6006    (-,-) 
  PC1/sub_126_48/g1532/z (u)     in_0->z F     unmapped_or2           1   6.3     0    82    6088    (-,-) 
  PC1/sub_126_48/g1533/z (u)     in_1->z R     unmapped_nand2         1   6.4     0    82    6170    (-,-) 
  PC1/g25889/z           (u)     in_0->z F     unmapped_complex2      1   6.3     0    82    6252    (-,-) 
  PC1/g24300/z           (u)     in_1->z R     unmapped_complex2      1   6.4     0    82    6334    (-,-) 
  PC1/g24242/z           (u)     in_0->z F     unmapped_complex2      1   6.3     0    82    6416    (-,-) 
  PC1/g24215/z           (u)     in_0->z R     unmapped_complex2      2  12.8     0   112    6528    (-,-) 
  PC1/g24188/z           (u)     in_0->z R     unmapped_complex2     16  25.6     0   224    6752    (-,-) 
  PC1/g23852/z           (u)     in_0->z F     unmapped_complex2      1   6.3     0    82    6834    (-,-) 
  PC1/g23509/z           (u)     in_1->z R     unmapped_nand2         1   6.4     0    82    6915    (-,-) 
  PC1/RF_reg[13][23]/d   -       -       R     unmapped_d_flop        1     -     -     0    6915    (-,-) 
#----------------------------------------------------------------------------------------------------------

(u) : Net has unmapped pin(s).



Path 36: MET (2902 ps) Setup Check with Pin PC1/RF_reg[12][23]/clk->d
          Group: C2C
     Startpoint: (R) PC1/PSTATE_reg[0]/clk
          Clock: (R) SYS_CLOCK
       Endpoint: (R) PC1/RF_reg[12][23]/d
          Clock: (R) SYS_CLOCK

                     Capture       Launch     
        Clock Edge:+   10000            0     
       Src Latency:+       0            0     
       Net Latency:+       0 (I)        0 (I) 
           Arrival:=   10000            0     
                                              
             Setup:-     183                  
     Required Time:=    9817                  
      Launch Clock:-       0                  
         Data Path:-    6915                  
             Slack:=    2902                  

#----------------------------------------------------------------------------------------------------------
#     Timing Point       Flags    Arc    Edge       Cell         Fanout  Load Trans Delay Arrival Instance 
#                                                                        (fF)  (ps)  (ps)   (ps)  Location 
#----------------------------------------------------------------------------------------------------------
  PC1/PSTATE_reg[0]/clk  -       -       R     (arrival)            587     -     0     0       0    (-,-) 
  PC1/PSTATE_reg[0]/q    (u)     clk->q  F     unmapped_d_flop        6  33.3     0   807     807    (-,-) 
  PC1/g12268/z           (u)     in_0->z F     unmapped_or2           4  25.2     0   156     964    (-,-) 
  PC1/g17550/z           (u)     in_1->z F     unmapped_or2           1   6.3     0    82    1046    (-,-) 
  PC1/g17533/z           (u)     in_0->z F     unmapped_or2           8  50.4     0   222    1268    (-,-) 
  PC1/g16964/z           (u)     in_0->z F     unmapped_complex2      1   6.3     0    82    1350    (-,-) 
  PC1/g16652/z           (u)     in_1->z R     unmapped_nand2         4  25.6     0   156    1506    (-,-) 
  PC1/g7136/z            (u)     in_1->z F     unmapped_nand2         4  25.2     0   156    1663    (-,-) 
  PC1/g16544/z           (u)     in_1->z F     unmapped_or2          32 201.6     0   364    2026    (-,-) 
  PC1/g16497/z           (u)     in_0->z F     unmapped_complex2      1   6.3     0    82    2108    (-,-) 
  PC1/g15994/z           (u)     in_1->z R     unmapped_nand2         1   6.4     0    82    2190    (-,-) 
  PC1/g15729/z           (u)     in_1->z R     unmapped_or2           1   6.4     0    82    2272    (-,-) 
  PC1/g15561/z           (u)     in_1->z R     unmapped_or2           1   6.4     0    82    2354    (-,-) 
  PC1/g15527/z           (u)     in_1->z R     unmapped_or2          13  83.2     0   269    2623    (-,-) 
  PC1/sub_126_48/g484/z  (u)     in_1->z F     unmapped_complex2      4  25.2     0   156    2779    (-,-) 
  PC1/sub_126_48/g1735/z (u)     in_1->z R     unmapped_nand2         1   6.4     0    82    2861    (-,-) 
  PC1/sub_126_48/g1708/z (u)     in_0->z F     unmapped_nand2         3  18.9     0   135    2996    (-,-) 
  PC1/sub_126_48/g1696/z (u)     in_1->z R     unmapped_nand2         1   6.4     0    82    3078    (-,-) 
  PC1/sub_126_48/g1686/z (u)     in_1->z F     unmapped_nand2         3  18.9     0   135    3213    (-,-) 
  PC1/sub_126_48/g1681/z (u)     in_1->z R     unmapped_nand2         1   6.4     0    82    3295    (-,-) 
  PC1/sub_126_48/g1673/z (u)     in_0->z F     unmapped_nand2         3  18.9     0   135    3430    (-,-) 
  PC1/sub_126_48/g1669/z (u)     in_0->z R     unmapped_nand2         2  12.8     0   112    3542    (-,-) 
  PC1/sub_126_48/g1665/z (u)     in_0->z R     unmapped_complex2      1   6.4     0    82    3624    (-,-) 
  PC1/sub_126_48/g1658/z (u)     in_0->z F     unmapped_complex2      3  18.9     0   135    3759    (-,-) 
  PC1/sub_126_48/g1654/z (u)     in_1->z R     unmapped_nand2         1   6.4     0    82    3841    (-,-) 
  PC1/sub_126_48/g1652/z (u)     in_1->z F     unmapped_nand2         3  18.9     0   135    3976    (-,-) 
  PC1/sub_126_48/g1648/z (u)     in_0->z R     unmapped_nand2         1   6.4     0    82    4058    (-,-) 
  PC1/sub_126_48/g1647/z (u)     in_0->z F     unmapped_nand2         4  25.2     0   156    4214    (-,-) 
  PC1/sub_126_48/g1646/z (u)     in_0->z R     unmapped_complex2      2  12.8     0   112    4326    (-,-) 
  PC1/sub_126_48/g1641/z (u)     in_0->z R     unmapped_complex2      1   6.4     0    82    4408    (-,-) 
  PC1/sub_126_48/g1631/z (u)     in_0->z R     unmapped_complex2      1   6.4     0    82    4490    (-,-) 
  PC1/sub_126_48/g1629/z (u)     in_0->z F     unmapped_complex2      4  25.2     0   156    4646    (-,-) 
  PC1/sub_126_48/g1628/z (u)     in_0->z R     unmapped_complex2      1   6.4     0    82    4728    (-,-) 
  PC1/sub_126_48/g1620/z (u)     in_0->z F     unmapped_complex2      3  18.9     0   135    4863    (-,-) 
  PC1/sub_126_48/g1615/z (u)     in_1->z R     unmapped_nand2         1   6.4     0    82    4945    (-,-) 
  PC1/sub_126_48/g1611/z (u)     in_1->z F     unmapped_nand2         3  18.9     0   135    5080    (-,-) 
  PC1/sub_126_48/g1607/z (u)     in_1->z R     unmapped_nand2         1   6.4     0    82    5162    (-,-) 
  PC1/sub_126_48/g1606/z (u)     in_1->z F     unmapped_nand2         6  37.8     0   195    5357    (-,-) 
  PC1/sub_126_48/g1604/z (u)     in_0->z R     unmapped_complex2      1   6.4     0    82    5439    (-,-) 
  PC1/sub_126_48/g1594/z (u)     in_0->z F     unmapped_complex2      4  25.2     0   156    5595    (-,-) 
  PC1/sub_126_48/g1579/z (u)     in_0->z R     unmapped_complex2      1   6.4     0    82    5677    (-,-) 
  PC1/sub_126_48/g1567/z (u)     in_0->z F     unmapped_complex2      3  18.9     0   135    5812    (-,-) 
  PC1/sub_126_48/g1559/z (u)     in_1->z R     unmapped_nand2         1   6.4     0    82    5894    (-,-) 
  PC1/sub_126_48/g1542/z (u)     in_1->z F     unmapped_nand2         2  12.6     0   112    6006    (-,-) 
  PC1/sub_126_48/g1532/z (u)     in_0->z F     unmapped_or2           1   6.3     0    82    6088    (-,-) 
  PC1/sub_126_48/g1533/z (u)     in_1->z R     unmapped_nand2         1   6.4     0    82    6170    (-,-) 
  PC1/g25889/z           (u)     in_0->z F     unmapped_complex2      1   6.3     0    82    6252    (-,-) 
  PC1/g24300/z           (u)     in_1->z R     unmapped_complex2      1   6.4     0    82    6334    (-,-) 
  PC1/g24242/z           (u)     in_0->z F     unmapped_complex2      1   6.3     0    82    6416    (-,-) 
  PC1/g24215/z           (u)     in_0->z R     unmapped_complex2      2  12.8     0   112    6528    (-,-) 
  PC1/g24188/z           (u)     in_0->z R     unmapped_complex2     16  25.6     0   224    6752    (-,-) 
  PC1/g23854/z           (u)     in_0->z F     unmapped_complex2      1   6.3     0    82    6834    (-,-) 
  PC1/g23512/z           (u)     in_1->z R     unmapped_nand2         1   6.4     0    82    6915    (-,-) 
  PC1/RF_reg[12][23]/d   -       -       R     unmapped_d_flop        1     -     -     0    6915    (-,-) 
#----------------------------------------------------------------------------------------------------------

(u) : Net has unmapped pin(s).



Path 37: MET (2902 ps) Setup Check with Pin PC1/RF_reg[11][23]/clk->d
          Group: C2C
     Startpoint: (R) PC1/PSTATE_reg[0]/clk
          Clock: (R) SYS_CLOCK
       Endpoint: (R) PC1/RF_reg[11][23]/d
          Clock: (R) SYS_CLOCK

                     Capture       Launch     
        Clock Edge:+   10000            0     
       Src Latency:+       0            0     
       Net Latency:+       0 (I)        0 (I) 
           Arrival:=   10000            0     
                                              
             Setup:-     183                  
     Required Time:=    9817                  
      Launch Clock:-       0                  
         Data Path:-    6915                  
             Slack:=    2902                  

#----------------------------------------------------------------------------------------------------------
#     Timing Point       Flags    Arc    Edge       Cell         Fanout  Load Trans Delay Arrival Instance 
#                                                                        (fF)  (ps)  (ps)   (ps)  Location 
#----------------------------------------------------------------------------------------------------------
  PC1/PSTATE_reg[0]/clk  -       -       R     (arrival)            587     -     0     0       0    (-,-) 
  PC1/PSTATE_reg[0]/q    (u)     clk->q  F     unmapped_d_flop        6  33.3     0   807     807    (-,-) 
  PC1/g12268/z           (u)     in_0->z F     unmapped_or2           4  25.2     0   156     964    (-,-) 
  PC1/g17550/z           (u)     in_1->z F     unmapped_or2           1   6.3     0    82    1046    (-,-) 
  PC1/g17533/z           (u)     in_0->z F     unmapped_or2           8  50.4     0   222    1268    (-,-) 
  PC1/g16964/z           (u)     in_0->z F     unmapped_complex2      1   6.3     0    82    1350    (-,-) 
  PC1/g16652/z           (u)     in_1->z R     unmapped_nand2         4  25.6     0   156    1506    (-,-) 
  PC1/g7136/z            (u)     in_1->z F     unmapped_nand2         4  25.2     0   156    1663    (-,-) 
  PC1/g16544/z           (u)     in_1->z F     unmapped_or2          32 201.6     0   364    2026    (-,-) 
  PC1/g16497/z           (u)     in_0->z F     unmapped_complex2      1   6.3     0    82    2108    (-,-) 
  PC1/g15994/z           (u)     in_1->z R     unmapped_nand2         1   6.4     0    82    2190    (-,-) 
  PC1/g15729/z           (u)     in_1->z R     unmapped_or2           1   6.4     0    82    2272    (-,-) 
  PC1/g15561/z           (u)     in_1->z R     unmapped_or2           1   6.4     0    82    2354    (-,-) 
  PC1/g15527/z           (u)     in_1->z R     unmapped_or2          13  83.2     0   269    2623    (-,-) 
  PC1/sub_126_48/g484/z  (u)     in_1->z F     unmapped_complex2      4  25.2     0   156    2779    (-,-) 
  PC1/sub_126_48/g1735/z (u)     in_1->z R     unmapped_nand2         1   6.4     0    82    2861    (-,-) 
  PC1/sub_126_48/g1708/z (u)     in_0->z F     unmapped_nand2         3  18.9     0   135    2996    (-,-) 
  PC1/sub_126_48/g1696/z (u)     in_1->z R     unmapped_nand2         1   6.4     0    82    3078    (-,-) 
  PC1/sub_126_48/g1686/z (u)     in_1->z F     unmapped_nand2         3  18.9     0   135    3213    (-,-) 
  PC1/sub_126_48/g1681/z (u)     in_1->z R     unmapped_nand2         1   6.4     0    82    3295    (-,-) 
  PC1/sub_126_48/g1673/z (u)     in_0->z F     unmapped_nand2         3  18.9     0   135    3430    (-,-) 
  PC1/sub_126_48/g1669/z (u)     in_0->z R     unmapped_nand2         2  12.8     0   112    3542    (-,-) 
  PC1/sub_126_48/g1665/z (u)     in_0->z R     unmapped_complex2      1   6.4     0    82    3624    (-,-) 
  PC1/sub_126_48/g1658/z (u)     in_0->z F     unmapped_complex2      3  18.9     0   135    3759    (-,-) 
  PC1/sub_126_48/g1654/z (u)     in_1->z R     unmapped_nand2         1   6.4     0    82    3841    (-,-) 
  PC1/sub_126_48/g1652/z (u)     in_1->z F     unmapped_nand2         3  18.9     0   135    3976    (-,-) 
  PC1/sub_126_48/g1648/z (u)     in_0->z R     unmapped_nand2         1   6.4     0    82    4058    (-,-) 
  PC1/sub_126_48/g1647/z (u)     in_0->z F     unmapped_nand2         4  25.2     0   156    4214    (-,-) 
  PC1/sub_126_48/g1646/z (u)     in_0->z R     unmapped_complex2      2  12.8     0   112    4326    (-,-) 
  PC1/sub_126_48/g1641/z (u)     in_0->z R     unmapped_complex2      1   6.4     0    82    4408    (-,-) 
  PC1/sub_126_48/g1631/z (u)     in_0->z R     unmapped_complex2      1   6.4     0    82    4490    (-,-) 
  PC1/sub_126_48/g1629/z (u)     in_0->z F     unmapped_complex2      4  25.2     0   156    4646    (-,-) 
  PC1/sub_126_48/g1628/z (u)     in_0->z R     unmapped_complex2      1   6.4     0    82    4728    (-,-) 
  PC1/sub_126_48/g1620/z (u)     in_0->z F     unmapped_complex2      3  18.9     0   135    4863    (-,-) 
  PC1/sub_126_48/g1615/z (u)     in_1->z R     unmapped_nand2         1   6.4     0    82    4945    (-,-) 
  PC1/sub_126_48/g1611/z (u)     in_1->z F     unmapped_nand2         3  18.9     0   135    5080    (-,-) 
  PC1/sub_126_48/g1607/z (u)     in_1->z R     unmapped_nand2         1   6.4     0    82    5162    (-,-) 
  PC1/sub_126_48/g1606/z (u)     in_1->z F     unmapped_nand2         6  37.8     0   195    5357    (-,-) 
  PC1/sub_126_48/g1604/z (u)     in_0->z R     unmapped_complex2      1   6.4     0    82    5439    (-,-) 
  PC1/sub_126_48/g1594/z (u)     in_0->z F     unmapped_complex2      4  25.2     0   156    5595    (-,-) 
  PC1/sub_126_48/g1579/z (u)     in_0->z R     unmapped_complex2      1   6.4     0    82    5677    (-,-) 
  PC1/sub_126_48/g1567/z (u)     in_0->z F     unmapped_complex2      3  18.9     0   135    5812    (-,-) 
  PC1/sub_126_48/g1559/z (u)     in_1->z R     unmapped_nand2         1   6.4     0    82    5894    (-,-) 
  PC1/sub_126_48/g1542/z (u)     in_1->z F     unmapped_nand2         2  12.6     0   112    6006    (-,-) 
  PC1/sub_126_48/g1532/z (u)     in_0->z F     unmapped_or2           1   6.3     0    82    6088    (-,-) 
  PC1/sub_126_48/g1533/z (u)     in_1->z R     unmapped_nand2         1   6.4     0    82    6170    (-,-) 
  PC1/g25889/z           (u)     in_0->z F     unmapped_complex2      1   6.3     0    82    6252    (-,-) 
  PC1/g24300/z           (u)     in_1->z R     unmapped_complex2      1   6.4     0    82    6334    (-,-) 
  PC1/g24242/z           (u)     in_0->z F     unmapped_complex2      1   6.3     0    82    6416    (-,-) 
  PC1/g24215/z           (u)     in_0->z R     unmapped_complex2      2  12.8     0   112    6528    (-,-) 
  PC1/g24188/z           (u)     in_0->z R     unmapped_complex2     16  25.6     0   224    6752    (-,-) 
  PC1/g23856/z           (u)     in_0->z F     unmapped_complex2      1   6.3     0    82    6834    (-,-) 
  PC1/g23515/z           (u)     in_1->z R     unmapped_nand2         1   6.4     0    82    6915    (-,-) 
  PC1/RF_reg[11][23]/d   -       -       R     unmapped_d_flop        1     -     -     0    6915    (-,-) 
#----------------------------------------------------------------------------------------------------------

(u) : Net has unmapped pin(s).



Path 38: MET (2902 ps) Setup Check with Pin PC1/RF_reg[10][23]/clk->d
          Group: C2C
     Startpoint: (R) PC1/PSTATE_reg[0]/clk
          Clock: (R) SYS_CLOCK
       Endpoint: (R) PC1/RF_reg[10][23]/d
          Clock: (R) SYS_CLOCK

                     Capture       Launch     
        Clock Edge:+   10000            0     
       Src Latency:+       0            0     
       Net Latency:+       0 (I)        0 (I) 
           Arrival:=   10000            0     
                                              
             Setup:-     183                  
     Required Time:=    9817                  
      Launch Clock:-       0                  
         Data Path:-    6915                  
             Slack:=    2902                  

#----------------------------------------------------------------------------------------------------------
#     Timing Point       Flags    Arc    Edge       Cell         Fanout  Load Trans Delay Arrival Instance 
#                                                                        (fF)  (ps)  (ps)   (ps)  Location 
#----------------------------------------------------------------------------------------------------------
  PC1/PSTATE_reg[0]/clk  -       -       R     (arrival)            587     -     0     0       0    (-,-) 
  PC1/PSTATE_reg[0]/q    (u)     clk->q  F     unmapped_d_flop        6  33.3     0   807     807    (-,-) 
  PC1/g12268/z           (u)     in_0->z F     unmapped_or2           4  25.2     0   156     964    (-,-) 
  PC1/g17550/z           (u)     in_1->z F     unmapped_or2           1   6.3     0    82    1046    (-,-) 
  PC1/g17533/z           (u)     in_0->z F     unmapped_or2           8  50.4     0   222    1268    (-,-) 
  PC1/g16964/z           (u)     in_0->z F     unmapped_complex2      1   6.3     0    82    1350    (-,-) 
  PC1/g16652/z           (u)     in_1->z R     unmapped_nand2         4  25.6     0   156    1506    (-,-) 
  PC1/g7136/z            (u)     in_1->z F     unmapped_nand2         4  25.2     0   156    1663    (-,-) 
  PC1/g16544/z           (u)     in_1->z F     unmapped_or2          32 201.6     0   364    2026    (-,-) 
  PC1/g16497/z           (u)     in_0->z F     unmapped_complex2      1   6.3     0    82    2108    (-,-) 
  PC1/g15994/z           (u)     in_1->z R     unmapped_nand2         1   6.4     0    82    2190    (-,-) 
  PC1/g15729/z           (u)     in_1->z R     unmapped_or2           1   6.4     0    82    2272    (-,-) 
  PC1/g15561/z           (u)     in_1->z R     unmapped_or2           1   6.4     0    82    2354    (-,-) 
  PC1/g15527/z           (u)     in_1->z R     unmapped_or2          13  83.2     0   269    2623    (-,-) 
  PC1/sub_126_48/g484/z  (u)     in_1->z F     unmapped_complex2      4  25.2     0   156    2779    (-,-) 
  PC1/sub_126_48/g1735/z (u)     in_1->z R     unmapped_nand2         1   6.4     0    82    2861    (-,-) 
  PC1/sub_126_48/g1708/z (u)     in_0->z F     unmapped_nand2         3  18.9     0   135    2996    (-,-) 
  PC1/sub_126_48/g1696/z (u)     in_1->z R     unmapped_nand2         1   6.4     0    82    3078    (-,-) 
  PC1/sub_126_48/g1686/z (u)     in_1->z F     unmapped_nand2         3  18.9     0   135    3213    (-,-) 
  PC1/sub_126_48/g1681/z (u)     in_1->z R     unmapped_nand2         1   6.4     0    82    3295    (-,-) 
  PC1/sub_126_48/g1673/z (u)     in_0->z F     unmapped_nand2         3  18.9     0   135    3430    (-,-) 
  PC1/sub_126_48/g1669/z (u)     in_0->z R     unmapped_nand2         2  12.8     0   112    3542    (-,-) 
  PC1/sub_126_48/g1665/z (u)     in_0->z R     unmapped_complex2      1   6.4     0    82    3624    (-,-) 
  PC1/sub_126_48/g1658/z (u)     in_0->z F     unmapped_complex2      3  18.9     0   135    3759    (-,-) 
  PC1/sub_126_48/g1654/z (u)     in_1->z R     unmapped_nand2         1   6.4     0    82    3841    (-,-) 
  PC1/sub_126_48/g1652/z (u)     in_1->z F     unmapped_nand2         3  18.9     0   135    3976    (-,-) 
  PC1/sub_126_48/g1648/z (u)     in_0->z R     unmapped_nand2         1   6.4     0    82    4058    (-,-) 
  PC1/sub_126_48/g1647/z (u)     in_0->z F     unmapped_nand2         4  25.2     0   156    4214    (-,-) 
  PC1/sub_126_48/g1646/z (u)     in_0->z R     unmapped_complex2      2  12.8     0   112    4326    (-,-) 
  PC1/sub_126_48/g1641/z (u)     in_0->z R     unmapped_complex2      1   6.4     0    82    4408    (-,-) 
  PC1/sub_126_48/g1631/z (u)     in_0->z R     unmapped_complex2      1   6.4     0    82    4490    (-,-) 
  PC1/sub_126_48/g1629/z (u)     in_0->z F     unmapped_complex2      4  25.2     0   156    4646    (-,-) 
  PC1/sub_126_48/g1628/z (u)     in_0->z R     unmapped_complex2      1   6.4     0    82    4728    (-,-) 
  PC1/sub_126_48/g1620/z (u)     in_0->z F     unmapped_complex2      3  18.9     0   135    4863    (-,-) 
  PC1/sub_126_48/g1615/z (u)     in_1->z R     unmapped_nand2         1   6.4     0    82    4945    (-,-) 
  PC1/sub_126_48/g1611/z (u)     in_1->z F     unmapped_nand2         3  18.9     0   135    5080    (-,-) 
  PC1/sub_126_48/g1607/z (u)     in_1->z R     unmapped_nand2         1   6.4     0    82    5162    (-,-) 
  PC1/sub_126_48/g1606/z (u)     in_1->z F     unmapped_nand2         6  37.8     0   195    5357    (-,-) 
  PC1/sub_126_48/g1604/z (u)     in_0->z R     unmapped_complex2      1   6.4     0    82    5439    (-,-) 
  PC1/sub_126_48/g1594/z (u)     in_0->z F     unmapped_complex2      4  25.2     0   156    5595    (-,-) 
  PC1/sub_126_48/g1579/z (u)     in_0->z R     unmapped_complex2      1   6.4     0    82    5677    (-,-) 
  PC1/sub_126_48/g1567/z (u)     in_0->z F     unmapped_complex2      3  18.9     0   135    5812    (-,-) 
  PC1/sub_126_48/g1559/z (u)     in_1->z R     unmapped_nand2         1   6.4     0    82    5894    (-,-) 
  PC1/sub_126_48/g1542/z (u)     in_1->z F     unmapped_nand2         2  12.6     0   112    6006    (-,-) 
  PC1/sub_126_48/g1532/z (u)     in_0->z F     unmapped_or2           1   6.3     0    82    6088    (-,-) 
  PC1/sub_126_48/g1533/z (u)     in_1->z R     unmapped_nand2         1   6.4     0    82    6170    (-,-) 
  PC1/g25889/z           (u)     in_0->z F     unmapped_complex2      1   6.3     0    82    6252    (-,-) 
  PC1/g24300/z           (u)     in_1->z R     unmapped_complex2      1   6.4     0    82    6334    (-,-) 
  PC1/g24242/z           (u)     in_0->z F     unmapped_complex2      1   6.3     0    82    6416    (-,-) 
  PC1/g24215/z           (u)     in_0->z R     unmapped_complex2      2  12.8     0   112    6528    (-,-) 
  PC1/g24188/z           (u)     in_0->z R     unmapped_complex2     16  25.6     0   224    6752    (-,-) 
  PC1/g23858/z           (u)     in_0->z F     unmapped_complex2      1   6.3     0    82    6834    (-,-) 
  PC1/g23518/z           (u)     in_1->z R     unmapped_nand2         1   6.4     0    82    6915    (-,-) 
  PC1/RF_reg[10][23]/d   -       -       R     unmapped_d_flop        1     -     -     0    6915    (-,-) 
#----------------------------------------------------------------------------------------------------------

(u) : Net has unmapped pin(s).



Path 39: MET (2902 ps) Setup Check with Pin PC1/RF_reg[9][23]/clk->d
          Group: C2C
     Startpoint: (R) PC1/PSTATE_reg[0]/clk
          Clock: (R) SYS_CLOCK
       Endpoint: (R) PC1/RF_reg[9][23]/d
          Clock: (R) SYS_CLOCK

                     Capture       Launch     
        Clock Edge:+   10000            0     
       Src Latency:+       0            0     
       Net Latency:+       0 (I)        0 (I) 
           Arrival:=   10000            0     
                                              
             Setup:-     183                  
     Required Time:=    9817                  
      Launch Clock:-       0                  
         Data Path:-    6915                  
             Slack:=    2902                  

#----------------------------------------------------------------------------------------------------------
#     Timing Point       Flags    Arc    Edge       Cell         Fanout  Load Trans Delay Arrival Instance 
#                                                                        (fF)  (ps)  (ps)   (ps)  Location 
#----------------------------------------------------------------------------------------------------------
  PC1/PSTATE_reg[0]/clk  -       -       R     (arrival)            587     -     0     0       0    (-,-) 
  PC1/PSTATE_reg[0]/q    (u)     clk->q  F     unmapped_d_flop        6  33.3     0   807     807    (-,-) 
  PC1/g12268/z           (u)     in_0->z F     unmapped_or2           4  25.2     0   156     964    (-,-) 
  PC1/g17550/z           (u)     in_1->z F     unmapped_or2           1   6.3     0    82    1046    (-,-) 
  PC1/g17533/z           (u)     in_0->z F     unmapped_or2           8  50.4     0   222    1268    (-,-) 
  PC1/g16964/z           (u)     in_0->z F     unmapped_complex2      1   6.3     0    82    1350    (-,-) 
  PC1/g16652/z           (u)     in_1->z R     unmapped_nand2         4  25.6     0   156    1506    (-,-) 
  PC1/g7136/z            (u)     in_1->z F     unmapped_nand2         4  25.2     0   156    1663    (-,-) 
  PC1/g16544/z           (u)     in_1->z F     unmapped_or2          32 201.6     0   364    2026    (-,-) 
  PC1/g16497/z           (u)     in_0->z F     unmapped_complex2      1   6.3     0    82    2108    (-,-) 
  PC1/g15994/z           (u)     in_1->z R     unmapped_nand2         1   6.4     0    82    2190    (-,-) 
  PC1/g15729/z           (u)     in_1->z R     unmapped_or2           1   6.4     0    82    2272    (-,-) 
  PC1/g15561/z           (u)     in_1->z R     unmapped_or2           1   6.4     0    82    2354    (-,-) 
  PC1/g15527/z           (u)     in_1->z R     unmapped_or2          13  83.2     0   269    2623    (-,-) 
  PC1/sub_126_48/g484/z  (u)     in_1->z F     unmapped_complex2      4  25.2     0   156    2779    (-,-) 
  PC1/sub_126_48/g1735/z (u)     in_1->z R     unmapped_nand2         1   6.4     0    82    2861    (-,-) 
  PC1/sub_126_48/g1708/z (u)     in_0->z F     unmapped_nand2         3  18.9     0   135    2996    (-,-) 
  PC1/sub_126_48/g1696/z (u)     in_1->z R     unmapped_nand2         1   6.4     0    82    3078    (-,-) 
  PC1/sub_126_48/g1686/z (u)     in_1->z F     unmapped_nand2         3  18.9     0   135    3213    (-,-) 
  PC1/sub_126_48/g1681/z (u)     in_1->z R     unmapped_nand2         1   6.4     0    82    3295    (-,-) 
  PC1/sub_126_48/g1673/z (u)     in_0->z F     unmapped_nand2         3  18.9     0   135    3430    (-,-) 
  PC1/sub_126_48/g1669/z (u)     in_0->z R     unmapped_nand2         2  12.8     0   112    3542    (-,-) 
  PC1/sub_126_48/g1665/z (u)     in_0->z R     unmapped_complex2      1   6.4     0    82    3624    (-,-) 
  PC1/sub_126_48/g1658/z (u)     in_0->z F     unmapped_complex2      3  18.9     0   135    3759    (-,-) 
  PC1/sub_126_48/g1654/z (u)     in_1->z R     unmapped_nand2         1   6.4     0    82    3841    (-,-) 
  PC1/sub_126_48/g1652/z (u)     in_1->z F     unmapped_nand2         3  18.9     0   135    3976    (-,-) 
  PC1/sub_126_48/g1648/z (u)     in_0->z R     unmapped_nand2         1   6.4     0    82    4058    (-,-) 
  PC1/sub_126_48/g1647/z (u)     in_0->z F     unmapped_nand2         4  25.2     0   156    4214    (-,-) 
  PC1/sub_126_48/g1646/z (u)     in_0->z R     unmapped_complex2      2  12.8     0   112    4326    (-,-) 
  PC1/sub_126_48/g1641/z (u)     in_0->z R     unmapped_complex2      1   6.4     0    82    4408    (-,-) 
  PC1/sub_126_48/g1631/z (u)     in_0->z R     unmapped_complex2      1   6.4     0    82    4490    (-,-) 
  PC1/sub_126_48/g1629/z (u)     in_0->z F     unmapped_complex2      4  25.2     0   156    4646    (-,-) 
  PC1/sub_126_48/g1628/z (u)     in_0->z R     unmapped_complex2      1   6.4     0    82    4728    (-,-) 
  PC1/sub_126_48/g1620/z (u)     in_0->z F     unmapped_complex2      3  18.9     0   135    4863    (-,-) 
  PC1/sub_126_48/g1615/z (u)     in_1->z R     unmapped_nand2         1   6.4     0    82    4945    (-,-) 
  PC1/sub_126_48/g1611/z (u)     in_1->z F     unmapped_nand2         3  18.9     0   135    5080    (-,-) 
  PC1/sub_126_48/g1607/z (u)     in_1->z R     unmapped_nand2         1   6.4     0    82    5162    (-,-) 
  PC1/sub_126_48/g1606/z (u)     in_1->z F     unmapped_nand2         6  37.8     0   195    5357    (-,-) 
  PC1/sub_126_48/g1604/z (u)     in_0->z R     unmapped_complex2      1   6.4     0    82    5439    (-,-) 
  PC1/sub_126_48/g1594/z (u)     in_0->z F     unmapped_complex2      4  25.2     0   156    5595    (-,-) 
  PC1/sub_126_48/g1579/z (u)     in_0->z R     unmapped_complex2      1   6.4     0    82    5677    (-,-) 
  PC1/sub_126_48/g1567/z (u)     in_0->z F     unmapped_complex2      3  18.9     0   135    5812    (-,-) 
  PC1/sub_126_48/g1559/z (u)     in_1->z R     unmapped_nand2         1   6.4     0    82    5894    (-,-) 
  PC1/sub_126_48/g1542/z (u)     in_1->z F     unmapped_nand2         2  12.6     0   112    6006    (-,-) 
  PC1/sub_126_48/g1532/z (u)     in_0->z F     unmapped_or2           1   6.3     0    82    6088    (-,-) 
  PC1/sub_126_48/g1533/z (u)     in_1->z R     unmapped_nand2         1   6.4     0    82    6170    (-,-) 
  PC1/g25889/z           (u)     in_0->z F     unmapped_complex2      1   6.3     0    82    6252    (-,-) 
  PC1/g24300/z           (u)     in_1->z R     unmapped_complex2      1   6.4     0    82    6334    (-,-) 
  PC1/g24242/z           (u)     in_0->z F     unmapped_complex2      1   6.3     0    82    6416    (-,-) 
  PC1/g24215/z           (u)     in_0->z R     unmapped_complex2      2  12.8     0   112    6528    (-,-) 
  PC1/g24188/z           (u)     in_0->z R     unmapped_complex2     16  25.6     0   224    6752    (-,-) 
  PC1/g23860/z           (u)     in_0->z F     unmapped_complex2      1   6.3     0    82    6834    (-,-) 
  PC1/g23521/z           (u)     in_1->z R     unmapped_nand2         1   6.4     0    82    6915    (-,-) 
  PC1/RF_reg[9][23]/d    -       -       R     unmapped_d_flop        1     -     -     0    6915    (-,-) 
#----------------------------------------------------------------------------------------------------------

(u) : Net has unmapped pin(s).



Path 40: MET (2902 ps) Setup Check with Pin PC1/RF_reg[8][23]/clk->d
          Group: C2C
     Startpoint: (R) PC1/PSTATE_reg[0]/clk
          Clock: (R) SYS_CLOCK
       Endpoint: (R) PC1/RF_reg[8][23]/d
          Clock: (R) SYS_CLOCK

                     Capture       Launch     
        Clock Edge:+   10000            0     
       Src Latency:+       0            0     
       Net Latency:+       0 (I)        0 (I) 
           Arrival:=   10000            0     
                                              
             Setup:-     183                  
     Required Time:=    9817                  
      Launch Clock:-       0                  
         Data Path:-    6915                  
             Slack:=    2902                  

#----------------------------------------------------------------------------------------------------------
#     Timing Point       Flags    Arc    Edge       Cell         Fanout  Load Trans Delay Arrival Instance 
#                                                                        (fF)  (ps)  (ps)   (ps)  Location 
#----------------------------------------------------------------------------------------------------------
  PC1/PSTATE_reg[0]/clk  -       -       R     (arrival)            587     -     0     0       0    (-,-) 
  PC1/PSTATE_reg[0]/q    (u)     clk->q  F     unmapped_d_flop        6  33.3     0   807     807    (-,-) 
  PC1/g12268/z           (u)     in_0->z F     unmapped_or2           4  25.2     0   156     964    (-,-) 
  PC1/g17550/z           (u)     in_1->z F     unmapped_or2           1   6.3     0    82    1046    (-,-) 
  PC1/g17533/z           (u)     in_0->z F     unmapped_or2           8  50.4     0   222    1268    (-,-) 
  PC1/g16964/z           (u)     in_0->z F     unmapped_complex2      1   6.3     0    82    1350    (-,-) 
  PC1/g16652/z           (u)     in_1->z R     unmapped_nand2         4  25.6     0   156    1506    (-,-) 
  PC1/g7136/z            (u)     in_1->z F     unmapped_nand2         4  25.2     0   156    1663    (-,-) 
  PC1/g16544/z           (u)     in_1->z F     unmapped_or2          32 201.6     0   364    2026    (-,-) 
  PC1/g16497/z           (u)     in_0->z F     unmapped_complex2      1   6.3     0    82    2108    (-,-) 
  PC1/g15994/z           (u)     in_1->z R     unmapped_nand2         1   6.4     0    82    2190    (-,-) 
  PC1/g15729/z           (u)     in_1->z R     unmapped_or2           1   6.4     0    82    2272    (-,-) 
  PC1/g15561/z           (u)     in_1->z R     unmapped_or2           1   6.4     0    82    2354    (-,-) 
  PC1/g15527/z           (u)     in_1->z R     unmapped_or2          13  83.2     0   269    2623    (-,-) 
  PC1/sub_126_48/g484/z  (u)     in_1->z F     unmapped_complex2      4  25.2     0   156    2779    (-,-) 
  PC1/sub_126_48/g1735/z (u)     in_1->z R     unmapped_nand2         1   6.4     0    82    2861    (-,-) 
  PC1/sub_126_48/g1708/z (u)     in_0->z F     unmapped_nand2         3  18.9     0   135    2996    (-,-) 
  PC1/sub_126_48/g1696/z (u)     in_1->z R     unmapped_nand2         1   6.4     0    82    3078    (-,-) 
  PC1/sub_126_48/g1686/z (u)     in_1->z F     unmapped_nand2         3  18.9     0   135    3213    (-,-) 
  PC1/sub_126_48/g1681/z (u)     in_1->z R     unmapped_nand2         1   6.4     0    82    3295    (-,-) 
  PC1/sub_126_48/g1673/z (u)     in_0->z F     unmapped_nand2         3  18.9     0   135    3430    (-,-) 
  PC1/sub_126_48/g1669/z (u)     in_0->z R     unmapped_nand2         2  12.8     0   112    3542    (-,-) 
  PC1/sub_126_48/g1665/z (u)     in_0->z R     unmapped_complex2      1   6.4     0    82    3624    (-,-) 
  PC1/sub_126_48/g1658/z (u)     in_0->z F     unmapped_complex2      3  18.9     0   135    3759    (-,-) 
  PC1/sub_126_48/g1654/z (u)     in_1->z R     unmapped_nand2         1   6.4     0    82    3841    (-,-) 
  PC1/sub_126_48/g1652/z (u)     in_1->z F     unmapped_nand2         3  18.9     0   135    3976    (-,-) 
  PC1/sub_126_48/g1648/z (u)     in_0->z R     unmapped_nand2         1   6.4     0    82    4058    (-,-) 
  PC1/sub_126_48/g1647/z (u)     in_0->z F     unmapped_nand2         4  25.2     0   156    4214    (-,-) 
  PC1/sub_126_48/g1646/z (u)     in_0->z R     unmapped_complex2      2  12.8     0   112    4326    (-,-) 
  PC1/sub_126_48/g1641/z (u)     in_0->z R     unmapped_complex2      1   6.4     0    82    4408    (-,-) 
  PC1/sub_126_48/g1631/z (u)     in_0->z R     unmapped_complex2      1   6.4     0    82    4490    (-,-) 
  PC1/sub_126_48/g1629/z (u)     in_0->z F     unmapped_complex2      4  25.2     0   156    4646    (-,-) 
  PC1/sub_126_48/g1628/z (u)     in_0->z R     unmapped_complex2      1   6.4     0    82    4728    (-,-) 
  PC1/sub_126_48/g1620/z (u)     in_0->z F     unmapped_complex2      3  18.9     0   135    4863    (-,-) 
  PC1/sub_126_48/g1615/z (u)     in_1->z R     unmapped_nand2         1   6.4     0    82    4945    (-,-) 
  PC1/sub_126_48/g1611/z (u)     in_1->z F     unmapped_nand2         3  18.9     0   135    5080    (-,-) 
  PC1/sub_126_48/g1607/z (u)     in_1->z R     unmapped_nand2         1   6.4     0    82    5162    (-,-) 
  PC1/sub_126_48/g1606/z (u)     in_1->z F     unmapped_nand2         6  37.8     0   195    5357    (-,-) 
  PC1/sub_126_48/g1604/z (u)     in_0->z R     unmapped_complex2      1   6.4     0    82    5439    (-,-) 
  PC1/sub_126_48/g1594/z (u)     in_0->z F     unmapped_complex2      4  25.2     0   156    5595    (-,-) 
  PC1/sub_126_48/g1579/z (u)     in_0->z R     unmapped_complex2      1   6.4     0    82    5677    (-,-) 
  PC1/sub_126_48/g1567/z (u)     in_0->z F     unmapped_complex2      3  18.9     0   135    5812    (-,-) 
  PC1/sub_126_48/g1559/z (u)     in_1->z R     unmapped_nand2         1   6.4     0    82    5894    (-,-) 
  PC1/sub_126_48/g1542/z (u)     in_1->z F     unmapped_nand2         2  12.6     0   112    6006    (-,-) 
  PC1/sub_126_48/g1532/z (u)     in_0->z F     unmapped_or2           1   6.3     0    82    6088    (-,-) 
  PC1/sub_126_48/g1533/z (u)     in_1->z R     unmapped_nand2         1   6.4     0    82    6170    (-,-) 
  PC1/g25889/z           (u)     in_0->z F     unmapped_complex2      1   6.3     0    82    6252    (-,-) 
  PC1/g24300/z           (u)     in_1->z R     unmapped_complex2      1   6.4     0    82    6334    (-,-) 
  PC1/g24242/z           (u)     in_0->z F     unmapped_complex2      1   6.3     0    82    6416    (-,-) 
  PC1/g24215/z           (u)     in_0->z R     unmapped_complex2      2  12.8     0   112    6528    (-,-) 
  PC1/g24188/z           (u)     in_0->z R     unmapped_complex2     16  25.6     0   224    6752    (-,-) 
  PC1/g23862/z           (u)     in_0->z F     unmapped_complex2      1   6.3     0    82    6834    (-,-) 
  PC1/g23524/z           (u)     in_1->z R     unmapped_nand2         1   6.4     0    82    6915    (-,-) 
  PC1/RF_reg[8][23]/d    -       -       R     unmapped_d_flop        1     -     -     0    6915    (-,-) 
#----------------------------------------------------------------------------------------------------------

(u) : Net has unmapped pin(s).



Path 41: MET (2902 ps) Setup Check with Pin PC1/RF_reg[7][23]/clk->d
          Group: C2C
     Startpoint: (R) PC1/PSTATE_reg[0]/clk
          Clock: (R) SYS_CLOCK
       Endpoint: (R) PC1/RF_reg[7][23]/d
          Clock: (R) SYS_CLOCK

                     Capture       Launch     
        Clock Edge:+   10000            0     
       Src Latency:+       0            0     
       Net Latency:+       0 (I)        0 (I) 
           Arrival:=   10000            0     
                                              
             Setup:-     183                  
     Required Time:=    9817                  
      Launch Clock:-       0                  
         Data Path:-    6915                  
             Slack:=    2902                  

#----------------------------------------------------------------------------------------------------------
#     Timing Point       Flags    Arc    Edge       Cell         Fanout  Load Trans Delay Arrival Instance 
#                                                                        (fF)  (ps)  (ps)   (ps)  Location 
#----------------------------------------------------------------------------------------------------------
  PC1/PSTATE_reg[0]/clk  -       -       R     (arrival)            587     -     0     0       0    (-,-) 
  PC1/PSTATE_reg[0]/q    (u)     clk->q  F     unmapped_d_flop        6  33.3     0   807     807    (-,-) 
  PC1/g12268/z           (u)     in_0->z F     unmapped_or2           4  25.2     0   156     964    (-,-) 
  PC1/g17550/z           (u)     in_1->z F     unmapped_or2           1   6.3     0    82    1046    (-,-) 
  PC1/g17533/z           (u)     in_0->z F     unmapped_or2           8  50.4     0   222    1268    (-,-) 
  PC1/g16964/z           (u)     in_0->z F     unmapped_complex2      1   6.3     0    82    1350    (-,-) 
  PC1/g16652/z           (u)     in_1->z R     unmapped_nand2         4  25.6     0   156    1506    (-,-) 
  PC1/g7136/z            (u)     in_1->z F     unmapped_nand2         4  25.2     0   156    1663    (-,-) 
  PC1/g16544/z           (u)     in_1->z F     unmapped_or2          32 201.6     0   364    2026    (-,-) 
  PC1/g16497/z           (u)     in_0->z F     unmapped_complex2      1   6.3     0    82    2108    (-,-) 
  PC1/g15994/z           (u)     in_1->z R     unmapped_nand2         1   6.4     0    82    2190    (-,-) 
  PC1/g15729/z           (u)     in_1->z R     unmapped_or2           1   6.4     0    82    2272    (-,-) 
  PC1/g15561/z           (u)     in_1->z R     unmapped_or2           1   6.4     0    82    2354    (-,-) 
  PC1/g15527/z           (u)     in_1->z R     unmapped_or2          13  83.2     0   269    2623    (-,-) 
  PC1/sub_126_48/g484/z  (u)     in_1->z F     unmapped_complex2      4  25.2     0   156    2779    (-,-) 
  PC1/sub_126_48/g1735/z (u)     in_1->z R     unmapped_nand2         1   6.4     0    82    2861    (-,-) 
  PC1/sub_126_48/g1708/z (u)     in_0->z F     unmapped_nand2         3  18.9     0   135    2996    (-,-) 
  PC1/sub_126_48/g1696/z (u)     in_1->z R     unmapped_nand2         1   6.4     0    82    3078    (-,-) 
  PC1/sub_126_48/g1686/z (u)     in_1->z F     unmapped_nand2         3  18.9     0   135    3213    (-,-) 
  PC1/sub_126_48/g1681/z (u)     in_1->z R     unmapped_nand2         1   6.4     0    82    3295    (-,-) 
  PC1/sub_126_48/g1673/z (u)     in_0->z F     unmapped_nand2         3  18.9     0   135    3430    (-,-) 
  PC1/sub_126_48/g1669/z (u)     in_0->z R     unmapped_nand2         2  12.8     0   112    3542    (-,-) 
  PC1/sub_126_48/g1665/z (u)     in_0->z R     unmapped_complex2      1   6.4     0    82    3624    (-,-) 
  PC1/sub_126_48/g1658/z (u)     in_0->z F     unmapped_complex2      3  18.9     0   135    3759    (-,-) 
  PC1/sub_126_48/g1654/z (u)     in_1->z R     unmapped_nand2         1   6.4     0    82    3841    (-,-) 
  PC1/sub_126_48/g1652/z (u)     in_1->z F     unmapped_nand2         3  18.9     0   135    3976    (-,-) 
  PC1/sub_126_48/g1648/z (u)     in_0->z R     unmapped_nand2         1   6.4     0    82    4058    (-,-) 
  PC1/sub_126_48/g1647/z (u)     in_0->z F     unmapped_nand2         4  25.2     0   156    4214    (-,-) 
  PC1/sub_126_48/g1646/z (u)     in_0->z R     unmapped_complex2      2  12.8     0   112    4326    (-,-) 
  PC1/sub_126_48/g1641/z (u)     in_0->z R     unmapped_complex2      1   6.4     0    82    4408    (-,-) 
  PC1/sub_126_48/g1631/z (u)     in_0->z R     unmapped_complex2      1   6.4     0    82    4490    (-,-) 
  PC1/sub_126_48/g1629/z (u)     in_0->z F     unmapped_complex2      4  25.2     0   156    4646    (-,-) 
  PC1/sub_126_48/g1628/z (u)     in_0->z R     unmapped_complex2      1   6.4     0    82    4728    (-,-) 
  PC1/sub_126_48/g1620/z (u)     in_0->z F     unmapped_complex2      3  18.9     0   135    4863    (-,-) 
  PC1/sub_126_48/g1615/z (u)     in_1->z R     unmapped_nand2         1   6.4     0    82    4945    (-,-) 
  PC1/sub_126_48/g1611/z (u)     in_1->z F     unmapped_nand2         3  18.9     0   135    5080    (-,-) 
  PC1/sub_126_48/g1607/z (u)     in_1->z R     unmapped_nand2         1   6.4     0    82    5162    (-,-) 
  PC1/sub_126_48/g1606/z (u)     in_1->z F     unmapped_nand2         6  37.8     0   195    5357    (-,-) 
  PC1/sub_126_48/g1604/z (u)     in_0->z R     unmapped_complex2      1   6.4     0    82    5439    (-,-) 
  PC1/sub_126_48/g1594/z (u)     in_0->z F     unmapped_complex2      4  25.2     0   156    5595    (-,-) 
  PC1/sub_126_48/g1579/z (u)     in_0->z R     unmapped_complex2      1   6.4     0    82    5677    (-,-) 
  PC1/sub_126_48/g1567/z (u)     in_0->z F     unmapped_complex2      3  18.9     0   135    5812    (-,-) 
  PC1/sub_126_48/g1559/z (u)     in_1->z R     unmapped_nand2         1   6.4     0    82    5894    (-,-) 
  PC1/sub_126_48/g1542/z (u)     in_1->z F     unmapped_nand2         2  12.6     0   112    6006    (-,-) 
  PC1/sub_126_48/g1532/z (u)     in_0->z F     unmapped_or2           1   6.3     0    82    6088    (-,-) 
  PC1/sub_126_48/g1533/z (u)     in_1->z R     unmapped_nand2         1   6.4     0    82    6170    (-,-) 
  PC1/g25889/z           (u)     in_0->z F     unmapped_complex2      1   6.3     0    82    6252    (-,-) 
  PC1/g24300/z           (u)     in_1->z R     unmapped_complex2      1   6.4     0    82    6334    (-,-) 
  PC1/g24242/z           (u)     in_0->z F     unmapped_complex2      1   6.3     0    82    6416    (-,-) 
  PC1/g24215/z           (u)     in_0->z R     unmapped_complex2      2  12.8     0   112    6528    (-,-) 
  PC1/g24188/z           (u)     in_0->z R     unmapped_complex2     16  25.6     0   224    6752    (-,-) 
  PC1/g23864/z           (u)     in_0->z F     unmapped_complex2      1   6.3     0    82    6834    (-,-) 
  PC1/g23527/z           (u)     in_1->z R     unmapped_nand2         1   6.4     0    82    6915    (-,-) 
  PC1/RF_reg[7][23]/d    -       -       R     unmapped_d_flop        1     -     -     0    6915    (-,-) 
#----------------------------------------------------------------------------------------------------------

(u) : Net has unmapped pin(s).



Path 42: MET (2902 ps) Setup Check with Pin PC1/RF_reg[6][23]/clk->d
          Group: C2C
     Startpoint: (R) PC1/PSTATE_reg[0]/clk
          Clock: (R) SYS_CLOCK
       Endpoint: (R) PC1/RF_reg[6][23]/d
          Clock: (R) SYS_CLOCK

                     Capture       Launch     
        Clock Edge:+   10000            0     
       Src Latency:+       0            0     
       Net Latency:+       0 (I)        0 (I) 
           Arrival:=   10000            0     
                                              
             Setup:-     183                  
     Required Time:=    9817                  
      Launch Clock:-       0                  
         Data Path:-    6915                  
             Slack:=    2902                  

#----------------------------------------------------------------------------------------------------------
#     Timing Point       Flags    Arc    Edge       Cell         Fanout  Load Trans Delay Arrival Instance 
#                                                                        (fF)  (ps)  (ps)   (ps)  Location 
#----------------------------------------------------------------------------------------------------------
  PC1/PSTATE_reg[0]/clk  -       -       R     (arrival)            587     -     0     0       0    (-,-) 
  PC1/PSTATE_reg[0]/q    (u)     clk->q  F     unmapped_d_flop        6  33.3     0   807     807    (-,-) 
  PC1/g12268/z           (u)     in_0->z F     unmapped_or2           4  25.2     0   156     964    (-,-) 
  PC1/g17550/z           (u)     in_1->z F     unmapped_or2           1   6.3     0    82    1046    (-,-) 
  PC1/g17533/z           (u)     in_0->z F     unmapped_or2           8  50.4     0   222    1268    (-,-) 
  PC1/g16964/z           (u)     in_0->z F     unmapped_complex2      1   6.3     0    82    1350    (-,-) 
  PC1/g16652/z           (u)     in_1->z R     unmapped_nand2         4  25.6     0   156    1506    (-,-) 
  PC1/g7136/z            (u)     in_1->z F     unmapped_nand2         4  25.2     0   156    1663    (-,-) 
  PC1/g16544/z           (u)     in_1->z F     unmapped_or2          32 201.6     0   364    2026    (-,-) 
  PC1/g16497/z           (u)     in_0->z F     unmapped_complex2      1   6.3     0    82    2108    (-,-) 
  PC1/g15994/z           (u)     in_1->z R     unmapped_nand2         1   6.4     0    82    2190    (-,-) 
  PC1/g15729/z           (u)     in_1->z R     unmapped_or2           1   6.4     0    82    2272    (-,-) 
  PC1/g15561/z           (u)     in_1->z R     unmapped_or2           1   6.4     0    82    2354    (-,-) 
  PC1/g15527/z           (u)     in_1->z R     unmapped_or2          13  83.2     0   269    2623    (-,-) 
  PC1/sub_126_48/g484/z  (u)     in_1->z F     unmapped_complex2      4  25.2     0   156    2779    (-,-) 
  PC1/sub_126_48/g1735/z (u)     in_1->z R     unmapped_nand2         1   6.4     0    82    2861    (-,-) 
  PC1/sub_126_48/g1708/z (u)     in_0->z F     unmapped_nand2         3  18.9     0   135    2996    (-,-) 
  PC1/sub_126_48/g1696/z (u)     in_1->z R     unmapped_nand2         1   6.4     0    82    3078    (-,-) 
  PC1/sub_126_48/g1686/z (u)     in_1->z F     unmapped_nand2         3  18.9     0   135    3213    (-,-) 
  PC1/sub_126_48/g1681/z (u)     in_1->z R     unmapped_nand2         1   6.4     0    82    3295    (-,-) 
  PC1/sub_126_48/g1673/z (u)     in_0->z F     unmapped_nand2         3  18.9     0   135    3430    (-,-) 
  PC1/sub_126_48/g1669/z (u)     in_0->z R     unmapped_nand2         2  12.8     0   112    3542    (-,-) 
  PC1/sub_126_48/g1665/z (u)     in_0->z R     unmapped_complex2      1   6.4     0    82    3624    (-,-) 
  PC1/sub_126_48/g1658/z (u)     in_0->z F     unmapped_complex2      3  18.9     0   135    3759    (-,-) 
  PC1/sub_126_48/g1654/z (u)     in_1->z R     unmapped_nand2         1   6.4     0    82    3841    (-,-) 
  PC1/sub_126_48/g1652/z (u)     in_1->z F     unmapped_nand2         3  18.9     0   135    3976    (-,-) 
  PC1/sub_126_48/g1648/z (u)     in_0->z R     unmapped_nand2         1   6.4     0    82    4058    (-,-) 
  PC1/sub_126_48/g1647/z (u)     in_0->z F     unmapped_nand2         4  25.2     0   156    4214    (-,-) 
  PC1/sub_126_48/g1646/z (u)     in_0->z R     unmapped_complex2      2  12.8     0   112    4326    (-,-) 
  PC1/sub_126_48/g1641/z (u)     in_0->z R     unmapped_complex2      1   6.4     0    82    4408    (-,-) 
  PC1/sub_126_48/g1631/z (u)     in_0->z R     unmapped_complex2      1   6.4     0    82    4490    (-,-) 
  PC1/sub_126_48/g1629/z (u)     in_0->z F     unmapped_complex2      4  25.2     0   156    4646    (-,-) 
  PC1/sub_126_48/g1628/z (u)     in_0->z R     unmapped_complex2      1   6.4     0    82    4728    (-,-) 
  PC1/sub_126_48/g1620/z (u)     in_0->z F     unmapped_complex2      3  18.9     0   135    4863    (-,-) 
  PC1/sub_126_48/g1615/z (u)     in_1->z R     unmapped_nand2         1   6.4     0    82    4945    (-,-) 
  PC1/sub_126_48/g1611/z (u)     in_1->z F     unmapped_nand2         3  18.9     0   135    5080    (-,-) 
  PC1/sub_126_48/g1607/z (u)     in_1->z R     unmapped_nand2         1   6.4     0    82    5162    (-,-) 
  PC1/sub_126_48/g1606/z (u)     in_1->z F     unmapped_nand2         6  37.8     0   195    5357    (-,-) 
  PC1/sub_126_48/g1604/z (u)     in_0->z R     unmapped_complex2      1   6.4     0    82    5439    (-,-) 
  PC1/sub_126_48/g1594/z (u)     in_0->z F     unmapped_complex2      4  25.2     0   156    5595    (-,-) 
  PC1/sub_126_48/g1579/z (u)     in_0->z R     unmapped_complex2      1   6.4     0    82    5677    (-,-) 
  PC1/sub_126_48/g1567/z (u)     in_0->z F     unmapped_complex2      3  18.9     0   135    5812    (-,-) 
  PC1/sub_126_48/g1559/z (u)     in_1->z R     unmapped_nand2         1   6.4     0    82    5894    (-,-) 
  PC1/sub_126_48/g1542/z (u)     in_1->z F     unmapped_nand2         2  12.6     0   112    6006    (-,-) 
  PC1/sub_126_48/g1532/z (u)     in_0->z F     unmapped_or2           1   6.3     0    82    6088    (-,-) 
  PC1/sub_126_48/g1533/z (u)     in_1->z R     unmapped_nand2         1   6.4     0    82    6170    (-,-) 
  PC1/g25889/z           (u)     in_0->z F     unmapped_complex2      1   6.3     0    82    6252    (-,-) 
  PC1/g24300/z           (u)     in_1->z R     unmapped_complex2      1   6.4     0    82    6334    (-,-) 
  PC1/g24242/z           (u)     in_0->z F     unmapped_complex2      1   6.3     0    82    6416    (-,-) 
  PC1/g24215/z           (u)     in_0->z R     unmapped_complex2      2  12.8     0   112    6528    (-,-) 
  PC1/g24188/z           (u)     in_0->z R     unmapped_complex2     16  25.6     0   224    6752    (-,-) 
  PC1/g23866/z           (u)     in_0->z F     unmapped_complex2      1   6.3     0    82    6834    (-,-) 
  PC1/g23530/z           (u)     in_1->z R     unmapped_nand2         1   6.4     0    82    6915    (-,-) 
  PC1/RF_reg[6][23]/d    -       -       R     unmapped_d_flop        1     -     -     0    6915    (-,-) 
#----------------------------------------------------------------------------------------------------------

(u) : Net has unmapped pin(s).



Path 43: MET (2902 ps) Setup Check with Pin PC1/RF_reg[5][23]/clk->d
          Group: C2C
     Startpoint: (R) PC1/PSTATE_reg[0]/clk
          Clock: (R) SYS_CLOCK
       Endpoint: (R) PC1/RF_reg[5][23]/d
          Clock: (R) SYS_CLOCK

                     Capture       Launch     
        Clock Edge:+   10000            0     
       Src Latency:+       0            0     
       Net Latency:+       0 (I)        0 (I) 
           Arrival:=   10000            0     
                                              
             Setup:-     183                  
     Required Time:=    9817                  
      Launch Clock:-       0                  
         Data Path:-    6915                  
             Slack:=    2902                  

#----------------------------------------------------------------------------------------------------------
#     Timing Point       Flags    Arc    Edge       Cell         Fanout  Load Trans Delay Arrival Instance 
#                                                                        (fF)  (ps)  (ps)   (ps)  Location 
#----------------------------------------------------------------------------------------------------------
  PC1/PSTATE_reg[0]/clk  -       -       R     (arrival)            587     -     0     0       0    (-,-) 
  PC1/PSTATE_reg[0]/q    (u)     clk->q  F     unmapped_d_flop        6  33.3     0   807     807    (-,-) 
  PC1/g12268/z           (u)     in_0->z F     unmapped_or2           4  25.2     0   156     964    (-,-) 
  PC1/g17550/z           (u)     in_1->z F     unmapped_or2           1   6.3     0    82    1046    (-,-) 
  PC1/g17533/z           (u)     in_0->z F     unmapped_or2           8  50.4     0   222    1268    (-,-) 
  PC1/g16964/z           (u)     in_0->z F     unmapped_complex2      1   6.3     0    82    1350    (-,-) 
  PC1/g16652/z           (u)     in_1->z R     unmapped_nand2         4  25.6     0   156    1506    (-,-) 
  PC1/g7136/z            (u)     in_1->z F     unmapped_nand2         4  25.2     0   156    1663    (-,-) 
  PC1/g16544/z           (u)     in_1->z F     unmapped_or2          32 201.6     0   364    2026    (-,-) 
  PC1/g16497/z           (u)     in_0->z F     unmapped_complex2      1   6.3     0    82    2108    (-,-) 
  PC1/g15994/z           (u)     in_1->z R     unmapped_nand2         1   6.4     0    82    2190    (-,-) 
  PC1/g15729/z           (u)     in_1->z R     unmapped_or2           1   6.4     0    82    2272    (-,-) 
  PC1/g15561/z           (u)     in_1->z R     unmapped_or2           1   6.4     0    82    2354    (-,-) 
  PC1/g15527/z           (u)     in_1->z R     unmapped_or2          13  83.2     0   269    2623    (-,-) 
  PC1/sub_126_48/g484/z  (u)     in_1->z F     unmapped_complex2      4  25.2     0   156    2779    (-,-) 
  PC1/sub_126_48/g1735/z (u)     in_1->z R     unmapped_nand2         1   6.4     0    82    2861    (-,-) 
  PC1/sub_126_48/g1708/z (u)     in_0->z F     unmapped_nand2         3  18.9     0   135    2996    (-,-) 
  PC1/sub_126_48/g1696/z (u)     in_1->z R     unmapped_nand2         1   6.4     0    82    3078    (-,-) 
  PC1/sub_126_48/g1686/z (u)     in_1->z F     unmapped_nand2         3  18.9     0   135    3213    (-,-) 
  PC1/sub_126_48/g1681/z (u)     in_1->z R     unmapped_nand2         1   6.4     0    82    3295    (-,-) 
  PC1/sub_126_48/g1673/z (u)     in_0->z F     unmapped_nand2         3  18.9     0   135    3430    (-,-) 
  PC1/sub_126_48/g1669/z (u)     in_0->z R     unmapped_nand2         2  12.8     0   112    3542    (-,-) 
  PC1/sub_126_48/g1665/z (u)     in_0->z R     unmapped_complex2      1   6.4     0    82    3624    (-,-) 
  PC1/sub_126_48/g1658/z (u)     in_0->z F     unmapped_complex2      3  18.9     0   135    3759    (-,-) 
  PC1/sub_126_48/g1654/z (u)     in_1->z R     unmapped_nand2         1   6.4     0    82    3841    (-,-) 
  PC1/sub_126_48/g1652/z (u)     in_1->z F     unmapped_nand2         3  18.9     0   135    3976    (-,-) 
  PC1/sub_126_48/g1648/z (u)     in_0->z R     unmapped_nand2         1   6.4     0    82    4058    (-,-) 
  PC1/sub_126_48/g1647/z (u)     in_0->z F     unmapped_nand2         4  25.2     0   156    4214    (-,-) 
  PC1/sub_126_48/g1646/z (u)     in_0->z R     unmapped_complex2      2  12.8     0   112    4326    (-,-) 
  PC1/sub_126_48/g1641/z (u)     in_0->z R     unmapped_complex2      1   6.4     0    82    4408    (-,-) 
  PC1/sub_126_48/g1631/z (u)     in_0->z R     unmapped_complex2      1   6.4     0    82    4490    (-,-) 
  PC1/sub_126_48/g1629/z (u)     in_0->z F     unmapped_complex2      4  25.2     0   156    4646    (-,-) 
  PC1/sub_126_48/g1628/z (u)     in_0->z R     unmapped_complex2      1   6.4     0    82    4728    (-,-) 
  PC1/sub_126_48/g1620/z (u)     in_0->z F     unmapped_complex2      3  18.9     0   135    4863    (-,-) 
  PC1/sub_126_48/g1615/z (u)     in_1->z R     unmapped_nand2         1   6.4     0    82    4945    (-,-) 
  PC1/sub_126_48/g1611/z (u)     in_1->z F     unmapped_nand2         3  18.9     0   135    5080    (-,-) 
  PC1/sub_126_48/g1607/z (u)     in_1->z R     unmapped_nand2         1   6.4     0    82    5162    (-,-) 
  PC1/sub_126_48/g1606/z (u)     in_1->z F     unmapped_nand2         6  37.8     0   195    5357    (-,-) 
  PC1/sub_126_48/g1604/z (u)     in_0->z R     unmapped_complex2      1   6.4     0    82    5439    (-,-) 
  PC1/sub_126_48/g1594/z (u)     in_0->z F     unmapped_complex2      4  25.2     0   156    5595    (-,-) 
  PC1/sub_126_48/g1579/z (u)     in_0->z R     unmapped_complex2      1   6.4     0    82    5677    (-,-) 
  PC1/sub_126_48/g1567/z (u)     in_0->z F     unmapped_complex2      3  18.9     0   135    5812    (-,-) 
  PC1/sub_126_48/g1559/z (u)     in_1->z R     unmapped_nand2         1   6.4     0    82    5894    (-,-) 
  PC1/sub_126_48/g1542/z (u)     in_1->z F     unmapped_nand2         2  12.6     0   112    6006    (-,-) 
  PC1/sub_126_48/g1532/z (u)     in_0->z F     unmapped_or2           1   6.3     0    82    6088    (-,-) 
  PC1/sub_126_48/g1533/z (u)     in_1->z R     unmapped_nand2         1   6.4     0    82    6170    (-,-) 
  PC1/g25889/z           (u)     in_0->z F     unmapped_complex2      1   6.3     0    82    6252    (-,-) 
  PC1/g24300/z           (u)     in_1->z R     unmapped_complex2      1   6.4     0    82    6334    (-,-) 
  PC1/g24242/z           (u)     in_0->z F     unmapped_complex2      1   6.3     0    82    6416    (-,-) 
  PC1/g24215/z           (u)     in_0->z R     unmapped_complex2      2  12.8     0   112    6528    (-,-) 
  PC1/g24188/z           (u)     in_0->z R     unmapped_complex2     16  25.6     0   224    6752    (-,-) 
  PC1/g23868/z           (u)     in_0->z F     unmapped_complex2      1   6.3     0    82    6834    (-,-) 
  PC1/g23533/z           (u)     in_1->z R     unmapped_nand2         1   6.4     0    82    6915    (-,-) 
  PC1/RF_reg[5][23]/d    -       -       R     unmapped_d_flop        1     -     -     0    6915    (-,-) 
#----------------------------------------------------------------------------------------------------------

(u) : Net has unmapped pin(s).



Path 44: MET (2902 ps) Setup Check with Pin PC1/RF_reg[4][23]/clk->d
          Group: C2C
     Startpoint: (R) PC1/PSTATE_reg[0]/clk
          Clock: (R) SYS_CLOCK
       Endpoint: (R) PC1/RF_reg[4][23]/d
          Clock: (R) SYS_CLOCK

                     Capture       Launch     
        Clock Edge:+   10000            0     
       Src Latency:+       0            0     
       Net Latency:+       0 (I)        0 (I) 
           Arrival:=   10000            0     
                                              
             Setup:-     183                  
     Required Time:=    9817                  
      Launch Clock:-       0                  
         Data Path:-    6915                  
             Slack:=    2902                  

#----------------------------------------------------------------------------------------------------------
#     Timing Point       Flags    Arc    Edge       Cell         Fanout  Load Trans Delay Arrival Instance 
#                                                                        (fF)  (ps)  (ps)   (ps)  Location 
#----------------------------------------------------------------------------------------------------------
  PC1/PSTATE_reg[0]/clk  -       -       R     (arrival)            587     -     0     0       0    (-,-) 
  PC1/PSTATE_reg[0]/q    (u)     clk->q  F     unmapped_d_flop        6  33.3     0   807     807    (-,-) 
  PC1/g12268/z           (u)     in_0->z F     unmapped_or2           4  25.2     0   156     964    (-,-) 
  PC1/g17550/z           (u)     in_1->z F     unmapped_or2           1   6.3     0    82    1046    (-,-) 
  PC1/g17533/z           (u)     in_0->z F     unmapped_or2           8  50.4     0   222    1268    (-,-) 
  PC1/g16964/z           (u)     in_0->z F     unmapped_complex2      1   6.3     0    82    1350    (-,-) 
  PC1/g16652/z           (u)     in_1->z R     unmapped_nand2         4  25.6     0   156    1506    (-,-) 
  PC1/g7136/z            (u)     in_1->z F     unmapped_nand2         4  25.2     0   156    1663    (-,-) 
  PC1/g16544/z           (u)     in_1->z F     unmapped_or2          32 201.6     0   364    2026    (-,-) 
  PC1/g16497/z           (u)     in_0->z F     unmapped_complex2      1   6.3     0    82    2108    (-,-) 
  PC1/g15994/z           (u)     in_1->z R     unmapped_nand2         1   6.4     0    82    2190    (-,-) 
  PC1/g15729/z           (u)     in_1->z R     unmapped_or2           1   6.4     0    82    2272    (-,-) 
  PC1/g15561/z           (u)     in_1->z R     unmapped_or2           1   6.4     0    82    2354    (-,-) 
  PC1/g15527/z           (u)     in_1->z R     unmapped_or2          13  83.2     0   269    2623    (-,-) 
  PC1/sub_126_48/g484/z  (u)     in_1->z F     unmapped_complex2      4  25.2     0   156    2779    (-,-) 
  PC1/sub_126_48/g1735/z (u)     in_1->z R     unmapped_nand2         1   6.4     0    82    2861    (-,-) 
  PC1/sub_126_48/g1708/z (u)     in_0->z F     unmapped_nand2         3  18.9     0   135    2996    (-,-) 
  PC1/sub_126_48/g1696/z (u)     in_1->z R     unmapped_nand2         1   6.4     0    82    3078    (-,-) 
  PC1/sub_126_48/g1686/z (u)     in_1->z F     unmapped_nand2         3  18.9     0   135    3213    (-,-) 
  PC1/sub_126_48/g1681/z (u)     in_1->z R     unmapped_nand2         1   6.4     0    82    3295    (-,-) 
  PC1/sub_126_48/g1673/z (u)     in_0->z F     unmapped_nand2         3  18.9     0   135    3430    (-,-) 
  PC1/sub_126_48/g1669/z (u)     in_0->z R     unmapped_nand2         2  12.8     0   112    3542    (-,-) 
  PC1/sub_126_48/g1665/z (u)     in_0->z R     unmapped_complex2      1   6.4     0    82    3624    (-,-) 
  PC1/sub_126_48/g1658/z (u)     in_0->z F     unmapped_complex2      3  18.9     0   135    3759    (-,-) 
  PC1/sub_126_48/g1654/z (u)     in_1->z R     unmapped_nand2         1   6.4     0    82    3841    (-,-) 
  PC1/sub_126_48/g1652/z (u)     in_1->z F     unmapped_nand2         3  18.9     0   135    3976    (-,-) 
  PC1/sub_126_48/g1648/z (u)     in_0->z R     unmapped_nand2         1   6.4     0    82    4058    (-,-) 
  PC1/sub_126_48/g1647/z (u)     in_0->z F     unmapped_nand2         4  25.2     0   156    4214    (-,-) 
  PC1/sub_126_48/g1646/z (u)     in_0->z R     unmapped_complex2      2  12.8     0   112    4326    (-,-) 
  PC1/sub_126_48/g1641/z (u)     in_0->z R     unmapped_complex2      1   6.4     0    82    4408    (-,-) 
  PC1/sub_126_48/g1631/z (u)     in_0->z R     unmapped_complex2      1   6.4     0    82    4490    (-,-) 
  PC1/sub_126_48/g1629/z (u)     in_0->z F     unmapped_complex2      4  25.2     0   156    4646    (-,-) 
  PC1/sub_126_48/g1628/z (u)     in_0->z R     unmapped_complex2      1   6.4     0    82    4728    (-,-) 
  PC1/sub_126_48/g1620/z (u)     in_0->z F     unmapped_complex2      3  18.9     0   135    4863    (-,-) 
  PC1/sub_126_48/g1615/z (u)     in_1->z R     unmapped_nand2         1   6.4     0    82    4945    (-,-) 
  PC1/sub_126_48/g1611/z (u)     in_1->z F     unmapped_nand2         3  18.9     0   135    5080    (-,-) 
  PC1/sub_126_48/g1607/z (u)     in_1->z R     unmapped_nand2         1   6.4     0    82    5162    (-,-) 
  PC1/sub_126_48/g1606/z (u)     in_1->z F     unmapped_nand2         6  37.8     0   195    5357    (-,-) 
  PC1/sub_126_48/g1604/z (u)     in_0->z R     unmapped_complex2      1   6.4     0    82    5439    (-,-) 
  PC1/sub_126_48/g1594/z (u)     in_0->z F     unmapped_complex2      4  25.2     0   156    5595    (-,-) 
  PC1/sub_126_48/g1579/z (u)     in_0->z R     unmapped_complex2      1   6.4     0    82    5677    (-,-) 
  PC1/sub_126_48/g1567/z (u)     in_0->z F     unmapped_complex2      3  18.9     0   135    5812    (-,-) 
  PC1/sub_126_48/g1559/z (u)     in_1->z R     unmapped_nand2         1   6.4     0    82    5894    (-,-) 
  PC1/sub_126_48/g1542/z (u)     in_1->z F     unmapped_nand2         2  12.6     0   112    6006    (-,-) 
  PC1/sub_126_48/g1532/z (u)     in_0->z F     unmapped_or2           1   6.3     0    82    6088    (-,-) 
  PC1/sub_126_48/g1533/z (u)     in_1->z R     unmapped_nand2         1   6.4     0    82    6170    (-,-) 
  PC1/g25889/z           (u)     in_0->z F     unmapped_complex2      1   6.3     0    82    6252    (-,-) 
  PC1/g24300/z           (u)     in_1->z R     unmapped_complex2      1   6.4     0    82    6334    (-,-) 
  PC1/g24242/z           (u)     in_0->z F     unmapped_complex2      1   6.3     0    82    6416    (-,-) 
  PC1/g24215/z           (u)     in_0->z R     unmapped_complex2      2  12.8     0   112    6528    (-,-) 
  PC1/g24188/z           (u)     in_0->z R     unmapped_complex2     16  25.6     0   224    6752    (-,-) 
  PC1/g23870/z           (u)     in_0->z F     unmapped_complex2      1   6.3     0    82    6834    (-,-) 
  PC1/g23536/z           (u)     in_1->z R     unmapped_nand2         1   6.4     0    82    6915    (-,-) 
  PC1/RF_reg[4][23]/d    -       -       R     unmapped_d_flop        1     -     -     0    6915    (-,-) 
#----------------------------------------------------------------------------------------------------------

(u) : Net has unmapped pin(s).



Path 45: MET (2902 ps) Setup Check with Pin PC1/RF_reg[3][23]/clk->d
          Group: C2C
     Startpoint: (R) PC1/PSTATE_reg[0]/clk
          Clock: (R) SYS_CLOCK
       Endpoint: (R) PC1/RF_reg[3][23]/d
          Clock: (R) SYS_CLOCK

                     Capture       Launch     
        Clock Edge:+   10000            0     
       Src Latency:+       0            0     
       Net Latency:+       0 (I)        0 (I) 
           Arrival:=   10000            0     
                                              
             Setup:-     183                  
     Required Time:=    9817                  
      Launch Clock:-       0                  
         Data Path:-    6915                  
             Slack:=    2902                  

#----------------------------------------------------------------------------------------------------------
#     Timing Point       Flags    Arc    Edge       Cell         Fanout  Load Trans Delay Arrival Instance 
#                                                                        (fF)  (ps)  (ps)   (ps)  Location 
#----------------------------------------------------------------------------------------------------------
  PC1/PSTATE_reg[0]/clk  -       -       R     (arrival)            587     -     0     0       0    (-,-) 
  PC1/PSTATE_reg[0]/q    (u)     clk->q  F     unmapped_d_flop        6  33.3     0   807     807    (-,-) 
  PC1/g12268/z           (u)     in_0->z F     unmapped_or2           4  25.2     0   156     964    (-,-) 
  PC1/g17550/z           (u)     in_1->z F     unmapped_or2           1   6.3     0    82    1046    (-,-) 
  PC1/g17533/z           (u)     in_0->z F     unmapped_or2           8  50.4     0   222    1268    (-,-) 
  PC1/g16964/z           (u)     in_0->z F     unmapped_complex2      1   6.3     0    82    1350    (-,-) 
  PC1/g16652/z           (u)     in_1->z R     unmapped_nand2         4  25.6     0   156    1506    (-,-) 
  PC1/g7136/z            (u)     in_1->z F     unmapped_nand2         4  25.2     0   156    1663    (-,-) 
  PC1/g16544/z           (u)     in_1->z F     unmapped_or2          32 201.6     0   364    2026    (-,-) 
  PC1/g16497/z           (u)     in_0->z F     unmapped_complex2      1   6.3     0    82    2108    (-,-) 
  PC1/g15994/z           (u)     in_1->z R     unmapped_nand2         1   6.4     0    82    2190    (-,-) 
  PC1/g15729/z           (u)     in_1->z R     unmapped_or2           1   6.4     0    82    2272    (-,-) 
  PC1/g15561/z           (u)     in_1->z R     unmapped_or2           1   6.4     0    82    2354    (-,-) 
  PC1/g15527/z           (u)     in_1->z R     unmapped_or2          13  83.2     0   269    2623    (-,-) 
  PC1/sub_126_48/g484/z  (u)     in_1->z F     unmapped_complex2      4  25.2     0   156    2779    (-,-) 
  PC1/sub_126_48/g1735/z (u)     in_1->z R     unmapped_nand2         1   6.4     0    82    2861    (-,-) 
  PC1/sub_126_48/g1708/z (u)     in_0->z F     unmapped_nand2         3  18.9     0   135    2996    (-,-) 
  PC1/sub_126_48/g1696/z (u)     in_1->z R     unmapped_nand2         1   6.4     0    82    3078    (-,-) 
  PC1/sub_126_48/g1686/z (u)     in_1->z F     unmapped_nand2         3  18.9     0   135    3213    (-,-) 
  PC1/sub_126_48/g1681/z (u)     in_1->z R     unmapped_nand2         1   6.4     0    82    3295    (-,-) 
  PC1/sub_126_48/g1673/z (u)     in_0->z F     unmapped_nand2         3  18.9     0   135    3430    (-,-) 
  PC1/sub_126_48/g1669/z (u)     in_0->z R     unmapped_nand2         2  12.8     0   112    3542    (-,-) 
  PC1/sub_126_48/g1665/z (u)     in_0->z R     unmapped_complex2      1   6.4     0    82    3624    (-,-) 
  PC1/sub_126_48/g1658/z (u)     in_0->z F     unmapped_complex2      3  18.9     0   135    3759    (-,-) 
  PC1/sub_126_48/g1654/z (u)     in_1->z R     unmapped_nand2         1   6.4     0    82    3841    (-,-) 
  PC1/sub_126_48/g1652/z (u)     in_1->z F     unmapped_nand2         3  18.9     0   135    3976    (-,-) 
  PC1/sub_126_48/g1648/z (u)     in_0->z R     unmapped_nand2         1   6.4     0    82    4058    (-,-) 
  PC1/sub_126_48/g1647/z (u)     in_0->z F     unmapped_nand2         4  25.2     0   156    4214    (-,-) 
  PC1/sub_126_48/g1646/z (u)     in_0->z R     unmapped_complex2      2  12.8     0   112    4326    (-,-) 
  PC1/sub_126_48/g1641/z (u)     in_0->z R     unmapped_complex2      1   6.4     0    82    4408    (-,-) 
  PC1/sub_126_48/g1631/z (u)     in_0->z R     unmapped_complex2      1   6.4     0    82    4490    (-,-) 
  PC1/sub_126_48/g1629/z (u)     in_0->z F     unmapped_complex2      4  25.2     0   156    4646    (-,-) 
  PC1/sub_126_48/g1628/z (u)     in_0->z R     unmapped_complex2      1   6.4     0    82    4728    (-,-) 
  PC1/sub_126_48/g1620/z (u)     in_0->z F     unmapped_complex2      3  18.9     0   135    4863    (-,-) 
  PC1/sub_126_48/g1615/z (u)     in_1->z R     unmapped_nand2         1   6.4     0    82    4945    (-,-) 
  PC1/sub_126_48/g1611/z (u)     in_1->z F     unmapped_nand2         3  18.9     0   135    5080    (-,-) 
  PC1/sub_126_48/g1607/z (u)     in_1->z R     unmapped_nand2         1   6.4     0    82    5162    (-,-) 
  PC1/sub_126_48/g1606/z (u)     in_1->z F     unmapped_nand2         6  37.8     0   195    5357    (-,-) 
  PC1/sub_126_48/g1604/z (u)     in_0->z R     unmapped_complex2      1   6.4     0    82    5439    (-,-) 
  PC1/sub_126_48/g1594/z (u)     in_0->z F     unmapped_complex2      4  25.2     0   156    5595    (-,-) 
  PC1/sub_126_48/g1579/z (u)     in_0->z R     unmapped_complex2      1   6.4     0    82    5677    (-,-) 
  PC1/sub_126_48/g1567/z (u)     in_0->z F     unmapped_complex2      3  18.9     0   135    5812    (-,-) 
  PC1/sub_126_48/g1559/z (u)     in_1->z R     unmapped_nand2         1   6.4     0    82    5894    (-,-) 
  PC1/sub_126_48/g1542/z (u)     in_1->z F     unmapped_nand2         2  12.6     0   112    6006    (-,-) 
  PC1/sub_126_48/g1532/z (u)     in_0->z F     unmapped_or2           1   6.3     0    82    6088    (-,-) 
  PC1/sub_126_48/g1533/z (u)     in_1->z R     unmapped_nand2         1   6.4     0    82    6170    (-,-) 
  PC1/g25889/z           (u)     in_0->z F     unmapped_complex2      1   6.3     0    82    6252    (-,-) 
  PC1/g24300/z           (u)     in_1->z R     unmapped_complex2      1   6.4     0    82    6334    (-,-) 
  PC1/g24242/z           (u)     in_0->z F     unmapped_complex2      1   6.3     0    82    6416    (-,-) 
  PC1/g24215/z           (u)     in_0->z R     unmapped_complex2      2  12.8     0   112    6528    (-,-) 
  PC1/g24188/z           (u)     in_0->z R     unmapped_complex2     16  25.6     0   224    6752    (-,-) 
  PC1/g23872/z           (u)     in_0->z F     unmapped_complex2      1   6.3     0    82    6834    (-,-) 
  PC1/g23539/z           (u)     in_1->z R     unmapped_nand2         1   6.4     0    82    6915    (-,-) 
  PC1/RF_reg[3][23]/d    -       -       R     unmapped_d_flop        1     -     -     0    6915    (-,-) 
#----------------------------------------------------------------------------------------------------------

(u) : Net has unmapped pin(s).



Path 46: MET (2902 ps) Setup Check with Pin PC1/RF_reg[2][23]/clk->d
          Group: C2C
     Startpoint: (R) PC1/PSTATE_reg[0]/clk
          Clock: (R) SYS_CLOCK
       Endpoint: (R) PC1/RF_reg[2][23]/d
          Clock: (R) SYS_CLOCK

                     Capture       Launch     
        Clock Edge:+   10000            0     
       Src Latency:+       0            0     
       Net Latency:+       0 (I)        0 (I) 
           Arrival:=   10000            0     
                                              
             Setup:-     183                  
     Required Time:=    9817                  
      Launch Clock:-       0                  
         Data Path:-    6915                  
             Slack:=    2902                  

#----------------------------------------------------------------------------------------------------------
#     Timing Point       Flags    Arc    Edge       Cell         Fanout  Load Trans Delay Arrival Instance 
#                                                                        (fF)  (ps)  (ps)   (ps)  Location 
#----------------------------------------------------------------------------------------------------------
  PC1/PSTATE_reg[0]/clk  -       -       R     (arrival)            587     -     0     0       0    (-,-) 
  PC1/PSTATE_reg[0]/q    (u)     clk->q  F     unmapped_d_flop        6  33.3     0   807     807    (-,-) 
  PC1/g12268/z           (u)     in_0->z F     unmapped_or2           4  25.2     0   156     964    (-,-) 
  PC1/g17550/z           (u)     in_1->z F     unmapped_or2           1   6.3     0    82    1046    (-,-) 
  PC1/g17533/z           (u)     in_0->z F     unmapped_or2           8  50.4     0   222    1268    (-,-) 
  PC1/g16964/z           (u)     in_0->z F     unmapped_complex2      1   6.3     0    82    1350    (-,-) 
  PC1/g16652/z           (u)     in_1->z R     unmapped_nand2         4  25.6     0   156    1506    (-,-) 
  PC1/g7136/z            (u)     in_1->z F     unmapped_nand2         4  25.2     0   156    1663    (-,-) 
  PC1/g16544/z           (u)     in_1->z F     unmapped_or2          32 201.6     0   364    2026    (-,-) 
  PC1/g16497/z           (u)     in_0->z F     unmapped_complex2      1   6.3     0    82    2108    (-,-) 
  PC1/g15994/z           (u)     in_1->z R     unmapped_nand2         1   6.4     0    82    2190    (-,-) 
  PC1/g15729/z           (u)     in_1->z R     unmapped_or2           1   6.4     0    82    2272    (-,-) 
  PC1/g15561/z           (u)     in_1->z R     unmapped_or2           1   6.4     0    82    2354    (-,-) 
  PC1/g15527/z           (u)     in_1->z R     unmapped_or2          13  83.2     0   269    2623    (-,-) 
  PC1/sub_126_48/g484/z  (u)     in_1->z F     unmapped_complex2      4  25.2     0   156    2779    (-,-) 
  PC1/sub_126_48/g1735/z (u)     in_1->z R     unmapped_nand2         1   6.4     0    82    2861    (-,-) 
  PC1/sub_126_48/g1708/z (u)     in_0->z F     unmapped_nand2         3  18.9     0   135    2996    (-,-) 
  PC1/sub_126_48/g1696/z (u)     in_1->z R     unmapped_nand2         1   6.4     0    82    3078    (-,-) 
  PC1/sub_126_48/g1686/z (u)     in_1->z F     unmapped_nand2         3  18.9     0   135    3213    (-,-) 
  PC1/sub_126_48/g1681/z (u)     in_1->z R     unmapped_nand2         1   6.4     0    82    3295    (-,-) 
  PC1/sub_126_48/g1673/z (u)     in_0->z F     unmapped_nand2         3  18.9     0   135    3430    (-,-) 
  PC1/sub_126_48/g1669/z (u)     in_0->z R     unmapped_nand2         2  12.8     0   112    3542    (-,-) 
  PC1/sub_126_48/g1665/z (u)     in_0->z R     unmapped_complex2      1   6.4     0    82    3624    (-,-) 
  PC1/sub_126_48/g1658/z (u)     in_0->z F     unmapped_complex2      3  18.9     0   135    3759    (-,-) 
  PC1/sub_126_48/g1654/z (u)     in_1->z R     unmapped_nand2         1   6.4     0    82    3841    (-,-) 
  PC1/sub_126_48/g1652/z (u)     in_1->z F     unmapped_nand2         3  18.9     0   135    3976    (-,-) 
  PC1/sub_126_48/g1648/z (u)     in_0->z R     unmapped_nand2         1   6.4     0    82    4058    (-,-) 
  PC1/sub_126_48/g1647/z (u)     in_0->z F     unmapped_nand2         4  25.2     0   156    4214    (-,-) 
  PC1/sub_126_48/g1646/z (u)     in_0->z R     unmapped_complex2      2  12.8     0   112    4326    (-,-) 
  PC1/sub_126_48/g1641/z (u)     in_0->z R     unmapped_complex2      1   6.4     0    82    4408    (-,-) 
  PC1/sub_126_48/g1631/z (u)     in_0->z R     unmapped_complex2      1   6.4     0    82    4490    (-,-) 
  PC1/sub_126_48/g1629/z (u)     in_0->z F     unmapped_complex2      4  25.2     0   156    4646    (-,-) 
  PC1/sub_126_48/g1628/z (u)     in_0->z R     unmapped_complex2      1   6.4     0    82    4728    (-,-) 
  PC1/sub_126_48/g1620/z (u)     in_0->z F     unmapped_complex2      3  18.9     0   135    4863    (-,-) 
  PC1/sub_126_48/g1615/z (u)     in_1->z R     unmapped_nand2         1   6.4     0    82    4945    (-,-) 
  PC1/sub_126_48/g1611/z (u)     in_1->z F     unmapped_nand2         3  18.9     0   135    5080    (-,-) 
  PC1/sub_126_48/g1607/z (u)     in_1->z R     unmapped_nand2         1   6.4     0    82    5162    (-,-) 
  PC1/sub_126_48/g1606/z (u)     in_1->z F     unmapped_nand2         6  37.8     0   195    5357    (-,-) 
  PC1/sub_126_48/g1604/z (u)     in_0->z R     unmapped_complex2      1   6.4     0    82    5439    (-,-) 
  PC1/sub_126_48/g1594/z (u)     in_0->z F     unmapped_complex2      4  25.2     0   156    5595    (-,-) 
  PC1/sub_126_48/g1579/z (u)     in_0->z R     unmapped_complex2      1   6.4     0    82    5677    (-,-) 
  PC1/sub_126_48/g1567/z (u)     in_0->z F     unmapped_complex2      3  18.9     0   135    5812    (-,-) 
  PC1/sub_126_48/g1559/z (u)     in_1->z R     unmapped_nand2         1   6.4     0    82    5894    (-,-) 
  PC1/sub_126_48/g1542/z (u)     in_1->z F     unmapped_nand2         2  12.6     0   112    6006    (-,-) 
  PC1/sub_126_48/g1532/z (u)     in_0->z F     unmapped_or2           1   6.3     0    82    6088    (-,-) 
  PC1/sub_126_48/g1533/z (u)     in_1->z R     unmapped_nand2         1   6.4     0    82    6170    (-,-) 
  PC1/g25889/z           (u)     in_0->z F     unmapped_complex2      1   6.3     0    82    6252    (-,-) 
  PC1/g24300/z           (u)     in_1->z R     unmapped_complex2      1   6.4     0    82    6334    (-,-) 
  PC1/g24242/z           (u)     in_0->z F     unmapped_complex2      1   6.3     0    82    6416    (-,-) 
  PC1/g24215/z           (u)     in_0->z R     unmapped_complex2      2  12.8     0   112    6528    (-,-) 
  PC1/g24188/z           (u)     in_0->z R     unmapped_complex2     16  25.6     0   224    6752    (-,-) 
  PC1/g23874/z           (u)     in_0->z F     unmapped_complex2      1   6.3     0    82    6834    (-,-) 
  PC1/g23542/z           (u)     in_1->z R     unmapped_nand2         1   6.4     0    82    6915    (-,-) 
  PC1/RF_reg[2][23]/d    -       -       R     unmapped_d_flop        1     -     -     0    6915    (-,-) 
#----------------------------------------------------------------------------------------------------------

(u) : Net has unmapped pin(s).



Path 47: MET (2902 ps) Setup Check with Pin PC1/RF_reg[1][23]/clk->d
          Group: C2C
     Startpoint: (R) PC1/PSTATE_reg[0]/clk
          Clock: (R) SYS_CLOCK
       Endpoint: (R) PC1/RF_reg[1][23]/d
          Clock: (R) SYS_CLOCK

                     Capture       Launch     
        Clock Edge:+   10000            0     
       Src Latency:+       0            0     
       Net Latency:+       0 (I)        0 (I) 
           Arrival:=   10000            0     
                                              
             Setup:-     183                  
     Required Time:=    9817                  
      Launch Clock:-       0                  
         Data Path:-    6915                  
             Slack:=    2902                  

#----------------------------------------------------------------------------------------------------------
#     Timing Point       Flags    Arc    Edge       Cell         Fanout  Load Trans Delay Arrival Instance 
#                                                                        (fF)  (ps)  (ps)   (ps)  Location 
#----------------------------------------------------------------------------------------------------------
  PC1/PSTATE_reg[0]/clk  -       -       R     (arrival)            587     -     0     0       0    (-,-) 
  PC1/PSTATE_reg[0]/q    (u)     clk->q  F     unmapped_d_flop        6  33.3     0   807     807    (-,-) 
  PC1/g12268/z           (u)     in_0->z F     unmapped_or2           4  25.2     0   156     964    (-,-) 
  PC1/g17550/z           (u)     in_1->z F     unmapped_or2           1   6.3     0    82    1046    (-,-) 
  PC1/g17533/z           (u)     in_0->z F     unmapped_or2           8  50.4     0   222    1268    (-,-) 
  PC1/g16964/z           (u)     in_0->z F     unmapped_complex2      1   6.3     0    82    1350    (-,-) 
  PC1/g16652/z           (u)     in_1->z R     unmapped_nand2         4  25.6     0   156    1506    (-,-) 
  PC1/g7136/z            (u)     in_1->z F     unmapped_nand2         4  25.2     0   156    1663    (-,-) 
  PC1/g16544/z           (u)     in_1->z F     unmapped_or2          32 201.6     0   364    2026    (-,-) 
  PC1/g16497/z           (u)     in_0->z F     unmapped_complex2      1   6.3     0    82    2108    (-,-) 
  PC1/g15994/z           (u)     in_1->z R     unmapped_nand2         1   6.4     0    82    2190    (-,-) 
  PC1/g15729/z           (u)     in_1->z R     unmapped_or2           1   6.4     0    82    2272    (-,-) 
  PC1/g15561/z           (u)     in_1->z R     unmapped_or2           1   6.4     0    82    2354    (-,-) 
  PC1/g15527/z           (u)     in_1->z R     unmapped_or2          13  83.2     0   269    2623    (-,-) 
  PC1/sub_126_48/g484/z  (u)     in_1->z F     unmapped_complex2      4  25.2     0   156    2779    (-,-) 
  PC1/sub_126_48/g1735/z (u)     in_1->z R     unmapped_nand2         1   6.4     0    82    2861    (-,-) 
  PC1/sub_126_48/g1708/z (u)     in_0->z F     unmapped_nand2         3  18.9     0   135    2996    (-,-) 
  PC1/sub_126_48/g1696/z (u)     in_1->z R     unmapped_nand2         1   6.4     0    82    3078    (-,-) 
  PC1/sub_126_48/g1686/z (u)     in_1->z F     unmapped_nand2         3  18.9     0   135    3213    (-,-) 
  PC1/sub_126_48/g1681/z (u)     in_1->z R     unmapped_nand2         1   6.4     0    82    3295    (-,-) 
  PC1/sub_126_48/g1673/z (u)     in_0->z F     unmapped_nand2         3  18.9     0   135    3430    (-,-) 
  PC1/sub_126_48/g1669/z (u)     in_0->z R     unmapped_nand2         2  12.8     0   112    3542    (-,-) 
  PC1/sub_126_48/g1665/z (u)     in_0->z R     unmapped_complex2      1   6.4     0    82    3624    (-,-) 
  PC1/sub_126_48/g1658/z (u)     in_0->z F     unmapped_complex2      3  18.9     0   135    3759    (-,-) 
  PC1/sub_126_48/g1654/z (u)     in_1->z R     unmapped_nand2         1   6.4     0    82    3841    (-,-) 
  PC1/sub_126_48/g1652/z (u)     in_1->z F     unmapped_nand2         3  18.9     0   135    3976    (-,-) 
  PC1/sub_126_48/g1648/z (u)     in_0->z R     unmapped_nand2         1   6.4     0    82    4058    (-,-) 
  PC1/sub_126_48/g1647/z (u)     in_0->z F     unmapped_nand2         4  25.2     0   156    4214    (-,-) 
  PC1/sub_126_48/g1646/z (u)     in_0->z R     unmapped_complex2      2  12.8     0   112    4326    (-,-) 
  PC1/sub_126_48/g1641/z (u)     in_0->z R     unmapped_complex2      1   6.4     0    82    4408    (-,-) 
  PC1/sub_126_48/g1631/z (u)     in_0->z R     unmapped_complex2      1   6.4     0    82    4490    (-,-) 
  PC1/sub_126_48/g1629/z (u)     in_0->z F     unmapped_complex2      4  25.2     0   156    4646    (-,-) 
  PC1/sub_126_48/g1628/z (u)     in_0->z R     unmapped_complex2      1   6.4     0    82    4728    (-,-) 
  PC1/sub_126_48/g1620/z (u)     in_0->z F     unmapped_complex2      3  18.9     0   135    4863    (-,-) 
  PC1/sub_126_48/g1615/z (u)     in_1->z R     unmapped_nand2         1   6.4     0    82    4945    (-,-) 
  PC1/sub_126_48/g1611/z (u)     in_1->z F     unmapped_nand2         3  18.9     0   135    5080    (-,-) 
  PC1/sub_126_48/g1607/z (u)     in_1->z R     unmapped_nand2         1   6.4     0    82    5162    (-,-) 
  PC1/sub_126_48/g1606/z (u)     in_1->z F     unmapped_nand2         6  37.8     0   195    5357    (-,-) 
  PC1/sub_126_48/g1604/z (u)     in_0->z R     unmapped_complex2      1   6.4     0    82    5439    (-,-) 
  PC1/sub_126_48/g1594/z (u)     in_0->z F     unmapped_complex2      4  25.2     0   156    5595    (-,-) 
  PC1/sub_126_48/g1579/z (u)     in_0->z R     unmapped_complex2      1   6.4     0    82    5677    (-,-) 
  PC1/sub_126_48/g1567/z (u)     in_0->z F     unmapped_complex2      3  18.9     0   135    5812    (-,-) 
  PC1/sub_126_48/g1559/z (u)     in_1->z R     unmapped_nand2         1   6.4     0    82    5894    (-,-) 
  PC1/sub_126_48/g1542/z (u)     in_1->z F     unmapped_nand2         2  12.6     0   112    6006    (-,-) 
  PC1/sub_126_48/g1532/z (u)     in_0->z F     unmapped_or2           1   6.3     0    82    6088    (-,-) 
  PC1/sub_126_48/g1533/z (u)     in_1->z R     unmapped_nand2         1   6.4     0    82    6170    (-,-) 
  PC1/g25889/z           (u)     in_0->z F     unmapped_complex2      1   6.3     0    82    6252    (-,-) 
  PC1/g24300/z           (u)     in_1->z R     unmapped_complex2      1   6.4     0    82    6334    (-,-) 
  PC1/g24242/z           (u)     in_0->z F     unmapped_complex2      1   6.3     0    82    6416    (-,-) 
  PC1/g24215/z           (u)     in_0->z R     unmapped_complex2      2  12.8     0   112    6528    (-,-) 
  PC1/g24188/z           (u)     in_0->z R     unmapped_complex2     16  25.6     0   224    6752    (-,-) 
  PC1/g23876/z           (u)     in_0->z F     unmapped_complex2      1   6.3     0    82    6834    (-,-) 
  PC1/g23545/z           (u)     in_1->z R     unmapped_nand2         1   6.4     0    82    6915    (-,-) 
  PC1/RF_reg[1][23]/d    -       -       R     unmapped_d_flop        1     -     -     0    6915    (-,-) 
#----------------------------------------------------------------------------------------------------------

(u) : Net has unmapped pin(s).



Path 48: MET (2902 ps) Setup Check with Pin PC1/RF_reg[0][23]/clk->d
          Group: C2C
     Startpoint: (R) PC1/PSTATE_reg[0]/clk
          Clock: (R) SYS_CLOCK
       Endpoint: (R) PC1/RF_reg[0][23]/d
          Clock: (R) SYS_CLOCK

                     Capture       Launch     
        Clock Edge:+   10000            0     
       Src Latency:+       0            0     
       Net Latency:+       0 (I)        0 (I) 
           Arrival:=   10000            0     
                                              
             Setup:-     183                  
     Required Time:=    9817                  
      Launch Clock:-       0                  
         Data Path:-    6915                  
             Slack:=    2902                  

#----------------------------------------------------------------------------------------------------------
#     Timing Point       Flags    Arc    Edge       Cell         Fanout  Load Trans Delay Arrival Instance 
#                                                                        (fF)  (ps)  (ps)   (ps)  Location 
#----------------------------------------------------------------------------------------------------------
  PC1/PSTATE_reg[0]/clk  -       -       R     (arrival)            587     -     0     0       0    (-,-) 
  PC1/PSTATE_reg[0]/q    (u)     clk->q  F     unmapped_d_flop        6  33.3     0   807     807    (-,-) 
  PC1/g12268/z           (u)     in_0->z F     unmapped_or2           4  25.2     0   156     964    (-,-) 
  PC1/g17550/z           (u)     in_1->z F     unmapped_or2           1   6.3     0    82    1046    (-,-) 
  PC1/g17533/z           (u)     in_0->z F     unmapped_or2           8  50.4     0   222    1268    (-,-) 
  PC1/g16964/z           (u)     in_0->z F     unmapped_complex2      1   6.3     0    82    1350    (-,-) 
  PC1/g16652/z           (u)     in_1->z R     unmapped_nand2         4  25.6     0   156    1506    (-,-) 
  PC1/g7136/z            (u)     in_1->z F     unmapped_nand2         4  25.2     0   156    1663    (-,-) 
  PC1/g16544/z           (u)     in_1->z F     unmapped_or2          32 201.6     0   364    2026    (-,-) 
  PC1/g16497/z           (u)     in_0->z F     unmapped_complex2      1   6.3     0    82    2108    (-,-) 
  PC1/g15994/z           (u)     in_1->z R     unmapped_nand2         1   6.4     0    82    2190    (-,-) 
  PC1/g15729/z           (u)     in_1->z R     unmapped_or2           1   6.4     0    82    2272    (-,-) 
  PC1/g15561/z           (u)     in_1->z R     unmapped_or2           1   6.4     0    82    2354    (-,-) 
  PC1/g15527/z           (u)     in_1->z R     unmapped_or2          13  83.2     0   269    2623    (-,-) 
  PC1/sub_126_48/g484/z  (u)     in_1->z F     unmapped_complex2      4  25.2     0   156    2779    (-,-) 
  PC1/sub_126_48/g1735/z (u)     in_1->z R     unmapped_nand2         1   6.4     0    82    2861    (-,-) 
  PC1/sub_126_48/g1708/z (u)     in_0->z F     unmapped_nand2         3  18.9     0   135    2996    (-,-) 
  PC1/sub_126_48/g1696/z (u)     in_1->z R     unmapped_nand2         1   6.4     0    82    3078    (-,-) 
  PC1/sub_126_48/g1686/z (u)     in_1->z F     unmapped_nand2         3  18.9     0   135    3213    (-,-) 
  PC1/sub_126_48/g1681/z (u)     in_1->z R     unmapped_nand2         1   6.4     0    82    3295    (-,-) 
  PC1/sub_126_48/g1673/z (u)     in_0->z F     unmapped_nand2         3  18.9     0   135    3430    (-,-) 
  PC1/sub_126_48/g1669/z (u)     in_0->z R     unmapped_nand2         2  12.8     0   112    3542    (-,-) 
  PC1/sub_126_48/g1665/z (u)     in_0->z R     unmapped_complex2      1   6.4     0    82    3624    (-,-) 
  PC1/sub_126_48/g1658/z (u)     in_0->z F     unmapped_complex2      3  18.9     0   135    3759    (-,-) 
  PC1/sub_126_48/g1654/z (u)     in_1->z R     unmapped_nand2         1   6.4     0    82    3841    (-,-) 
  PC1/sub_126_48/g1652/z (u)     in_1->z F     unmapped_nand2         3  18.9     0   135    3976    (-,-) 
  PC1/sub_126_48/g1648/z (u)     in_0->z R     unmapped_nand2         1   6.4     0    82    4058    (-,-) 
  PC1/sub_126_48/g1647/z (u)     in_0->z F     unmapped_nand2         4  25.2     0   156    4214    (-,-) 
  PC1/sub_126_48/g1646/z (u)     in_0->z R     unmapped_complex2      2  12.8     0   112    4326    (-,-) 
  PC1/sub_126_48/g1641/z (u)     in_0->z R     unmapped_complex2      1   6.4     0    82    4408    (-,-) 
  PC1/sub_126_48/g1631/z (u)     in_0->z R     unmapped_complex2      1   6.4     0    82    4490    (-,-) 
  PC1/sub_126_48/g1629/z (u)     in_0->z F     unmapped_complex2      4  25.2     0   156    4646    (-,-) 
  PC1/sub_126_48/g1628/z (u)     in_0->z R     unmapped_complex2      1   6.4     0    82    4728    (-,-) 
  PC1/sub_126_48/g1620/z (u)     in_0->z F     unmapped_complex2      3  18.9     0   135    4863    (-,-) 
  PC1/sub_126_48/g1615/z (u)     in_1->z R     unmapped_nand2         1   6.4     0    82    4945    (-,-) 
  PC1/sub_126_48/g1611/z (u)     in_1->z F     unmapped_nand2         3  18.9     0   135    5080    (-,-) 
  PC1/sub_126_48/g1607/z (u)     in_1->z R     unmapped_nand2         1   6.4     0    82    5162    (-,-) 
  PC1/sub_126_48/g1606/z (u)     in_1->z F     unmapped_nand2         6  37.8     0   195    5357    (-,-) 
  PC1/sub_126_48/g1604/z (u)     in_0->z R     unmapped_complex2      1   6.4     0    82    5439    (-,-) 
  PC1/sub_126_48/g1594/z (u)     in_0->z F     unmapped_complex2      4  25.2     0   156    5595    (-,-) 
  PC1/sub_126_48/g1579/z (u)     in_0->z R     unmapped_complex2      1   6.4     0    82    5677    (-,-) 
  PC1/sub_126_48/g1567/z (u)     in_0->z F     unmapped_complex2      3  18.9     0   135    5812    (-,-) 
  PC1/sub_126_48/g1559/z (u)     in_1->z R     unmapped_nand2         1   6.4     0    82    5894    (-,-) 
  PC1/sub_126_48/g1542/z (u)     in_1->z F     unmapped_nand2         2  12.6     0   112    6006    (-,-) 
  PC1/sub_126_48/g1532/z (u)     in_0->z F     unmapped_or2           1   6.3     0    82    6088    (-,-) 
  PC1/sub_126_48/g1533/z (u)     in_1->z R     unmapped_nand2         1   6.4     0    82    6170    (-,-) 
  PC1/g25889/z           (u)     in_0->z F     unmapped_complex2      1   6.3     0    82    6252    (-,-) 
  PC1/g24300/z           (u)     in_1->z R     unmapped_complex2      1   6.4     0    82    6334    (-,-) 
  PC1/g24242/z           (u)     in_0->z F     unmapped_complex2      1   6.3     0    82    6416    (-,-) 
  PC1/g24215/z           (u)     in_0->z R     unmapped_complex2      2  12.8     0   112    6528    (-,-) 
  PC1/g24188/z           (u)     in_0->z R     unmapped_complex2     16  25.6     0   224    6752    (-,-) 
  PC1/g23878/z           (u)     in_0->z F     unmapped_complex2      1   6.3     0    82    6834    (-,-) 
  PC1/g23548/z           (u)     in_1->z R     unmapped_nand2         1   6.4     0    82    6915    (-,-) 
  PC1/RF_reg[0][23]/d    -       -       R     unmapped_d_flop        1     -     -     0    6915    (-,-) 
#----------------------------------------------------------------------------------------------------------

(u) : Net has unmapped pin(s).



Path 49: MET (2921 ps) Setup Check with Pin PC1/RF_reg[15][29]/clk->d
          Group: C2C
     Startpoint: (R) PC1/PSTATE_reg[0]/clk
          Clock: (R) SYS_CLOCK
       Endpoint: (R) PC1/RF_reg[15][29]/d
          Clock: (R) SYS_CLOCK

                     Capture       Launch     
        Clock Edge:+   10000            0     
       Src Latency:+       0            0     
       Net Latency:+       0 (I)        0 (I) 
           Arrival:=   10000            0     
                                              
             Setup:-     183                  
     Required Time:=    9817                  
      Launch Clock:-       0                  
         Data Path:-    6896                  
             Slack:=    2921                  

#----------------------------------------------------------------------------------------------------------
#     Timing Point       Flags    Arc    Edge       Cell         Fanout  Load Trans Delay Arrival Instance 
#                                                                        (fF)  (ps)  (ps)   (ps)  Location 
#----------------------------------------------------------------------------------------------------------
  PC1/PSTATE_reg[0]/clk  -       -       R     (arrival)            587     -     0     0       0    (-,-) 
  PC1/PSTATE_reg[0]/q    (u)     clk->q  R     unmapped_d_flop        6  33.8     0   807     807    (-,-) 
  PC1/g12268/z           (u)     in_0->z R     unmapped_or2           4  25.6     0   156     964    (-,-) 
  PC1/g17550/z           (u)     in_1->z R     unmapped_or2           1   6.4     0    82    1046    (-,-) 
  PC1/g17533/z           (u)     in_0->z R     unmapped_or2           8  51.2     0   222    1268    (-,-) 
  PC1/g16964/z           (u)     in_0->z R     unmapped_complex2      1   6.4     0    82    1350    (-,-) 
  PC1/g16652/z           (u)     in_1->z F     unmapped_nand2         4  25.2     0   156    1506    (-,-) 
  PC1/g7136/z            (u)     in_1->z R     unmapped_nand2         4  25.6     0   156    1663    (-,-) 
  PC1/g16544/z           (u)     in_1->z R     unmapped_or2          32 204.8     0   364    2026    (-,-) 
  PC1/g16497/z           (u)     in_0->z R     unmapped_complex2      1   6.4     0    82    2108    (-,-) 
  PC1/g15994/z           (u)     in_1->z F     unmapped_nand2         1   6.3     0    82    2190    (-,-) 
  PC1/g15729/z           (u)     in_1->z F     unmapped_or2           1   6.3     0    82    2272    (-,-) 
  PC1/g15561/z           (u)     in_1->z F     unmapped_or2           1   6.3     0    82    2354    (-,-) 
  PC1/g15527/z           (u)     in_1->z F     unmapped_or2          13  81.9     0   269    2623    (-,-) 
  PC1/add_174_42/g2/z    (u)     in_1->z R     unmapped_nand2         3  19.2     0   135    2758    (-,-) 
  PC1/add_174_42/g1613/z (u)     in_0->z R     unmapped_complex2      1   6.4     0    82    2840    (-,-) 
  PC1/add_174_42/g1610/z (u)     in_0->z F     unmapped_nand2         3  18.9     0   135    2975    (-,-) 
  PC1/add_174_42/g1593/z (u)     in_1->z R     unmapped_nand2         1   6.4     0    82    3057    (-,-) 
  PC1/add_174_42/g1587/z (u)     in_1->z F     unmapped_nand2         3  18.9     0   135    3192    (-,-) 
  PC1/add_174_42/g1579/z (u)     in_1->z R     unmapped_nand2         1   6.4     0    82    3273    (-,-) 
  PC1/add_174_42/g1576/z (u)     in_0->z F     unmapped_nand2         4  25.2     0   156    3430    (-,-) 
  PC1/add_174_42/g1571/z (u)     in_0->z R     unmapped_complex2      1   6.4     0    82    3512    (-,-) 
  PC1/add_174_42/g1563/z (u)     in_0->z F     unmapped_complex2      3  18.9     0   135    3647    (-,-) 
  PC1/add_174_42/g1562/z (u)     in_1->z R     unmapped_nand2         1   6.4     0    82    3728    (-,-) 
  PC1/add_174_42/g1555/z (u)     in_1->z F     unmapped_nand2         3  18.9     0   135    3863    (-,-) 
  PC1/add_174_42/g1551/z (u)     in_0->z R     unmapped_nand2         1   6.4     0    82    3945    (-,-) 
  PC1/add_174_42/g1550/z (u)     in_0->z F     unmapped_nand2         5  31.5     0   180    4125    (-,-) 
  PC1/add_174_42/g1549/z (u)     in_0->z R     unmapped_complex2      1   6.4     0    82    4207    (-,-) 
  PC1/add_174_42/g1542/z (u)     in_0->z F     unmapped_complex2      4  25.2     0   156    4363    (-,-) 
  PC1/add_174_42/g1530/z (u)     in_0->z R     unmapped_complex2      1   6.4     0    82    4445    (-,-) 
  PC1/add_174_42/g1528/z (u)     in_0->z F     unmapped_complex2      3  18.9     0   135    4580    (-,-) 
  PC1/add_174_42/g1522/z (u)     in_1->z R     unmapped_nand2         1   6.4     0    82    4662    (-,-) 
  PC1/add_174_42/g1515/z (u)     in_1->z F     unmapped_nand2         3  18.9     0   135    4797    (-,-) 
  PC1/add_174_42/g1511/z (u)     in_1->z R     unmapped_nand2         1   6.4     0    82    4879    (-,-) 
  PC1/add_174_42/g1510/z (u)     in_1->z F     unmapped_nand2         6  37.8     0   195    5074    (-,-) 
  PC1/add_174_42/g1509/z (u)     in_0->z R     unmapped_complex2      1   6.4     0    82    5156    (-,-) 
  PC1/add_174_42/g1499/z (u)     in_0->z F     unmapped_complex2      3  18.9     0   135    5291    (-,-) 
  PC1/add_174_42/g1497/z (u)     in_1->z R     unmapped_nand2         2  12.8     0   112    5403    (-,-) 
  PC1/add_174_42/g1482/z (u)     in_0->z R     unmapped_complex2      2  12.8     0   112    5515    (-,-) 
  PC1/add_174_42/g1477/z (u)     in_1->z R     unmapped_or2           2  12.8     0   112    5627    (-,-) 
  PC1/add_174_42/g1456/z (u)     in_0->z F     unmapped_complex2      3  18.9     0   135    5762    (-,-) 
  PC1/add_174_42/g1455/z (u)     in_1->z R     unmapped_nand2         1   6.4     0    82    5844    (-,-) 
  PC1/add_174_42/g1445/z (u)     in_1->z F     unmapped_nand2         2  12.6     0   112    5956    (-,-) 
  PC1/add_174_42/g1436/z (u)     in_0->z F     unmapped_or2           1   6.3     0    82    6038    (-,-) 
  PC1/add_174_42/g1437/z (u)     in_1->z R     unmapped_nand2         2  12.8     0   112    6150    (-,-) 
  PC1/g25830/z           (u)     in_0->z F     unmapped_complex2      1   6.3     0    82    6232    (-,-) 
  PC1/g24289/z           (u)     in_1->z R     unmapped_complex2      1   6.4     0    82    6314    (-,-) 
  PC1/g24241/z           (u)     in_0->z F     unmapped_complex2      1   6.3     0    82    6396    (-,-) 
  PC1/g24225/z           (u)     in_0->z R     unmapped_complex2      2  12.8     0   112    6508    (-,-) 
  PC1/g24139/z           (u)     in_0->z R     unmapped_complex2     16  25.6     0   224    6732    (-,-) 
  PC1/g23808/z           (u)     in_0->z F     unmapped_complex2      1   6.3     0    82    6814    (-,-) 
  PC1/g23442/z           (u)     in_1->z R     unmapped_nand2         1   6.4     0    82    6896    (-,-) 
  PC1/RF_reg[15][29]/d   -       -       R     unmapped_d_flop        1     -     -     0    6896    (-,-) 
#----------------------------------------------------------------------------------------------------------

(u) : Net has unmapped pin(s).



Path 50: MET (2921 ps) Setup Check with Pin PC1/RF_reg[14][29]/clk->d
          Group: C2C
     Startpoint: (R) PC1/PSTATE_reg[0]/clk
          Clock: (R) SYS_CLOCK
       Endpoint: (R) PC1/RF_reg[14][29]/d
          Clock: (R) SYS_CLOCK

                     Capture       Launch     
        Clock Edge:+   10000            0     
       Src Latency:+       0            0     
       Net Latency:+       0 (I)        0 (I) 
           Arrival:=   10000            0     
                                              
             Setup:-     183                  
     Required Time:=    9817                  
      Launch Clock:-       0                  
         Data Path:-    6896                  
             Slack:=    2921                  

#----------------------------------------------------------------------------------------------------------
#     Timing Point       Flags    Arc    Edge       Cell         Fanout  Load Trans Delay Arrival Instance 
#                                                                        (fF)  (ps)  (ps)   (ps)  Location 
#----------------------------------------------------------------------------------------------------------
  PC1/PSTATE_reg[0]/clk  -       -       R     (arrival)            587     -     0     0       0    (-,-) 
  PC1/PSTATE_reg[0]/q    (u)     clk->q  R     unmapped_d_flop        6  33.8     0   807     807    (-,-) 
  PC1/g12268/z           (u)     in_0->z R     unmapped_or2           4  25.6     0   156     964    (-,-) 
  PC1/g17550/z           (u)     in_1->z R     unmapped_or2           1   6.4     0    82    1046    (-,-) 
  PC1/g17533/z           (u)     in_0->z R     unmapped_or2           8  51.2     0   222    1268    (-,-) 
  PC1/g16964/z           (u)     in_0->z R     unmapped_complex2      1   6.4     0    82    1350    (-,-) 
  PC1/g16652/z           (u)     in_1->z F     unmapped_nand2         4  25.2     0   156    1506    (-,-) 
  PC1/g7136/z            (u)     in_1->z R     unmapped_nand2         4  25.6     0   156    1663    (-,-) 
  PC1/g16544/z           (u)     in_1->z R     unmapped_or2          32 204.8     0   364    2026    (-,-) 
  PC1/g16497/z           (u)     in_0->z R     unmapped_complex2      1   6.4     0    82    2108    (-,-) 
  PC1/g15994/z           (u)     in_1->z F     unmapped_nand2         1   6.3     0    82    2190    (-,-) 
  PC1/g15729/z           (u)     in_1->z F     unmapped_or2           1   6.3     0    82    2272    (-,-) 
  PC1/g15561/z           (u)     in_1->z F     unmapped_or2           1   6.3     0    82    2354    (-,-) 
  PC1/g15527/z           (u)     in_1->z F     unmapped_or2          13  81.9     0   269    2623    (-,-) 
  PC1/add_174_42/g2/z    (u)     in_1->z R     unmapped_nand2         3  19.2     0   135    2758    (-,-) 
  PC1/add_174_42/g1613/z (u)     in_0->z R     unmapped_complex2      1   6.4     0    82    2840    (-,-) 
  PC1/add_174_42/g1610/z (u)     in_0->z F     unmapped_nand2         3  18.9     0   135    2975    (-,-) 
  PC1/add_174_42/g1593/z (u)     in_1->z R     unmapped_nand2         1   6.4     0    82    3057    (-,-) 
  PC1/add_174_42/g1587/z (u)     in_1->z F     unmapped_nand2         3  18.9     0   135    3192    (-,-) 
  PC1/add_174_42/g1579/z (u)     in_1->z R     unmapped_nand2         1   6.4     0    82    3273    (-,-) 
  PC1/add_174_42/g1576/z (u)     in_0->z F     unmapped_nand2         4  25.2     0   156    3430    (-,-) 
  PC1/add_174_42/g1571/z (u)     in_0->z R     unmapped_complex2      1   6.4     0    82    3512    (-,-) 
  PC1/add_174_42/g1563/z (u)     in_0->z F     unmapped_complex2      3  18.9     0   135    3647    (-,-) 
  PC1/add_174_42/g1562/z (u)     in_1->z R     unmapped_nand2         1   6.4     0    82    3728    (-,-) 
  PC1/add_174_42/g1555/z (u)     in_1->z F     unmapped_nand2         3  18.9     0   135    3863    (-,-) 
  PC1/add_174_42/g1551/z (u)     in_0->z R     unmapped_nand2         1   6.4     0    82    3945    (-,-) 
  PC1/add_174_42/g1550/z (u)     in_0->z F     unmapped_nand2         5  31.5     0   180    4125    (-,-) 
  PC1/add_174_42/g1549/z (u)     in_0->z R     unmapped_complex2      1   6.4     0    82    4207    (-,-) 
  PC1/add_174_42/g1542/z (u)     in_0->z F     unmapped_complex2      4  25.2     0   156    4363    (-,-) 
  PC1/add_174_42/g1530/z (u)     in_0->z R     unmapped_complex2      1   6.4     0    82    4445    (-,-) 
  PC1/add_174_42/g1528/z (u)     in_0->z F     unmapped_complex2      3  18.9     0   135    4580    (-,-) 
  PC1/add_174_42/g1522/z (u)     in_1->z R     unmapped_nand2         1   6.4     0    82    4662    (-,-) 
  PC1/add_174_42/g1515/z (u)     in_1->z F     unmapped_nand2         3  18.9     0   135    4797    (-,-) 
  PC1/add_174_42/g1511/z (u)     in_1->z R     unmapped_nand2         1   6.4     0    82    4879    (-,-) 
  PC1/add_174_42/g1510/z (u)     in_1->z F     unmapped_nand2         6  37.8     0   195    5074    (-,-) 
  PC1/add_174_42/g1509/z (u)     in_0->z R     unmapped_complex2      1   6.4     0    82    5156    (-,-) 
  PC1/add_174_42/g1499/z (u)     in_0->z F     unmapped_complex2      3  18.9     0   135    5291    (-,-) 
  PC1/add_174_42/g1497/z (u)     in_1->z R     unmapped_nand2         2  12.8     0   112    5403    (-,-) 
  PC1/add_174_42/g1482/z (u)     in_0->z R     unmapped_complex2      2  12.8     0   112    5515    (-,-) 
  PC1/add_174_42/g1477/z (u)     in_1->z R     unmapped_or2           2  12.8     0   112    5627    (-,-) 
  PC1/add_174_42/g1456/z (u)     in_0->z F     unmapped_complex2      3  18.9     0   135    5762    (-,-) 
  PC1/add_174_42/g1455/z (u)     in_1->z R     unmapped_nand2         1   6.4     0    82    5844    (-,-) 
  PC1/add_174_42/g1445/z (u)     in_1->z F     unmapped_nand2         2  12.6     0   112    5956    (-,-) 
  PC1/add_174_42/g1436/z (u)     in_0->z F     unmapped_or2           1   6.3     0    82    6038    (-,-) 
  PC1/add_174_42/g1437/z (u)     in_1->z R     unmapped_nand2         2  12.8     0   112    6150    (-,-) 
  PC1/g25830/z           (u)     in_0->z F     unmapped_complex2      1   6.3     0    82    6232    (-,-) 
  PC1/g24289/z           (u)     in_1->z R     unmapped_complex2      1   6.4     0    82    6314    (-,-) 
  PC1/g24241/z           (u)     in_0->z F     unmapped_complex2      1   6.3     0    82    6396    (-,-) 
  PC1/g24225/z           (u)     in_0->z R     unmapped_complex2      2  12.8     0   112    6508    (-,-) 
  PC1/g24139/z           (u)     in_0->z R     unmapped_complex2     16  25.6     0   224    6732    (-,-) 
  PC1/g23803/z           (u)     in_0->z F     unmapped_complex2      1   6.3     0    82    6814    (-,-) 
  PC1/g23436/z           (u)     in_1->z R     unmapped_nand2         1   6.4     0    82    6896    (-,-) 
  PC1/RF_reg[14][29]/d   -       -       R     unmapped_d_flop        1     -     -     0    6896    (-,-) 
#----------------------------------------------------------------------------------------------------------

(u) : Net has unmapped pin(s).

