Cadence Genus(TM) Synthesis Solution.
Copyright 2023 Cadence Design Systems, Inc. All rights reserved worldwide.
Cadence and the Cadence logo are registered trademarks and Genus is a trademark
of Cadence Design Systems, Inc. in the United States and other countries.

[19:17:31.095665] Configured Lic search path (21.01-s002): 5280@cadence

Version: 21.18-s082_1, built Tue Jul 18 00:08:41 PDT 2023
Options: -files scripts/run_synth.tcl 
Date:    Mon Jun 15 19:17:31 2026
Host:    cadence (x86_64 w/Linux 3.10.0-1160.el7.x86_64) (8cores*32cpus*2physical cpus*Intel(R) Xeon(R) CPU E5-2440 v2 @ 1.90GHz 20480KB) (197849384KB)
PID:     48819
OS:      Red Hat Enterprise Linux Server release 7.9 (Maipo)


[19:17:31.183041] Periodic Lic check successful
[19:17:31.183064] Feature usage summary:
[19:17:31.183065] Genus_Synthesis
Checking out license: Genus_Synthesis


***********************************************************************************************************
***********************************************************************************************************



Loading tool scripts...
Finished loading tool scripts (17 seconds elapsed).

#@ Processing -files option
@genus 1> source scripts/run_synth.tcl
#@ Begin verbose source ./scripts/run_synth.tcl
@file(run_synth.tcl) 3: if {[file exists /proc/cpuinfo]} {
  sh grep "model name" /proc/cpuinfo
    sh grep "cpu MHz"    /proc/cpuinfo
    }
model name	: Intel(R) Xeon(R) CPU E5-2440 v2 @ 1.90GHz
model name	: Intel(R) Xeon(R) CPU E5-2440 v2 @ 1.90GHz
model name	: Intel(R) Xeon(R) CPU E5-2440 v2 @ 1.90GHz
model name	: Intel(R) Xeon(R) CPU E5-2440 v2 @ 1.90GHz
model name	: Intel(R) Xeon(R) CPU E5-2440 v2 @ 1.90GHz
model name	: Intel(R) Xeon(R) CPU E5-2440 v2 @ 1.90GHz
model name	: Intel(R) Xeon(R) CPU E5-2440 v2 @ 1.90GHz
model name	: Intel(R) Xeon(R) CPU E5-2440 v2 @ 1.90GHz
model name	: Intel(R) Xeon(R) CPU E5-2440 v2 @ 1.90GHz
model name	: Intel(R) Xeon(R) CPU E5-2440 v2 @ 1.90GHz
model name	: Intel(R) Xeon(R) CPU E5-2440 v2 @ 1.90GHz
model name	: Intel(R) Xeon(R) CPU E5-2440 v2 @ 1.90GHz
model name	: Intel(R) Xeon(R) CPU E5-2440 v2 @ 1.90GHz
model name	: Intel(R) Xeon(R) CPU E5-2440 v2 @ 1.90GHz
model name	: Intel(R) Xeon(R) CPU E5-2440 v2 @ 1.90GHz
model name	: Intel(R) Xeon(R) CPU E5-2440 v2 @ 1.90GHz
model name	: Intel(R) Xeon(R) CPU E5-2440 v2 @ 1.90GHz
model name	: Intel(R) Xeon(R) CPU E5-2440 v2 @ 1.90GHz
model name	: Intel(R) Xeon(R) CPU E5-2440 v2 @ 1.90GHz
model name	: Intel(R) Xeon(R) CPU E5-2440 v2 @ 1.90GHz
model name	: Intel(R) Xeon(R) CPU E5-2440 v2 @ 1.90GHz
model name	: Intel(R) Xeon(R) CPU E5-2440 v2 @ 1.90GHz
model name	: Intel(R) Xeon(R) CPU E5-2440 v2 @ 1.90GHz
model name	: Intel(R) Xeon(R) CPU E5-2440 v2 @ 1.90GHz
model name	: Intel(R) Xeon(R) CPU E5-2440 v2 @ 1.90GHz
model name	: Intel(R) Xeon(R) CPU E5-2440 v2 @ 1.90GHz
model name	: Intel(R) Xeon(R) CPU E5-2440 v2 @ 1.90GHz
model name	: Intel(R) Xeon(R) CPU E5-2440 v2 @ 1.90GHz
model name	: Intel(R) Xeon(R) CPU E5-2440 v2 @ 1.90GHz
model name	: Intel(R) Xeon(R) CPU E5-2440 v2 @ 1.90GHz
model name	: Intel(R) Xeon(R) CPU E5-2440 v2 @ 1.90GHz
model name	: Intel(R) Xeon(R) CPU E5-2440 v2 @ 1.90GHz
cpu MHz		: 2207.196
cpu MHz		: 2200.006
cpu MHz		: 2200.006
cpu MHz		: 2200.006
cpu MHz		: 2201.397
cpu MHz		: 2206.268
cpu MHz		: 2245.349
cpu MHz		: 2200.006
cpu MHz		: 2200.006
cpu MHz		: 2207.427
cpu MHz		: 2213.342
cpu MHz		: 2200.006
cpu MHz		: 2200.469
cpu MHz		: 2200.122
cpu MHz		: 2200.006
cpu MHz		: 2200.006
cpu MHz		: 2204.064
cpu MHz		: 2200.006
cpu MHz		: 1633.044
cpu MHz		: 2205.572
cpu MHz		: 2209.399
cpu MHz		: 2199.890
cpu MHz		: 1199.444
cpu MHz		: 2200.122
cpu MHz		: 1811.285
cpu MHz		: 2199.890
cpu MHz		: 1801.660
cpu MHz		: 2200.238
cpu MHz		: 2200.122
cpu MHz		: 2200.006
cpu MHz		: 1228.668
cpu MHz		: 2202.905
@file(run_synth.tcl) 8:     puts "Hostname : [info hostname]"
Hostname : cadence
@file(run_synth.tcl) 10: set var(step) "synth"
@file(run_synth.tcl) 11: if {[file exists ../project_setup.tcl]} {
	source -e -v ../project_setup.tcl
} else {
	puts "ERROR: project_setup.tcl not found. Please check your setup"
}
Sourcing '../project_setup.tcl' (Mon Jun 15 19:17:49 +06 2026)...
#@ Begin verbose source ../project_setup.tcl
@file(project_setup.tcl) 10: set TECH "sky130_cadence" ;# Options: "gpdk045 | sky130_cadence | sky130_open"
set TECH "sky130_cadence" ;# Options: "gpdk045 | sky130_cadence | sky130_open"
@file(project_setup.tcl) 15: set MULTIVT "false"
set MULTIVT "false"
@file(project_setup.tcl) 16: set MBFF "false"
set MBFF "false"
@file(project_setup.tcl) 18: source -e -v $::env(REPO_ROOT)/util/tech/${TECH}.tcl 
source -e -v $::env(REPO_ROOT)/util/tech/${TECH}.tcl 
Sourcing '/home/B2_Abid/UDIF/aiub_vlsi_impl_demo/util/tech/sky130_cadence.tcl' (Mon Jun 15 19:17:49 +06 2026)...
#@ Begin verbose source /home/B2_Abid/UDIF/aiub_vlsi_impl_demo/util/tech/sky130_cadence.tcl
@file(sky130_cadence.tcl) 10: set TECH "sky130_cadence" 
set TECH "sky130_cadence" 
@file(sky130_cadence.tcl) 12: puts "ATSH_VLSI: TECH=$TECH"
puts "ATSH_VLSI: TECH=$TECH"
ATSH_VLSI: TECH=sky130_cadence
@file(sky130_cadence.tcl) 13: puts "ATSH_VLSI: Starting Setup"
puts "ATSH_VLSI: Starting Setup"
ATSH_VLSI: Starting Setup
@file(sky130_cadence.tcl) 15: if { $TECH == "sky130_cadence" } {
	set TECH_DIR "/home/eee/sky130_cadence"
	set STD_LIB_DIR "sky130_scl_9T_0.0.5"
	puts "ATSH_VLSI: $TECH has no multivt or mbff options as of this release."
	#set MULTIVT $::env(MULTIVT)
	#set MBFF $::env(MBFF)

set LEF_FILES ""

# Adding Technology LEF file
append LEF_FILES " " "$TECH_DIR/$STD_LIB_DIR/lef/sky130_scl_9T.tlef"

# Adding RVT Cell LEF
append LEF_FILES " " "$TECH_DIR/$STD_LIB_DIR/lef/sky130_scl_9T.lef"


set LIB_FILES(slow) ""
set LIB_FILES(fast) ""

append LIB_FILES(slow) " " "$TECH_DIR/$STD_LIB_DIR/lib/sky130_ss_1.62_125_nldm.lib"
append LIB_FILES(fast) " " "$TECH_DIR/$STD_LIB_DIR/lib/sky130_ff_1.98_0_nldm.lib"
append LIB_FILES(typical) " " "$TECH_DIR/$STD_LIB_DIR/lib/sky130_tt_1.8_25_nldm.lib"

set LIB_FILES(all) "$LIB_FILES(slow) $LIB_FILES(fast) $LIB_FILES(typical)"

set QRC_TECH_FILE(typical) "$TECH_DIR/sky130_release_0.0.4/quantus/extraction/typical/qrcTechFile"

set PHYSICAL_CELL_LIST " FILL1 FILL2 FILL4 FILL8 FILL16 FILL32 FILL64 "
set CLK_BUFFERS " CLKBUFX4 CLKBUFX8 CLKBUFX2 "
set CLK_INVERTERS " CLKINVX2 CLKINVX8 CLKINVX1 CLKINVX4 "

set GDS_MAP_FILE "$TECH_DIR/$STD_LIB_DIR/gds/sky130_stream.mapFile"
set GDS_MERGE_FILE "$TECH_DIR/$STD_LIB_DIR/gds/sky130_scl_9T.gds"

} ;# END OF SkyWater 130nm Cadence PDK SETUP
if { $TECH == "sky130_cadence" } {
	set TECH_DIR "/home/eee/sky130_cadence"
	set STD_LIB_DIR "sky130_scl_9T_0.0.5"
	puts "ATSH_VLSI: $TECH has no multivt or mbff options as of this release."
	#set MULTIVT $::env(MULTIVT)
	#set MBFF $::env(MBFF)

set LEF_FILES ""

# Adding Technology LEF file
append LEF_FILES " " "$TECH_DIR/$STD_LIB_DIR/lef/sky130_scl_9T.tlef"

# Adding RVT Cell LEF
append LEF_FILES " " "$TECH_DIR/$STD_LIB_DIR/lef/sky130_scl_9T.lef"


set LIB_FILES(slow) ""
set LIB_FILES(fast) ""

append LIB_FILES(slow) " " "$TECH_DIR/$STD_LIB_DIR/lib/sky130_ss_1.62_125_nldm.lib"
append LIB_FILES(fast) " " "$TECH_DIR/$STD_LIB_DIR/lib/sky130_ff_1.98_0_nldm.lib"
append LIB_FILES(typical) " " "$TECH_DIR/$STD_LIB_DIR/lib/sky130_tt_1.8_25_nldm.lib"

set LIB_FILES(all) "$LIB_FILES(slow) $LIB_FILES(fast) $LIB_FILES(typical)"

set QRC_TECH_FILE(typical) "$TECH_DIR/sky130_release_0.0.4/quantus/extraction/typical/qrcTechFile"

set PHYSICAL_CELL_LIST " FILL1 FILL2 FILL4 FILL8 FILL16 FILL32 FILL64 "
set CLK_BUFFERS " CLKBUFX4 CLKBUFX8 CLKBUFX2 "
set CLK_INVERTERS " CLKINVX2 CLKINVX8 CLKINVX1 CLKINVX4 "

set GDS_MAP_FILE "$TECH_DIR/$STD_LIB_DIR/gds/sky130_stream.mapFile"
set GDS_MERGE_FILE "$TECH_DIR/$STD_LIB_DIR/gds/sky130_scl_9T.gds"

} ;# END OF SkyWater 130nm Cadence PDK SETUP
ATSH_VLSI: sky130_cadence has no multivt or mbff options as of this release.
#@ End verbose source /home/B2_Abid/UDIF/aiub_vlsi_impl_demo/util/tech/sky130_cadence.tcl
@file(project_setup.tcl) 24: set DESIGN_DIR "design_data"
set DESIGN_DIR "design_data"
@file(project_setup.tcl) 25: set DESIGN_NAME "$::env(TOP)"
set DESIGN_NAME "$::env(TOP)"
@file(project_setup.tcl) 26: puts "TOP DESIGN SET TO: $DESIGN_NAME"
puts "TOP DESIGN SET TO: $DESIGN_NAME"
TOP DESIGN SET TO: RISC_V3
@file(project_setup.tcl) 27: set CLK_PORT "SYS_CLOCK" 
set CLK_PORT "SYS_CLOCK" 
@file(project_setup.tcl) 28: set CLK_PERIOD "5.0" ;# unit depends on pdk; for gpdk045 the unit is ns
set CLK_PERIOD "5.0" ;# unit depends on pdk; for gpdk045 the unit is ns
@file(project_setup.tcl) 30: set POWER_NET "VDD"
set POWER_NET "VDD"
@file(project_setup.tcl) 31: set GROUND_NET "VSS"
set GROUND_NET "VSS"
@file(project_setup.tcl) 40: set SYNTH_EFFORT_GENERIC "medium"
set SYNTH_EFFORT_GENERIC "medium"
@file(project_setup.tcl) 41: set SYNTH_EFFORT_OPT "high"
set SYNTH_EFFORT_OPT "high"
@file(project_setup.tcl) 42: set SYNTH_INFO_LEVEL 7
set SYNTH_INFO_LEVEL 7
@file(project_setup.tcl) 43: set SYNTH_LOW_POWER "false"
set SYNTH_LOW_POWER "false"
@file(project_setup.tcl) 45: if { $var(step) == "synth" } {
set RTL_FILES "[glob $DESIGN_DIR/*v]"
set CONSTRAINTS_FILE "[glob $DESIGN_DIR/*sdc]"
#set RTL_FILES "[exec python3 $::env(REPO_ROOT)/util/compile.py $::env(REPO_ROOT)/frontend/$::env(PROJECT)/manifest.json syn]"
#set CONSTRAINTS_FILE "[exec python3 $::env(REPO_ROOT)/util/compile.py $::env(REPO_ROOT)/frontend/$::env(PROJECT)/manifest.json syn_sdc]"
}
if { $var(step) == "synth" } {
set RTL_FILES "[glob $DESIGN_DIR/*v]"
set CONSTRAINTS_FILE "[glob $DESIGN_DIR/*sdc]"
#set RTL_FILES "[exec python3 $::env(REPO_ROOT)/util/compile.py $::env(REPO_ROOT)/frontend/$::env(PROJECT)/manifest.json syn]"
#set CONSTRAINTS_FILE "[exec python3 $::env(REPO_ROOT)/util/compile.py $::env(REPO_ROOT)/frontend/$::env(PROJECT)/manifest.json syn_sdc]"
}
@file(project_setup.tcl) 56: set PNR_INIT_NETLIST "$DESIGN_DIR/${DESIGN_NAME}_gate.v"
set PNR_INIT_NETLIST "$DESIGN_DIR/${DESIGN_NAME}_gate.v"
@file(project_setup.tcl) 57: set PNR_SDC "$DESIGN_DIR/${DESIGN_NAME}.sdc"
set PNR_SDC "$DESIGN_DIR/${DESIGN_NAME}.sdc"
@file(project_setup.tcl) 58: set PNR_VIEW_DEF "$DESIGN_DIR/viewDefinition.tcl"
set PNR_VIEW_DEF "$DESIGN_DIR/viewDefinition.tcl"
@file(project_setup.tcl) 59: set PNR_GND_NETS "VSS"
set PNR_GND_NETS "VSS"
@file(project_setup.tcl) 60: set PNR_PWR_NETS "VDD"
set PNR_PWR_NETS "VDD"
@file(project_setup.tcl) 61: set PNR_MAX_ROUTE_LAYER "6"
set PNR_MAX_ROUTE_LAYER "6"
@file(project_setup.tcl) 62: set PNR_FP_TCL "../floorplan/fp.tcl"
set PNR_FP_TCL "../floorplan/fp.tcl"
@file(project_setup.tcl) 63: set PNR_FP_DEF "../floorplan/fp.def"
set PNR_FP_DEF "../floorplan/fp.def"
@file(project_setup.tcl) 64: set PNR_FP_PRIORITY "TCL"
set PNR_FP_PRIORITY "TCL"
#@ End verbose source ../project_setup.tcl
@file(run_synth.tcl) 20: set DESIGN $DESIGN_NAME
@file(run_synth.tcl) 21: puts "DESIGN SET TO $DESIGN"
DESIGN SET TO RISC_V3
@file(run_synth.tcl) 22: set GEN_EFF $SYNTH_EFFORT_GENERIC
@file(run_synth.tcl) 23: set MAP_OPT_EFF $SYNTH_EFFORT_OPT
@file(run_synth.tcl) 24: set DATE [clock format [clock seconds] -format "%b%d-%T"]
@file(run_synth.tcl) 25: set _OUTPUTS_PATH outputs_${DATE}
@file(run_synth.tcl) 26: set _REPORTS_PATH reports_${DATE}
@file(run_synth.tcl) 27: set _LOG_PATH logs_${DATE}
@file(run_synth.tcl) 29: set_db / .init_lib_search_path  {. ../LIB $TECH_DIR}
  Setting attribute of root '/': 'init_lib_search_path' = . ../LIB $TECH_DIR
@file(run_synth.tcl) 31: set_db / .init_hdl_search_path  {. ../RTL $DESIGN_DIR}
  Setting attribute of root '/': 'init_hdl_search_path' = . ../RTL $DESIGN_DIR
@file(run_synth.tcl) 44: set_db / .information_level $SYNTH_INFO_LEVEL
  Setting attribute of root '/': 'information_level' = 7
@file(run_synth.tcl) 51: eval "set_db / .library {$LIB_FILES(all)}"

Threads Configured:8
            Reading file '/home/eee/sky130_cadence/sky130_scl_9T_0.0.5/lib/sky130_ss_1.62_125_nldm.lib'
            Reading file '/home/eee/sky130_cadence/sky130_scl_9T_0.0.5/lib/sky130_ff_1.98_0_nldm.lib'
Warning : Libraries have inconsistent nominal operating conditions. In the Liberty library, there are attributes called nom_voltage, nom_process and nom_temperature. Genus reports the message, if the respective values of the 2 given .libs differ. [LBR-38]
        : The libraries are 'sky130_ss_1.62_125' and 'sky130_ff_1.98_0'.
        : This is a common source of delay calculation confusion and should be avoided.
            Reading file '/home/eee/sky130_cadence/sky130_scl_9T_0.0.5/lib/sky130_tt_1.8_25_nldm.lib'
Warning : Libraries have inconsistent nominal operating conditions. In the Liberty library, there are attributes called nom_voltage, nom_process and nom_temperature. Genus reports the message, if the respective values of the 2 given .libs differ. [LBR-38]
        : The libraries are 'sky130_ss_1.62_125' and 'sky130_tt_1.8_25'.
Info    : Created nominal operating condition. [LBR-412]
        : Operating condition '_nominal_' was created for the PVT values (1.000000, 1.620000, 125.000000) in library 'sky130_ss_1.62_125_nldm.lib'.
        : The nominal operating condition is represented, either by the nominal PVT values specified in the library source (via nom_process,nom_voltage and nom_temperature respectively), or by the default PVT values (1.0,1.0,1.0).
Info    : Created nominal operating condition. [LBR-412]
        : Operating condition '_nominal_' was created for the PVT values (1.000000, 1.980000, 0.000000) in library 'sky130_ff_1.98_0_nldm.lib'.
Info    : Created nominal operating condition. [LBR-412]
        : Operating condition '_nominal_' was created for the PVT values (1.000000, 1.800000, 25.000000) in library 'sky130_tt_1.8_25_nldm.lib'.
Warning : Unusable clock gating integrated cell found at the time of loading libraries. This warning happens because a particular library cell is defined as 'clock_gating_integrated_cell', but 'dont_use' attribute is defined as true in the liberty library. To make Genus use this cell for clock gating insertion, 'dont_use' attribute should be set to false. [LBR-101]
        : Clock gating integrated cell name: 'ICGX1'
        : To make the cell usable, change the value of 'dont_use' attribute to false.
Warning : Unusable clock gating integrated cell found at the time of loading libraries. This warning happens because a particular library cell is defined as 'clock_gating_integrated_cell', but 'dont_use' attribute is defined as true in the liberty library. To make Genus use this cell for clock gating insertion, 'dont_use' attribute should be set to false. [LBR-101]
        : Clock gating integrated cell name: 'ICGX1'
Warning : Unusable clock gating integrated cell found at the time of loading libraries. This warning happens because a particular library cell is defined as 'clock_gating_integrated_cell', but 'dont_use' attribute is defined as true in the liberty library. To make Genus use this cell for clock gating insertion, 'dont_use' attribute should be set to false. [LBR-101]
        : Clock gating integrated cell name: 'ICGX1'
Warning : Multiply-defined library cell. [LBR-22]
        : Library-cell name collision (sky130_ss_1.62_125/ADDFX1 and sky130_ff_1.98_0/ADDFX1).  Deleting (sky130_ff_1.98_0/ADDFX1).
        : Library cell names must be unique.  Any duplicates will be deleted.  Only the first (as determined by the order of libraries) will be retained.
Warning : Multiply-defined library cell. [LBR-22]
        : Library-cell name collision (sky130_ss_1.62_125/ADDHX1 and sky130_ff_1.98_0/ADDHX1).  Deleting (sky130_ff_1.98_0/ADDHX1).
Warning : Multiply-defined library cell. [LBR-22]
        : Library-cell name collision (sky130_ss_1.62_125/AND2X1 and sky130_ff_1.98_0/AND2X1).  Deleting (sky130_ff_1.98_0/AND2X1).
Warning : Multiply-defined library cell. [LBR-22]
        : Library-cell name collision (sky130_ss_1.62_125/AND2X2 and sky130_ff_1.98_0/AND2X2).  Deleting (sky130_ff_1.98_0/AND2X2).
Warning : Multiply-defined library cell. [LBR-22]
        : Library-cell name collision (sky130_ss_1.62_125/AND3X1 and sky130_ff_1.98_0/AND3X1).  Deleting (sky130_ff_1.98_0/AND3X1).
Warning : Multiply-defined library cell. [LBR-22]
        : Library-cell name collision (sky130_ss_1.62_125/AND3X2 and sky130_ff_1.98_0/AND3X2).  Deleting (sky130_ff_1.98_0/AND3X2).
Warning : Multiply-defined library cell. [LBR-22]
        : Library-cell name collision (sky130_ss_1.62_125/AND4X1 and sky130_ff_1.98_0/AND4X1).  Deleting (sky130_ff_1.98_0/AND4X1).
Warning : Multiply-defined library cell. [LBR-22]
        : Library-cell name collision (sky130_ss_1.62_125/AND4X2 and sky130_ff_1.98_0/AND4X2).  Deleting (sky130_ff_1.98_0/AND4X2).
Warning : Multiply-defined library cell. [LBR-22]
        : Library-cell name collision (sky130_ss_1.62_125/AOI211X1 and sky130_ff_1.98_0/AOI211X1).  Deleting (sky130_ff_1.98_0/AOI211X1).
Warning : Multiply-defined library cell. [LBR-22]
        : Library-cell name collision (sky130_ss_1.62_125/AOI211X2 and sky130_ff_1.98_0/AOI211X2).  Deleting (sky130_ff_1.98_0/AOI211X2).
Warning : Multiply-defined library cell. [LBR-22]
        : Library-cell name collision (sky130_ss_1.62_125/AOI21X1 and sky130_ff_1.98_0/AOI21X1).  Deleting (sky130_ff_1.98_0/AOI21X1).
Warning : Multiply-defined library cell. [LBR-22]
        : Library-cell name collision (sky130_ss_1.62_125/AOI21X2 and sky130_ff_1.98_0/AOI21X2).  Deleting (sky130_ff_1.98_0/AOI21X2).
Warning : Multiply-defined library cell. [LBR-22]
        : Library-cell name collision (sky130_ss_1.62_125/AOI221X1 and sky130_ff_1.98_0/AOI221X1).  Deleting (sky130_ff_1.98_0/AOI221X1).
Warning : Multiply-defined library cell. [LBR-22]
        : Library-cell name collision (sky130_ss_1.62_125/AOI221X2 and sky130_ff_1.98_0/AOI221X2).  Deleting (sky130_ff_1.98_0/AOI221X2).
Warning : Multiply-defined library cell. [LBR-22]
        : Library-cell name collision (sky130_ss_1.62_125/AOI222X1 and sky130_ff_1.98_0/AOI222X1).  Deleting (sky130_ff_1.98_0/AOI222X1).
Warning : Multiply-defined library cell. [LBR-22]
        : Library-cell name collision (sky130_ss_1.62_125/AOI222X2 and sky130_ff_1.98_0/AOI222X2).  Deleting (sky130_ff_1.98_0/AOI222X2).
Warning : Multiply-defined library cell. [LBR-22]
        : Library-cell name collision (sky130_ss_1.62_125/AOI22X1 and sky130_ff_1.98_0/AOI22X1).  Deleting (sky130_ff_1.98_0/AOI22X1).
Warning : Multiply-defined library cell. [LBR-22]
        : Library-cell name collision (sky130_ss_1.62_125/AOI22X2 and sky130_ff_1.98_0/AOI22X2).  Deleting (sky130_ff_1.98_0/AOI22X2).
Warning : Multiply-defined library cell. [LBR-22]
        : Library-cell name collision (sky130_ss_1.62_125/BUFX16 and sky130_ff_1.98_0/BUFX16).  Deleting (sky130_ff_1.98_0/BUFX16).
Warning : Multiply-defined library cell. [LBR-22]
        : Library-cell name collision (sky130_ss_1.62_125/BUFX2 and sky130_ff_1.98_0/BUFX2).  Deleting (sky130_ff_1.98_0/BUFX2).
Warning : Maximum message print count reached. [MESG-11]
        : Maximum print count of '20' reached for message 'LBR-22'.
  Setting attribute of root '/': 'library' =  /home/eee/sky130_cadence/sky130_scl_9T_0.0.5/lib/sky130_ss_1.62_125_nldm.lib  /home/eee/sky130_cadence/sky130_scl_9T_0.0.5/lib/sky130_ff_1.98_0_nldm.lib  /home/eee/sky130_cadence/sky130_scl_9T_0.0.5/lib/sky130_tt_1.8_25_nldm.lib
@file(run_synth.tcl) 53: eval "set_db / .lef_library  {$LEF_FILES}"

  According to lef_library, there are total 5 routing layers [ V(2) / H(3) ]

Warning : The variant range of wire parameters is too large. An example of wire parameters are, a WIDTH for layer, PITCH for layer, MINSPACING for layers, etc. [PHYS-12]
        : The variant range (0.14, 1.6) of 'WIDTH' for layers 'met1' and 'met5' is too large.
        : Check the consistency of the parameters, and see if you can ignore this message or you're using different LEF file with wrong parameters.
Warning : The variant range of wire parameters is too large. An example of wire parameters are, a WIDTH for layer, PITCH for layer, MINSPACING for layers, etc. [PHYS-12]
        : The variant range (0.14, 1.6) of 'MINSPACING' for layers 'met2' and 'met5' is too large.
Info    : Both 'pos_unate' and 'neg_unate' timing_sense arcs have been processed. [LBR-162]
        : Non_unate 'timing_sense' inferred between pin 'CI' and 'S' in libcell 'ADDFX1'.
        : Setting the 'timing_sense' to non_unate.
Info    : Both 'pos_unate' and 'neg_unate' timing_sense arcs have been processed. [LBR-162]
        : Non_unate 'timing_sense' inferred between pin 'B' and 'S' in libcell 'ADDFX1'.
Info    : Both 'pos_unate' and 'neg_unate' timing_sense arcs have been processed. [LBR-162]
        : Non_unate 'timing_sense' inferred between pin 'A' and 'S' in libcell 'ADDFX1'.
Info    : Both 'pos_unate' and 'neg_unate' timing_sense arcs have been processed. [LBR-162]
        : Non_unate 'timing_sense' inferred between pin 'B' and 'S' in libcell 'ADDHX1'.
Info    : Both 'pos_unate' and 'neg_unate' timing_sense arcs have been processed. [LBR-162]
        : Non_unate 'timing_sense' inferred between pin 'A' and 'S' in libcell 'ADDHX1'.
Info    : Both 'pos_unate' and 'neg_unate' timing_sense arcs have been processed. [LBR-162]
        : Non_unate 'timing_sense' inferred between pin 'S0' and 'Y' in libcell 'CLKMX2X2'.
Info    : Both 'pos_unate' and 'neg_unate' timing_sense arcs have been processed. [LBR-162]
        : Non_unate 'timing_sense' inferred between pin 'B' and 'Y' in libcell 'CLKXOR2X1'.
Info    : Both 'pos_unate' and 'neg_unate' timing_sense arcs have been processed. [LBR-162]
        : Non_unate 'timing_sense' inferred between pin 'A' and 'Y' in libcell 'CLKXOR2X1'.
Info    : Both 'pos_unate' and 'neg_unate' timing_sense arcs have been processed. [LBR-162]
        : Non_unate 'timing_sense' inferred between pin 'S0' and 'Y' in libcell 'MX2X1'.
Info    : Both 'pos_unate' and 'neg_unate' timing_sense arcs have been processed. [LBR-162]
        : Non_unate 'timing_sense' inferred between pin 'S0' and 'Y' in libcell 'MX2X4'.
Info    : Both 'pos_unate' and 'neg_unate' timing_sense arcs have been processed. [LBR-162]
        : Non_unate 'timing_sense' inferred between pin 'S1' and 'Y' in libcell 'MX4X1'.
Info    : Both 'pos_unate' and 'neg_unate' timing_sense arcs have been processed. [LBR-162]
        : Non_unate 'timing_sense' inferred between pin 'S0' and 'Y' in libcell 'MX4X1'.
Info    : Both 'pos_unate' and 'neg_unate' timing_sense arcs have been processed. [LBR-162]
        : Non_unate 'timing_sense' inferred between pin 'S1' and 'Y' in libcell 'MX4X4'.
Info    : Both 'pos_unate' and 'neg_unate' timing_sense arcs have been processed. [LBR-162]
        : Non_unate 'timing_sense' inferred between pin 'S0' and 'Y' in libcell 'MX4X4'.
Info    : Both 'pos_unate' and 'neg_unate' timing_sense arcs have been processed. [LBR-162]
        : Non_unate 'timing_sense' inferred between pin 'B' and 'Y' in libcell 'XNOR2X1'.
Info    : Both 'pos_unate' and 'neg_unate' timing_sense arcs have been processed. [LBR-162]
        : Non_unate 'timing_sense' inferred between pin 'A' and 'Y' in libcell 'XNOR2X1'.
Info    : Both 'pos_unate' and 'neg_unate' timing_sense arcs have been processed. [LBR-162]
        : Non_unate 'timing_sense' inferred between pin 'B' and 'Y' in libcell 'XNOR2X2'.
Info    : Both 'pos_unate' and 'neg_unate' timing_sense arcs have been processed. [LBR-162]
        : Non_unate 'timing_sense' inferred between pin 'A' and 'Y' in libcell 'XNOR2X2'.
Info    : Both 'pos_unate' and 'neg_unate' timing_sense arcs have been processed. [LBR-162]
        : Non_unate 'timing_sense' inferred between pin 'B' and 'Y' in libcell 'XNOR2X4'.
Info    : Both 'pos_unate' and 'neg_unate' timing_sense arcs have been processed. [LBR-162]
        : Non_unate 'timing_sense' inferred between pin 'A' and 'Y' in libcell 'XNOR2X4'.
Warning : Maximum message print count reached. [MESG-11]
        : Maximum print count of '20' reached for message 'LBR-162'.
  Libraries have 88 usable logic and 18 usable sequential lib-cells.
Warning : Physical cell not defined in library. [PHYS-279]
        : The physical (LEF) cell FILL1 cannot be found in library.
        : Ensure that the proper library files are available and have been imported.
Warning : Physical cell not defined in library. [PHYS-279]
        : The physical (LEF) cell FILL2 cannot be found in library.
Warning : Physical cell not defined in library. [PHYS-279]
        : The physical (LEF) cell FILL4 cannot be found in library.
Warning : Physical cell not defined in library. [PHYS-279]
        : The physical (LEF) cell FILL8 cannot be found in library.
Warning : Physical cell not defined in library. [PHYS-279]
        : The physical (LEF) cell FILL16 cannot be found in library.
Warning : Physical cell not defined in library. [PHYS-279]
        : The physical (LEF) cell FILL32 cannot be found in library.
Warning : Physical cell not defined in library. [PHYS-279]
        : The physical (LEF) cell FILL64 cannot be found in library.
Warning : Physical cell not defined in library. [PHYS-279]
        : The physical (LEF) cell ANTENNA cannot be found in library.
  Setting attribute of root '/': 'lef_library' = /home/eee/sky130_cadence/sky130_scl_9T_0.0.5/lef/sky130_scl_9T.tlef /home/eee/sky130_cadence/sky130_scl_9T_0.0.5/lef/sky130_scl_9T.lef
@file(run_synth.tcl) 56: if {$SYNTH_LOW_POWER == "true" } {
set_db / .lp_insert_clock_gating true 
}
@file(run_synth.tcl) 68: if {$SYNTH_LOW_POWER == "true" } {
set_db / .leakage_power_effort high 
} else {
set_db / .leakage_power_effort medium 
}
Warning : This attribute will be obsolete in a next major release. [TUI-32]
        : attribute: 'leakage_power_effort', object type: 'root'
        : This attribute is obsolete. Use design_power_effort attribute instead.
  Setting attribute of root '/': 'leakage_power_effort' = medium
@file(run_synth.tcl) 80: read_hdl -sv "$RTL_FILES"
            Reading Verilog file 'design_data/DATA_MEM.sv'
            Reading Verilog file 'design_data/PROCESSOR_V3.sv'
            Reading Verilog file 'design_data/PROG_MEM.sv'
};
 |
Warning : Ignoring unsynthesizable construct. [VLOGPT-37]
        : Initial value assignment to reg in file 'design_data/PROG_MEM.sv' on line 53, column 2.
        : For example, the following constructs will be ignored:
    - initial block
    - final block
    - program block
    - property block
    - sequence block
    - covergroup
    - checker block
    - gate drive strength
    - system task enable
    - reg declaration with initial value
    - specify block.
            Reading Verilog file 'design_data/RISC_V3.sv'
@file(run_synth.tcl) 81: eval "elaborate $DESIGN"
Info    : Elaborating Design. [ELAB-1]
        : Elaborating top-level block 'RISC_V3' from file 'design_data/RISC_V3.sv'.
Info    : Elaborating Subdesign. [ELAB-2]
        : Elaborating block 'PROCESSOR_V3' from file 'design_data/PROCESSOR_V3.sv'.
Info    : Processing multi-dimensional arrays. [CDFG-250]
        : Variable 'RF' in module 'PROCESSOR_V3' in file 'design_data/PROCESSOR_V3.sv' on line 36.
Info    : Bitwidth mismatch in assignment. [CDFG-372]
        : Width of left hand side 'NSTATE' [3] doesn't match the width of right hand side [1] in assignment in file 'design_data/PROCESSOR_V3.sv' on line 59.
        : Review and make sure the mismatch is unintentional. Genus can possibly issue bitwidth mismatch warning for explicit assignments present in RTL as-well-as for implicit assignments inferred by the tool. For example, in case of enum declaration without value, the tool will implicitly assign value to the enum variables. It also issues the warning for any bitwidth mismatch that appears in this implicit assignment.
Info    : Bitwidth mismatch in assignment. [CDFG-372]
        : Width of left hand side 'NSTATE' [3] doesn't match the width of right hand side [32] in assignment in file 'design_data/PROCESSOR_V3.sv' on line 62.
Info    : Bitwidth mismatch in assignment. [CDFG-372]
        : Width of left hand side 'NSTATE' [3] doesn't match the width of right hand side [32] in assignment in file 'design_data/PROCESSOR_V3.sv' on line 63.
Info    : Bitwidth mismatch in assignment. [CDFG-372]
        : Width of left hand side 'NSTATE' [3] doesn't match the width of right hand side [32] in assignment in file 'design_data/PROCESSOR_V3.sv' on line 65.
Info    : Bitwidth mismatch in assignment. [CDFG-372]
        : Width of left hand side 'NSTATE' [3] doesn't match the width of right hand side [32] in assignment in file 'design_data/PROCESSOR_V3.sv' on line 67.
Info    : Bitwidth mismatch in assignment. [CDFG-372]
        : Width of left hand side 'NSTATE' [3] doesn't match the width of right hand side [32] in assignment in file 'design_data/PROCESSOR_V3.sv' on line 68.
Info    : Bitwidth mismatch in assignment. [CDFG-372]
        : Width of left hand side 'NSTATE' [3] doesn't match the width of right hand side [32] in assignment in file 'design_data/PROCESSOR_V3.sv' on line 69.
Info    : Bitwidth mismatch in assignment. [CDFG-372]
        : Width of left hand side 'NSTATE' [3] doesn't match the width of right hand side [32] in assignment in file 'design_data/PROCESSOR_V3.sv' on line 70.
Info    : Bitwidth mismatch in assignment. [CDFG-372]
        : Width of left hand side 'NSTATE' [3] doesn't match the width of right hand side [32] in assignment in file 'design_data/PROCESSOR_V3.sv' on line 71.
Info    : Bitwidth mismatch in assignment. [CDFG-372]
        : Width of left hand side 'DM_IN' [32] doesn't match the width of right hand side [1] in assignment in file 'design_data/PROCESSOR_V3.sv' on line 79.
Info    : Bitwidth mismatch in assignment. [CDFG-372]
        : Width of left hand side 'next_PC' [4] doesn't match the width of right hand side [32] in assignment in file 'design_data/PROCESSOR_V3.sv' on line 82.
Info    : Bitwidth mismatch in assignment. [CDFG-372]
        : Width of left hand side 'next_PC' [4] doesn't match the width of right hand side [32] in assignment in file 'design_data/PROCESSOR_V3.sv' on line 84.
Info    : Bitwidth mismatch in assignment. [CDFG-372]
        : Width of left hand side 'RF_WR' [1] doesn't match the width of right hand side [32] in assignment in file 'design_data/PROCESSOR_V3.sv' on line 94.
Warning : Unreachable statements for case item. [CDFG-472]
        : Case item 'default' in module 'PROCESSOR_V3' in file 'design_data/PROCESSOR_V3.sv' on line 95.
Info    : Bitwidth mismatch in assignment. [CDFG-372]
        : Width of left hand side 'RF_WR' [1] doesn't match the width of right hand side [32] in assignment in file 'design_data/PROCESSOR_V3.sv' on line 117.
Warning : Unreachable statements for case item. [CDFG-472]
        : Case item 'default' in module 'PROCESSOR_V3' in file 'design_data/PROCESSOR_V3.sv' on line 118.
Info    : Bitwidth mismatch in assignment. [CDFG-372]
        : Width of left hand side 'RF_WR' [1] doesn't match the width of right hand side [32] in assignment in file 'design_data/PROCESSOR_V3.sv' on line 151.
Info    : Bitwidth mismatch in assignment. [CDFG-372]
        : Width of left hand side 'DM_WR' [1] doesn't match the width of right hand side [32] in assignment in file 'design_data/PROCESSOR_V3.sv' on line 157.
Info    : Sign mismatch in assignment. [CDFG-373]
        : Assignment has unsigned left hand side 'RF[0]' and signed right hand side in file 'design_data/PROCESSOR_V3.sv' on line 172.
Info    : Sign mismatch in assignment. [CDFG-373]
        : Assignment has unsigned left hand side 'RF[1]' and signed right hand side in file 'design_data/PROCESSOR_V3.sv' on line 172.
Info    : Sign mismatch in assignment. [CDFG-373]
        : Assignment has unsigned left hand side 'RF[2]' and signed right hand side in file 'design_data/PROCESSOR_V3.sv' on line 172.
Info    : Sign mismatch in assignment. [CDFG-373]
        : Assignment has unsigned left hand side 'RF[3]' and signed right hand side in file 'design_data/PROCESSOR_V3.sv' on line 172.
Info    : Sign mismatch in assignment. [CDFG-373]
        : Assignment has unsigned left hand side 'RF[4]' and signed right hand side in file 'design_data/PROCESSOR_V3.sv' on line 172.
Info    : Sign mismatch in assignment. [CDFG-373]
        : Assignment has unsigned left hand side 'RF[5]' and signed right hand side in file 'design_data/PROCESSOR_V3.sv' on line 172.
Info    : Sign mismatch in assignment. [CDFG-373]
        : Assignment has unsigned left hand side 'RF[6]' and signed right hand side in file 'design_data/PROCESSOR_V3.sv' on line 172.
Info    : Sign mismatch in assignment. [CDFG-373]
        : Assignment has unsigned left hand side 'RF[7]' and signed right hand side in file 'design_data/PROCESSOR_V3.sv' on line 172.
Info    : Sign mismatch in assignment. [CDFG-373]
        : Assignment has unsigned left hand side 'RF[8]' and signed right hand side in file 'design_data/PROCESSOR_V3.sv' on line 172.
Info    : Sign mismatch in assignment. [CDFG-373]
        : Assignment has unsigned left hand side 'RF[9]' and signed right hand side in file 'design_data/PROCESSOR_V3.sv' on line 172.
Info    : Sign mismatch in assignment. [CDFG-373]
        : Assignment has unsigned left hand side 'RF[10]' and signed right hand side in file 'design_data/PROCESSOR_V3.sv' on line 172.
Info    : Sign mismatch in assignment. [CDFG-373]
        : Assignment has unsigned left hand side 'RF[11]' and signed right hand side in file 'design_data/PROCESSOR_V3.sv' on line 172.
Info    : Sign mismatch in assignment. [CDFG-373]
        : Assignment has unsigned left hand side 'RF[12]' and signed right hand side in file 'design_data/PROCESSOR_V3.sv' on line 172.
Info    : Sign mismatch in assignment. [CDFG-373]
        : Assignment has unsigned left hand side 'RF[13]' and signed right hand side in file 'design_data/PROCESSOR_V3.sv' on line 172.
Info    : Sign mismatch in assignment. [CDFG-373]
        : Assignment has unsigned left hand side 'RF[14]' and signed right hand side in file 'design_data/PROCESSOR_V3.sv' on line 172.
Info    : Sign mismatch in assignment. [CDFG-373]
        : Assignment has unsigned left hand side 'RF[15]' and signed right hand side in file 'design_data/PROCESSOR_V3.sv' on line 172.
Info    : Common subexpression eliminated. [CDFG-738]
        : Eliminated '%bit-select%' in file 'design_data/PROCESSOR_V3.sv' on line 133.
Info    : Common subexpression kept. [CDFG-739]
        : Kept '%bit-select%' in file 'design_data/PROCESSOR_V3.sv' on line 110.
Info    : Common subexpression eliminated. [CDFG-738]
        : Eliminated '%bit-select%' in file 'design_data/PROCESSOR_V3.sv' on line 134.
Info    : Common subexpression kept. [CDFG-739]
        : Kept '%bit-select%' in file 'design_data/PROCESSOR_V3.sv' on line 111.
Info    : Common subexpression eliminated. [CDFG-738]
        : Eliminated '+' in file 'design_data/PROCESSOR_V3.sv' on line 96.
Info    : Common subexpression kept. [CDFG-739]
        : Kept '+' in file 'design_data/PROCESSOR_V3.sv' on line 143.
Info    : Common subexpression eliminated. [CDFG-738]
        : Eliminated '%bit-concat%' in file 'design_data/PROCESSOR_V3.sv' on line 134.
Info    : Common subexpression kept. [CDFG-739]
        : Kept '%bit-concat%' in file 'design_data/PROCESSOR_V3.sv' on line 111.
Info    : Common subexpression eliminated. [CDFG-738]
        : Eliminated '%bit-concat%' in file 'design_data/PROCESSOR_V3.sv' on line 133.
Info    : Common subexpression kept. [CDFG-739]
        : Kept '%bit-concat%' in file 'design_data/PROCESSOR_V3.sv' on line 110.
Info    : Identified sum-of-products logic to be optimized during syn_generic. [CDFG-769]
        : Sum-of-products logic in module 'PROCESSOR_V3' in file 'design_data/PROCESSOR_V3.sv' on line 64.
Info    : Identified sum-of-products logic to be optimized during syn_generic. [CDFG-769]
        : Sum-of-products logic in module 'PROCESSOR_V3' in file 'design_data/PROCESSOR_V3.sv' on line 91.
Info    : Identified sum-of-products logic to be optimized during syn_generic. [CDFG-769]
        : Sum-of-products logic in module 'PROCESSOR_V3' in file 'design_data/PROCESSOR_V3.sv' on line 61.
Info    : Identified sum-of-products logic to be optimized during syn_generic. [CDFG-769]
        : Sum-of-products logic in module 'PROCESSOR_V3' in file 'design_data/PROCESSOR_V3.sv' on line 81.
Info    : Elaborating Subdesign. [ELAB-2]
        : Elaborating block 'PROG_MEM' from file 'design_data/PROG_MEM.sv'.
Info    : Processing multi-dimensional arrays. [CDFG-250]
        : Variable 'P_MEM' in module 'PROG_MEM' in file 'design_data/PROG_MEM.sv' on line 36.
Info    : Elaborating Subdesign. [ELAB-2]
        : Elaborating block 'DATA_MEM' from file 'design_data/DATA_MEM.sv'.
Info    : Processing multi-dimensional arrays. [CDFG-250]
        : Variable 'D_MEM' in module 'DATA_MEM' in file 'design_data/DATA_MEM.sv' on line 26.
Info    : Sign mismatch in assignment. [CDFG-373]
        : Assignment has unsigned left hand side 'D_MEM[0]' and signed right hand side in file 'design_data/DATA_MEM.sv' on line 34.
Info    : Sign mismatch in assignment. [CDFG-373]
        : Assignment has unsigned left hand side 'D_MEM[1]' and signed right hand side in file 'design_data/DATA_MEM.sv' on line 34.
Info    : Sign mismatch in assignment. [CDFG-373]
        : Assignment has unsigned left hand side 'D_MEM[2]' and signed right hand side in file 'design_data/DATA_MEM.sv' on line 34.
Info    : Sign mismatch in assignment. [CDFG-373]
        : Assignment has unsigned left hand side 'D_MEM[3]' and signed right hand side in file 'design_data/DATA_MEM.sv' on line 34.
Warning : Maximum message print count reached. [MESG-11]
        : Maximum print count of '20' reached for message 'CDFG-373'.
Warning : Undriven signal detected. [ELABUTL-125]
        : Undriven bits of signal 'P_MEM[0]' in module 'PROG_MEM' in file 'design_data/PROG_MEM.sv' on line 55, column 17, hid = 0.
        : The undriven signal handling can be controlled by setting the attribute 'hdl_unconnected_value' before syn_generic command.
Warning : Undriven signal detected. [ELABUTL-125]
        : Undriven bits of signal 'P_MEM[1]' in module 'PROG_MEM' in file 'design_data/PROG_MEM.sv' on line 55, column 17, hid = 0.
Warning : Undriven signal detected. [ELABUTL-125]
        : Undriven bits of signal 'P_MEM[2]' in module 'PROG_MEM' in file 'design_data/PROG_MEM.sv' on line 55, column 17, hid = 0.
Warning : Undriven signal detected. [ELABUTL-125]
        : Undriven bits of signal 'P_MEM[3]' in module 'PROG_MEM' in file 'design_data/PROG_MEM.sv' on line 55, column 17, hid = 0.
Warning : Undriven signal detected. [ELABUTL-125]
        : Undriven bits of signal 'P_MEM[4]' in module 'PROG_MEM' in file 'design_data/PROG_MEM.sv' on line 55, column 17, hid = 0.
Warning : Undriven signal detected. [ELABUTL-125]
        : Undriven bits of signal 'P_MEM[5]' in module 'PROG_MEM' in file 'design_data/PROG_MEM.sv' on line 55, column 17, hid = 0.
Warning : Undriven signal detected. [ELABUTL-125]
        : Undriven bits of signal 'P_MEM[6]' in module 'PROG_MEM' in file 'design_data/PROG_MEM.sv' on line 55, column 17, hid = 0.
Warning : Undriven signal detected. [ELABUTL-125]
        : Undriven bits of signal 'P_MEM[7]' in module 'PROG_MEM' in file 'design_data/PROG_MEM.sv' on line 55, column 17, hid = 0.
Warning : Undriven signal detected. [ELABUTL-125]
        : Undriven bits of signal 'P_MEM[8]' in module 'PROG_MEM' in file 'design_data/PROG_MEM.sv' on line 55, column 17, hid = 0.
Warning : Undriven signal detected. [ELABUTL-125]
        : Undriven bits of signal 'P_MEM[9]' in module 'PROG_MEM' in file 'design_data/PROG_MEM.sv' on line 55, column 17, hid = 0.
Warning : Undriven signal detected. [ELABUTL-125]
        : Undriven bits of signal 'P_MEM[10]' in module 'PROG_MEM' in file 'design_data/PROG_MEM.sv' on line 55, column 17, hid = 0.
Warning : Undriven signal detected. [ELABUTL-125]
        : Undriven bits of signal 'P_MEM[11]' in module 'PROG_MEM' in file 'design_data/PROG_MEM.sv' on line 55, column 17, hid = 0.
Warning : Undriven signal detected. [ELABUTL-125]
        : Undriven bits of signal 'P_MEM[12]' in module 'PROG_MEM' in file 'design_data/PROG_MEM.sv' on line 55, column 17, hid = 0.
Warning : Undriven signal detected. [ELABUTL-125]
        : Undriven bits of signal 'P_MEM[13]' in module 'PROG_MEM' in file 'design_data/PROG_MEM.sv' on line 55, column 17, hid = 0.
Warning : Undriven signal detected. [ELABUTL-125]
        : Undriven bits of signal 'P_MEM[14]' in module 'PROG_MEM' in file 'design_data/PROG_MEM.sv' on line 55, column 17, hid = 0.
Warning : Undriven signal detected. [ELABUTL-125]
        : Undriven bits of signal 'P_MEM[15]' in module 'PROG_MEM' in file 'design_data/PROG_MEM.sv' on line 55, column 17, hid = 0.
Info    : Done Elaborating Design. [ELAB-3]
        : Done elaborating 'RISC_V3'.
Checking for analog nets...
Check completed for analog nets.
Checking for source RTL...
Check completed for source RTL.
Running Unified Mux Engine Tricks...
Completed Unified Mux Engine Tricks

Stage: post_elab
--------------------------------------------------------
| Trick             | Accepts | Rejects | Runtime (ms) | 
--------------------------------------------------------
| ume_constant_bmux |       0 |       0 |         0.00 | 
--------------------------------------------------------
Starting clip mux common data inputs [v1.0] (stage: post_elab, startdef: RISC_V3, recur: true)
Completed clip mux common data inputs (accepts: 0, rejects: 0, runtime: 0.000s)
Starting clip the non-user hierarchies [v2.0] (stage: post_elab, startdef: RISC_V3, recur: true)
Completed clip the non-user hierarchies (accepts: 0, rejects: 0, runtime: 0.000s)

Stage: post_elab
---------------------------------------------------------
| Transform          | Accepts | Rejects | Runtime (ms) | 
---------------------------------------------------------
| hlo_clip_mux_input |       0 |       0 |         0.00 | 
| hlo_clip           |       0 |       0 |         0.00 | 
---------------------------------------------------------
        Computing net loads.
UM:   flow.cputime  flow.realtime  timing.setup.tns  timing.setup.wns  snapshot
UM:*                                                                   elaborate
@file(run_synth.tcl) 82: puts "Runtime & Memory after 'read_hdl'"
Runtime & Memory after 'read_hdl'
@file(run_synth.tcl) 83: time_info Elaboration
stamp 'Elaboration' being created for table 'default'

  Total Time (Wall) |  Stage Time (Wall)  |   % (Wall)   |    Date - Time     |  Memory   | Stage
--------------------+---------------------+--------------+--------------------+-----------+----------------------
 00:00:09(00:00:00) |  00:00:00(00:00:00) |   0.0(  0.0) |   19:17:41 (Jun15) |  147.1 MB | init
--------------------+---------------------+--------------+--------------------+-----------+----------------------
 00:00:22(00:00:11) |  00:00:13(00:00:11) | 100.0(100.0) |   19:17:52 (Jun15) |  292.8 MB | Elaboration
--------------------+---------------------+--------------+--------------------+-----------+----------------------
Number of threads: 8 * 1   (id: default, time_info v1.57)
Info: (*N*) indicates data that was populated from previously saved time_info database
Info: CPU time includes time of parent + longest thread
@file(run_synth.tcl) 87: check_design -unresolved


 	 Check Design Report (c)
	 ------------------- 

  Unresolved References & Empty Modules
  ------------------------------------- 
No unresolved references in design 'RISC_V3'

No empty modules in design 'RISC_V3'

  Done Checking the design.
@file(run_synth.tcl) 93: read_sdc $CONSTRAINTS_FILE 
Warning : Could not find requested search value. [SDC-208] [get_ports]
        : The 'get_ports' command on line '4' of the SDC file 'design_data/top.sdc'  cannot find any ports named 'SRST'
        : Use get_* commands to find the objects along with a wild card entry in the name of the object to check if the object is existing with different naming style.
Error   : Could not interpret SDC command. [SDC-202] [read_sdc]
        : The 'read_sdc' command encountered an error while processing this command on line '4' of the SDC file 'design_data/top.sdc': set data_inputs [remove_from_collection $data_inputs [get_ports SRST]].
        : The 'read_sdc' command encountered a problem while trying to evaluate an SDC command. This SDC command will be added to the Tcl variable $::dc::sdc_failed_commands.
Warning : Could not find requested search value. [SDC-208] [get_ports]
        : The 'get_ports' command on line '9' of the SDC file 'design_data/top.sdc'  cannot find any ports named 'SRST'
Error   : A required object parameter could not be found. [TUI-61] [set_false_path]
        : An object of type 'clock|port|inst|hinst|pin|hpin|port_bus|hpin_bus' named '' could not be found.
        : Check to make sure that the object exists and is of the correct type.  The 'what_is' command can be used to determine the type of an object.
Error   : Could not interpret SDC command. [SDC-202] [read_sdc]
        : The 'read_sdc' command encountered an error while processing this command on line '9' of the SDC file 'design_data/top.sdc': set_false_path -from [get_ports SRST].
            Reading file '/home/B2_Abid/UDIF/aiub_vlsi_impl_demo/projects/Project_3A/synth_false/design_data/top.sdc'
Statistics for commands executed by read_sdc:
 "all_inputs"               - successful      1 , failed      0 (runtime  0.00)
 "all_outputs"              - successful      1 , failed      0 (runtime  0.00)
 "create_clock"             - successful      1 , failed      0 (runtime  0.01)
 "get_ports"                - successful      2 , failed      2 (runtime  0.01)
 "remove_from_collection"   - successful      2 , failed      0 (runtime  0.00)
 "set_false_path"           - successful      0 , failed      1 (runtime  0.00)
 "set_input_delay"          - successful      1 , failed      0 (runtime  0.01)
 "set_output_delay"         - successful      1 , failed      0 (runtime  0.00)
Warning : Total failed commands during read_sdc are 3
Warning : One or more commands failed when these constraints were applied. [SDC-209]
        : The 'read_sdc' command encountered a problem while processing commands.
        : You can examine the failed commands or save them to a file by querying the Tcl variable $::dc::sdc_failed_commands.
read_sdc completed in 00:00:01 (hh:mm:ss)
@file(run_synth.tcl) 94: puts "The number of exceptions is [llength [vfind "design:$DESIGN" -exception *]]"
The number of exceptions is 1
@file(run_synth.tcl) 99: if {![file exists ${_LOG_PATH}]} {
  file mkdir ${_LOG_PATH}
  puts "Creating directory ${_LOG_PATH}"
}
Creating directory logs_Jun15-19:17:49
@file(run_synth.tcl) 104: if {![file exists ${_OUTPUTS_PATH}]} {
  file mkdir ${_OUTPUTS_PATH}
  puts "Creating directory ${_OUTPUTS_PATH}"
}
Creating directory outputs_Jun15-19:17:49
@file(run_synth.tcl) 109: if {![file exists ${_REPORTS_PATH}]} {
  file mkdir ${_REPORTS_PATH}
  puts "Creating directory ${_REPORTS_PATH}"
}
Creating directory reports_Jun15-19:17:49
@file(run_synth.tcl) 113: check_timing_intent
        Computing net loads.
        Tracing clock networks.
Info    : Multimode clock gating check is disabled. [TIM-1000]
        Levelizing the circuit.
        Computing delays.
        Computing arrivals and requireds.
============================================================
  Generated by:           Genus(TM) Synthesis Solution 21.18-s082_1
  Generated on:           Jun 15 2026  07:17:53 pm
  Module:                 RISC_V3
  Technology libraries:   sky130_ss_1.62_125 1.0
                          sky130_ff_1.98_0 1.0
                          sky130_tt_1.8_25 1.0
                          physical_cells 
  Operating conditions:   ss_1.62_125 
  Interconnect mode:      global
  Area mode:              physical library
============================================================

-------------------------------------------------------------------------------
Inputs without external driver/transition

The following primary inputs have no external driver or input transition set.   
As a result the transition on the ports will be assumed as zero. The            
'external_driver' attribute is used to add and external driver or the           
'fixed_slew' attribute to add an external transition.                           

port:RISC_V3/RST
-------------------------------------------------------------------------------

-------------------------------------------------------------------------------
Outputs without external load

The following primary outputs have no external load set. As a result the load   
on the ports will be assumed as zero. The 'external_pin_cap' attribute is used  
to add and external pin cap.                                                    

port:RISC_V3/ACCUM_R[0]
port:RISC_V3/ACCUM_R[10]
port:RISC_V3/ACCUM_R[11]
  ... 105 other warnings in this category.
 Use the -verbose option for more details.
-------------------------------------------------------------------------------


Lint summary
 Unconnected/logic driven clocks                                  0
 Sequential data pins driven by a clock signal                    0
 Sequential clock pins without clock waveform                     0
 Sequential clock pins with multiple clock waveforms              0
 Generated clocks without clock waveform                          0
 Generated clocks with incompatible options                       0
 Generated clocks with multi-master clock                         0
 Paths constrained with different clocks                          0
 Loop-breaking cells for combinational feedback                   0
 Nets with multiple drivers                                       0
 Timing exceptions with no effect                                 0
 Suspicious multi_cycle exceptions                                0
 Pins/ports with conflicting case constants                       0
 Inputs without clocked external delays                           0
 Outputs without clocked external delays                          0
 Inputs without external driver/transition                        1
 Outputs without external load                                  108
 Exceptions with invalid timing start-/endpoints                  0

                                                  Total:        109

@file(run_synth.tcl) 123: if {[llength [all_registers]] > 0} { 
  define_cost_group -name I2C -design $DESIGN
  define_cost_group -name C2O -design $DESIGN
  define_cost_group -name C2C -design $DESIGN
  path_group -from [all_registers] -to [all_registers] -group C2C -name C2C
  path_group -from [all_registers] -to [all_outputs] -group C2O -name C2O
  path_group -from [all_inputs]  -to [all_registers] -group I2C -name I2C
}
@file(run_synth.tcl) 132: define_cost_group -name I2O -design $DESIGN
@file(run_synth.tcl) 133: path_group -from [all_inputs]  -to [all_outputs] -group I2O -name I2O
@file(run_synth.tcl) 134: foreach cg [vfind / -cost_group *] {
  report_timing -group [list $cg] >> $_REPORTS_PATH/${DESIGN}_pretim.rpt
}
        Computing arrivals and requireds.
@file(run_synth.tcl) 163: set_db / .syn_generic_effort $GEN_EFF
  Setting attribute of root '/': 'syn_generic_effort' = medium
@file(run_synth.tcl) 164: syn_generic
      Running additional step before syn_gen...

Info    : Undriven signal detected. [ELABUTL-130]
        : Assuming a logic '0' value for undriven bits of signal 'P_MEM[0]' in module 'PROG_MEM'.
        : The 'hdl_unconnected_value' attribute controls treatment of undriven signal.
Info    : Undriven signal detected. [ELABUTL-130]
        : Assuming a logic '0' value for undriven bits of signal 'P_MEM[1]' in module 'PROG_MEM'.
Info    : Undriven signal detected. [ELABUTL-130]
        : Assuming a logic '0' value for undriven bits of signal 'P_MEM[2]' in module 'PROG_MEM'.
Info    : Undriven signal detected. [ELABUTL-130]
        : Assuming a logic '0' value for undriven bits of signal 'P_MEM[3]' in module 'PROG_MEM'.
Info    : Undriven signal detected. [ELABUTL-130]
        : Assuming a logic '0' value for undriven bits of signal 'P_MEM[4]' in module 'PROG_MEM'.
Info    : Undriven signal detected. [ELABUTL-130]
        : Assuming a logic '0' value for undriven bits of signal 'P_MEM[5]' in module 'PROG_MEM'.
Info    : Undriven signal detected. [ELABUTL-130]
        : Assuming a logic '0' value for undriven bits of signal 'P_MEM[6]' in module 'PROG_MEM'.
Info    : Undriven signal detected. [ELABUTL-130]
        : Assuming a logic '0' value for undriven bits of signal 'P_MEM[7]' in module 'PROG_MEM'.
Info    : Undriven signal detected. [ELABUTL-130]
        : Assuming a logic '0' value for undriven bits of signal 'P_MEM[8]' in module 'PROG_MEM'.
Info    : Undriven signal detected. [ELABUTL-130]
        : Assuming a logic '0' value for undriven bits of signal 'P_MEM[9]' in module 'PROG_MEM'.
Info    : Undriven signal detected. [ELABUTL-130]
        : Assuming a logic '0' value for undriven bits of signal 'P_MEM[10]' in module 'PROG_MEM'.
Info    : Undriven signal detected. [ELABUTL-130]
        : Assuming a logic '0' value for undriven bits of signal 'P_MEM[11]' in module 'PROG_MEM'.
Info    : Undriven signal detected. [ELABUTL-130]
        : Assuming a logic '0' value for undriven bits of signal 'P_MEM[12]' in module 'PROG_MEM'.
Info    : Undriven signal detected. [ELABUTL-130]
        : Assuming a logic '0' value for undriven bits of signal 'P_MEM[13]' in module 'PROG_MEM'.
Info    : Undriven signal detected. [ELABUTL-130]
        : Assuming a logic '0' value for undriven bits of signal 'P_MEM[14]' in module 'PROG_MEM'.
Info    : Undriven signal detected. [ELABUTL-130]
        : Assuming a logic '0' value for undriven bits of signal 'P_MEM[15]' in module 'PROG_MEM'.

Stage: pre_early_cg
------------------------------------------------
| Transform | Accepts | Rejects | Runtime (ms) | 
------------------------------------------------
------------------------------------------------
##Generic Timing Info for library domain: _default_ typical gate delay: 184.5 ps std_slew: 22.7 ps std_load: 6.4 fF
Starting mux data reorder optimization [v1.0] (stage: pre_to_gen_setup, startdef: RISC_V3, recur: true)
Completed mux data reorder optimization (accepts: 0, rejects: 0, runtime: 0.001s)

Stage: pre_to_gen_setup
------------------------------------------------------
| Transform       | Accepts | Rejects | Runtime (ms) | 
------------------------------------------------------
| hlo_mux_reorder |       0 |       0 |         1.00 | 
------------------------------------------------------
Current PLE settings:

Aspect ratio        : 1.000
Shrink factor       : 1.000
Scale of res/length : 1.000
Scale of cap/length : 1.000
Net derating factor : 1.000
Thermal factor      : 1.000
Via Resistance      : 3.955 ohm (from lef_library)
Site size           : 4.600 um (from lef [tech+cell])

                                   Capacitance  
  Layer                             / Length         Data source:
Name        Direction Utilization  (pF/micron)       lef_library
------------------------------------------------
met1            H         0.00        0.000085  
met2            V         1.00        0.000078  
met3            H         1.00        0.000086  
met4            V         1.00        0.000076  
met5            H         1.00        0.000088  

                                    Resistance   
  Layer                              / Length         Data source:
Name        Direction Utilization  (ohm/micron)       lef_library
-------------------------------------------------
met1            H         0.00         0.892857  
met2            V         1.00         0.892857  
met3            H         1.00         0.156667  
met4            V         1.00         0.156667  
met5            H         1.00         0.018125  

                                        Area     
  Layer                               / Length        Data source:
Name        Direction Utilization     (micron)        lef_library
-------------------------------------------------
met1            H         0.00         0.140000  
met2            V         1.00         0.140000  
met3            H         1.00         0.300000  
met4            V         1.00         0.300000  
met5            H         1.00         1.600000  

Info    : Synthesizing. [SYNTH-1]
        : Synthesizing 'RISC_V3' to generic gates using 'medium' effort.
Running Synthesis Turbo Flow Version 1.
PBS_Generic-Start - Elapsed_Time 0, CPU_Time 0.0
stamp 'PBS_Generic-Start' being created for table 'pbs_debug'

  Total Time (Wall) |  Stage Time (Wall)  |   % (Wall)   |    Date - Time     |  Memory   | Stage
--------------------+---------------------+--------------+--------------------+-----------+----------------------
 00:00:23(00:00:13) |  00:00:00(00:00:00) |   0.0(  0.0) |   19:17:54 (Jun15) |  292.8 MB | PBS_Generic-Start
--------------------+---------------------+--------------+--------------------+-----------+----------------------
Number of threads: 8 * 1   (id: pbs_debug, time_info v1.57)
Info: (*N*) indicates data that was populated from previously saved time_info database
Info: CPU time includes time of parent + longest thread
        Computing net loads.
TNS Restructuring config: no_value at stage: generic applied.
Info    : Partition Based Synthesis execution skipped. [PHYS-752]
        : Design size is less than the partition size '100000' for distributed generic optimization to kick in.
Starting mux data reorder optimization [v1.0] (stage: pre_to_gen_setup, startdef: RISC_V3, recur: true)
Completed mux data reorder optimization (accepts: 0, rejects: 0, runtime: 0.007s)

Stage: pre_to_gen_setup
------------------------------------------------------
| Transform       | Accepts | Rejects | Runtime (ms) | 
------------------------------------------------------
| hlo_mux_reorder |       0 |       0 |         7.00 | 
------------------------------------------------------
Starting mux data reorder optimization [v1.0] (stage: post_to_gen_setup, startdef: RISC_V3, recur: true)
Completed mux data reorder optimization (accepts: 0, rejects: 0, runtime: 0.000s)

Stage: post_to_gen_setup
------------------------------------------------------
| Transform       | Accepts | Rejects | Runtime (ms) | 
------------------------------------------------------
| hlo_mux_reorder |       0 |       0 |         0.00 | 
------------------------------------------------------
Current PLE settings:

Aspect ratio        : 1.000
Shrink factor       : 1.000
Scale of res/length : 1.000
Scale of cap/length : 1.000
Net derating factor : 1.000
Thermal factor      : 1.000
Via Resistance      : 3.955 ohm (from lef_library)
Site size           : 4.600 um (from lef [tech+cell])

                                   Capacitance  
  Layer                             / Length         Data source:
Name        Direction Utilization  (pF/micron)       lef_library
------------------------------------------------
met1            H         0.00        0.000085  
met2            V         1.00        0.000078  
met3            H         1.00        0.000086  
met4            V         1.00        0.000076  
met5            H         1.00        0.000088  

                                    Resistance   
  Layer                              / Length         Data source:
Name        Direction Utilization  (ohm/micron)       lef_library
-------------------------------------------------
met1            H         0.00         0.892857  
met2            V         1.00         0.892857  
met3            H         1.00         0.156667  
met4            V         1.00         0.156667  
met5            H         1.00         0.018125  

                                        Area     
  Layer                               / Length        Data source:
Name        Direction Utilization     (micron)        lef_library
-------------------------------------------------
met1            H         0.00         0.140000  
met2            V         1.00         0.140000  
met3            H         1.00         0.300000  
met4            V         1.00         0.300000  
met5            H         1.00         1.600000  

Info    : Combinational hierarchical blocks with identical inputs have been merged. [GLO-40]
        : Instances 'g3' and 'g6' in 'PROCESSOR_V3' have been merged.
        : This optimization usually reduces design area. To prevent merging of combinational hierarchical blocks, set the 'merge_combinational_hier_instances' root attribute to 'false' or the 'merge_combinational_hier_instance' instance attribute to 'false'.
Info    : Combinational hierarchical blocks with identical inputs have been merged. [GLO-40]
        : Instances 'g4' and 'g8' in 'PROCESSOR_V3' have been merged.
Info    : Combinational hierarchical blocks with identical inputs have been merged. [GLO-40]
        : Instances 'g5' and 'g10' in 'PROCESSOR_V3' have been merged.
Running Unified Mux Engine Tricks...
Completed Unified Mux Engine Tricks

Stage: pre_hlo_rtlopt
--------------------------------------------
| Trick | Accepts | Rejects | Runtime (ms) | 
--------------------------------------------
--------------------------------------------
Starting infer macro optimization [v1.0] (stage: pre_rtlopt, startdef: RISC_V3, recur: true)
Completed infer macro optimization (accepts: 0, rejects: 0, runtime: 0.013s)
Starting decode mux sandwich optimization [v2.0] (stage: pre_rtlopt, startdef: RISC_V3, recur: true)
Completed decode mux sandwich optimization (accepts: 0, rejects: 0, runtime: 0.001s)
Starting decode mux optimization [v1.0] (stage: pre_rtlopt, startdef: RISC_V3, recur: true)
Completed decode mux optimization (accepts: 0, rejects: 0, runtime: 0.000s)
Starting chop wide muxes [v1.0] (stage: pre_rtlopt, startdef: RISC_V3, recur: true)
Completed chop wide muxes (accepts: 0, rejects: 0, runtime: 0.000s)
Starting common data mux cascade opt [v1.0] (stage: pre_rtlopt, startdef: RISC_V3, recur: true)
Completed common data mux cascade opt (accepts: 0, rejects: 0, runtime: 0.001s)
Starting mux input consolidation [v1.0] (stage: pre_rtlopt, startdef: RISC_V3, recur: true)
Completed mux input consolidation (accepts: 0, rejects: 0, runtime: 0.003s)
Starting constant-data mux optimization [v1.0] (stage: pre_rtlopt, startdef: RISC_V3, recur: true)
Completed constant-data mux optimization (accepts: 0, rejects: 0, runtime: 0.001s)
Starting chain-to-tree inequality transform [v2.0] (stage: pre_rtlopt, startdef: RISC_V3, recur: true)
Completed chain-to-tree inequality transform (accepts: 0, rejects: 0, runtime: 0.015s)
Starting reconvergence optimization [v1.0] (stage: pre_rtlopt, startdef: RISC_V3, recur: true)
Completed reconvergence optimization (accepts: 0, rejects: 0, runtime: 0.000s)
Starting logic restructure optimization [v1.0] (stage: pre_rtlopt, startdef: RISC_V3, recur: true)
Completed logic restructure optimization (accepts: 0, rejects: 0, runtime: 0.003s)
Starting common select mux optimization [v1.0] (stage: pre_rtlopt, startdef: RISC_V3, recur: true)
Completed common select mux optimization (accepts: 0, rejects: 2, runtime: 0.002s)
Starting identity transform [v3.0] (stage: pre_rtlopt, startdef: RISC_V3, recur: true)
Completed identity transform (accepts: 0, rejects: 0, runtime: 0.003s)
Starting reduce operator chain [v1.0] (stage: pre_rtlopt, startdef: RISC_V3, recur: true)
Completed reduce operator chain (accepts: 0, rejects: 0, runtime: 0.000s)
Starting common data mux cascade opt [v1.0] (stage: pre_rtlopt, startdef: RISC_V3, recur: true)
Completed common data mux cascade opt (accepts: 0, rejects: 0, runtime: 0.001s)
Starting mux input consolidation [v1.0] (stage: pre_rtlopt, startdef: RISC_V3, recur: true)
Completed mux input consolidation (accepts: 0, rejects: 0, runtime: 0.002s)
Starting optimize datapath elements [v1.0] (stage: pre_rtlopt, startdef: RISC_V3, recur: true)
Completed optimize datapath elements (accepts: 0, rejects: 0, runtime: 0.000s)
Starting datapath recasting [v1.0] (stage: pre_rtlopt, startdef: RISC_V3, recur: true)
Completed datapath recasting (accepts: 0, rejects: 0, runtime: 0.000s)
Starting clip mux common data inputs [v1.0] (stage: pre_rtlopt, startdef: RISC_V3, recur: true)
Completed clip mux common data inputs (accepts: 1, rejects: 0, runtime: 0.006s)
Starting clip the non-user hierarchies [v2.0] (stage: pre_rtlopt, startdef: RISC_V3, recur: true)
Completed clip the non-user hierarchies (accepts: 0, rejects: 0, runtime: 0.000s)

Stage: pre_rtlopt
----------------------------------------------------------------
| Transform                 | Accepts | Rejects | Runtime (ms) | 
----------------------------------------------------------------
| hlo_infer_macro           |       0 |       0 |        13.00 | 
| hlo_decode_mux_sandwich   |       0 |       0 |         1.00 | 
| hlo_mux_decode            |       0 |       0 |         0.00 | 
| hlo_chop_mux              |       0 |       0 |         0.00 | 
| hlo_mux_cascade_opt       |       0 |       0 |         1.00 | 
| hlo_mux_consolidation     |       0 |       0 |         3.00 | 
| hlo_constant_mux_opt      |       0 |       0 |         1.00 | 
| hlo_inequality_transform  |       0 |       0 |        15.00 | 
| hlo_reconv_opt            |       0 |       0 |         0.00 | 
| hlo_restructure           |       0 |       0 |         3.00 | 
| hlo_common_select_muxopto |       0 |       2 |         2.00 | 
| hlo_identity_transform    |       0 |       0 |         3.00 | 
| hlo_reduce_operator_chain |       0 |       0 |         0.00 | 
| hlo_mux_cascade_opt       |       0 |       0 |         1.00 | 
| hlo_mux_consolidation     |       0 |       0 |         2.00 | 
| hlo_optimize_datapath     |       0 |       0 |         0.00 | 
| hlo_datapath_recast       |       0 |       0 |         0.00 | 
| hlo_clip_mux_input        |       1 |       0 |         6.00 | 
| hlo_clip                  |       0 |       0 |         0.00 | 
----------------------------------------------------------------
Running Unified Mux Engine Tricks...
Completed Unified Mux Engine Tricks

Stage: post_hlo_rtlopt
--------------------------------------------------
| Trick       | Accepts | Rejects | Runtime (ms) | 
--------------------------------------------------
| ume_runtime |       0 |       0 |         0.00 | 
--------------------------------------------------
Number of big hc bmuxes before = 0
Info    : Hierarchical instance automatically ungrouped. [GLO-51]
        : Instance 'PM' in module 'RISC_V3' is ungrouped to improve datapath connectivity.
        : Hierarchical instances can be automatically ungrouped to allow for better area or timing optimization. To prevent this ungroup, set the root-level attribute 'auto_ungroup' to 'none'. You can also prevent individual ungroup with setting the attribute 'ungroup_ok' of instances or modules to 'false'.
Number of non-ctl's : 25
mux_NSTATE_61_44 g45 g46 g55 g56 g59 mux_NSTATE_64_10 mux_RF_IN_91_12 mux_RF_WR_91_12 g47 g48 g57 g58 g60 g61 g62 g63 g64 mux_ALU_OUT_81_8 mux_DM_WR_81_8 mux_NSTATE_61_8 mux_RF_IN_81_8 mux_RF_WR_81_8 mux_next_DM_ADDR_81_8 mux_next_IR_81_8 
SOP DEBUG : Module= PROCESSOR_V3, Cluster= ctl_61_8, ctl= 5, Non-ctl= 25
Selected impl_type 4 (factored_form (optimized)) for sop cluster ctl_61_8.
              Info: total 6 bmuxes found, 5 are converted to onehot form, and 1 are kept as binary form
Info    : Pre-processed datapath logic. [DPOPT-6]
        : Pre-processing optimizations applied to datapath logic in 'RISC_V3':
          live_trim(4) sop(1) 
Info    : Hierarchical instance automatically ungrouped. [GLO-51]
        : Instance 'DM' in module 'RISC_V3' is ungrouped to improve datapath connectivity.
Info    : Hierarchical instance automatically ungrouped. [GLO-51]
        : Instance 'PC1' in module 'RISC_V3' is ungrouped to improve datapath connectivity.
Info    : Optimizing datapath logic. [DPOPT-1]
        : Optimizing datapath logic in 'RISC_V3'.
Info    : Optimized a mux chain. [DPOPT-10]
        : Created Common Select Mux merge'F_PC1_mux349' in design 'CDN_DP_region_0_1'.
	The following set of mux instances are merged ( PC1_mux349 PC1_mux353 PC1_mux357 PC1_mux361 PC1_mux365 PC1_mux369 PC1_mux373 PC1_mux377 PC1_mux381 PC1_mux385 PC1_mux389 PC1_mux393 PC1_mux397 PC1_mux401 PC1_mux405 PC1_mux409 PC1_mux413 PC1_mux417 PC1_mux421 PC1_mux425 PC1_mux429 PC1_mux433 PC1_mux437 PC1_mux441 PC1_mux445 PC1_mux449 PC1_mux453 PC1_mux457 PC1_mux461 PC1_mux465 PC1_mux469 PC1_mux473 ).

Info    : Optimized a mux chain. [DPOPT-10]
        : Created Common Select Mux merge'F_PC1_mux477' in design 'CDN_DP_region_0_1'.
	The following set of mux instances are merged ( PC1_mux477 PC1_mux481 PC1_mux485 PC1_mux489 PC1_mux493 PC1_mux497 PC1_mux501 PC1_mux505 PC1_mux509 PC1_mux513 PC1_mux517 PC1_mux521 PC1_mux525 PC1_mux529 PC1_mux533 PC1_mux537 PC1_mux541 PC1_mux545 PC1_mux549 PC1_mux553 PC1_mux557 PC1_mux561 PC1_mux565 PC1_mux569 PC1_mux573 PC1_mux577 PC1_mux581 PC1_mux585 PC1_mux589 PC1_mux593 PC1_mux597 PC1_mux601 ).

Info    : Optimized a mux chain. [DPOPT-10]
        : Created Flattened Mux 'F_F_PC1_mux477' in design 'CDN_DP_region_0_1'.
	The following set of instances are flattened ( F_PC1_mux477 PC1_mux_ALU_OUT_91_12 ).

Info    : Implementing datapath configurations. [DPOPT-3]
        : Implementing datapath configurations for 'CDN_DP_region_0_1'
CSAGen Prep Share:0 Re-Write:0 Speculation: 0
    MaxCSA: weighted_instance_count is 466 
MaxCSA: Successfully built Maximal CSA Expression Expr0
      Timing addsub_signed_75...
        Done timing addsub_signed_75.
      Timing addsub_signed_147...
        Done timing addsub_signed_147.
      Timing addsub_signed_183...
        Done timing addsub_signed_183.
      Timing addsub_signed_532...
        Done timing addsub_signed_532.
Info    : Accepted resource sharing opportunity. [RTLOPT-30]
        : Merged the following sets of instances in 'CDN_DP_region_0_1_c7 in RISC_V3':
	  (ADD_TC_OP_2, ADD_TC_OP, SUB_TC_OP_1, SUB_TC_OP)
	  (SUB_TC_OP_3, ADD_TC_OP_4)

Number of non-ctl's : 4
PC1_mux_next_DM_ADDR_91_12 g1697 g1698 g1699 
SOP DEBUG : Module= CDN_DP_region_0_1_c7, Cluster= PC1_ctl_INST_TYPE_91_12_create, ctl= 1, Non-ctl= 4
Selected impl_type 0 (ctl + 1-hot mux form) for sop cluster PC1_ctl_INST_TYPE_91_12_create.
      Timing increment_unsigned...
        Done timing increment_unsigned.
      Timing decrement_unsigned...
        Done timing decrement_unsigned.
      Timing increment_unsigned_1001...
        Done timing increment_unsigned_1001.
      Timing decrement_unsigned_1003...
        Done timing decrement_unsigned_1003.
Number of non-ctl's : 4
PC1_mux_next_DM_ADDR_91_12 g1697 g1698 g1699 
SOP DEBUG : Module= CDN_DP_region_0_1_c1, Cluster= PC1_ctl_INST_TYPE_91_12_create, ctl= 1, Non-ctl= 4
Selected impl_type 0 (ctl + 1-hot mux form) for sop cluster PC1_ctl_INST_TYPE_91_12_create.
      Timing decrement_unsigned_1026_1047...
        Done timing decrement_unsigned_1026_1047.
      Timing decrement_unsigned_1028_1048...
        Done timing decrement_unsigned_1028_1048.
      Timing increment_unsigned_1025_1049...
        Done timing increment_unsigned_1025_1049.
      Timing increment_unsigned_1027_1050...
        Done timing increment_unsigned_1027_1050.
Number of non-ctl's : 4
PC1_mux_next_DM_ADDR_91_12 g1697 g1698 g1699 
SOP DEBUG : Module= CDN_DP_region_0_1_c2, Cluster= PC1_ctl_INST_TYPE_91_12_create, ctl= 1, Non-ctl= 4
Selected impl_type 0 (ctl + 1-hot mux form) for sop cluster PC1_ctl_INST_TYPE_91_12_create.
      Timing decrement_unsigned_1026_1101...
        Done timing decrement_unsigned_1026_1101.
      Timing decrement_unsigned_1028_1102...
        Done timing decrement_unsigned_1028_1102.
      Timing increment_unsigned_1025_1103...
        Done timing increment_unsigned_1025_1103.
      Timing increment_unsigned_1027_1104...
        Done timing increment_unsigned_1027_1104.
Number of non-ctl's : 4
PC1_mux_next_DM_ADDR_91_12 g1697 g1698 g1699 
SOP DEBUG : Module= CDN_DP_region_0_1_c3, Cluster= PC1_ctl_INST_TYPE_91_12_create, ctl= 1, Non-ctl= 4
Selected impl_type 0 (ctl + 1-hot mux form) for sop cluster PC1_ctl_INST_TYPE_91_12_create.
      Timing decrement_unsigned_1026_1156...
        Done timing decrement_unsigned_1026_1156.
      Timing decrement_unsigned_1028_1157...
        Done timing decrement_unsigned_1028_1157.
      Timing increment_unsigned_1025_1158...
        Done timing increment_unsigned_1025_1158.
      Timing increment_unsigned_1027_1159...
        Done timing increment_unsigned_1027_1159.
Number of non-ctl's : 4
PC1_mux_next_DM_ADDR_91_12 g1697 g1698 g1699 
SOP DEBUG : Module= CDN_DP_region_0_1_c4, Cluster= PC1_ctl_INST_TYPE_91_12_create, ctl= 1, Non-ctl= 4
Selected impl_type 0 (ctl + 1-hot mux form) for sop cluster PC1_ctl_INST_TYPE_91_12_create.
      Timing decrement_unsigned_1026_1211...
        Done timing decrement_unsigned_1026_1211.
      Timing decrement_unsigned_1028_1212...
        Done timing decrement_unsigned_1028_1212.
      Timing increment_unsigned_1025_1213...
        Done timing increment_unsigned_1025_1213.
      Timing increment_unsigned_1027_1214...
        Done timing increment_unsigned_1027_1214.
Number of non-ctl's : 4
PC1_mux_next_DM_ADDR_91_12 g1697 g1698 g1699 
SOP DEBUG : Module= CDN_DP_region_0_1_c5, Cluster= PC1_ctl_INST_TYPE_91_12_create, ctl= 1, Non-ctl= 4
Selected impl_type 0 (ctl + 1-hot mux form) for sop cluster PC1_ctl_INST_TYPE_91_12_create.
      Timing decrement_unsigned_1026_1266...
        Done timing decrement_unsigned_1026_1266.
      Timing decrement_unsigned_1028_1267...
        Done timing decrement_unsigned_1028_1267.
      Timing increment_unsigned_1025_1268...
        Done timing increment_unsigned_1025_1268.
      Timing increment_unsigned_1027_1269...
        Done timing increment_unsigned_1027_1269.
Info    : Accepted resource sharing opportunity. [RTLOPT-30]
        : Merged the following sets of instances in 'CDN_DP_region_0_1_c6 in RISC_V3':
	  (PC1_sub_120_24, PC1_sub_99_24)
	  (PC1_add_119_24, PC1_add_98_24)

      Timing addsub_unsigned_1322...
        Done timing addsub_unsigned_1322.
      Timing addsub_unsigned_1328...
        Done timing addsub_unsigned_1328.
      Timing addsub_unsigned_1337...
        Done timing addsub_unsigned_1337.
Info    : Accepted resource sharing opportunity. [RTLOPT-30]
        : Merged the following sets of instances in 'CDN_DP_region_0_1_c6 in RISC_V3':
	  (PC1_sub_120_24_Y_PC1_sub_99_24, PC1_add_119_24_Y_PC1_add_98_24)

Number of non-ctl's : 4
PC1_mux_next_DM_ADDR_91_12 g1697 g1698 g1699 
SOP DEBUG : Module= CDN_DP_region_0_1_c6, Cluster= PC1_ctl_INST_TYPE_91_12_create, ctl= 1, Non-ctl= 4
Selected impl_type 0 (ctl + 1-hot mux form) for sop cluster PC1_ctl_INST_TYPE_91_12_create.
      Timing decrement_unsigned_1028_1536...
        Done timing decrement_unsigned_1028_1536.
      Timing increment_unsigned_1027_1537...
        Done timing increment_unsigned_1027_1537.
CDN_DP_region_0_1 level = 0 loads = 0 drivers = 0
CDN_DP_region_0_1_c0 in RISC_V3: area: 55638567400 ,dp = 24 mux = 13 sg = slow         worst_clk_period: -1.0000 
    wns: 4012  norm_wns:  -1.0000 
    fail_endp: -1 
    tns:  98419  tns_per_endp:  -1.0000   norm_tns_per_endp:  -1.0000 
    tns_sense_max:  -1.0000  tns_sense_avg:  -1.0000   tns_sense_num: -1
    power:  -9223372036854775808  
 skipped
CDN_DP_region_0_1_c1 in RISC_V3: area: 54077944600 ,dp = 11 mux = 12 sg = fast         worst_clk_period: -1.0000 
    wns: 4148  norm_wns:  -1.0000 
    fail_endp: -1 
    tns:  98555  tns_per_endp:  -1.0000   norm_tns_per_endp:  -1.0000 
    tns_sense_max:  -1.0000  tns_sense_avg:  -1.0000   tns_sense_num: -1
    power:  -9223372036854775808  
 is current best
CDN_DP_region_0_1_c2 in RISC_V3: area: 54077944600 ,dp = 11 mux = 12 sg = very_slow    worst_clk_period: -1.0000 
    wns: 4148  norm_wns:  -1.0000 
    fail_endp: -1 
    tns:  98555  tns_per_endp:  -1.0000   norm_tns_per_endp:  -1.0000 
    tns_sense_max:  -1.0000  tns_sense_avg:  -1.0000   tns_sense_num: -1
    power:  -9223372036854775808  
 is current best
CDN_DP_region_0_1_c3 in RISC_V3: area: 54669089600 ,dp = 12 mux = 12 sg = very_fast    worst_clk_period: -1.0000 
    wns: 4148  norm_wns:  -1.0000 
    fail_endp: -1 
    tns:  32856  tns_per_endp:  -1.0000   norm_tns_per_endp:  -1.0000 
    tns_sense_max:  -1.0000  tns_sense_avg:  -1.0000   tns_sense_num: -1
    power:  -9223372036854775808  
 is current best
CDN_DP_region_0_1_c4 in RISC_V3: area: 54669089600 ,dp = 12 mux = 12 sg = very_fast    worst_clk_period: -1.0000 
    wns: 4148  norm_wns:  -1.0000 
    fail_endp: -1 
    tns:  32856  tns_per_endp:  -1.0000   norm_tns_per_endp:  -1.0000 
    tns_sense_max:  -1.0000  tns_sense_avg:  -1.0000   tns_sense_num: -1
    power:  -9223372036854775808  
 is current best
CDN_DP_region_0_1_c5 in RISC_V3: area: 54669089600 ,dp = 12 mux = 12 sg = very_fast    worst_clk_period: -1.0000 
    wns: 4148  norm_wns:  -1.0000 
    fail_endp: -1 
    tns:  32856  tns_per_endp:  -1.0000   norm_tns_per_endp:  -1.0000 
    tns_sense_max:  -1.0000  tns_sense_avg:  -1.0000   tns_sense_num: -1
    power:  -9223372036854775808  
 is current best
CDN_DP_region_0_1_c6 in RISC_V3: area: 52363624100 ,dp = 8 mux = 15 sg = very_fast    worst_clk_period: -1.0000 
    wns: 5230  norm_wns:  -1.0000 
    fail_endp: -1 
    tns:  145634  tns_per_endp:  -1.0000   norm_tns_per_endp:  -1.0000 
    tns_sense_max:  -1.0000  tns_sense_avg:  -1.0000   tns_sense_num: -1
    power:  -9223372036854775808  

CDN_DP_region_0_1_c7 in RISC_V3: area: 56684894050 ,dp = 8 mux = 16 sg = very_fast    worst_clk_period: -1.0000 
    wns: 4148  norm_wns:  -1.0000 
    fail_endp: -1 
    tns:  30351  tns_per_endp:  -1.0000   norm_tns_per_endp:  -1.0000 
    tns_sense_max:  -1.0000  tns_sense_avg:  -1.0000   tns_sense_num: -1
    power:  -9223372036854775808  
 is current best
Best config: CDN_DP_region_0_1_c7 in RISC_V3: area: 56684894050 ,dp = 8 mux = 16 sg = very_fast    worst_clk_period: -1.0000 
    wns: 4148  norm_wns:  -1.0000 
    fail_endp: -1 
    tns:  30351  tns_per_endp:  -1.0000   norm_tns_per_endp:  -1.0000 
    tns_sense_max:  -1.0000  tns_sense_avg:  -1.0000   tns_sense_num: -1
    power:  -9223372036854775808  
  Smallest config area : 52363624100.  Fastest config wns;  4148
##>+----------------------------------------------------------------------------------------------------------------------------------------------------------------+
##>Summary table of configs (Best config is CDN_DP_region_0_1_c7)
##>+----------------------------------------------------------------------------------------------------------------------------------------------------------------+
##>                     0                  1                  2                  3                  4                  5                  6                  7            
##>+----------------------------------------------------------------------------------------------------------------------------------------------------------------+
##>           Area      55638567400        54077944600        54077944600        54669089600        54669089600        54669089600        52363624100        56684894050  
##>            WNS          -401.20            -414.80            -414.80            -414.80            -414.80            -414.80            -523.00            -414.80  
##>            TNS            98419              98555              98555              32856              32856              32856             145634              30351  
##>    Num Rewrite                0                  0                  0                  0                  0                  0                  0                  0  
##>     Num Factor                0                  0                  0                  0                  0                  0                  0                  0  
##>      Num Share                0                  0                  0                  0                  0                  0                  3                  3  
##>   Num CmultCse                0                  0                  0                  0                  0                  0                  0                  0  
##>   Num Downsize                0                  0                  0                  0                  0                  0                  0                  0  
##>  Num Speculate                0                  0                  0                  1                  1                  1                  0                  1  
##>     Runtime(s)                0                  1                  1                  2                  2                  2                  8                 30  
+----------------------------------------------------------------------------------------------------------------------------------------------------------------+
##>
##>
##>+-----------------------------------------------------------------------------------------------------------------------------------------------------------------------------------------------------+
##>Optimization Step DEBUG Table for config CDN_DP_region_0_1_c7
##>
##>                          Step                        Area   (  % Chg)         WNS (Change)          TNS (Change)                Power   (  % Chg)        Runtime (s)        Comment                   
##>+-----------------------------------------------------------------------------------------------------------------------------------------------------------------------------------------------------+
##>EquationExtraction              START            55638567400 (       )     -401.20 (        )      98419 (        )                    0 (       )              
##> rewrite                        START            76671506500 ( +37.80)    -1456.60 (-1055.40)     621494 (  523075)                    0 (  +0.00)              (a,ar) Expr0_from --> Expr0_to
##>                                  END            88222479800 ( +15.07)    -1151.00 ( +305.60)     455107 ( -166387)                    0 (  +0.00)           1  
##>                                  END            71167946550 ( +27.91)     -401.20 (   +0.00)      98419 (       0)                    0 (  +0.00)           2  
##>createMaxCarrySave              START            67154072000 (  -5.64)     -401.20 (   +0.00)      98419 (       0)                    0 (  +0.00)              
##> datapath_rewrite_one_def       START            67154072000 (  +0.00)     -401.20 (   +0.00)      98419 (       0)                    0 (  +0.00)              
##>                                  END            67154072000 (  +0.00)     -401.20 (   +0.00)      98419 (       0)                    0 (  +0.00)           0  
##> speculate_in_gdef              START            67154072000 (  +0.00)     -401.20 (   +0.00)      98419 (       0)                    0 (  +0.00)              
##>  pre_speculate_mux_merge       START            67154072000 (  +0.00)     -401.20 (   +0.00)      98419 (       0)                    0 (  +0.00)              
##>                                  END            67154072000 (  +0.00)     -401.20 (   +0.00)      98419 (       0)                    0 (  +0.00)           0  
##>                                  END            67745217000 (  +0.88)     -401.20 (   +0.00)      32720 (  -65699)                    0 (  +0.00)           0  
##> csa_opto                       START            67745217000 (  +0.00)     -401.20 (   +0.00)      32720 (       0)                    0 (  +0.00)              
##>                                  END            67745217000 (  +0.00)     -401.20 (   +0.00)      32720 (       0)                    0 (  +0.00)           0  
##>                                  END            67745217000 (  +0.88)     -401.20 (   +0.00)      32720 (  -65699)                    0 (  +0.00)           0  
##>canonicalize_by_names           START            67745217000 (  +0.00)     -401.20 (   +0.00)      32720 (       0)                    0 (  +0.00)              
##>                                  END            67745217000 (  +0.00)     -401.20 (   +0.00)      32720 (       0)                    0 (  +0.00)           0  
##>datapath_rewrite_post_csa_one_  START            67745217000 (  +0.00)     -401.20 (   +0.00)      32720 (       0)                    0 (  +0.00)              
##>                                  END            67745217000 (  +0.00)     -401.20 (   +0.00)      32720 (       0)                    0 (  +0.00)           0  
##>datapath_csa_factoring_one_gde  START            67745217000 (  +0.00)     -401.20 (   +0.00)      32720 (       0)                    0 (  +0.00)              
##>                                  END            67745217000 (  +0.00)     -401.20 (   +0.00)      32720 (       0)                    0 (  +0.00)           0  
##>dpopt_share_one_def             START            67745217000 (  +0.00)     -401.20 (   +0.00)      32720 (       0)                    0 (  +0.00)              
##>                                  END            57441559650 ( -15.21)     -401.20 (   +0.00)      30215 (   -2505)                    0 (  +0.00)          24  
##>datapath_rewrite_post_share     START            57441559650 (  +0.00)     -401.20 (   +0.00)      30215 (       0)                    0 (  +0.00)              
##>                                  END            57441559650 (  +0.00)     -401.20 (   +0.00)      30215 (       0)                    0 (  +0.00)           0  
##>dp_combine_const_mult_with_com  START            57441559650 (  +0.00)     -401.20 (   +0.00)      30215 (       0)                    0 (  +0.00)              
##>                                  END            57441559650 (  +0.00)     -401.20 (   +0.00)      30215 (       0)                    0 (  +0.00)           0  
##>speculate_in_gdef               START            57441559650 (  +0.00)     -401.20 (   +0.00)      30215 (       0)                    0 (  +0.00)              
##> pre_speculate_mux_merge        START            57441559650 (  +0.00)     -401.20 (   +0.00)      30215 (       0)                    0 (  +0.00)              
##>                                  END            57441559650 (  +0.00)     -401.20 (   +0.00)      30215 (       0)                    0 (  +0.00)           0  
##>                                  END            57441559650 (  +0.00)     -401.20 (   +0.00)      30215 (       0)                    0 (  +0.00)           0  
##>dp_operator_level_decompositio  START            57441559650 (  +0.00)     -401.20 (   +0.00)      30215 (       0)                    0 (  +0.00)              
##>                                  END            57441559650 (  +0.00)     -401.20 (   +0.00)      30215 (       0)                    0 (  +0.00)           0  
##>selective_flatten_dp_config     START            57441559650 (  +0.00)     -401.20 (   +0.00)      30215 (       0)                    0 (  +0.00)              
##>                                  END            57015935250 (  -0.74)     -401.20 (   +0.00)      30215 (       0)                    0 (  +0.00)           0  
##>createMaxCarrySave              START            57015935250 (  +0.00)     -401.20 (   +0.00)      30215 (       0)                    0 (  +0.00)              
##> datapath_rewrite_one_def       START            57015935250 (  +0.00)     -401.20 (   +0.00)      30215 (       0)                    0 (  +0.00)              
##>  fast_cse_elim                 START            57015935250 (  +0.00)     -401.20 (   +0.00)      30215 (       0)                    0 (  +0.00)              
##>                                  END            56696716950 (  -0.56)     -401.20 (   +0.00)      30215 (       0)                    0 (  +0.00)           0  
##>  fast_cse_elim                 START            56696716950 (  +0.00)     -401.20 (   +0.00)      30215 (       0)                    0 (  +0.00)              
##>                                  END            56696716950 (  +0.00)     -401.20 (   +0.00)      30215 (       0)                    0 (  +0.00)           0  
##>                                  END            56696716950 (  -0.56)     -401.20 (   +0.00)      30215 (       0)                    0 (  +0.00)           0  
##> speculate_in_gdef              START            56696716950 (  +0.00)     -401.20 (   +0.00)      30215 (       0)                    0 (  +0.00)              
##>  pre_speculate_mux_merge       START            56696716950 (  +0.00)     -401.20 (   +0.00)      30215 (       0)                    0 (  +0.00)              
##>                                  END            56696716950 (  +0.00)     -401.20 (   +0.00)      30215 (       0)                    0 (  +0.00)           0  
##>                                  END            56696716950 (  +0.00)     -401.20 (   +0.00)      30215 (       0)                    0 (  +0.00)           0  
##> csa_opto                       START            56696716950 (  +0.00)     -401.20 (   +0.00)      30215 (       0)                    0 (  +0.00)              
##>                                  END            56696716950 (  +0.00)     -401.20 (   +0.00)      30215 (       0)                    0 (  +0.00)           0  
##>                                  END            56696716950 (  -0.56)     -401.20 (   +0.00)      30215 (       0)                    0 (  +0.00)           0  
##>datapath_rewrite_post_csa_one_  START            56696716950 (  +0.00)     -401.20 (   +0.00)      30215 (       0)                    0 (  +0.00)              
##>                                  END            56696716950 (  +0.00)     -401.20 (   +0.00)      30215 (       0)                    0 (  +0.00)           0  
##>datapath_csa_factoring_one_gde  START            56696716950 (  +0.00)     -401.20 (   +0.00)      30215 (       0)                    0 (  +0.00)              
##>                                  END            56696716950 (  +0.00)     -401.20 (   +0.00)      30215 (       0)                    0 (  +0.00)           0  
##>dpopt_share_one_def             START            56696716950 (  +0.00)     -401.20 (   +0.00)      30215 (       0)                    0 (  +0.00)              
##>                                  END            56696716950 (  +0.00)     -401.20 (   +0.00)      30215 (       0)                    0 (  +0.00)           0  
##>datapath_rewrite_post_share     START            56696716950 (  +0.00)     -401.20 (   +0.00)      30215 (       0)                    0 (  +0.00)              
##>                                  END            56696716950 (  +0.00)     -401.20 (   +0.00)      30215 (       0)                    0 (  +0.00)           0  
##>dp_combine_const_mult_with_com  START            56696716950 (  +0.00)     -401.20 (   +0.00)      30215 (       0)                    0 (  +0.00)              
##>                                  END            56696716950 (  +0.00)     -401.20 (   +0.00)      30215 (       0)                    0 (  +0.00)           0  
##>speculate_in_gdef               START            56696716950 (  +0.00)     -401.20 (   +0.00)      30215 (       0)                    0 (  +0.00)              
##> pre_speculate_mux_merge        START            56696716950 (  +0.00)     -401.20 (   +0.00)      30215 (       0)                    0 (  +0.00)              
##>                                  END            56696716950 (  +0.00)     -401.20 (   +0.00)      30215 (       0)                    0 (  +0.00)           0  
##>                                  END            56696716950 (  +0.00)     -401.20 (   +0.00)      30215 (       0)                    0 (  +0.00)           0  
##>dp_operator_level_decompositio  START            56696716950 (  +0.00)     -401.20 (   +0.00)      30215 (       0)                    0 (  +0.00)              
##>                                  END            56696716950 (  +0.00)     -401.20 (   +0.00)      30215 (       0)                    0 (  +0.00)           0  
##>selective_flatten_dp_config     START            56696716950 (  +0.00)     -401.20 (   +0.00)      30215 (       0)                    0 (  +0.00)              
##>                                  END            56696716950 (  +0.00)     -401.20 (   +0.00)      30215 (       0)                    0 (  +0.00)           0  
##>createMaxCarrySave              START            56696716950 (  +0.00)     -401.20 (   +0.00)      30215 (       0)                    0 (  +0.00)              
##> datapath_rewrite_one_def       START            56696716950 (  +0.00)     -401.20 (   +0.00)      30215 (       0)                    0 (  +0.00)              
##>  fast_cse_elim                 START            56696716950 (  +0.00)     -401.20 (   +0.00)      30215 (       0)                    0 (  +0.00)              
##>                                  END            56696716950 (  +0.00)     -401.20 (   +0.00)      30215 (       0)                    0 (  +0.00)           0  
##>  fast_cse_elim                 START            56696716950 (  +0.00)     -401.20 (   +0.00)      30215 (       0)                    0 (  +0.00)              
##>                                  END            56696716950 (  +0.00)     -401.20 (   +0.00)      30215 (       0)                    0 (  +0.00)           0  
##>                                  END            56696716950 (  +0.00)     -401.20 (   +0.00)      30215 (       0)                    0 (  +0.00)           0  
##> speculate_in_gdef              START            56696716950 (  +0.00)     -401.20 (   +0.00)      30215 (       0)                    0 (  +0.00)              
##>  pre_speculate_mux_merge       START            56696716950 (  +0.00)     -401.20 (   +0.00)      30215 (       0)                    0 (  +0.00)              
##>                                  END            56696716950 (  +0.00)     -401.20 (   +0.00)      30215 (       0)                    0 (  +0.00)           0  
##>                                  END            56696716950 (  +0.00)     -401.20 (   +0.00)      30215 (       0)                    0 (  +0.00)           0  
##> csa_opto                       START            56696716950 (  +0.00)     -401.20 (   +0.00)      30215 (       0)                    0 (  +0.00)              
##>                                  END            56696716950 (  +0.00)     -401.20 (   +0.00)      30215 (       0)                    0 (  +0.00)           0  
##>                                  END            56696716950 (  +0.00)     -401.20 (   +0.00)      30215 (       0)                    0 (  +0.00)           0  
##>context_based_simplify          START            56684894050 (  -0.02)     -414.80 (  -13.60)      30351 (     136)                    0 (  +0.00)              
##>                                  END            56684894050 (  +0.00)     -414.80 (   +0.00)      30351 (       0)                    0 (  +0.00)           0  
##>group_csa_final_adder_dp        START            56684894050 (  +0.00)     -414.80 (   +0.00)      30351 (       0)                    0 (  +0.00)              
##>                                  END            56684894050 (  +0.00)     -414.80 (   +0.00)      30351 (       0)                    0 (  +0.00)           0  
##>dpopt_flatten_critical_muxes_i  START            56684894050 (  +0.00)     -414.80 (   +0.00)      30351 (       0)                    0 (  +0.00)              
##>                                  END            56684894050 (  +0.00)     -414.80 (   +0.00)      30351 (       0)                    0 (  +0.00)           0  
##>speculate_in_gdef               START            56684894050 (  +0.00)     -414.80 (   +0.00)      30351 (       0)                    0 (  +0.00)              
##> pre_speculate_mux_merge        START            56684894050 (  +0.00)     -414.80 (   +0.00)      30351 (       0)                    0 (  +0.00)              
##>                                  END            56684894050 (  +0.00)     -414.80 (   +0.00)      30351 (       0)                    0 (  +0.00)           0  
##>                                  END            56684894050 (  +0.00)     -414.80 (   +0.00)      30351 (       0)                    0 (  +0.00)           0  
##>create_score                    START            56684894050 (  +0.00)     -414.80 (   +0.00)      30351 (       0)                    0 (  +0.00)              
##>                                  END            56684894050 (  +0.00)     -414.80 (   +0.00)      30351 (       0)                    0 (  +0.00)           0  
##>+-----------------------------------------------------------------------------------------------------------------------------------------------------------------------------------------------------+
Committed config: CDN_DP_region_0_1_c7
Info    : Done implementing datapath configurations. [DPOPT-4]
        : Selected 'very_fast' configuration 7 for module 'CDN_DP_region_0_1_c7'.
          Optimizations applied to 'very_fast' configuration:
            rewriting(0), factoring(0), sharing(3), cmultcse(0), downsizing(0), speculation(1)
Info    : Implementing datapath configurations. [DPOPT-3]
        : Implementing datapath configurations for 'CDN_DP_region_0_0'
CSAGen Prep Share:0 Re-Write:0 Speculation: 0
    MaxCSA: weighted_instance_count is 8 
MaxCSA: Successfully built Maximal CSA Expression Expr1
      Timing increment_unsigned_1543...
        Done timing increment_unsigned_1543.
Number of non-ctl's : 1
PC1_mux_next_PC_81_8 
SOP DEBUG : Module= CDN_DP_region_0_0_c7, Cluster= PC1_ctl_PSTATE_81_8_create, ctl= 1, Non-ctl= 1
Selected impl_type 0 (ctl + 1-hot mux form) for sop cluster PC1_ctl_PSTATE_81_8_create.
      Timing increment_unsigned_1545_1551...
        Done timing increment_unsigned_1545_1551.
Number of non-ctl's : 1
PC1_mux_next_PC_81_8 
SOP DEBUG : Module= CDN_DP_region_0_0_c1, Cluster= PC1_ctl_PSTATE_81_8_create, ctl= 1, Non-ctl= 1
Selected impl_type 0 (ctl + 1-hot mux form) for sop cluster PC1_ctl_PSTATE_81_8_create.
      Timing increment_unsigned_1545_1560...
        Done timing increment_unsigned_1545_1560.
Number of non-ctl's : 1
PC1_mux_next_PC_81_8 
SOP DEBUG : Module= CDN_DP_region_0_0_c2, Cluster= PC1_ctl_PSTATE_81_8_create, ctl= 1, Non-ctl= 1
Selected impl_type 0 (ctl + 1-hot mux form) for sop cluster PC1_ctl_PSTATE_81_8_create.
      Timing increment_unsigned_1545_1569...
        Done timing increment_unsigned_1545_1569.
Number of non-ctl's : 1
PC1_mux_next_PC_81_8 
SOP DEBUG : Module= CDN_DP_region_0_0_c3, Cluster= PC1_ctl_PSTATE_81_8_create, ctl= 1, Non-ctl= 1
Selected impl_type 0 (ctl + 1-hot mux form) for sop cluster PC1_ctl_PSTATE_81_8_create.
      Timing increment_unsigned_1545_1578...
        Done timing increment_unsigned_1545_1578.
Number of non-ctl's : 1
PC1_mux_next_PC_81_8 
SOP DEBUG : Module= CDN_DP_region_0_0_c4, Cluster= PC1_ctl_PSTATE_81_8_create, ctl= 1, Non-ctl= 1
Selected impl_type 0 (ctl + 1-hot mux form) for sop cluster PC1_ctl_PSTATE_81_8_create.
      Timing increment_unsigned_1545_1587...
        Done timing increment_unsigned_1545_1587.
Number of non-ctl's : 1
PC1_mux_next_PC_81_8 
SOP DEBUG : Module= CDN_DP_region_0_0_c5, Cluster= PC1_ctl_PSTATE_81_8_create, ctl= 1, Non-ctl= 1
Selected impl_type 0 (ctl + 1-hot mux form) for sop cluster PC1_ctl_PSTATE_81_8_create.
      Timing increment_unsigned_1545_1596...
        Done timing increment_unsigned_1545_1596.
Number of non-ctl's : 1
PC1_mux_next_PC_81_8 
SOP DEBUG : Module= CDN_DP_region_0_0_c6, Cluster= PC1_ctl_PSTATE_81_8_create, ctl= 1, Non-ctl= 1
Selected impl_type 0 (ctl + 1-hot mux form) for sop cluster PC1_ctl_PSTATE_81_8_create.
      Timing increment_unsigned_1545_1605...
        Done timing increment_unsigned_1545_1605.
CDN_DP_region_0_0 level = 0 loads = 0 drivers = 0
CDN_DP_region_0_0_c0 in RISC_V3: area: 384244250 ,dp = 2 mux = 1 sg = slow         worst_clk_period: -1.0000 
    wns: 678  norm_wns:  -1.0000 
    fail_endp: -1 
    tns:  1647  tns_per_endp:  -1.0000   norm_tns_per_endp:  -1.0000 
    tns_sense_max:  -1.0000  tns_sense_avg:  -1.0000   tns_sense_num: -1
    power:  -9223372036854775808  
 skipped
CDN_DP_region_0_0_c1 in RISC_V3: area: 236458000 ,dp = 1 mux = 0 sg = fast         worst_clk_period: -1.0000 
    wns: 678  norm_wns:  -1.0000 
    fail_endp: -1 
    tns:  1647  tns_per_endp:  -1.0000   norm_tns_per_endp:  -1.0000 
    tns_sense_max:  -1.0000  tns_sense_avg:  -1.0000   tns_sense_num: -1
    power:  -9223372036854775808  
 is current best
CDN_DP_region_0_0_c2 in RISC_V3: area: 236458000 ,dp = 1 mux = 0 sg = very_slow    worst_clk_period: -1.0000 
    wns: 678  norm_wns:  -1.0000 
    fail_endp: -1 
    tns:  1647  tns_per_endp:  -1.0000   norm_tns_per_endp:  -1.0000 
    tns_sense_max:  -1.0000  tns_sense_avg:  -1.0000   tns_sense_num: -1
    power:  -9223372036854775808  
 is current best
CDN_DP_region_0_0_c3 in RISC_V3: area: 236458000 ,dp = 1 mux = 0 sg = very_fast    worst_clk_period: -1.0000 
    wns: 678  norm_wns:  -1.0000 
    fail_endp: -1 
    tns:  1647  tns_per_endp:  -1.0000   norm_tns_per_endp:  -1.0000 
    tns_sense_max:  -1.0000  tns_sense_avg:  -1.0000   tns_sense_num: -1
    power:  -9223372036854775808  
 is current best
CDN_DP_region_0_0_c4 in RISC_V3: area: 236458000 ,dp = 1 mux = 0 sg = very_fast    worst_clk_period: -1.0000 
    wns: 678  norm_wns:  -1.0000 
    fail_endp: -1 
    tns:  1647  tns_per_endp:  -1.0000   norm_tns_per_endp:  -1.0000 
    tns_sense_max:  -1.0000  tns_sense_avg:  -1.0000   tns_sense_num: -1
    power:  -9223372036854775808  
 is current best
CDN_DP_region_0_0_c5 in RISC_V3: area: 236458000 ,dp = 1 mux = 0 sg = very_fast    worst_clk_period: -1.0000 
    wns: 678  norm_wns:  -1.0000 
    fail_endp: -1 
    tns:  1647  tns_per_endp:  -1.0000   norm_tns_per_endp:  -1.0000 
    tns_sense_max:  -1.0000  tns_sense_avg:  -1.0000   tns_sense_num: -1
    power:  -9223372036854775808  
 is current best
CDN_DP_region_0_0_c6 in RISC_V3: area: 236458000 ,dp = 1 mux = 0 sg = very_fast    worst_clk_period: -1.0000 
    wns: 678  norm_wns:  -1.0000 
    fail_endp: -1 
    tns:  1647  tns_per_endp:  -1.0000   norm_tns_per_endp:  -1.0000 
    tns_sense_max:  -1.0000  tns_sense_avg:  -1.0000   tns_sense_num: -1
    power:  -9223372036854775808  
 is current best
CDN_DP_region_0_0_c7 in RISC_V3: area: 236458000 ,dp = 1 mux = 0 sg = very_fast    worst_clk_period: -1.0000 
    wns: 678  norm_wns:  -1.0000 
    fail_endp: -1 
    tns:  1647  tns_per_endp:  -1.0000   norm_tns_per_endp:  -1.0000 
    tns_sense_max:  -1.0000  tns_sense_avg:  -1.0000   tns_sense_num: -1
    power:  -9223372036854775808  
 is current best
Best config: CDN_DP_region_0_0_c7 in RISC_V3: area: 236458000 ,dp = 1 mux = 0 sg = very_fast    worst_clk_period: -1.0000 
    wns: 678  norm_wns:  -1.0000 
    fail_endp: -1 
    tns:  1647  tns_per_endp:  -1.0000   norm_tns_per_endp:  -1.0000 
    tns_sense_max:  -1.0000  tns_sense_avg:  -1.0000   tns_sense_num: -1
    power:  -9223372036854775808  
  Smallest config area : 236458000.  Fastest config wns;  678
##>+----------------------------------------------------------------------------------------------------------------------------------------------------------------+
##>Summary table of configs (Best config is CDN_DP_region_0_0_c7)
##>+----------------------------------------------------------------------------------------------------------------------------------------------------------------+
##>                     0                  1                  2                  3                  4                  5                  6                  7            
##>+----------------------------------------------------------------------------------------------------------------------------------------------------------------+
##>           Area        384244250          236458000          236458000          236458000          236458000          236458000          236458000          236458000  
##>            WNS           -67.80             -67.80             -67.80             -67.80             -67.80             -67.80             -67.80             -67.80  
##>            TNS             1647               1647               1647               1647               1647               1647               1647               1647  
##>    Num Rewrite                0                  0                  0                  0                  0                  0                  0                  0  
##>     Num Factor                0                  0                  0                  0                  0                  0                  0                  0  
##>      Num Share                0                  0                  0                  0                  0                  0                  0                  0  
##>   Num CmultCse                0                  0                  0                  0                  0                  0                  0                  0  
##>   Num Downsize                0                  0                  0                  0                  0                  0                  0                  0  
##>  Num Speculate                0                  0                  0                  0                  0                  0                  0                  0  
##>     Runtime(s)                0                  0                  0                  0                  0                  0                  0                  0  
+----------------------------------------------------------------------------------------------------------------------------------------------------------------+
##>
##>
##>+-----------------------------------------------------------------------------------------------------------------------------------------------------------------------------------------------------+
##>Optimization Step DEBUG Table for config CDN_DP_region_0_0_c7
##>
##>                          Step                        Area   (  % Chg)         WNS (Change)          TNS (Change)                Power   (  % Chg)        Runtime (s)        Comment                   
##>+-----------------------------------------------------------------------------------------------------------------------------------------------------------------------------------------------------+
##>EquationExtraction              START              384244250 (       )      -67.80 (        )       1647 (        )                    0 (       )              
##> rewrite                        START              472916000 ( +23.08)     -113.60 (  -45.80)       2763 (    1116)                    0 (  +0.00)              (a,ar) Expr1_from --> Expr1_to
##>                                  END              632525150 ( +33.75)     -113.60 (   +0.00)       2763 (       0)                    0 (  +0.00)           0  
##>                                  END              384244250 (  +0.00)      -67.80 (   +0.00)       1647 (       0)                    0 (  +0.00)           0  
##>createMaxCarrySave              START              384244250 (  +0.00)      -67.80 (   +0.00)       1647 (       0)                    0 (  +0.00)              
##> datapath_rewrite_one_def       START              384244250 (  +0.00)      -67.80 (   +0.00)       1647 (       0)                    0 (  +0.00)              
##>                                  END              384244250 (  +0.00)      -67.80 (   +0.00)       1647 (       0)                    0 (  +0.00)           0  
##> csa_opto                       START              384244250 (  +0.00)      -67.80 (   +0.00)       1647 (       0)                    0 (  +0.00)              
##>                                  END              390155700 (  +1.54)      -67.80 (   +0.00)       1647 (       0)                    0 (  +0.00)           0  
##>                                  END              390155700 (  +1.54)      -67.80 (   +0.00)       1647 (       0)                    0 (  +0.00)           0  
##>canonicalize_by_names           START              390155700 (  +0.00)      -67.80 (   +0.00)       1647 (       0)                    0 (  +0.00)              
##>                                  END              390155700 (  +0.00)      -67.80 (   +0.00)       1647 (       0)                    0 (  +0.00)           0  
##>datapath_rewrite_post_csa_one_  START              390155700 (  +0.00)      -67.80 (   +0.00)       1647 (       0)                    0 (  +0.00)              
##>                                  END              390155700 (  +0.00)      -67.80 (   +0.00)       1647 (       0)                    0 (  +0.00)           0  
##>datapath_csa_factoring_one_gde  START              390155700 (  +0.00)      -67.80 (   +0.00)       1647 (       0)                    0 (  +0.00)              
##>                                  END              390155700 (  +0.00)      -67.80 (   +0.00)       1647 (       0)                    0 (  +0.00)           0  
##>dpopt_share_one_def             START              390155700 (  +0.00)      -67.80 (   +0.00)       1647 (       0)                    0 (  +0.00)              
##>                                  END              390155700 (  +0.00)      -67.80 (   +0.00)       1647 (       0)                    0 (  +0.00)           0  
##>datapath_rewrite_post_share     START              390155700 (  +0.00)      -67.80 (   +0.00)       1647 (       0)                    0 (  +0.00)              
##>                                  END              390155700 (  +0.00)      -67.80 (   +0.00)       1647 (       0)                    0 (  +0.00)           0  
##>dp_combine_const_mult_with_com  START              390155700 (  +0.00)      -67.80 (   +0.00)       1647 (       0)                    0 (  +0.00)              
##>                                  END              390155700 (  +0.00)      -67.80 (   +0.00)       1647 (       0)                    0 (  +0.00)           0  
##>dp_operator_level_decompositio  START              390155700 (  +0.00)      -67.80 (   +0.00)       1647 (       0)                    0 (  +0.00)              
##>                                  END              390155700 (  +0.00)      -67.80 (   +0.00)       1647 (       0)                    0 (  +0.00)           0  
##>selective_flatten_dp_config     START              390155700 (  +0.00)      -67.80 (   +0.00)       1647 (       0)                    0 (  +0.00)              
##>                                  END              390155700 (  +0.00)      -67.80 (   +0.00)       1647 (       0)                    0 (  +0.00)           0  
##>createMaxCarrySave              START              390155700 (  +0.00)      -67.80 (   +0.00)       1647 (       0)                    0 (  +0.00)              
##> datapath_rewrite_one_def       START              390155700 (  +0.00)      -67.80 (   +0.00)       1647 (       0)                    0 (  +0.00)              
##>  fast_cse_elim                 START              390155700 (  +0.00)      -67.80 (   +0.00)       1647 (       0)                    0 (  +0.00)              
##>                                  END              390155700 (  +0.00)      -67.80 (   +0.00)       1647 (       0)                    0 (  +0.00)           0  
##>  fast_cse_elim                 START              390155700 (  +0.00)      -67.80 (   +0.00)       1647 (       0)                    0 (  +0.00)              
##>                                  END              390155700 (  +0.00)      -67.80 (   +0.00)       1647 (       0)                    0 (  +0.00)           0  
##>                                  END              390155700 (  +0.00)      -67.80 (   +0.00)       1647 (       0)                    0 (  +0.00)           0  
##> csa_opto                       START              390155700 (  +0.00)      -67.80 (   +0.00)       1647 (       0)                    0 (  +0.00)              
##>                                  END              390155700 (  +0.00)      -67.80 (   +0.00)       1647 (       0)                    0 (  +0.00)           0  
##>                                  END              390155700 (  +0.00)      -67.80 (   +0.00)       1647 (       0)                    0 (  +0.00)           0  
##>context_based_simplify          START              248280900 ( -36.36)      -67.80 (   +0.00)       1647 (       0)                    0 (  +0.00)              
##>                                  END              236458000 (  -4.76)      -67.80 (   +0.00)       1647 (       0)                    0 (  +0.00)           0  
##>group_csa_final_adder_dp        START              236458000 (  +0.00)      -67.80 (   +0.00)       1647 (       0)                    0 (  +0.00)              
##>                                  END              236458000 (  +0.00)      -67.80 (   +0.00)       1647 (       0)                    0 (  +0.00)           0  
##>dpopt_flatten_critical_muxes_i  START              236458000 (  +0.00)      -67.80 (   +0.00)       1647 (       0)                    0 (  +0.00)              
##>                                  END              236458000 (  +0.00)      -67.80 (   +0.00)       1647 (       0)                    0 (  +0.00)           0  
##>create_score                    START              236458000 (  +0.00)      -67.80 (   +0.00)       1647 (       0)                    0 (  +0.00)              
##>                                  END              236458000 (  +0.00)      -67.80 (   +0.00)       1647 (       0)                    0 (  +0.00)           0  
##>+-----------------------------------------------------------------------------------------------------------------------------------------------------------------------------------------------------+
Committed config: CDN_DP_region_0_0_c7
Info    : Done implementing datapath configurations. [DPOPT-4]
        : Selected 'very_fast' configuration 7 for module 'CDN_DP_region_0_0_c7'.
          Optimizations applied to 'very_fast' configuration:
            rewriting(0), factoring(0), sharing(0), cmultcse(0), downsizing(0), speculation(0)
Info:  Ungrouped 0 dp-cluster instances.  0 cluster instances were left intact, to aid verification.
              Preparing netlist for verification ...
              Done preparing netlist for verification.
Info    : Done optimizing datapath logic. [DPOPT-2]
        : Done optimizing datapath logic in 'RISC_V3'.
      Removing temporary intermediate hierarchies under RISC_V3
Number of big hc bmuxes after = 0
Starting logic reduction [v1.0] (stage: post_rtlopt, startdef: RISC_V3, recur: true)
Completed logic reduction (accepts: 0, rejects: 0, runtime: 0.000s)
Starting mux data reorder optimization [v1.0] (stage: post_rtlopt, startdef: RISC_V3, recur: true)
Completed mux data reorder optimization (accepts: 0, rejects: 0, runtime: 0.001s)

Stage: post_rtlopt
----------------------------------------------------------
| Transform           | Accepts | Rejects | Runtime (ms) | 
----------------------------------------------------------
| hlo_logic_reduction |       0 |       0 |         0.00 | 
| hlo_mux_reorder     |       0 |       0 |         1.00 | 
----------------------------------------------------------
Info    : Replacing the synchronous part of an always feeding back flip-flop with a logic constant. [GLO-45]
        : The instance is 'PC1_DM_ADDR_reg[0]'. The constant is '0'.
        : To prevent this optimization, set 'optimize_constant_feedback_seqs' root attribute to 'false'. The instance attribute 'optimize_constant_feedback_seq' controls this optimization. 
Info    : Replacing the synchronous part of an always feeding back flip-flop with a logic constant. [GLO-45]
        : The instance is 'PC1_DM_ADDR_reg[1]'. The constant is '0'.
Info    : Replacing the synchronous part of an always feeding back flip-flop with a logic constant. [GLO-45]
        : The instance is 'PC1_DM_ADDR_reg[2]'. The constant is '0'.
Info    : Replacing the synchronous part of an always feeding back flip-flop with a logic constant. [GLO-45]
        : The instance is 'PC1_DM_ADDR_reg[3]'. The constant is '0'.
Info    : Replacing the synchronous part of an always feeding back flip-flop with a logic constant. [GLO-45]
        : The instance is 'PC1_IR_reg[0]'. The constant is '0'.
Info    : Replacing the synchronous part of an always feeding back flip-flop with a logic constant. [GLO-45]
        : The instance is 'PC1_IR_reg[1]'. The constant is '0'.
Info    : Replacing the synchronous part of an always feeding back flip-flop with a logic constant. [GLO-45]
        : The instance is 'PC1_IR_reg[2]'. The constant is '0'.
Info    : Replacing the synchronous part of an always feeding back flip-flop with a logic constant. [GLO-45]
        : The instance is 'PC1_IR_reg[3]'. The constant is '0'.
Info    : Replacing the synchronous part of an always feeding back flip-flop with a logic constant. [GLO-45]
        : The instance is 'PC1_IR_reg[4]'. The constant is '0'.
Info    : Replacing the synchronous part of an always feeding back flip-flop with a logic constant. [GLO-45]
        : The instance is 'PC1_IR_reg[5]'. The constant is '0'.
Info    : Replacing the synchronous part of an always feeding back flip-flop with a logic constant. [GLO-45]
        : The instance is 'PC1_IR_reg[6]'. The constant is '0'.
Info    : Replacing the synchronous part of an always feeding back flip-flop with a logic constant. [GLO-45]
        : The instance is 'PC1_IR_reg[7]'. The constant is '0'.
Info    : Replacing the synchronous part of an always feeding back flip-flop with a logic constant. [GLO-45]
        : The instance is 'PC1_IR_reg[8]'. The constant is '0'.
Info    : Replacing the synchronous part of an always feeding back flip-flop with a logic constant. [GLO-45]
        : The instance is 'PC1_IR_reg[9]'. The constant is '0'.
Info    : Replacing the synchronous part of an always feeding back flip-flop with a logic constant. [GLO-45]
        : The instance is 'PC1_IR_reg[10]'. The constant is '0'.
Info    : Replacing the synchronous part of an always feeding back flip-flop with a logic constant. [GLO-45]
        : The instance is 'PC1_IR_reg[11]'. The constant is '0'.
Info    : Replacing the synchronous part of an always feeding back flip-flop with a logic constant. [GLO-45]
        : The instance is 'PC1_IR_reg[12]'. The constant is '0'.
Info    : Replacing the synchronous part of an always feeding back flip-flop with a logic constant. [GLO-45]
        : The instance is 'PC1_IR_reg[13]'. The constant is '0'.
Info    : Replacing the synchronous part of an always feeding back flip-flop with a logic constant. [GLO-45]
        : The instance is 'PC1_IR_reg[14]'. The constant is '0'.
Info    : Replacing the synchronous part of an always feeding back flip-flop with a logic constant. [GLO-45]
        : The instance is 'PC1_IR_reg[15]'. The constant is '0'.
Warning : Maximum message print count reached. [MESG-11]
        : Maximum print count of '20' reached for message 'GLO-45'.
              Optimizing muxes in design 'RISC_V3'.
              Post blast muxes in design 'RISC_V3'.
Starting mux speculation [v1.0] (stage: post_muxopt, startdef: RISC_V3, recur: true)
Starting speculation optimization
Completed speculation optimization (accepts:0)
Completed mux speculation (accepts: 0, rejects: 0, runtime: 0.748s)

Stage: post_muxopt
------------------------------------------------------
| Transform       | Accepts | Rejects | Runtime (ms) | 
------------------------------------------------------
| hlo_speculation |       0 |       0 |       748.00 | 
------------------------------------------------------
==================================
Stage : to_generic 
==================================
  =================
   Message Summary
  =================
----------------------------------------------------------------------
|     Id      |  Sev   |Count |            Message Text              |
----------------------------------------------------------------------
| CDFG-250    |Info    |    3 |Processing multi-dimensional arrays.  |
| CDFG-372    |Info    |   16 |Bitwidth mismatch in assignment.      |
|             |        |      |Review and make sure the mismatch is  |
|             |        |      | unintentional. Genus can possibly    |
|             |        |      | issue bitwidth mismatch warning for  |
|             |        |      | explicit assignments present in RTL  |
|             |        |      | as-well-as for implicit assignments  |
|             |        |      | inferred by the tool. For example,   |
|             |        |      | in case of enum declaration without  |
|             |        |      | value, the tool will implicitly      |
|             |        |      | assign value to the enum variables.  |
|             |        |      | It also issues the warning for any   |
|             |        |      | bitwidth mismatch that appears in    |
|             |        |      | this implicit assignment.            |
| CDFG-373    |Info    |   32 |Sign mismatch in assignment.          |
| CDFG-472    |Warning |    2 |Unreachable statements for case item. |
| CDFG-738    |Info    |    5 |Common subexpression eliminated.      |
| CDFG-739    |Info    |    5 |Common subexpression kept.            |
| CDFG-769    |Info    |    4 |Identified sum-of-products logic to   |
|             |        |      | be optimized during syn_generic.     |
| CWD-19      |Info    |  278 |An implementation was inferred.       |
| DPOPT-1     |Info    |    1 |Optimizing datapath logic.            |
| DPOPT-2     |Info    |    1 |Done optimizing datapath logic.       |
| DPOPT-3     |Info    |    2 |Implementing datapath configurations. |
| DPOPT-4     |Info    |    2 |Done implementing datapath            |
|             |        |      | configurations.                      |
| DPOPT-6     |Info    |    1 |Pre-processed datapath logic.         |
| DPOPT-10    |Info    |    3 |Optimized a mux chain.                |
| ELAB-1      |Info    |    1 |Elaborating Design.                   |
| ELAB-2      |Info    |    3 |Elaborating Subdesign.                |
| ELAB-3      |Info    |    1 |Done Elaborating Design.              |
| ELABUTL-125 |Warning |   16 |Undriven signal detected.             |
|             |        |      |The undriven signal handling can be   |
|             |        |      | controlled by setting the attribute  |
|             |        |      | 'hdl_unconnected_value' before       |
|             |        |      | syn_generic command.                 |
| ELABUTL-130 |Info    |   16 |Undriven signal detected.             |
|             |        |      |The 'hdl_unconnected_value' attribute |
|             |        |      | controls treatment of undriven       |
|             |        |      | signal.                              |
| GLO-40      |Info    |    3 |Combinational hierarchical blocks     |
|             |        |      | with identical inputs have been      |
|             |        |      | merged.                              |
|             |        |      |This optimization usually reduces     |
|             |        |      | design area. To prevent merging of   |
|             |        |      | combinational hierarchical blocks,   |
|             |        |      | set the                              |
|             |        |      | 'merge_combinational_hier_instances' |
|             |        |      | root attribute to 'false' or the     |
|             |        |      | 'merge_combinational_hier_instance'  |
|             |        |      | instance attribute to 'false'.       |
| GLO-45      |Info    |   36 |Replacing the synchronous part of an  |
|             |        |      | always feeding back flip-flop with a |
|             |        |      | logic constant.                      |
|             |        |      |To prevent this optimization, set     |
|             |        |      | 'optimize_constant_feedback_seqs'    |
|             |        |      | root attribute to 'false'. The       |
|             |        |      | instance attribute                   |
|             |        |      | 'optimize_constant_feedback_seq'     |
|             |        |      | controls this optimization.          |
| GLO-51      |Info    |    3 |Hierarchical instance automatically   |
|             |        |      | ungrouped.                           |
|             |        |      |Hierarchical instances can be         |
|             |        |      | automatically ungrouped to allow for |
|             |        |      | better area or timing optimization.  |
|             |        |      | To prevent this ungroup, set the     |
|             |        |      | root-level attribute 'auto_ungroup'  |
|             |        |      | to 'none'. You can also prevent      |
|             |        |      | individual ungroup with setting the  |
|             |        |      | attribute 'ungroup_ok' of instances  |
|             |        |      | or modules to 'false'.               |
| LBR-22      |Warning |  218 |Multiply-defined library cell.        |
|             |        |      |Library cell names must be unique.    |
|             |        |      | Any duplicates will be deleted.      |
|             |        |      | Only the first                       |
|             |        |      | (as determined by the order of libra |
|             |        |      | ries) will be retained.              |
| LBR-38      |Warning |    2 |Libraries have inconsistent nominal   |
|             |        |      | operating conditions. In the Liberty |
|             |        |      | library, there are attributes called |
|             |        |      | nom_voltage, nom_process and         |
|             |        |      | nom_temperature. Genus reports the   |
|             |        |      | message, if the respective values of |
|             |        |      | the 2 given .libs differ.            |
|             |        |      |This is a common source of delay      |
|             |        |      | calculation confusion and should be  |
|             |        |      | avoided.                             |
| LBR-101     |Warning |    3 |Unusable clock gating integrated cell |
|             |        |      | found at the time of loading         |
|             |        |      | libraries. This warning happens      |
|             |        |      | because a particular library cell is |
|             |        |      | defined as                           |
|             |        |      | 'clock_gating_integrated_cell', but  |
|             |        |      | 'dont_use' attribute is defined as   |
|             |        |      | true in the liberty library. To make |
|             |        |      | Genus use this cell for clock gating |
|             |        |      | insertion, 'dont_use' attribute      |
|             |        |      | should be set to false.              |
|             |        |      |To make the cell usable, change the   |
|             |        |      | value of 'dont_use' attribute to     |
|             |        |      | false.                               |
| LBR-162     |Info    |   26 |Both 'pos_unate' and 'neg_unate'      |
|             |        |      | timing_sense arcs have been          |
|             |        |      | processed.                           |
|             |        |      |Setting the 'timing_sense' to         |
|             |        |      | non_unate.                           |
| LBR-412     |Info    |    3 |Created nominal operating condition.  |
|             |        |      |The nominal operating condition is    |
|             |        |      | represented, either by the nominal   |
|             |        |      | PVT values specified in the library  |
|             |        |      | source                               |
|             |        |      | (via nom_process,nom_voltage and nom |
|             |        |      | _temperature respectively)           |
|             |        |      | , or by the default PVT values       |
|             |        |      | (1.0,1.0,1.0).                       |
| LBR-785     |Info    |  218 |Stored shadowed libcells.             |
|             |        |      |Before deleting duplicate libcells,   |
|             |        |      | their names are stored.              |
| PHYS-12     |Warning |    2 |The variant range of wire parameters  |
|             |        |      | is too large. An example of wire     |
|             |        |      | parameters are, a WIDTH for layer,   |
|             |        |      | PITCH for layer, MINSPACING for      |
|             |        |      | layers, etc.                         |
|             |        |      |Check the consistency of the          |
|             |        |      | parameters, and see if you can       |
|             |        |      | ignore this message or you're using  |
|             |        |      | different LEF file with wrong        |
|             |        |      | parameters.                          |
| PHYS-279    |Warning |    8 |Physical cell not defined in library. |
|             |        |      |Ensure that the proper library files  |
|             |        |      | are available and have been          |
|             |        |      | imported.                            |
| PHYS-752    |Info    |    1 |Partition Based Synthesis execution   |
|             |        |      | skipped.                             |
| RTLOPT-30   |Info    |    3 |Accepted resource sharing             |
|             |        |      | opportunity.                         |
| SDC-202     |Error   |    2 |Could not interpret SDC command.      |
|             |        |      |The 'read_sdc' command encountered a  |
|             |        |      | problem while trying to evaluate an  |
|             |        |      | SDC command. This SDC command will   |
|             |        |      | be added to the Tcl variable         |
|             |        |      | $::dc::sdc_failed_commands.          |
| SDC-208     |Warning |    2 |Could not find requested search       |
|             |        |      | value.                               |
|             |        |      |Use get_* commands to find the        |
|             |        |      | objects along with a wild card entry |
|             |        |      | in the name of the object to check   |
|             |        |      | if the object is existing with       |
|             |        |      | different naming style.              |
| SDC-209     |Warning |    1 |One or more commands failed when      |
|             |        |      | these constraints were applied.      |
|             |        |      |You can examine the failed commands   |
|             |        |      | or save them to a file by querying   |
|             |        |      | the Tcl variable                     |
|             |        |      | $::dc::sdc_failed_commands.          |
| SYNTH-1     |Info    |    1 |Synthesizing.                         |
| TIM-1000    |Info    |    1 |Multimode clock gating check is       |
|             |        |      | disabled.                            |
| TUI-32      |Warning |    1 |This attribute will be obsolete in a  |
|             |        |      | next major release.                  |
| TUI-61      |Error   |    1 |A required object parameter could not |
|             |        |      | be found.                            |
|             |        |      |Check to make sure that the object    |
|             |        |      | exists and is of the correct type.   |
|             |        |      | The 'what_is' command can be used to |
|             |        |      | determine the type of an object.     |
| VLOGPT-37   |Warning |    1 |Ignoring unsynthesizable construct.   |
|             |        |      |For example, the following constructs |
|             |        |      | will be ignored:
    - initial       |
|             |        |      | block
    - final block
    -        |
|             |        |      | program block
    - property block
  |
|             |        |      | - sequence block
    - covergroup
   |
|             |        |      | - checker block
    - gate drive     |
|             |        |      | strength
    - system task enable
   |
|             |        |      | - reg declaration with initial       |
|             |        |      | value
    - specify block.           |
----------------------------------------------------------------------
Current PLE settings:

Aspect ratio        : 1.000
Shrink factor       : 1.000
Scale of res/length : 1.000
Scale of cap/length : 1.000
Net derating factor : 1.000
Thermal factor      : 1.000
Via Resistance      : 3.955 ohm (from lef_library)
Site size           : 4.600 um (from lef [tech+cell])

                                   Capacitance  
  Layer                             / Length         Data source:
Name        Direction Utilization  (pF/micron)       lef_library
------------------------------------------------
met1            H         0.00        0.000085  
met2            V         1.00        0.000078  
met3            H         1.00        0.000086  
met4            V         1.00        0.000076  
met5            H         1.00        0.000088  

                                    Resistance   
  Layer                              / Length         Data source:
Name        Direction Utilization  (ohm/micron)       lef_library
-------------------------------------------------
met1            H         0.00         0.892857  
met2            V         1.00         0.892857  
met3            H         1.00         0.156667  
met4            V         1.00         0.156667  
met5            H         1.00         0.018125  

                                        Area     
  Layer                               / Length        Data source:
Name        Direction Utilization     (micron)        lef_library
-------------------------------------------------
met1            H         0.00         0.140000  
met2            V         1.00         0.140000  
met3            H         1.00         0.300000  
met4            V         1.00         0.300000  
met5            H         1.00         1.600000  

Mapper: Libraries have:
	domain _default_: 88 combo usable cells and 18 sequential usable cells
      Mapping 'RISC_V3'...
        Preparing the circuit
          Pruning unused logic
Multi-threaded constant propagation [1|0] ...
Info    : Replacing a flip-flop with a logic constant 0. [GLO-12]
        : The instance is 'PC1_DM_ADDR_reg[0]'.
        : To prevent this optimization, set the 'optimize_constant_0_flops' root attribute to 'false' or 'optimize_constant_0_seq' instance attribute to 'false'. You can also see the complete list of deleted sequential with command "report sequential -deleted" (on Reason "constant0").
Info    : Replacing a flip-flop with a logic constant 0. [GLO-12]
        : The instance is 'PC1_DM_ADDR_reg[1]'.
Info    : Replacing a flip-flop with a logic constant 0. [GLO-12]
        : The instance is 'PC1_DM_ADDR_reg[2]'.
Info    : Replacing a flip-flop with a logic constant 0. [GLO-12]
        : The instance is 'PC1_DM_ADDR_reg[3]'.
Info    : Replacing a flip-flop with a logic constant 0. [GLO-12]
        : The instance is 'PC1_IR_reg[0]'.
Info    : Replacing a flip-flop with a logic constant 0. [GLO-12]
        : The instance is 'PC1_IR_reg[1]'.
Info    : Replacing a flip-flop with a logic constant 0. [GLO-12]
        : The instance is 'PC1_IR_reg[2]'.
Info    : Replacing a flip-flop with a logic constant 0. [GLO-12]
        : The instance is 'PC1_IR_reg[3]'.
Info    : Replacing a flip-flop with a logic constant 0. [GLO-12]
        : The instance is 'PC1_IR_reg[4]'.
Info    : Replacing a flip-flop with a logic constant 0. [GLO-12]
        : The instance is 'PC1_IR_reg[5]'.
Info    : Replacing a flip-flop with a logic constant 0. [GLO-12]
        : The instance is 'PC1_IR_reg[6]'.
Info    : Replacing a flip-flop with a logic constant 0. [GLO-12]
        : The instance is 'PC1_IR_reg[7]'.
Info    : Replacing a flip-flop with a logic constant 0. [GLO-12]
        : The instance is 'PC1_IR_reg[8]'.
Info    : Replacing a flip-flop with a logic constant 0. [GLO-12]
        : The instance is 'PC1_IR_reg[9]'.
Info    : Replacing a flip-flop with a logic constant 0. [GLO-12]
        : The instance is 'PC1_IR_reg[10]'.
Info    : Replacing a flip-flop with a logic constant 0. [GLO-12]
        : The instance is 'PC1_IR_reg[11]'.
Info    : Replacing a flip-flop with a logic constant 0. [GLO-12]
        : The instance is 'PC1_IR_reg[12]'.
Info    : Replacing a flip-flop with a logic constant 0. [GLO-12]
        : The instance is 'PC1_IR_reg[13]'.
Info    : Replacing a flip-flop with a logic constant 0. [GLO-12]
        : The instance is 'PC1_IR_reg[14]'.
Info    : Replacing a flip-flop with a logic constant 0. [GLO-12]
        : The instance is 'PC1_IR_reg[15]'.
Warning : Maximum message print count reached. [MESG-11]
        : Maximum print count of '20' reached for message 'GLO-12'.
Info    : Replacing the synchronous part of an always feeding back flip-flop with a logic constant. [GLO-45]
        : The instance is 'DM_D_MEM_reg[0][31]'. The constant is '0'.
Info    : Replacing the synchronous part of an always feeding back flip-flop with a logic constant. [GLO-45]
        : The instance is 'DM_D_MEM_reg[0][30]'. The constant is '0'.
Info    : Replacing the synchronous part of an always feeding back flip-flop with a logic constant. [GLO-45]
        : The instance is 'DM_D_MEM_reg[0][29]'. The constant is '0'.
Info    : Replacing the synchronous part of an always feeding back flip-flop with a logic constant. [GLO-45]
        : The instance is 'DM_D_MEM_reg[0][28]'. The constant is '0'.
Info    : Replacing the synchronous part of an always feeding back flip-flop with a logic constant. [GLO-45]
        : The instance is 'DM_D_MEM_reg[0][27]'. The constant is '0'.
Info    : Replacing the synchronous part of an always feeding back flip-flop with a logic constant. [GLO-45]
        : The instance is 'DM_D_MEM_reg[0][26]'. The constant is '0'.
Info    : Replacing the synchronous part of an always feeding back flip-flop with a logic constant. [GLO-45]
        : The instance is 'DM_D_MEM_reg[0][25]'. The constant is '0'.
Info    : Replacing the synchronous part of an always feeding back flip-flop with a logic constant. [GLO-45]
        : The instance is 'DM_D_MEM_reg[0][24]'. The constant is '0'.
Info    : Replacing the synchronous part of an always feeding back flip-flop with a logic constant. [GLO-45]
        : The instance is 'DM_D_MEM_reg[0][23]'. The constant is '0'.
Info    : Replacing the synchronous part of an always feeding back flip-flop with a logic constant. [GLO-45]
        : The instance is 'DM_D_MEM_reg[0][22]'. The constant is '0'.
Info    : Replacing the synchronous part of an always feeding back flip-flop with a logic constant. [GLO-45]
        : The instance is 'DM_D_MEM_reg[0][21]'. The constant is '0'.
Info    : Replacing the synchronous part of an always feeding back flip-flop with a logic constant. [GLO-45]
        : The instance is 'DM_D_MEM_reg[0][20]'. The constant is '0'.
Info    : Replacing the synchronous part of an always feeding back flip-flop with a logic constant. [GLO-45]
        : The instance is 'DM_D_MEM_reg[0][19]'. The constant is '0'.
Info    : Replacing the synchronous part of an always feeding back flip-flop with a logic constant. [GLO-45]
        : The instance is 'DM_D_MEM_reg[0][18]'. The constant is '0'.
Info    : Replacing the synchronous part of an always feeding back flip-flop with a logic constant. [GLO-45]
        : The instance is 'DM_D_MEM_reg[0][17]'. The constant is '0'.
Info    : Replacing the synchronous part of an always feeding back flip-flop with a logic constant. [GLO-45]
        : The instance is 'DM_D_MEM_reg[0][16]'. The constant is '0'.
Info    : Replacing the synchronous part of an always feeding back flip-flop with a logic constant. [GLO-45]
        : The instance is 'DM_D_MEM_reg[0][15]'. The constant is '0'.
Info    : Replacing the synchronous part of an always feeding back flip-flop with a logic constant. [GLO-45]
        : The instance is 'DM_D_MEM_reg[0][14]'. The constant is '0'.
Info    : Replacing the synchronous part of an always feeding back flip-flop with a logic constant. [GLO-45]
        : The instance is 'DM_D_MEM_reg[0][13]'. The constant is '0'.
Info    : Replacing the synchronous part of an always feeding back flip-flop with a logic constant. [GLO-45]
        : The instance is 'DM_D_MEM_reg[0][12]'. The constant is '0'.
Warning : Message truncated because it exceeds the maximum length of 4096 characters. [MESG-6]
        : Info portion of message 'GLO-32' truncated to length 4096 from 24463
        : By default messages are limited to 4096 characters. All characters after the 4096 character limit are truncated. To remove this limit, set the message attribute 'truncate' to 'false'. However, this may dramatically increase the size of the log file.
Info    : Deleting sequential instances not driving any primary outputs. [GLO-32]
        : Deleting 1093 sequential instances. 
Following instances are deleted as they do not drive any primary output:
'DM_D_MEM_reg[0][0]', 'DM_D_MEM_reg[0][1]', 'DM_D_MEM_reg[0][2]', 
'DM_D_MEM_reg[0][3]', 'DM_D_MEM_reg[0][4]', 'DM_D_MEM_reg[0][5]', 
'DM_D_MEM_reg[0][6]', 'DM_D_MEM_reg[0][7]', 'DM_D_MEM_reg[0][8]', 
'DM_D_MEM_reg[0][9]', 'DM_D_MEM_reg[0][10]', 'DM_D_MEM_reg[0][11]', 
'DM_D_MEM_reg[0][12]', 'DM_D_MEM_reg[0][13]', 'DM_D_MEM_reg[0][14]', 
'DM_D_MEM_reg[0][15]', 'DM_D_MEM_reg[0][16]', 'DM_D_MEM_reg[0][17]', 
'DM_D_MEM_reg[0][18]', 'DM_D_MEM_reg[0][19]', 'DM_D_MEM_reg[0][20]', 
'DM_D_MEM_reg[0][21]', 'DM_D_MEM_reg[0][22]', 'DM_D_MEM_reg[0][23]', 
'DM_D_MEM_reg[0][24]', 'DM_D_MEM_reg[0][25]', 'DM_D_MEM_reg[0][26]', 
'DM_D_MEM_reg[0][27]', 'DM_D_MEM_reg[0][28]', 'DM_D_MEM_reg[0][29]', 
'DM_D_MEM_reg[0][30]', 'DM_D_MEM_reg[0][31]', 'DM_D_MEM_reg[1][0]', 
'DM_D_MEM_reg[1][1]', 'DM_D_MEM_reg[1][2]', 'DM_D_MEM_reg[1][3]', 
'DM_D_MEM_reg[1][4]', 'DM_D_MEM_reg[1][5]', 'DM_D_MEM_reg[1][6]', 
'DM_D_MEM_reg[1][7]', 'DM_D_MEM_reg[1][8]', 'DM_D_MEM_reg[1][9]', 
'DM_D_MEM_reg[1][10]', 'DM_D_MEM_reg[1][11]', 'DM_D_MEM_reg[1][12]', 
'DM_D_MEM_reg[1][13]', 'DM_D_MEM_reg[1][14]', 'DM_D_MEM_reg[1][15]', 
'DM_D_MEM_reg[1][16]', 'DM_D_MEM_reg[1][17]', 'DM_D_MEM_reg[1][18]', 
'DM_D_MEM_reg[1][19]', 'DM_D_MEM_reg[1][20]', 'DM_D_MEM_reg[1][21]', 
'DM_D_MEM_reg[1][22]', 'DM_D_MEM_reg[1][23]', 'DM_D_MEM_reg[1][24]', 
'DM_D_MEM_reg[1][25]', 'DM_D_MEM_reg[1][26]', 'DM_D_MEM_reg[1][27]', 
'DM_D_MEM_reg[1][28]', 'DM_D_MEM_reg[1][29]', 'DM_D_MEM_reg[1][30]', 
'DM_D_MEM_reg[1][31]', 'DM_D_MEM_reg[2][0]', 'DM_D_MEM_reg[2][1]', 
'DM_D_MEM_reg[2][2]', 'DM_D_MEM_reg[2][3]', 'DM_D_MEM_reg[2][4]', 
'DM_D_MEM_reg[2][5]', 'DM_D_MEM_reg[2][6]', 'DM_D_MEM_reg[2][7]', 
'DM_D_MEM_reg[2][8]', 'DM_D_MEM_reg[2][9]', 'DM_D_MEM_reg[2][10]', 
'DM_D_MEM_reg[2][11]', 'DM_D_MEM_reg[2][12]', 'DM_D_MEM_reg[2][13]', 
'DM_D_MEM_reg[2][14]', 'DM_D_MEM_reg[2][15]', 'DM_D_MEM_reg[2][16]', 
'DM_D_MEM_reg[2][17]', 'DM_D_MEM_reg[2][18]', 'DM_D_MEM_reg[2][19]', 
'DM_D_MEM_reg[2][20]', 'DM_D_MEM_reg[2][21]', 'DM_D_MEM_reg[2][22]', 
'DM_D_MEM_reg[2][23]', 'DM_D_MEM_reg[2][24]', 'DM_D_MEM_reg[2][25]', 
'DM_D_MEM_reg[2][26]', 'DM_D_MEM_reg[2][27]', 'DM_D_MEM_reg[2][28]', 
'DM_D_MEM_reg[2][29]', 'DM_D_MEM_reg[2][30]', 'DM_D_MEM_reg[2][31]', 
'DM_D_MEM_reg[3][0]', 'DM_D_MEM_reg[3][1]', 'DM_D_MEM_reg[3][2]', 
'DM_D_MEM_reg[3][3]', 'DM_D_MEM_reg[3][4]', 'DM_D_MEM_reg[3][5]', 
'DM_D_MEM_reg[3][6]', 'DM_D_MEM_reg[3][7]', 'DM_D_MEM_reg[3][8]', 
'DM_D_MEM_reg[3][9]', 'DM_D_MEM_reg[3][10]', 'DM_D_MEM_reg[3][11]', 
'DM_D_MEM_reg[3][12]', 'DM_D_MEM_reg[3][13]', 'DM_D_MEM_reg[3][14]', 
'DM_D_MEM_reg[3][15]', 'DM_D_MEM_reg[3][16]', 'DM_D_MEM_reg[3][17]', 
'DM_D_MEM_reg[3][18]', 'DM_D_MEM_reg[3][19]', 'DM_D_MEM_reg[3][20]', 
'DM_D_MEM_reg[3][21]', 'DM_D_MEM_reg[3][22]', 'DM_D_MEM_reg[3][23]', 
'DM_D_MEM_reg[3][24]', 'DM_D_MEM_reg[3][25]', 'DM_D_MEM_reg[3][26]', 
'DM_D_MEM_reg[3][27]', 'DM_D_MEM_reg[3][28]', 'DM_D_MEM_reg[3][29]', 
'DM_D_MEM_reg[3][30]', 'DM_D_MEM_reg[3][31]', 'DM_D_MEM_reg[4][0]', 
'DM_D_MEM_reg[4][1]', 'DM_D_MEM_reg[4][2]', 'DM_D_MEM_reg[4][3]', 
'DM_D_MEM_reg[4][4]', 'DM_D_MEM_reg[4][5]', 'DM_D_MEM_reg[4][6]', 
'DM_D_MEM_reg[4][7]', 'DM_D_MEM_reg[4][8]', 'DM_D_MEM_reg[4][9]', 
'DM_D_MEM_reg[4][10]', 'DM_D_MEM_reg[4][11]', 'DM_D_MEM_reg[4][12]', 
'DM_D_MEM_reg[4][13]', 'DM_D_MEM_reg[4][14]', 'DM_D_MEM_reg[4][15]', 
'DM_D_MEM_reg[4][16]', 'DM_D_MEM_reg[4][17]', 'DM_D_MEM_reg[4][18]', 
'DM_D_MEM_reg[4][19]', 'DM_D_MEM_reg[4][20]', 'DM_D_MEM_reg[4][21]', 
'DM_D_MEM_reg[4][22]', 'DM_D_MEM_reg[4][23]', 'DM_D_MEM_reg[4][24]', 
'DM_D_MEM_reg[4][25]', 'DM_D_MEM_reg[4][26]', 'DM_D_MEM_reg[4][27]', 
'DM_D_MEM_reg[4][28]', 'DM_D_MEM_reg[4][29]', 'DM_D_MEM_reg[4][30]', 
'DM_D_MEM_reg[4][31]', 'DM_D_MEM_reg[5][0]', 'DM_D_MEM_reg[5][1]', 
'DM_D_MEM_reg[5][2]', 'DM_D_MEM_reg[5][3]', 'DM_D_MEM_reg[5][4]', 
'DM_D_MEM_reg[5][5]', 'DM_D_MEM_reg[5][6]', 'DM_D_MEM_reg[5][7]', 
'DM_D_MEM_reg[5][8]', 'DM_D_MEM_reg[5][9]', 'DM_D_MEM_reg[5][10]', 
'DM_D_MEM_reg[5][11]', 'DM_D_MEM_reg[5][12]', 'DM_D_MEM
        : Optimizations such as constant propagation or redundancy removal could change the connections so an instance does not drive any primary outputs anymore. To see the list of deleted sequential, set the 'information_level' attribute to 2 or above. If the message is truncated set the message attribute 'truncate' to false to see the complete list.
          Analyzing hierarchical boundaries
          Aggressive hierarchical optimization: disabled
          Propagating constants
        Done preparing the circuit
          Structuring (delay-based) RISC_V3...
            Starting partial collapsing  RISC_V3
            Finished partial collapsing.
            Starting redundancy-removal...
            Finished redundancy-removal...
          Done structuring (delay-based) RISC_V3
Multi-threaded Virtual Mapping    (8 threads per ST process, 8 of 32 CPUs usable)
==================================
Stage : first_condense 
==================================
  =================
   Message Summary
  =================
----------------------------------------------------------------------
|   Id   |  Sev   |Count |               Message Text                |
----------------------------------------------------------------------
| GB-6   |Info    |    2 |A datapath component has been ungrouped.   |
| GLO-12 |Info    |  133 |Replacing a flip-flop with a logic         |
|        |        |      | constant 0.                               |
|        |        |      |To prevent this optimization, set the      |
|        |        |      | 'optimize_constant_0_flops' root          |
|        |        |      | attribute to 'false' or                   |
|        |        |      | 'optimize_constant_0_seq' instance        |
|        |        |      | attribute to 'false'. You can also see    |
|        |        |      | the complete list of deleted sequential   |
|        |        |      | with command 'report sequential -deleted' |
|        |        |      | (on Reason 'constant0').                  |
| GLO-32 |Info    |    1 |Deleting sequential instances not driving  |
|        |        |      | any primary outputs.                      |
|        |        |      |Optimizations such as constant propagation |
|        |        |      | or redundancy removal could change the    |
|        |        |      | connections so an instance does not drive |
|        |        |      | any primary outputs anymore. To see the   |
|        |        |      | list of deleted sequential, set the       |
|        |        |      | 'information_level' attribute to 2 or     |
|        |        |      | above. If the message is truncated set    |
|        |        |      | the message attribute 'truncate' to false |
|        |        |      | to see the complete list.                 |
| GLO-45 |Info    |   64 |Replacing the synchronous part of an       |
|        |        |      | always feeding back flip-flop with a      |
|        |        |      | logic constant.                           |
|        |        |      |To prevent this optimization, set          |
|        |        |      | 'optimize_constant_feedback_seqs' root    |
|        |        |      | attribute to 'false'. The instance        |
|        |        |      | attribute                                 |
|        |        |      | 'optimize_constant_feedback_seq' controls |
|        |        |      | this optimization.                        |
| MESG-6 |Warning |    1 |Message truncated because it exceeds the   |
|        |        |      | maximum length of 4096 characters.        |
|        |        |      |By default messages are limited to 4096    |
|        |        |      | characters. All characters after the 4096 |
|        |        |      | character limit are truncated. To remove  |
|        |        |      | this limit, set the message attribute     |
|        |        |      | 'truncate' to 'false'. However, this may  |
|        |        |      | dramatically increase the size of the log |
|        |        |      | file.                                     |
----------------------------------------------------------------------
 
Global mapping target info
==========================
Cost Group 'C2O' target slack:   146 ps
Target path end-point (Port: RISC_V3/PSTATE[1])

         Pin                    Type         Fanout Load Arrival   
                                                    (fF)   (ps)    
-------------------------------------------------------------------
(clock CLK)            <<<  launch                             0 R 
PC1_PSTATE_reg[1]/clk                                              
PC1_PSTATE_reg[1]/q    (u)  unmapped_d_flop       5 27.4           
PSTATE[1]              <<<  interconnect                           
                            out port                               
(top.sdc_line_7_106_1)      ext delay                              
- - - - - - - - - - - - - - - - - - - - - - - - - - - - - - - - - -
(clock CLK)                 capture                         5000 R 
-------------------------------------------------------------------
Cost Group   : 'C2O' (path_group 'C2O')
Start-point  : PC1_PSTATE_reg[1]/clk
End-point    : PSTATE[1]

(u) : Net has unmapped pin(s).

The global mapper estimates a slack for this path of 3431ps.
 
Cost Group 'C2C' target slack:   145 ps
Target path end-point (Pin: PC1_PC_reg[3]/d)

      Pin                   Type          Fanout Load Arrival   
                                                 (fF)   (ps)    
----------------------------------------------------------------
(clock CLK)       <<<  launch                               0 R 
PC1_PC_reg[1]/clk                                               
PC1_PC_reg[1]/q   (u)  unmapped_d_flop         4 20.7           
g21992/in_1                                                     
g21992/z          (u)  unmapped_nand2          3 19.2           
g22069/in_1                                                     
g22069/z          (u)  unmapped_nand2          1  6.3           
g22062/in_1                                                     
g22062/z          (u)  unmapped_complex2       2 12.8           
g22055/in_0                                                     
g22055/z          (u)  unmapped_complex2       1  6.4           
g22054/in_0                                                     
g22054/z          (u)  unmapped_nand2          1  6.3           
g22052/in_1                                                     
g22052/z          (u)  unmapped_nand2          1  6.4           
g22080/data1                                                    
g22080/z          (u)  unmapped_bmux3          1  6.4           
PC1_PC_reg[3]/d   <<<  unmapped_d_flop                          
PC1_PC_reg[3]/clk      setup                                    
- - - - - - - - - - - - - - - - - - - - - - - - - - - - - - - - 
(clock CLK)            capture                           5000 R 
----------------------------------------------------------------
Cost Group   : 'C2C' (path_group 'C2C')
Start-point  : PC1_PC_reg[1]/clk
End-point    : PC1_PC_reg[3]/d

(u) : Net has unmapped pin(s).

The global mapper estimates a slack for this path of 2649ps.
 
Cost Group 'I2C' target slack:   145 ps
Target path end-point (Pin: PC1_PC_reg[3]/d)

      Pin                  Type         Fanout Load Arrival   
                                               (fF)   (ps)    
--------------------------------------------------------------
(clock CLK)       <<<  launch                             0 R 
(top.sdc_line_6)       ext delay                              
RST               (u)  in port               3 18.9           
g1/in_0                                                       
g1/z              (u)  unmapped_not          4 44.8           
g22081/sel0                                                   
g22081/z          (u)  unmapped_bmux3        1  6.4           
PC1_PC_reg[3]/d   <<<  unmapped_d_flop                        
PC1_PC_reg[3]/clk      setup                                  
- - - - - - - - - - - - - - - - - - - - - - - - - - - - - - - 
(clock CLK)            capture                         5000 R 
--------------------------------------------------------------
Cost Group   : 'I2C' (path_group 'I2C')
Start-point  : RST
End-point    : PC1_PC_reg[3]/d

(u) : Net has unmapped pin(s).

The global mapper estimates a slack for this path of 4622ps.
 
          Performing post-condense optimization ...


State Retention Synthesis Status
================================

Category                        Flops   Percentage
--------------------------------------------------
Total instances                     6        100.0
Excluded from State Retention       6        100.0
    - Will not convert              6        100.0
      - Preserved                   0          0.0
      - Power intent excluded       6        100.0
    - Could not convert             0          0.0
      - Scan type                   0          0.0
      - No suitable cell            0          0.0
State Retention instances           0          0.0
--------------------------------------------------

PBS_Generic_Opt-Post - Elapsed_Time 94, CPU_Time 94.45787800000001
stamp 'PBS_Generic_Opt-Post' being created for table 'pbs_debug'

  Total Time (Wall) |  Stage Time (Wall)  |   % (Wall)   |    Date - Time     |  Memory   | Stage
--------------------+---------------------+--------------+--------------------+-----------+----------------------
 00:00:23(00:00:13) |  00:00:00(00:00:00) |   0.0(  0.0) |   19:17:54 (Jun15) |  292.8 MB | PBS_Generic-Start
--------------------+---------------------+--------------+--------------------+-----------+----------------------
 00:01:58(00:01:47) |  00:01:34(00:01:34) | 100.0(100.0) |   19:19:28 (Jun15) |  703.0 MB | PBS_Generic_Opt-Post
--------------------+---------------------+--------------+--------------------+-----------+----------------------
Number of threads: 8 * 1   (id: pbs_debug, time_info v1.57)
Info: (*N*) indicates data that was populated from previously saved time_info database
Info: CPU time includes time of parent + longest thread
        Computing net loads.
PBS_Generic-Postgen HBO Optimizations - Elapsed_Time 0, CPU_Time 0.0
stamp 'PBS_Generic-Postgen HBO Optimizations' being created for table 'pbs_debug'

  Total Time (Wall) |  Stage Time (Wall)  |   % (Wall)   |    Date - Time     |  Memory   | Stage
--------------------+---------------------+--------------+--------------------+-----------+----------------------
 00:00:23(00:00:13) |  00:00:00(00:00:00) |   0.0(  0.0) |   19:17:54 (Jun15) |  292.8 MB | PBS_Generic-Start
--------------------+---------------------+--------------+--------------------+-----------+----------------------
 00:01:58(00:01:47) |  00:01:34(00:01:34) | 100.0(100.0) |   19:19:28 (Jun15) |  703.0 MB | PBS_Generic_Opt-Post
--------------------+---------------------+--------------+--------------------+-----------+----------------------
 00:01:58(00:01:47) |  00:00:00(00:00:00) |   0.0(  0.0) |   19:19:28 (Jun15) |  703.0 MB | PBS_Generic-Postgen HBO Optimizations
--------------------+---------------------+--------------+--------------------+-----------+----------------------
Number of threads: 8 * 1   (id: pbs_debug, time_info v1.57)
Info: (*N*) indicates data that was populated from previously saved time_info database
Info: CPU time includes time of parent + longest thread
##>=================== Cadence Confidential (Generic-Logical) ===================
##>=================== Cadence Confidential (Generic-Logical) ===================
##>Main Thread Summary:
##>----------------------------------------------------------------------------------------
##>STEP                           Elapsed       WNS       TNS     Insts      Area    Memory
##>----------------------------------------------------------------------------------------
##>G:Initial                            1         -         -      4609    119387       292
##>G:Setup                              0         -         -         -         -         -
##>G:Launch ST                          0         -         -         -         -         -
##>G:Design Partition                   0         -         -         -         -         -
##>G:Create Partition Netlists          0         -         -         -         -         -
##>G:Init Power                         0         -         -         -         -         -
##>G:Budgeting                          0         -         -         -         -         -
##>G:Derenv-DB                          0         -         -         -         -         -
##>G:Debug Outputs                      0         -         -         -         -         -
##>G:ST loading                         0         -         -         -         -         -
##>G:Distributed                        0         -         -         -         -         -
##>G:Timer                              0         -         -         -         -         -
##>G:Assembly                           0         -         -         -         -         -
##>G:DFT                                0         -         -         -         -         -
##>G:Const Prop                         0         -         -        33       561       703
##>G:Misc                              93
##>----------------------------------------------------------------------------------------
##>Total Elapsed                       94
##>========================================================================================
Info    : Done synthesizing. [SYNTH-2]
        : Done synthesizing 'RISC_V3' to generic gates.
        Computing net loads.
      flow.cputime  flow.realtime  timing.setup.tns  timing.setup.wns  snapshot
UM:*                                                                   syn_gen
@file(run_synth.tcl) 165: puts "Runtime & Memory after 'syn_generic'"
Runtime & Memory after 'syn_generic'
@file(run_synth.tcl) 166: time_info GENERIC
stamp 'GENERIC' being created for table 'default'

  Total Time (Wall) |  Stage Time (Wall)  |   % (Wall)   |    Date - Time     |  Memory   | Stage
--------------------+---------------------+--------------+--------------------+-----------+----------------------
 00:00:09(00:00:00) |  00:00:00(00:00:00) |   0.0(  0.0) |   19:17:41 (Jun15) |  147.1 MB | init
--------------------+---------------------+--------------+--------------------+-----------+----------------------
 00:00:22(00:00:11) |  00:00:13(00:00:11) |  11.9( 10.3) |   19:17:52 (Jun15) |  292.8 MB | Elaboration
--------------------+---------------------+--------------+--------------------+-----------+----------------------
 00:01:58(00:01:47) |  00:01:36(00:01:36) |  88.1( 89.7) |   19:19:28 (Jun15) |  703.0 MB | GENERIC
--------------------+---------------------+--------------+--------------------+-----------+----------------------
Number of threads: 8 * 1   (id: default, time_info v1.57)
Info: (*N*) indicates data that was populated from previously saved time_info database
Info: CPU time includes time of parent + longest thread
@file(run_synth.tcl) 167: report_dp > $_REPORTS_PATH/generic/${DESIGN}_datapath.rpt
Beginning report datapath command
Warning : The filename, column and line number information will not be available in the report. [RPT_DP-100]
        : The attribute for getting HDL filename and line number is not set.
        : You must set the 'hdl_track_filename_row_col' attribute to 'true' (before elaborate) to enable filename, column, and line number tracking in the datapath report.
        Computing net loads.
@file(run_synth.tcl) 168: write_snapshot -outdir $_REPORTS_PATH -tag generic
%# Begin write_snapshot (06/15 19:19:28, mem=1630.30M)
%# Begin qos_stats (06/15 19:19:28, mem=1666.14M)
        Computing arrivals and requireds.
Info   : ACTP-0001 [ACTPInfo] Activity propagation started for stim#0 netlist
       : RISC_V3
Info   : ACTP-0009 [ACTPInfo] Activity Propagation Progress Report :   1%   2%   3%   4%   5%   6%   7%   8%   9%  10%  11%  12%  13%  15%  16%  17%  18%  19%  20%  21%  22%  23%  24%  25%  26%  27%  29%  30%  31%  32%  33%  34%  35%  36%  37%  38%  39%  40%  41%  43%  44%  45%  46%  47%  48%  49%  50%  51%  52%  53%  54%  55%  56%  58%  59%  60%  61%  62%  63%  64%  65%  66%  67%  68%  69%  70%  72%  73%  74%  75%  76%  77%  78%  79%  80%  81%  82%  83%  84%  86%  87%  88%  89%  90%  91%  92%  93%  94%  95%  96%  97%  98% 100%
Info   : ACTP-0001 Activity propagation ended for stim#0
Info   : PWRA-0001 [PwrInfo] compute_power effective options 
       : -mode : vectorless
       : -skip_propagation : 1
       : -frequency_scaling_factor : 1.0
       : -use_clock_freq : stim
       : -stim :/stim#0
       : -fromGenus : 1
Info   : ACTP-0001 Timing initialization started
Info   : ACTP-0001 Timing initialization ended
Info   : PWRA-0002 [PwrInfo] Skipping activity propagation due to -skip_ap
       : option....
Warning: PWRA-0302 [PwrWarn] Frequency scaling is not applicable for vectorless
       : flow. Ignoring frequency scaling.
Warning: PWRA-0304 [PwrWarn] -stim option is not applicable with vectorless mode
       : of power analysis, ignored this option.
Info   : PWRA-0002 Started 'vectorless' power computation.
Info   : PWRA-0002 Finished power computation.
Info   : PWRA-0007 [PwrInfo] Completed successfully.
       : Info=6, Warn=2, Error=0, Fatal=0
%# End qos_stats (06/15 19:19:29, total cpu=14:00:01, real=14:00:01, peak res=703.00M, current mem=1701.98M)


Working Directory = /home/B2_Abid/UDIF/aiub_vlsi_impl_demo/projects/Project_3A/synth_false
QoS Summary for RISC_V3
================================================================================
Metric                          generic        
================================================================================
Slack (ps):                     3,245
  R2R (ps):                     3,245
  I2R (ps):                     4,426
  R2O (ps):                     4,193
  I2O (ps):                  no_value
  CG  (ps):                  no_value
TNS (ps):                           0
  R2R (ps):                         0
  I2R (ps):                         0
  R2O (ps):                         0
  I2O (ps):                  no_value
  CG  (ps):                  no_value
Failing Paths:                      0
Leakage Power (nW):                57
Cell Area:                        640
Total Cell Area:                  640
Leaf Instances:                    33
Total Instances:                   33
Utilization (%):                 0.00
Tot. Net Length (um):        no_value
Avg. Net Length (um):        no_value
Route Overflow H (%):        no_value
Route Overflow V (%):        no_value
MBCI(%) (bits/gate) :            0.00
Norm Cong Hotspot Area:
  Max Cong:                  no_value
  Tot Cong:                  no_value
================================================================================
CPU  Runtime (h:m:s):        00:01:51
Real Runtime (h:m:s):        00:01:47
CPU  Elapsed (h:m:s):        00:02:01
Real Elapsed (h:m:s):        00:01:51
Memory (MB):                  1701.98
================================================================================
================================================================================
Flow Settings:
================================================================================
Total Runtime (h:m:s): 00:01:48
Total Memory (MB):     1701.98
Executable Version:    21.18-s082_1
================================================================================
Total Cell Area =  Cell Area + Physical Cell Area
Total Instances =  Leaf Instances + Physical Instances




Warning : The details given in report might be incorrect or incomplete. [RPT-80]
        : The design design:RISC_V3 should be mapped to get accurate area details.
        : Map the design using syn_map before using the '-detail' option of the 'report_area' command.
Info    : Joules engine is used. [RPT-16]
        : Joules engine is being used for the command report_gates -power.
Warning : Did not find power models when running power analysis on a generic netlist. [PA-17]
        : Design design:RISC_V3 has no power models available.
        : The power analysis results on a generic netlist are more accurate when detailed power models are used. Use command 'build_rtl_power_models' to build detailed power models.
Warning : Violating paths are less than num_paths/max_paths. [CHKTIM-19]
        : Only 16 violating paths found
        : The timing query has number of violating paths less than requested num_paths/max_paths.
Library based partitioning cannot be done as either there is a single library or there are no cells to partition.
Info    : Leakage power optimization was enabled, but single Vth class seems to be used as leakage properties of the given libraries look too similar. [POPT-507]
        : Leakage power effort is set but library domain '_default_' seems to have too few Vth classes.
        : The tool tries to classify the given libraries into different Vth classes. If the leakage properties of the given libraries are too similar then the tool considers all libraries to be of the same Vth class.
Finished exporting design database to file 'reports_Jun15-19:17:49/generic_RISC_V3.db' for 'RISC_V3' (command execution time mm:ss cpu = 00:00, real = 00:01).
Finished generating snapshot at stage generic (command execution time mm:ss cpu = 00:01, real = 00:02).
%# End write_snapshot (06/15 19:19:30, total cpu=14:00:01, real=14:00:02, peak res=703.00M, current mem=1701.98M)
@file(run_synth.tcl) 169: report_summary -directory $_REPORTS_PATH


Working Directory = /home/B2_Abid/UDIF/aiub_vlsi_impl_demo/projects/Project_3A/synth_false
QoS Summary for RISC_V3
================================================================================
Metric                          generic        
================================================================================
Slack (ps):                     3,245
  R2R (ps):                     3,245
  I2R (ps):                     4,426
  R2O (ps):                     4,193
  I2O (ps):                  no_value
  CG  (ps):                  no_value
TNS (ps):                           0
  R2R (ps):                         0
  I2R (ps):                         0
  R2O (ps):                         0
  I2O (ps):                  no_value
  CG  (ps):                  no_value
Failing Paths:                      0
Leakage Power (nW):                57
Cell Area:                        640
Total Cell Area:                  640
Leaf Instances:                    33
Total Instances:                   33
Utilization (%):                 0.00
Tot. Net Length (um):        no_value
Avg. Net Length (um):        no_value
Route Overflow H (%):        no_value
Route Overflow V (%):        no_value
MBCI(%) (bits/gate) :            0.00
Norm Cong Hotspot Area:
  Max Cong:                  no_value
  Tot Cong:                  no_value
================================================================================
CPU  Runtime (h:m:s):        00:01:51
Real Runtime (h:m:s):        00:01:47
CPU  Elapsed (h:m:s):        00:02:01
Real Elapsed (h:m:s):        00:01:51
Memory (MB):                  1701.98
================================================================================
================================================================================
Flow Settings:
================================================================================
Total Runtime (h:m:s): 00:01:49
Total Memory (MB):     1701.98
Executable Version:    21.18-s082_1
================================================================================
Total Cell Area =  Cell Area + Physical Cell Area
Total Instances =  Leaf Instances + Physical Instances




@file(run_synth.tcl) 183: set_db / .syn_map_effort $MAP_OPT_EFF
  Setting attribute of root '/': 'syn_map_effort' = high
@file(run_synth.tcl) 184: syn_map
##Generic Timing Info for library domain: _default_ typical gate delay: 184.5 ps std_slew: 22.7 ps std_load: 6.4 fF
Current PLE settings:

Aspect ratio        : 1.000
Shrink factor       : 1.000
Scale of res/length : 1.000
Scale of cap/length : 1.000
Net derating factor : 1.000
Thermal factor      : 1.000
Via Resistance      : 3.955 ohm (from lef_library)
Site size           : 4.600 um (from lef [tech+cell])

                                   Capacitance  
  Layer                             / Length         Data source:
Name        Direction Utilization  (pF/micron)       lef_library
------------------------------------------------
met1            H         0.00        0.000085  
met2            V         1.00        0.000078  
met3            H         1.00        0.000086  
met4            V         1.00        0.000076  
met5            H         1.00        0.000088  

                                    Resistance   
  Layer                              / Length         Data source:
Name        Direction Utilization  (ohm/micron)       lef_library
-------------------------------------------------
met1            H         0.00         0.892857  
met2            V         1.00         0.892857  
met3            H         1.00         0.156667  
met4            V         1.00         0.156667  
met5            H         1.00         0.018125  

                                        Area     
  Layer                               / Length        Data source:
Name        Direction Utilization     (micron)        lef_library
-------------------------------------------------
met1            H         0.00         0.140000  
met2            V         1.00         0.140000  
met3            H         1.00         0.300000  
met4            V         1.00         0.300000  
met5            H         1.00         1.600000  

Info    : Mapping. [SYNTH-4]
        : Mapping 'RISC_V3' using 'high' effort.
Mapper: Libraries have:
	domain _default_: 88 combo usable cells and 18 sequential usable cells
Configuring mapper costing (none)
TNS Restructuring config: no_value at stage: map applied.
PBS_TechMap-Start - Elapsed_Time 0, CPU_Time 0.0
stamp 'PBS_TechMap-Start' being created for table 'pbs_debug'

  Total Time (Wall) |  Stage Time (Wall)  |   % (Wall)   |    Date - Time     |  Memory   | Stage
--------------------+---------------------+--------------+--------------------+-----------+----------------------
 00:00:23(00:00:13) |  00:00:00(00:00:00) |   0.0(  0.0) |   19:17:54 (Jun15) |  292.8 MB | PBS_Generic-Start
--------------------+---------------------+--------------+--------------------+-----------+----------------------
 00:01:58(00:01:47) |  00:01:34(00:01:34) |  99.0( 97.9) |   19:19:28 (Jun15) |  703.0 MB | PBS_Generic_Opt-Post
--------------------+---------------------+--------------+--------------------+-----------+----------------------
 00:01:58(00:01:47) |  00:00:00(00:00:00) |   0.0(  0.0) |   19:19:28 (Jun15) |  703.0 MB | PBS_Generic-Postgen HBO Optimizations
--------------------+---------------------+--------------+--------------------+-----------+----------------------
 00:01:59(00:01:49) |  00:00:00(00:00:02) |   1.0(  2.1) |   19:19:30 (Jun15) |  703.0 MB | PBS_TechMap-Start
--------------------+---------------------+--------------+--------------------+-----------+----------------------
Number of threads: 8 * 1   (id: pbs_debug, time_info v1.57)
Info: (*N*) indicates data that was populated from previously saved time_info database
Info: CPU time includes time of parent + longest thread
        Computing net loads.
PBS_TechMap-Premap HBO Optimizations - Elapsed_Time 0, CPU_Time 0.0
stamp 'PBS_TechMap-Premap HBO Optimizations' being created for table 'pbs_debug'

  Total Time (Wall) |  Stage Time (Wall)  |   % (Wall)   |    Date - Time     |  Memory   | Stage
--------------------+---------------------+--------------+--------------------+-----------+----------------------
 00:00:23(00:00:13) |  00:00:00(00:00:00) |   0.0(  0.0) |   19:17:54 (Jun15) |  292.8 MB | PBS_Generic-Start
--------------------+---------------------+--------------+--------------------+-----------+----------------------
 00:01:58(00:01:47) |  00:01:34(00:01:34) |  99.0( 97.9) |   19:19:28 (Jun15) |  703.0 MB | PBS_Generic_Opt-Post
--------------------+---------------------+--------------+--------------------+-----------+----------------------
 00:01:58(00:01:47) |  00:00:00(00:00:00) |   0.0(  0.0) |   19:19:28 (Jun15) |  703.0 MB | PBS_Generic-Postgen HBO Optimizations
--------------------+---------------------+--------------+--------------------+-----------+----------------------
 00:01:59(00:01:49) |  00:00:00(00:00:02) |   1.0(  2.1) |   19:19:30 (Jun15) |  703.0 MB | PBS_TechMap-Start
--------------------+---------------------+--------------+--------------------+-----------+----------------------
 00:01:59(00:01:49) |  00:00:00(00:00:00) |   0.0(  0.0) |   19:19:30 (Jun15) |  703.0 MB | PBS_TechMap-Premap HBO Optimizations
--------------------+---------------------+--------------+--------------------+-----------+----------------------
Number of threads: 8 * 1   (id: pbs_debug, time_info v1.57)
Info: (*N*) indicates data that was populated from previously saved time_info database
Info: CPU time includes time of parent + longest thread
Info    : Partition Based Synthesis execution skipped. [PHYS-752]
        : Design size is less than the partition size '100000' for distributed mapping optimization to kick in.
Current PLE settings:

Aspect ratio        : 1.000
Shrink factor       : 1.000
Scale of res/length : 1.000
Scale of cap/length : 1.000
Net derating factor : 1.000
Thermal factor      : 1.000
Via Resistance      : 3.955 ohm (from lef_library)
Site size           : 4.600 um (from lef [tech+cell])

                                   Capacitance  
  Layer                             / Length         Data source:
Name        Direction Utilization  (pF/micron)       lef_library
------------------------------------------------
met1            H         0.00        0.000085  
met2            V         1.00        0.000078  
met3            H         1.00        0.000086  
met4            V         1.00        0.000076  
met5            H         1.00        0.000088  

                                    Resistance   
  Layer                              / Length         Data source:
Name        Direction Utilization  (ohm/micron)       lef_library
-------------------------------------------------
met1            H         0.00         0.892857  
met2            V         1.00         0.892857  
met3            H         1.00         0.156667  
met4            V         1.00         0.156667  
met5            H         1.00         0.018125  

                                        Area     
  Layer                               / Length        Data source:
Name        Direction Utilization     (micron)        lef_library
-------------------------------------------------
met1            H         0.00         0.140000  
met2            V         1.00         0.140000  
met3            H         1.00         0.300000  
met4            V         1.00         0.300000  
met5            H         1.00         1.600000  

Mapper: Libraries have:
	domain _default_: 88 combo usable cells and 18 sequential usable cells
      Mapping 'RISC_V3'...
        Preparing the circuit
          Pruning unused logic
          Analyzing hierarchical boundaries
          Aggressive hierarchical optimization: disabled
          Propagating constants
        Done preparing the circuit
          Structuring (delay-based) RISC_V3...
            Starting redundancy-removal...
            Finished redundancy-removal...
          Done structuring (delay-based) RISC_V3
Multi-threaded Virtual Mapping    (8 threads, 8 of 32 CPUs usable)
 
Global mapping target info
==========================
Cost Group 'C2O' target slack:   146 ps
Target path end-point (Port: RISC_V3/PSTATE[1])

         Pin                    Type         Fanout Load Arrival   
                                                    (fF)   (ps)    
-------------------------------------------------------------------
(clock CLK)            <<<  launch                             0 R 
PC1_PSTATE_reg[1]/clk                                              
PC1_PSTATE_reg[1]/q    (u)  unmapped_d_flop       5 27.4           
PSTATE[1]              <<<  interconnect                           
                            out port                               
(top.sdc_line_7_106_1)      ext delay                              
- - - - - - - - - - - - - - - - - - - - - - - - - - - - - - - - - -
(clock CLK)                 capture                         5000 R 
-------------------------------------------------------------------
Cost Group   : 'C2O' (path_group 'C2O')
Start-point  : PC1_PSTATE_reg[1]/clk
End-point    : PSTATE[1]

(u) : Net has unmapped pin(s).

The global mapper estimates a slack for this path of 3378ps.
 
Cost Group 'I2C' target slack:   145 ps
Target path end-point (Pin: PC1_PC_reg[3]/d)

      Pin                  Type         Fanout Load Arrival   
                                               (fF)   (ps)    
--------------------------------------------------------------
(clock CLK)       <<<  launch                             0 R 
(top.sdc_line_6)       ext delay                              
RST               (u)  in port               3 18.9           
g1/in_0                                                       
g1/z              (u)  unmapped_not          4 44.8           
g22167/sel0                                                   
g22167/z          (u)  unmapped_bmux3        1  6.4           
PC1_PC_reg[3]/d   <<<  unmapped_d_flop                        
PC1_PC_reg[3]/clk      setup                                  
- - - - - - - - - - - - - - - - - - - - - - - - - - - - - - - 
(clock CLK)            capture                         5000 R 
--------------------------------------------------------------
Cost Group   : 'I2C' (path_group 'I2C')
Start-point  : RST
End-point    : PC1_PC_reg[3]/d

(u) : Net has unmapped pin(s).

The global mapper estimates a slack for this path of 4621ps.
 
Cost Group 'C2C' target slack:   145 ps
Target path end-point (Pin: PC1_PC_reg[3]/d)

      Pin                   Type          Fanout Load Arrival   
                                                 (fF)   (ps)    
----------------------------------------------------------------
(clock CLK)       <<<  launch                               0 R 
PC1_PC_reg[1]/clk                                               
PC1_PC_reg[1]/q   (u)  unmapped_d_flop         4 20.7           
g21992/in_1                                                     
g21992/z          (u)  unmapped_nand2          3 19.2           
g22156/in_1                                                     
g22156/z          (u)  unmapped_nand2          1  6.3           
g22149/in_1                                                     
g22149/z          (u)  unmapped_complex2       2 12.8           
g22142/in_0                                                     
g22142/z          (u)  unmapped_complex2       1  6.4           
g22141/in_0                                                     
g22141/z          (u)  unmapped_nand2          1  6.3           
g22139/in_1                                                     
g22139/z          (u)  unmapped_nand2          1  6.4           
g22168/data1                                                    
g22168/z          (u)  unmapped_bmux3          1  6.4           
PC1_PC_reg[3]/d   <<<  unmapped_d_flop                          
PC1_PC_reg[3]/clk      setup                                    
- - - - - - - - - - - - - - - - - - - - - - - - - - - - - - - - 
(clock CLK)            capture                           5000 R 
----------------------------------------------------------------
Cost Group   : 'C2C' (path_group 'C2C')
Start-point  : PC1_PC_reg[1]/clk
End-point    : PC1_PC_reg[3]/d

(u) : Net has unmapped pin(s).

The global mapper estimates a slack for this path of 2590ps.
 
          Restructuring (delay-based) RISC_V3...
          Done restructuring (delay-based) RISC_V3
        Optimizing component RISC_V3...
Multi-threaded Virtual Mapping    (8 threads, 8 of 32 CPUs usable)
Multi-threaded Technology Mapping (8 threads, 8 of 32 CPUs usable)
 
Global mapping timing result
============================
        Computing net loads.
        Tracing clock networks.
        Levelizing the circuit.
        Computing delays.
        Computing arrivals and requireds.
      Pin              Type      Fanout Load Slew Delay Arrival   
                                        (fF) (ps)  (ps)   (ps)    
------------------------------------------------------------------
(clock CLK)           launch                                  0 R 
(top.sdc_line_6)      ext delay                      +0       0 R 
RST                   in port         6 26.3    0    +0       0 R 
PC1_PC_reg[3]/SE <<<  SDFFX1                         +0       0   
PC1_PC_reg[3]/CK      setup                     0  +382     382 R 
- - - - - - - - - - - - - - - - - - - - - - - - - - - - - - - - - 
(clock CLK)           capture                              5000 R 
------------------------------------------------------------------
Cost Group   : 'I2C' (path_group 'I2C')
Timing slack :    4618ps 
Start-point  : RST
End-point    : PC1_PC_reg[3]/SE

        Pin                   Type       Fanout Load Slew Delay Arrival   
                                                (fF) (ps)  (ps)   (ps)    
--------------------------------------------------------------------------
(clock CLK)                launch                                     0 R 
PC1_PC_reg[0]/CK                                        0    +0       0 R 
PC1_PC_reg[0]/Q            SDFFX1             6 21.0  148  +552     552 F 
PC[0]                 <<<  interconnect               148    +0     552 F 
                           out port                          +0     552 F 
(top.sdc_line_7_35_1)      ext delay                         +0     552 F 
- - - - - - - - - - - - - - - - - - - - - - - - - - - - - - - - - - - - - 
(clock CLK)                capture                                 5000 R 
--------------------------------------------------------------------------
Cost Group   : 'C2O' (path_group 'C2O')
Timing slack :    4448ps 
Start-point  : PC1_PC_reg[0]/CK
End-point    : PC[0]

      Pin              Type     Fanout Load Slew Delay Arrival   
                                       (fF) (ps)  (ps)   (ps)    
-----------------------------------------------------------------
(clock CLK)           launch                                 0 R 
PC1_PC_reg[0]/CK                               0    +0       0 R 
PC1_PC_reg[0]/Q       SDFFX1         6 21.1  236  +534     534 R 
g22277/B                                            +0     534   
g22277/Y              NAND2X1        3 11.3  164  +225     759 F 
g22268/A0                                           +0     759   
g22268/Y              AOI21X1        2  9.1  261  +292    1051 R 
g22264/B0                                           +0    1051   
g22264/Y              OAI21X1        1  4.8  124  +200    1251 F 
g22260/A1                                           +0    1251   
g22260/Y              AOI21X1        1  4.8  168  +188    1439 R 
g22259/A                                            +0    1439   
g22259/Y              CLKINVX1       1  3.7   57   +95    1534 F 
PC1_PC_reg[3]/D  <<<  SDFFX1                        +0    1534   
PC1_PC_reg[3]/CK      setup                    0  +386    1920 R 
- - - - - - - - - - - - - - - - - - - - - - - - - - - - - - - - -
(clock CLK)           capture                             5000 R 
-----------------------------------------------------------------
Cost Group   : 'C2C' (path_group 'C2C')
Timing slack :    3080ps 
Start-point  : PC1_PC_reg[0]/CK
End-point    : PC1_PC_reg[3]/D

 
 
Global mapping status
=====================
                                   Group   
                                  Tot Wrst 
                           Total  Weighted 
Operation                   Area   Slacks  
 global_map                 1011        0 

    Cost Group            Target    Slack    Diff.  Constr.
-----------------------------------------------------------
           C2C               145     3080              5000 
           C2O               146     4448              5000 
           I2C               145     4618              5000 

 
Global incremental target info
==============================
Cost Group 'C2O' target slack:    99 ps
Target path end-point (Port: RISC_V3/PC[3])

        Pin                   Type       Fanout Load Arrival   
                                                (fF)   (ps)    
---------------------------------------------------------------
(clock CLK)           <<<  launch                          0 R 
PC1_PC_reg[3]/CK                                               
PC1_PC_reg[3]/Q            SDFFX1             4 12.2           
PC[3]                 <<<  interconnect                        
                           out port                            
(top.sdc_line_7_32_1)      ext delay                           
- - - - - - - - - - - - - - - - - - - - - - - - - - - - - - - -
(clock CLK)                capture                      5000 R 
---------------------------------------------------------------
Cost Group   : 'C2O' (path_group 'C2O')
Start-point  : PC1_PC_reg[3]/CK
End-point    : PC[3]

The global mapper estimates a slack for this path of 3404ps.
 
Cost Group 'I2C' target slack:    92 ps
Target path end-point (Pin: PC1_PC_reg[0]/SE (SDFFX1/SE))

      Pin              Type      Fanout Load Arrival   
                                        (fF)   (ps)    
-------------------------------------------------------
(clock CLK)      <<<  launch                       0 R 
(top.sdc_line_6)      ext delay                        
RST                   in port         6 26.3           
PC1_PC_reg[0]/SE <<<  SDFFX1                           
PC1_PC_reg[0]/CK      setup                            
- - - - - - - - - - - - - - - - - - - - - - - - - - - -
(clock CLK)           capture                   5000 R 
-------------------------------------------------------
Cost Group   : 'I2C' (path_group 'I2C')
Start-point  : RST
End-point    : PC1_PC_reg[0]/SE

The global mapper estimates a slack for this path of 4618ps.
 
Cost Group 'C2C' target slack:    92 ps
Target path end-point (Pin: PC1_PC_reg[3]/D (SDFFX1/D))

      Pin              Type     Fanout Load Arrival   
                                       (fF)   (ps)    
------------------------------------------------------
(clock CLK)      <<<  launch                      0 R 
PC1_PC_reg[0]/CK                                      
PC1_PC_reg[0]/Q       SDFFX1         6 21.1           
g22277/B                                              
g22277/Y              NAND2X1        3 11.3           
g22268/A0                                             
g22268/Y              AOI21X1        2  9.1           
g22264/B0                                             
g22264/Y              OAI21X1        1  4.8           
g22260/A1                                             
g22260/Y              AOI21X1        1  4.8           
g22259/A                                              
g22259/Y              CLKINVX1       1  3.7           
PC1_PC_reg[3]/D  <<<  SDFFX1                          
PC1_PC_reg[3]/CK      setup                           
- - - - - - - - - - - - - - - - - - - - - - - - - - - 
(clock CLK)           capture                  5000 R 
------------------------------------------------------
Cost Group   : 'C2C' (path_group 'C2C')
Start-point  : PC1_PC_reg[0]/CK
End-point    : PC1_PC_reg[3]/D

The global mapper estimates a slack for this path of 2156ps.
 
 
Global incremental timing result
================================
        Computing net loads.
        Tracing clock networks.
        Levelizing the circuit.
        Computing delays.
        Computing arrivals and requireds.
      Pin              Type      Fanout Load Slew Delay Arrival   
                                        (fF) (ps)  (ps)   (ps)    
------------------------------------------------------------------
(clock CLK)           launch                                  0 R 
(top.sdc_line_6)      ext delay                      +0       0 R 
RST                   in port         6 26.3    0    +0       0 R 
PC1_PC_reg[3]/SE <<<  SDFFX1                         +0       0   
PC1_PC_reg[3]/CK      setup                     0  +382     382 R 
- - - - - - - - - - - - - - - - - - - - - - - - - - - - - - - - - 
(clock CLK)           capture                              5000 R 
------------------------------------------------------------------
Cost Group   : 'I2C' (path_group 'I2C')
Timing slack :    4618ps 
Start-point  : RST
End-point    : PC1_PC_reg[3]/SE

        Pin                   Type       Fanout Load Slew Delay Arrival   
                                                (fF) (ps)  (ps)   (ps)    
--------------------------------------------------------------------------
(clock CLK)                launch                                     0 R 
PC1_PC_reg[0]/CK                                        0    +0       0 R 
PC1_PC_reg[0]/Q            SDFFX1             6 21.0  148  +552     552 F 
PC[0]                 <<<  interconnect               148    +0     552 F 
                           out port                          +0     552 F 
(top.sdc_line_7_35_1)      ext delay                         +0     552 F 
- - - - - - - - - - - - - - - - - - - - - - - - - - - - - - - - - - - - - 
(clock CLK)                capture                                 5000 R 
--------------------------------------------------------------------------
Cost Group   : 'C2O' (path_group 'C2O')
Timing slack :    4448ps 
Start-point  : PC1_PC_reg[0]/CK
End-point    : PC[0]

        Pin                Type     Fanout Load Slew Delay Arrival   
                                           (fF) (ps)  (ps)   (ps)    
---------------------------------------------------------------------
(clock CLK)               launch                                 0 R 
PC1_PSTATE_reg[0]/CK                               0    +0       0 R 
PC1_PSTATE_reg[0]/Q       DFFX1          4 13.5  162  +462     462 R 
g22278/A                                                +0     462   
g22278/Y                  CLKINVX1       2  8.9   81  +129     591 F 
g22276/B                                                +0     591   
g22276/Y                  NOR2X1         4 15.6  366  +304     894 R 
g22275/A                                                +0     894   
g22275/Y                  CLKINVX1       3 11.5  139  +213    1107 F 
g22267/D                                                +0    1107   
g22267/Y                  NOR4X1         1  4.9  367  +282    1388 R 
g22260/B0                                               +0    1388   
g22260/Y                  AOI21X1        1  4.8  114  +158    1547 F 
g22259/A                                                +0    1547   
g22259/Y                  CLKINVX1       1  3.7   71   +94    1641 R 
PC1_PC_reg[3]/D      <<<  SDFFX1                        +0    1641   
PC1_PC_reg[3]/CK          setup                    0  +350    1991 R 
- - - - - - - - - - - - - - - - - - - - - - - - - - - - - - - - - - -
(clock CLK)               capture                             5000 R 
---------------------------------------------------------------------
Cost Group   : 'C2C' (path_group 'C2C')
Timing slack :    3009ps 
Start-point  : PC1_PSTATE_reg[0]/CK
End-point    : PC1_PC_reg[3]/D

 
==================================
Stage : global_incr_map 
==================================
  =================
   Message Summary
  =================
----------------------------------------------------------------------
|     Id     |  Sev   |Count |             Message Text              |
----------------------------------------------------------------------
| PHYS-752   |Info    |    1 |Partition Based Synthesis execution    |
|            |        |      | skipped.                              |
| RPT_DP-100 |Warning |    1 |The filename, column and line number   |
|            |        |      | information will not be available in  |
|            |        |      | the report.                           |
|            |        |      |You must set the                       |
|            |        |      | 'hdl_track_filename_row_col'          |
|            |        |      | attribute to 'true'                   |
|            |        |      | (before elaborate)                    |
|            |        |      | to enable filename, column, and line  |
|            |        |      | number tracking in the datapath       |
|            |        |      | report.                               |
| SYNTH-2    |Info    |    1 |Done synthesizing.                     |
| SYNTH-4    |Info    |    1 |Mapping.                               |
----------------------------------------------------------------------
 
Global incremental optimization status
======================================
                                   Group   
                                  Tot Wrst 
                           Total  Weighted 
Operation                   Area   Slacks  
 global_incr                1007        0 

    Cost Group            Target    Slack    Diff.  Constr.
-----------------------------------------------------------
           C2C                92     3009              5000 
           C2O                99     4448              5000 
           I2C                92     4618              5000 


Scan mapping status report
==========================
    Scan mapping: converting flip-flops that pass TDRC.
    Scan mapping: bypassed.  You have to either 1) set attribute 'dft_scan_map_mode' to 'tdrc_pass' and run 'check_dft_rules' or 2) set attribute 'dft_scan_map_mode' to 'force_all'.

    Scan mapping bypassed because no TDRC data is available: either command 'check_dft_rules' has not been run or TDRC data has been subsequently invalidated.
          Performing post-mapping optimization ...


State Retention Synthesis Status
================================

Category                        Flops   Percentage
--------------------------------------------------
Total instances                     6        100.0
Excluded from State Retention       6        100.0
    - Will not convert              6        100.0
      - Preserved                   0          0.0
      - Power intent excluded       6        100.0
    - Could not convert             0          0.0
      - Scan type                   0          0.0
      - No suitable cell            0          0.0
State Retention instances           0          0.0
--------------------------------------------------

INFO: skipping constant propagation
PBS_Techmap-Global Mapping - Elapsed_Time 2, CPU_Time 1.7235920000000107
stamp 'PBS_Techmap-Global Mapping' being created for table 'pbs_debug'

  Total Time (Wall) |  Stage Time (Wall)  |   % (Wall)   |    Date - Time     |  Memory   | Stage
--------------------+---------------------+--------------+--------------------+-----------+----------------------
 00:00:23(00:00:13) |  00:00:00(00:00:00) |   0.0(  0.0) |   19:17:54 (Jun15) |  292.8 MB | PBS_Generic-Start
--------------------+---------------------+--------------+--------------------+-----------+----------------------
 00:01:58(00:01:47) |  00:01:34(00:01:34) |  97.2( 95.9) |   19:19:28 (Jun15) |  703.0 MB | PBS_Generic_Opt-Post
--------------------+---------------------+--------------+--------------------+-----------+----------------------
 00:01:58(00:01:47) |  00:00:00(00:00:00) |   0.0(  0.0) |   19:19:28 (Jun15) |  703.0 MB | PBS_Generic-Postgen HBO Optimizations
--------------------+---------------------+--------------+--------------------+-----------+----------------------
 00:01:59(00:01:49) |  00:00:00(00:00:02) |   1.0(  2.0) |   19:19:30 (Jun15) |  703.0 MB | PBS_TechMap-Start
--------------------+---------------------+--------------+--------------------+-----------+----------------------
 00:01:59(00:01:49) |  00:00:00(00:00:00) |   0.0(  0.0) |   19:19:30 (Jun15) |  703.0 MB | PBS_TechMap-Premap HBO Optimizations
--------------------+---------------------+--------------+--------------------+-----------+----------------------
 00:02:00(00:01:51) |  00:00:01(00:00:02) |   1.8(  2.0) |   19:19:32 (Jun15) |  684.2 MB | PBS_Techmap-Global Mapping
--------------------+---------------------+--------------+--------------------+-----------+----------------------
Number of threads: 8 * 1   (id: pbs_debug, time_info v1.57)
Info: (*N*) indicates data that was populated from previously saved time_info database
Info: CPU time includes time of parent + longest thread
Info    : Wrote formal verification information. [CFM-5]
        : Wrote 'fv/RISC_V3/fv_map.fv.json' for netlist 'fv/RISC_V3/fv_map.v.gz'.
Info    : Wrote dofile. [CFM-1]
        : Dofile is 'fv/RISC_V3/rtl_to_fv_map.do'.
        : Alias mapping flow is enabled.
        Computing net loads.
PBS_TechMap-Datapath Postmap Operations - Elapsed_Time 3, CPU_Time 2.0
stamp 'PBS_TechMap-Datapath Postmap Operations' being created for table 'pbs_debug'

  Total Time (Wall) |  Stage Time (Wall)  |   % (Wall)   |    Date - Time     |  Memory   | Stage
--------------------+---------------------+--------------+--------------------+-----------+----------------------
 00:00:23(00:00:13) |  00:00:00(00:00:00) |   0.0(  0.0) |   19:17:54 (Jun15) |  292.8 MB | PBS_Generic-Start
--------------------+---------------------+--------------+--------------------+-----------+----------------------
 00:01:58(00:01:47) |  00:01:34(00:01:34) |  95.2( 93.1) |   19:19:28 (Jun15) |  703.0 MB | PBS_Generic_Opt-Post
--------------------+---------------------+--------------+--------------------+-----------+----------------------
 00:01:58(00:01:47) |  00:00:00(00:00:00) |   0.0(  0.0) |   19:19:28 (Jun15) |  703.0 MB | PBS_Generic-Postgen HBO Optimizations
--------------------+---------------------+--------------+--------------------+-----------+----------------------
 00:01:59(00:01:49) |  00:00:00(00:00:02) |   1.0(  2.0) |   19:19:30 (Jun15) |  703.0 MB | PBS_TechMap-Start
--------------------+---------------------+--------------+--------------------+-----------+----------------------
 00:01:59(00:01:49) |  00:00:00(00:00:00) |   0.0(  0.0) |   19:19:30 (Jun15) |  703.0 MB | PBS_TechMap-Premap HBO Optimizations
--------------------+---------------------+--------------+--------------------+-----------+----------------------
 00:02:00(00:01:51) |  00:00:01(00:00:02) |   1.7(  2.0) |   19:19:32 (Jun15) |  684.2 MB | PBS_Techmap-Global Mapping
--------------------+---------------------+--------------+--------------------+-----------+----------------------
 00:02:02(00:01:54) |  00:00:02(00:00:03) |   2.0(  3.0) |   19:19:35 (Jun15) |  684.2 MB | PBS_TechMap-Datapath Postmap Operations
--------------------+---------------------+--------------+--------------------+-----------+----------------------
Number of threads: 8 * 1   (id: pbs_debug, time_info v1.57)
Info: (*N*) indicates data that was populated from previously saved time_info database
Info: CPU time includes time of parent + longest thread
PBS_TechMap-Postmap HBO Optimizations - Elapsed_Time 0, CPU_Time -0.0003270000000128448
stamp 'PBS_TechMap-Postmap HBO Optimizations' being created for table 'pbs_debug'

  Total Time (Wall) |  Stage Time (Wall)  |   % (Wall)   |    Date - Time     |  Memory   | Stage
--------------------+---------------------+--------------+--------------------+-----------+----------------------
 00:00:23(00:00:13) |  00:00:00(00:00:00) |   0.0(  0.0) |   19:17:54 (Jun15) |  292.8 MB | PBS_Generic-Start
--------------------+---------------------+--------------+--------------------+-----------+----------------------
 00:01:58(00:01:47) |  00:01:34(00:01:34) |  95.2( 93.1) |   19:19:28 (Jun15) |  703.0 MB | PBS_Generic_Opt-Post
--------------------+---------------------+--------------+--------------------+-----------+----------------------
 00:01:58(00:01:47) |  00:00:00(00:00:00) |   0.0(  0.0) |   19:19:28 (Jun15) |  703.0 MB | PBS_Generic-Postgen HBO Optimizations
--------------------+---------------------+--------------+--------------------+-----------+----------------------
 00:01:59(00:01:49) |  00:00:00(00:00:02) |   1.0(  2.0) |   19:19:30 (Jun15) |  703.0 MB | PBS_TechMap-Start
--------------------+---------------------+--------------+--------------------+-----------+----------------------
 00:01:59(00:01:49) |  00:00:00(00:00:00) |   0.0(  0.0) |   19:19:30 (Jun15) |  703.0 MB | PBS_TechMap-Premap HBO Optimizations
--------------------+---------------------+--------------+--------------------+-----------+----------------------
 00:02:00(00:01:51) |  00:00:01(00:00:02) |   1.7(  2.0) |   19:19:32 (Jun15) |  684.2 MB | PBS_Techmap-Global Mapping
--------------------+---------------------+--------------+--------------------+-----------+----------------------
 00:02:02(00:01:54) |  00:00:02(00:00:03) |   2.0(  3.0) |   19:19:35 (Jun15) |  684.2 MB | PBS_TechMap-Datapath Postmap Operations
--------------------+---------------------+--------------+--------------------+-----------+----------------------
 00:02:02(00:01:54) |  00:00:00(00:00:00) |  -0.0(  0.0) |   19:19:35 (Jun15) |  684.2 MB | PBS_TechMap-Postmap HBO Optimizations
--------------------+---------------------+--------------+--------------------+-----------+----------------------
Number of threads: 8 * 1   (id: pbs_debug, time_info v1.57)
Info: (*N*) indicates data that was populated from previously saved time_info database
Info: CPU time includes time of parent + longest thread
 Doing ConstProp on design:RISC_V3 ... 

Time taken by ConstProp Step: 00:00:00
PBS_TechMap-Postmap Clock Gating - Elapsed_Time 0, CPU_Time 0.0
stamp 'PBS_TechMap-Postmap Clock Gating' being created for table 'pbs_debug'

  Total Time (Wall) |  Stage Time (Wall)  |   % (Wall)   |    Date - Time     |  Memory   | Stage
--------------------+---------------------+--------------+--------------------+-----------+----------------------
 00:00:23(00:00:13) |  00:00:00(00:00:00) |   0.0(  0.0) |   19:17:54 (Jun15) |  292.8 MB | PBS_Generic-Start
--------------------+---------------------+--------------+--------------------+-----------+----------------------
 00:01:58(00:01:47) |  00:01:34(00:01:34) |  95.2( 93.1) |   19:19:28 (Jun15) |  703.0 MB | PBS_Generic_Opt-Post
--------------------+---------------------+--------------+--------------------+-----------+----------------------
 00:01:58(00:01:47) |  00:00:00(00:00:00) |   0.0(  0.0) |   19:19:28 (Jun15) |  703.0 MB | PBS_Generic-Postgen HBO Optimizations
--------------------+---------------------+--------------+--------------------+-----------+----------------------
 00:01:59(00:01:49) |  00:00:00(00:00:02) |   1.0(  2.0) |   19:19:30 (Jun15) |  703.0 MB | PBS_TechMap-Start
--------------------+---------------------+--------------+--------------------+-----------+----------------------
 00:01:59(00:01:49) |  00:00:00(00:00:00) |   0.0(  0.0) |   19:19:30 (Jun15) |  703.0 MB | PBS_TechMap-Premap HBO Optimizations
--------------------+---------------------+--------------+--------------------+-----------+----------------------
 00:02:00(00:01:51) |  00:00:01(00:00:02) |   1.7(  2.0) |   19:19:32 (Jun15) |  684.2 MB | PBS_Techmap-Global Mapping
--------------------+---------------------+--------------+--------------------+-----------+----------------------
 00:02:02(00:01:54) |  00:00:02(00:00:03) |   2.0(  3.0) |   19:19:35 (Jun15) |  684.2 MB | PBS_TechMap-Datapath Postmap Operations
--------------------+---------------------+--------------+--------------------+-----------+----------------------
 00:02:02(00:01:54) |  00:00:00(00:00:00) |  -0.0(  0.0) |   19:19:35 (Jun15) |  684.2 MB | PBS_TechMap-Postmap HBO Optimizations
--------------------+---------------------+--------------+--------------------+-----------+----------------------
 00:02:02(00:01:54) |  00:00:00(00:00:00) |   0.0(  0.0) |   19:19:35 (Jun15) |  684.2 MB | PBS_TechMap-Postmap Clock Gating
--------------------+---------------------+--------------+--------------------+-----------+----------------------
Number of threads: 8 * 1   (id: pbs_debug, time_info v1.57)
Info: (*N*) indicates data that was populated from previously saved time_info database
Info: CPU time includes time of parent + longest thread
-------------------------------------------------------------------------------
 hi_fo_buf                  1007        0         0         0        0

           Trick     Calls     Accepts   Attempts    Time(secs) 
-----------------------------------------------------------
       hi_fo_buf         0  (        0 /        0 )  0.00

 
Incremental optimization status
===============================
                                   Group   
                                  Tot Wrst     Total - - DRC Totals - -
                           Total  Weighted      Neg      Max       Max     Leakage 
Operation                   Area   Slacks      Slack    Trans      Cap      Power  
 init_delay                 1007        0         0         0        0         54 

           Trick     Calls     Accepts   Attempts    Time(secs) 
-----------------------------------------------------------
       crit_upsz         0  (        0 /        0 )  0.00
    plc_bal_star         0  (        0 /        0 )  0.00
     drc_buftimb         0  (        0 /        0 )  0.00
          plc_st         0  (        0 /        0 )  0.00
    plc_st_fence         0  (        0 /        0 )  0.00
        plc_star         0  (        0 /        0 )  0.00
      plc_laf_st         0  (        0 /        0 )  0.00
 plc_laf_st_fence         0  (        0 /        0 )  0.00
     drc_buftims         0  (        0 /        0 )  0.00
            fopt         0  (        0 /        0 )  0.00
   plc_laf_lo_st         0  (        0 /        0 )  0.00
       plc_lo_st         0  (        0 /        0 )  0.00
        mb_split         0  (        0 /        0 )  0.00

 
Local TNS optimization status
=============================
                                   Group   
                                  Tot Wrst     Total - - DRC Totals - -
                           Total  Weighted      Neg      Max       Max     Leakage 
Operation                   Area   Slacks      Slack    Trans      Cap      Power  
 init_tns                   1007        0         0         0        0         54 

           Trick     Calls     Accepts   Attempts    Time(secs) 
-----------------------------------------------------------
    plc_bal_star         0  (        0 /        0 )  0.00
     drc_buftimb         0  (        0 /        0 )  0.00
     drc_buftims         0  (        0 /        0 )  0.00
       crit_upsz         0  (        0 /        0 )  0.00
   plc_laf_lo_st         0  (        0 /        0 )  0.00
       plc_lo_st         0  (        0 /        0 )  0.00
            fopt         0  (        0 /        0 )  0.00
       crit_dnsz         0  (        0 /        0 )  0.00
             dup         0  (        0 /        0 )  0.00
        setup_dn         0  (        0 /        0 )  0.00
        mb_split         0  (        0 /        0 )  0.00

PBS_TechMap-Postmap Cleanup - Elapsed_Time 0, CPU_Time 1.0
stamp 'PBS_TechMap-Postmap Cleanup' being created for table 'pbs_debug'

  Total Time (Wall) |  Stage Time (Wall)  |   % (Wall)   |    Date - Time     |  Memory   | Stage
--------------------+---------------------+--------------+--------------------+-----------+----------------------
 00:00:23(00:00:13) |  00:00:00(00:00:00) |   0.0(  0.0) |   19:17:54 (Jun15) |  292.8 MB | PBS_Generic-Start
--------------------+---------------------+--------------+--------------------+-----------+----------------------
 00:01:58(00:01:47) |  00:01:34(00:01:34) |  94.3( 93.1) |   19:19:28 (Jun15) |  703.0 MB | PBS_Generic_Opt-Post
--------------------+---------------------+--------------+--------------------+-----------+----------------------
 00:01:58(00:01:47) |  00:00:00(00:00:00) |   0.0(  0.0) |   19:19:28 (Jun15) |  703.0 MB | PBS_Generic-Postgen HBO Optimizations
--------------------+---------------------+--------------+--------------------+-----------+----------------------
 00:01:59(00:01:49) |  00:00:00(00:00:02) |   1.0(  2.0) |   19:19:30 (Jun15) |  703.0 MB | PBS_TechMap-Start
--------------------+---------------------+--------------+--------------------+-----------+----------------------
 00:01:59(00:01:49) |  00:00:00(00:00:00) |   0.0(  0.0) |   19:19:30 (Jun15) |  703.0 MB | PBS_TechMap-Premap HBO Optimizations
--------------------+---------------------+--------------+--------------------+-----------+----------------------
 00:02:00(00:01:51) |  00:00:01(00:00:02) |   1.7(  2.0) |   19:19:32 (Jun15) |  684.2 MB | PBS_Techmap-Global Mapping
--------------------+---------------------+--------------+--------------------+-----------+----------------------
 00:02:02(00:01:54) |  00:00:02(00:00:03) |   2.0(  3.0) |   19:19:35 (Jun15) |  684.2 MB | PBS_TechMap-Datapath Postmap Operations
--------------------+---------------------+--------------+--------------------+-----------+----------------------
 00:02:02(00:01:54) |  00:00:00(00:00:00) |  -0.0(  0.0) |   19:19:35 (Jun15) |  684.2 MB | PBS_TechMap-Postmap HBO Optimizations
--------------------+---------------------+--------------+--------------------+-----------+----------------------
 00:02:02(00:01:54) |  00:00:00(00:00:00) |   0.0(  0.0) |   19:19:35 (Jun15) |  684.2 MB | PBS_TechMap-Postmap Clock Gating
--------------------+---------------------+--------------+--------------------+-----------+----------------------
 00:02:03(00:01:54) |  00:00:01(00:00:00) |   1.0(  0.0) |   19:19:35 (Jun15) |  684.2 MB | PBS_TechMap-Postmap Cleanup
--------------------+---------------------+--------------+--------------------+-----------+----------------------
Number of threads: 8 * 1   (id: pbs_debug, time_info v1.57)
Info: (*N*) indicates data that was populated from previously saved time_info database
Info: CPU time includes time of parent + longest thread
PBS_Techmap-Post_MBCI - Elapsed_Time 0, CPU_Time 0.0
stamp 'PBS_Techmap-Post_MBCI' being created for table 'pbs_debug'

  Total Time (Wall) |  Stage Time (Wall)  |   % (Wall)   |    Date - Time     |  Memory   | Stage
--------------------+---------------------+--------------+--------------------+-----------+----------------------
 00:00:23(00:00:13) |  00:00:00(00:00:00) |   0.0(  0.0) |   19:17:54 (Jun15) |  292.8 MB | PBS_Generic-Start
--------------------+---------------------+--------------+--------------------+-----------+----------------------
 00:01:58(00:01:47) |  00:01:34(00:01:34) |  94.3( 93.1) |   19:19:28 (Jun15) |  703.0 MB | PBS_Generic_Opt-Post
--------------------+---------------------+--------------+--------------------+-----------+----------------------
 00:01:58(00:01:47) |  00:00:00(00:00:00) |   0.0(  0.0) |   19:19:28 (Jun15) |  703.0 MB | PBS_Generic-Postgen HBO Optimizations
--------------------+---------------------+--------------+--------------------+-----------+----------------------
 00:01:59(00:01:49) |  00:00:00(00:00:02) |   1.0(  2.0) |   19:19:30 (Jun15) |  703.0 MB | PBS_TechMap-Start
--------------------+---------------------+--------------+--------------------+-----------+----------------------
 00:01:59(00:01:49) |  00:00:00(00:00:00) |   0.0(  0.0) |   19:19:30 (Jun15) |  703.0 MB | PBS_TechMap-Premap HBO Optimizations
--------------------+---------------------+--------------+--------------------+-----------+----------------------
 00:02:00(00:01:51) |  00:00:01(00:00:02) |   1.7(  2.0) |   19:19:32 (Jun15) |  684.2 MB | PBS_Techmap-Global Mapping
--------------------+---------------------+--------------+--------------------+-----------+----------------------
 00:02:02(00:01:54) |  00:00:02(00:00:03) |   2.0(  3.0) |   19:19:35 (Jun15) |  684.2 MB | PBS_TechMap-Datapath Postmap Operations
--------------------+---------------------+--------------+--------------------+-----------+----------------------
 00:02:02(00:01:54) |  00:00:00(00:00:00) |  -0.0(  0.0) |   19:19:35 (Jun15) |  684.2 MB | PBS_TechMap-Postmap HBO Optimizations
--------------------+---------------------+--------------+--------------------+-----------+----------------------
 00:02:02(00:01:54) |  00:00:00(00:00:00) |   0.0(  0.0) |   19:19:35 (Jun15) |  684.2 MB | PBS_TechMap-Postmap Clock Gating
--------------------+---------------------+--------------+--------------------+-----------+----------------------
 00:02:03(00:01:54) |  00:00:01(00:00:00) |   1.0(  0.0) |   19:19:35 (Jun15) |  684.2 MB | PBS_TechMap-Postmap Cleanup
--------------------+---------------------+--------------+--------------------+-----------+----------------------
 00:02:03(00:01:54) |  00:00:00(00:00:00) |   0.0(  0.0) |   19:19:35 (Jun15) |  684.2 MB | PBS_Techmap-Post_MBCI
--------------------+---------------------+--------------+--------------------+-----------+----------------------
Number of threads: 8 * 1   (id: pbs_debug, time_info v1.57)
Info: (*N*) indicates data that was populated from previously saved time_info database
Info: CPU time includes time of parent + longest thread
##>=================== Cadence Confidential (Mapping-Logical) ===================
##>Main Thread Summary:
##>----------------------------------------------------------------------------------------
##>STEP                           Elapsed       WNS       TNS     Insts      Area    Memory
##>----------------------------------------------------------------------------------------
##>M:Initial                            0         -         -        33       561       703
##>M:Pre Cleanup                        0         -         -        33       561       703
##>M:Setup                              0         -         -         -         -         -
##>M:Launch ST                          0         -         -         -         -         -
##>M:Design Partition                   0         -         -         -         -         -
##>M:Create Partition Netlists          0         -         -         -         -         -
##>M:Init Power                         0         -         -         -         -         -
##>M:Budgeting                          0         -         -         -         -         -
##>M:Derenv-DB                          0         -         -         -         -         -
##>M:Debug Outputs                      0         -         -         -         -         -
##>M:ST loading                         0         -         -         -         -         -
##>M:Distributed                        0         -         -         -         -         -
##>M:Timer                              0         -         -         -         -         -
##>M:Assembly                           0         -         -         -         -         -
##>M:DFT                                0         -         -         -         -         -
##>M:DP Operations                      3         -         -        26       413       684
##>M:Const Prop                         0      3009         0        26       413       684
##>M:Cleanup                            0      3009         0        26       413       684
##>M:MBCI                               0         -         -        26       413       684
##>M:Const Gate Removal                 0         -         -         -         -         -
##>M:Misc                               2
##>----------------------------------------------------------------------------------------
##>Total Elapsed                        5
##>========================================================================================
Info    : Done mapping. [SYNTH-5]
        : Done mapping 'RISC_V3'.
        Computing net loads.
      flow.cputime  flow.realtime  timing.setup.tns  timing.setup.wns  snapshot
UM:*                                                                   syn_map
@file(run_synth.tcl) 185: puts "Runtime & Memory after 'syn_map'"
Runtime & Memory after 'syn_map'
@file(run_synth.tcl) 186: time_info MAPPED
stamp 'MAPPED' being created for table 'default'

  Total Time (Wall) |  Stage Time (Wall)  |   % (Wall)   |    Date - Time     |  Memory   | Stage
--------------------+---------------------+--------------+--------------------+-----------+----------------------
 00:00:09(00:00:00) |  00:00:00(00:00:00) |   0.0(  0.0) |   19:17:41 (Jun15) |  147.1 MB | init
--------------------+---------------------+--------------+--------------------+-----------+----------------------
 00:00:22(00:00:11) |  00:00:13(00:00:11) |  11.3(  9.6) |   19:17:52 (Jun15) |  292.8 MB | Elaboration
--------------------+---------------------+--------------+--------------------+-----------+----------------------
 00:01:58(00:01:47) |  00:01:36(00:01:36) |  83.7( 84.2) |   19:19:28 (Jun15) |  703.0 MB | GENERIC
--------------------+---------------------+--------------+--------------------+-----------+----------------------
 00:02:03(00:01:54) |  00:00:05(00:00:07) |   5.0(  6.1) |   19:19:35 (Jun15) |  684.2 MB | MAPPED
--------------------+---------------------+--------------+--------------------+-----------+----------------------
Number of threads: 8 * 1   (id: default, time_info v1.57)
Info: (*N*) indicates data that was populated from previously saved time_info database
Info: CPU time includes time of parent + longest thread
@file(run_synth.tcl) 187: write_snapshot -outdir $_REPORTS_PATH -tag map
%# Begin write_snapshot (06/15 19:19:35, mem=1667.43M)
%# Begin qos_stats (06/15 19:19:35, mem=1667.43M)
        Computing arrivals and requireds.
Info   : ACTP-0001 Activity propagation started for stim#0 netlist RISC_V3
Info   : ACTP-0009 [ACTPInfo] Activity Propagation Progress Report :   1%   2%   4%   5%   6%   8%   9%  11%  12%  13%  15%  16%  18%  19%  20%  22%  23%  25%  26%  27%  29%  30%  31%  33%  34%  36%  37%  38%  40%  41%  43%  44%  45%  47%  48%  50%  51%  52%  54%  55%  56%  58%  59%  61%  62%  63%  65%  66%  68%  69%  70%  72%  73%  75%  76%  77%  79%  80%  81%  83%  84%  86%  87%  88%  90%  91%  93%  94%  95%  97%  98% 100%
Info   : ACTP-0001 Activity propagation ended for stim#0
Info   : PWRA-0001 compute_power effective options 
       : -mode : vectorless
       : -skip_propagation : 1
       : -frequency_scaling_factor : 1.0
       : -use_clock_freq : stim
       : -stim :/stim#0
       : -fromGenus : 1
Info   : ACTP-0001 Timing initialization started
Info   : ACTP-0001 Timing initialization ended
Info   : PWRA-0002 Skipping activity propagation due to -skip_ap option....
Warning: PWRA-0302 Frequency scaling is not applicable for vectorless flow.
       : Ignoring frequency scaling.
Warning: PWRA-0304 -stim option is not applicable with vectorless mode of power
       : analysis, ignored this option.
Info   : PWRA-0002 Started 'vectorless' power computation.
Info   : PWRA-0002 Finished power computation.
Info   : PWRA-0007 Completed successfully.
       : Info=6, Warn=2, Error=0, Fatal=0
%# End qos_stats (06/15 19:19:35, total cpu=14:00:00, real=14:00:00, peak res=703.00M, current mem=1667.43M)


Working Directory = /home/B2_Abid/UDIF/aiub_vlsi_impl_demo/projects/Project_3A/synth_false
QoS Summary for RISC_V3
================================================================================
Metric                          generic         map            
================================================================================
Slack (ps):                     3,245           3,009
  R2R (ps):                     3,245           3,009
  I2R (ps):                     4,426           4,618
  R2O (ps):                     4,193           4,448
  I2O (ps):                  no_value        no_value
  CG  (ps):                  no_value        no_value
TNS (ps):                           0               0
  R2R (ps):                         0               0
  I2R (ps):                         0               0
  R2O (ps):                         0               0
  I2O (ps):                  no_value        no_value
  CG  (ps):                  no_value        no_value
Failing Paths:                      0               0
Leakage Power (nW):                57              51
Cell Area:                        640             413
Total Cell Area:                  640             413
Leaf Instances:                    33              26
Total Instances:                   33              26
Utilization (%):                 0.00            0.00
Tot. Net Length (um):        no_value        no_value
Avg. Net Length (um):        no_value        no_value
Route Overflow H (%):        no_value        no_value
Route Overflow V (%):        no_value        no_value
MBCI(%) (bits/gate) :            0.00            0.00
Norm Cong Hotspot Area:
  Max Cong:                  no_value        no_value
  Tot Cong:                  no_value        no_value
================================================================================
CPU  Runtime (h:m:s):        00:01:51        00:00:06
Real Runtime (h:m:s):        00:01:47        00:00:07
CPU  Elapsed (h:m:s):        00:02:01        00:02:06
Real Elapsed (h:m:s):        00:01:51        00:01:57
Memory (MB):                  1701.98         1667.43
================================================================================
================================================================================
Flow Settings:
================================================================================
Total Runtime (h:m:s): 00:01:54
Total Memory (MB):     1675.43
Executable Version:    21.18-s082_1
================================================================================
Total Cell Area =  Cell Area + Physical Cell Area
Total Instances =  Leaf Instances + Physical Instances




Info    : Joules engine is used. [RPT-16]
        : Joules engine is being used for the command report_gates -power.
Warning : Violating paths are less than num_paths/max_paths. [CHKTIM-19]
        : Only 20 violating paths found
        : The timing query has number of violating paths less than requested num_paths/max_paths.
Library based partitioning cannot be done as either there is a single library or there are no cells to partition.
Info    : Leakage power optimization was enabled, but single Vth class seems to be used as leakage properties of the given libraries look too similar. [POPT-507]
        : Leakage power effort is set but library domain '_default_' seems to have too few Vth classes.
        : The tool tries to classify the given libraries into different Vth classes. If the leakage properties of the given libraries are too similar then the tool considers all libraries to be of the same Vth class.
Finished exporting design database to file 'reports_Jun15-19:17:49/map_RISC_V3.db' for 'RISC_V3' (command execution time mm:ss cpu = 00:00, real = 00:01).
Finished generating snapshot at stage map (command execution time mm:ss cpu = 00:00, real = 00:01).
%# End write_snapshot (06/15 19:19:36, total cpu=14:00:00, real=14:00:01, peak res=703.00M, current mem=1675.43M)
@file(run_synth.tcl) 188: report_summary -directory $_REPORTS_PATH


Working Directory = /home/B2_Abid/UDIF/aiub_vlsi_impl_demo/projects/Project_3A/synth_false
QoS Summary for RISC_V3
================================================================================
Metric                          generic         map            
================================================================================
Slack (ps):                     3,245           3,009
  R2R (ps):                     3,245           3,009
  I2R (ps):                     4,426           4,618
  R2O (ps):                     4,193           4,448
  I2O (ps):                  no_value        no_value
  CG  (ps):                  no_value        no_value
TNS (ps):                           0               0
  R2R (ps):                         0               0
  I2R (ps):                         0               0
  R2O (ps):                         0               0
  I2O (ps):                  no_value        no_value
  CG  (ps):                  no_value        no_value
Failing Paths:                      0               0
Leakage Power (nW):                57              51
Cell Area:                        640             413
Total Cell Area:                  640             413
Leaf Instances:                    33              26
Total Instances:                   33              26
Utilization (%):                 0.00            0.00
Tot. Net Length (um):        no_value        no_value
Avg. Net Length (um):        no_value        no_value
Route Overflow H (%):        no_value        no_value
Route Overflow V (%):        no_value        no_value
MBCI(%) (bits/gate) :            0.00            0.00
Norm Cong Hotspot Area:
  Max Cong:                  no_value        no_value
  Tot Cong:                  no_value        no_value
================================================================================
CPU  Runtime (h:m:s):        00:01:51        00:00:06
Real Runtime (h:m:s):        00:01:47        00:00:07
CPU  Elapsed (h:m:s):        00:02:01        00:02:06
Real Elapsed (h:m:s):        00:01:51        00:01:57
Memory (MB):                  1701.98         1667.43
================================================================================
================================================================================
Flow Settings:
================================================================================
Total Runtime (h:m:s): 00:01:55
Total Memory (MB):     1675.43
Executable Version:    21.18-s082_1
================================================================================
Total Cell Area =  Cell Area + Physical Cell Area
Total Instances =  Leaf Instances + Physical Instances




@file(run_synth.tcl) 189: report_dp > $_REPORTS_PATH/map/${DESIGN}_datapath.rpt
Beginning report datapath command
Warning : The filename, column and line number information will not be available in the report. [RPT_DP-100]
        : The attribute for getting HDL filename and line number is not set.
@file(run_synth.tcl) 192: foreach cg [vfind / -cost_group *] {
  report_timing -group [list $cg] > $_REPORTS_PATH/${DESIGN}_[vbasename $cg]_post_map.rpt
}
@file(run_synth.tcl) 197: write_do_lec -revised_design fv_map -logfile ${_LOG_PATH}/rtl2intermediate.lec.log > ${_OUTPUTS_PATH}/rtl2intermediate.lec.do
Info    : Wrote dofile. [CFM-1]
        : Dofile is 'outputs_Jun15-19:17:49/rtl2intermediate.lec.do'.
        : Alias mapping flow is enabled.
@file(run_synth.tcl) 209: set_db / .syn_opt_effort $MAP_OPT_EFF
  Setting attribute of root '/': 'syn_opt_effort' = high
@file(run_synth.tcl) 210: syn_opt
Library based partitioning cannot be done as either there is a single library or there are no cells to partition.
Info    : Leakage power optimization was enabled, but single Vth class seems to be used as leakage properties of the given libraries look too similar. [POPT-507]
        : Leakage power effort is set but library domain '_default_' seems to have too few Vth classes.
        : The tool tries to classify the given libraries into different Vth classes. If the leakage properties of the given libraries are too similar then the tool considers all libraries to be of the same Vth class.
Current PLE settings:

Aspect ratio        : 1.000
Shrink factor       : 1.000
Scale of res/length : 1.000
Scale of cap/length : 1.000
Net derating factor : 1.000
Thermal factor      : 1.000
Via Resistance      : 3.955 ohm (from lef_library)
Site size           : 4.600 um (from lef [tech+cell])

                                   Capacitance  
  Layer                             / Length         Data source:
Name        Direction Utilization  (pF/micron)       lef_library
------------------------------------------------
met1            H         0.00        0.000085  
met2            V         1.00        0.000078  
met3            H         1.00        0.000086  
met4            V         1.00        0.000076  
met5            H         1.00        0.000088  

                                    Resistance   
  Layer                              / Length         Data source:
Name        Direction Utilization  (ohm/micron)       lef_library
-------------------------------------------------
met1            H         0.00         0.892857  
met2            V         1.00         0.892857  
met3            H         1.00         0.156667  
met4            V         1.00         0.156667  
met5            H         1.00         0.018125  

                                        Area     
  Layer                               / Length        Data source:
Name        Direction Utilization     (micron)        lef_library
-------------------------------------------------
met1            H         0.00         0.140000  
met2            V         1.00         0.140000  
met3            H         1.00         0.300000  
met4            V         1.00         0.300000  
met5            H         1.00         1.600000  

Info    : Incrementally optimizing. [SYNTH-7]
        : Incrementally optimizing 'RISC_V3' using 'high' effort.
 
Incremental optimization status
===============================
                                   Group   
                                  Tot Wrst     Total - - DRC Totals - -
                           Total  Weighted      Neg      Max       Max     Leakage 
Operation                   Area   Slacks      Slack    Trans      Cap      Power  
 init_iopt                  1007        0         0         0        0         54 
-------------------------------------------------------------------------------
 const_prop                 1007        0         0         0        0         54 
-------------------------------------------------------------------------------
 hi_fo_buf                  1007        0         0         0        0         54 

           Trick     Calls     Accepts   Attempts    Time(secs) 
-----------------------------------------------------------
       hi_fo_buf         0  (        0 /        0 )  0.00

 
Incremental optimization status
===============================
                                   Group   
                                  Tot Wrst     Total - - DRC Totals - -
                           Total  Weighted      Neg      Max       Max     Leakage 
Operation                   Area   Slacks      Slack    Trans      Cap      Power  
 init_delay                 1007        0         0         0        0         54 

           Trick     Calls     Accepts   Attempts    Time(secs) 
-----------------------------------------------------------
        crit_msz         0  (        0 /        0 )  0.00
       crit_upsz         0  (        0 /        0 )  0.00
       crit_slew         0  (        0 /        0 )  0.00
        setup_dn         0  (        0 /        0 )  0.00
    plc_bal_star         0  (        0 /        0 )  0.00
     drc_buftimb         0  (        0 /        0 )  0.00
          plc_st         0  (        0 /        0 )  0.00
    plc_st_fence         0  (        0 /        0 )  0.00
        plc_star         0  (        0 /        0 )  0.00
      plc_laf_st         0  (        0 /        0 )  0.00
 plc_laf_st_fence         0  (        0 /        0 )  0.00
     drc_buftims         0  (        0 /        0 )  0.00
   plc_laf_lo_st         0  (        0 /        0 )  0.00
       plc_lo_st         0  (        0 /        0 )  0.00
            fopt         0  (        0 /        0 )  0.00
       crit_swap         0  (        0 /        0 )  0.00
       mux2_swap         0  (        0 /        0 )  0.00
       crit_dnsz         0  (        0 /        0 )  0.00
       load_swap         0  (        0 /        0 )  0.00
            fopt         0  (        0 /        0 )  0.00
        setup_dn         0  (        0 /        0 )  0.00
       load_isol         0  (        0 /        0 )  0.00
       load_isol         0  (        0 /        0 )  0.00
        move_for         0  (        0 /        0 )  0.00
        move_for         0  (        0 /        0 )  0.00
          rem_bi         0  (        0 /        0 )  0.00
         offload         0  (        0 /        0 )  0.00
          rem_bi         0  (        0 /        0 )  0.00
         offload         0  (        0 /        0 )  0.00
           phase         0  (        0 /        0 )  0.00
        in_phase         0  (        0 /        0 )  0.00
       merge_bit         0  (        0 /        0 )  0.00
     merge_idrvr         0  (        0 /        0 )  0.00
     merge_iload         0  (        0 /        0 )  0.00
    merge_idload         0  (        0 /        0 )  0.00
      merge_drvr         0  (        0 /        0 )  0.00
      merge_load         0  (        0 /        0 )  0.00
          decomp         0  (        0 /        0 )  0.00
        p_decomp         0  (        0 /        0 )  0.00
        levelize         0  (        0 /        0 )  0.00
        mb_split         0  (        0 /        0 )  0.00
             dup         0  (        0 /        0 )  0.00
      mux_retime         0  (        0 /        0 )  0.00
         buf2inv         0  (        0 /        0 )  0.00
             exp         0  (        0 /        0 )  0.00
       gate_deco         0  (        0 /        0 )  0.00
       gcomp_tim         0  (        0 /        0 )  0.00
  inv_pair_2_buf         0  (        0 /        0 )  0.00


           Trick     Calls     Accepts   Attempts    Time(secs) 
-----------------------------------------------------------
         crr_220         0  (        0 /        0 )  0.00
        crr_glob         0  (        0 /        0 )  0.00
         crr_200         0  (        0 /        0 )  0.00
        crr_glob         0  (        0 /        0 )  0.00
         crr_300         0  (        0 /        0 )  0.00
        crr_glob         0  (        0 /        0 )  0.00
         crr_400         0  (        0 /        0 )  0.00
        crr_glob         0  (        0 /        0 )  0.00
         crr_111         0  (        0 /        0 )  0.00
        crr_glob         0  (        0 /        0 )  0.00
         crr_210         0  (        0 /        0 )  0.00
        crr_glob         0  (        0 /        0 )  0.00
         crr_110         0  (        0 /        0 )  0.00
        crr_glob         0  (        0 /        0 )  0.00
         crr_101         0  (        0 /        0 )  0.00
        crr_glob         0  (        0 /        0 )  0.00
         crr_201         0  (        0 /        0 )  0.00
        crr_glob         0  (        0 /        0 )  0.00
         crr_211         0  (        0 /        0 )  0.00
        crr_glob         0  (        0 /        0 )  0.00
        crit_msz         0  (        0 /        0 )  0.00
       crit_upsz         0  (        0 /        0 )  0.00
       crit_slew         0  (        0 /        0 )  0.00
        setup_dn         0  (        0 /        0 )  0.00
    plc_bal_star         0  (        0 /        0 )  0.00
     drc_buftimb         0  (        0 /        0 )  0.00
          plc_st         0  (        0 /        0 )  0.00
    plc_st_fence         0  (        0 /        0 )  0.00
        plc_star         0  (        0 /        0 )  0.00
      plc_laf_st         0  (        0 /        0 )  0.00
 plc_laf_st_fence         0  (        0 /        0 )  0.00
     drc_buftims         0  (        0 /        0 )  0.00
       plc_lo_st         0  (        0 /        0 )  0.00
            fopt         0  (        0 /        0 )  0.00
       crit_swap         0  (        0 /        0 )  0.00
       mux2_swap         0  (        0 /        0 )  0.00
       crit_dnsz         0  (        0 /        0 )  0.00
       load_swap         0  (        0 /        0 )  0.00
            fopt         0  (        0 /        0 )  0.00
        setup_dn         0  (        0 /        0 )  0.00
       load_isol         0  (        0 /        0 )  0.00
       load_isol         0  (        0 /        0 )  0.00
        move_for         0  (        0 /        0 )  0.00
        move_for         0  (        0 /        0 )  0.00
          rem_bi         0  (        0 /        0 )  0.00
         offload         0  (        0 /        0 )  0.00
          rem_bi         0  (        0 /        0 )  0.00
         offload         0  (        0 /        0 )  0.00
       merge_bit         0  (        0 /        0 )  0.00
     merge_idrvr         0  (        0 /        0 )  0.00
     merge_iload         0  (        0 /        0 )  0.00
    merge_idload         0  (        0 /        0 )  0.00
      merge_drvr         0  (        0 /        0 )  0.00
      merge_load         0  (        0 /        0 )  0.00
           phase         0  (        0 /        0 )  0.00
          decomp         0  (        0 /        0 )  0.00
        p_decomp         0  (        0 /        0 )  0.00
        levelize         0  (        0 /        0 )  0.00
        mb_split         0  (        0 /        0 )  0.00
        in_phase         0  (        0 /        0 )  0.00
             dup         0  (        0 /        0 )  0.00
      mux_retime         0  (        0 /        0 )  0.00
         buf2inv         0  (        0 /        0 )  0.00
             exp         0  (        0 /        0 )  0.00
       gate_deco         0  (        0 /        0 )  0.00
       gcomp_tim         0  (        0 /        0 )  0.00
  inv_pair_2_buf         0  (        0 /        0 )  0.00
 init_drc                   1007        0         0         0        0         54 

           Trick     Calls     Accepts   Attempts    Time(secs) 
-----------------------------------------------------------
          plc_st         0  (        0 /        0 )  0.00
        plc_star         0  (        0 /        0 )  0.00
        drc_bufs         0  (        0 /        0 )  0.00
        drc_fopt         0  (        0 /        0 )  0.00
        drc_bufb         0  (        0 /        0 )  0.00
      simple_buf         0  (        0 /        0 )  0.00
             dup         0  (        0 /        0 )  0.00
       crit_dnsz         0  (        0 /        0 )  0.00
       crit_upsz         0  (        0 /        0 )  0.00
       crit_slew         0  (        0 /        0 )  0.00


           Trick     Calls     Accepts   Attempts    Time(secs) 
-----------------------------------------------------------
          plc_st         0  (        0 /        0 )  0.00
        plc_star         0  (        0 /        0 )  0.00
      drc_buf_sp         0  (        0 /        0 )  0.00
        drc_bufs         0  (        0 /        0 )  0.00
        drc_fopt         0  (        0 /        0 )  0.00
        drc_bufb         0  (        0 /        0 )  0.00
      simple_buf         0  (        0 /        0 )  0.00
             dup         0  (        0 /        0 )  0.00
       crit_dnsz         0  (        0 /        0 )  0.00
       crit_upsz         0  (        0 /        0 )  0.00


           Trick     Calls     Accepts   Attempts    Time(secs) 
-----------------------------------------------------------
          plc_st         0  (        0 /        0 )  0.00
        plc_star         0  (        0 /        0 )  0.00
      drc_buf_sp         0  (        0 /        0 )  0.00
        drc_bufs         0  (        0 /        0 )  0.00
        drc_fopt         0  (        0 /        0 )  0.00
        drc_bufb         0  (        0 /        0 )  0.00
             dup         0  (        0 /        0 )  0.00
       crit_dnsz         0  (        0 /        0 )  0.00
       crit_upsz         0  (        0 /        0 )  0.00

 init_tns                   1007        0         0         0        0         54 

           Trick     Calls     Accepts   Attempts    Time(secs) 
-----------------------------------------------------------
            fopt         0  (        0 /        0 )  0.00
    plc_bal_star         0  (        0 /        0 )  0.00
     drc_buftimb         0  (        0 /        0 )  0.00
     drc_buftims         0  (        0 /        0 )  0.00
        crit_msz         0  (        0 /        0 )  0.00
       crit_upsz         0  (        0 /        0 )  0.00
   plc_laf_lo_st         0  (        0 /        0 )  0.00
       plc_lo_st         0  (        0 /        0 )  0.00
       crit_swap         0  (        0 /        0 )  0.00
       mux2_swap         0  (        0 /        0 )  0.00
       crit_dnsz         0  (        0 /        0 )  0.00
       load_swap         0  (        0 /        0 )  0.00
            fopt         0  (        0 /        0 )  0.00
        setup_dn         0  (        0 /        0 )  0.00
       load_isol         0  (        0 /        0 )  0.00
       load_isol         0  (        0 /        0 )  0.00
        move_for         0  (        0 /        0 )  0.00
        move_for         0  (        0 /        0 )  0.00
          rem_bi         0  (        0 /        0 )  0.00
         offload         0  (        0 /        0 )  0.00
          rem_bi         0  (        0 /        0 )  0.00
         offload         0  (        0 /        0 )  0.00
       merge_bit         0  (        0 /        0 )  0.00
     merge_idrvr         0  (        0 /        0 )  0.00
     merge_iload         0  (        0 /        0 )  0.00
    merge_idload         0  (        0 /        0 )  0.00
      merge_drvr         0  (        0 /        0 )  0.00
      merge_load         0  (        0 /        0 )  0.00
           phase         0  (        0 /        0 )  0.00
          decomp         0  (        0 /        0 )  0.00
        p_decomp         0  (        0 /        0 )  0.00
        levelize         0  (        0 /        0 )  0.00
        mb_split         0  (        0 /        0 )  0.00
             dup         0  (        0 /        0 )  0.00
      mux_retime         0  (        0 /        0 )  0.00
       crr_local         0  (        0 /        0 )  0.00
         buf2inv         0  (        0 /        0 )  0.00

                                   Group   
                                  Tot Wrst     Total - - DRC Totals - -
                           Total  Weighted      Neg      Max       Max     Leakage 
Operation                   Area   Slacks      Slack    Trans      Cap      Power  
 init_power                 1007        0         0         0        0         54 

           Trick     Calls     Accepts   Attempts    Time(secs) 
-----------------------------------------------------------
       p_rem_buf         0  (        0 /        0 )  0.00
       p_rem_inv         0  (        0 /        0 )  0.00
      p_merge_bi         0  (        0 /        0 )  0.00
        io_phase         0  (        0 /        0 )  0.00
       gate_comp         1  (        0 /        0 )  0.01
       gcomp_mog         0  (        0 /        0 )  0.00
      glob_power         7  (        0 /        7 )  0.00
      power_down         0  (        0 /        0 )  0.00
      size_n_buf         0  (        0 /        0 )  0.00
       p_rem_buf         0  (        0 /        0 )  0.00
       p_rem_inv         0  (        0 /        0 )  0.00
      p_merge_bi         0  (        0 /        0 )  0.00

 init_area                  1007        0         0         0        0         54 
 rem_inv_qb                  995        0         0         0        0         54 

           Trick     Calls     Accepts   Attempts    Time(secs) 
-----------------------------------------------------------
           undup         0  (        0 /        0 )  0.00
         rem_buf         0  (        0 /        0 )  0.00
         rem_inv         0  (        0 /        0 )  0.00
        merge_bi         0  (        0 /        0 )  0.00
      rem_inv_qb         1  (        1 /        1 )  0.00
    seq_res_area         0  (        0 /        0 )  0.00
        io_phase         0  (        0 /        0 )  0.00
       gate_comp         1  (        0 /        0 )  0.01
       gcomp_mog         0  (        0 /        0 )  0.00
       glob_area         6  (        0 /        6 )  0.00
       area_down         0  (        0 /        0 )  0.00
      size_n_buf         0  (        0 /        0 )  0.00
  gate_deco_area         0  (        0 /        0 )  0.00
         rem_buf         0  (        0 /        0 )  0.00
         rem_inv         0  (        0 /        0 )  0.00
        merge_bi         0  (        0 /        0 )  0.00
      rem_inv_qb         0  (        0 /        0 )  0.00

 
Incremental optimization status
===============================
                                   Group   
                                  Tot Wrst     Total - - DRC Totals - -
                           Total  Weighted      Neg      Max       Max     Leakage 
Operation                   Area   Slacks      Slack    Trans      Cap      Power  
 init_delay                  995        0         0         0        0         54 

           Trick     Calls     Accepts   Attempts    Time(secs) 
-----------------------------------------------------------
         crr_220         0  (        0 /        0 )  0.00
        crr_glob         0  (        0 /        0 )  0.00
         crr_200         0  (        0 /        0 )  0.00
        crr_glob         0  (        0 /        0 )  0.00
         crr_300         0  (        0 /        0 )  0.00
        crr_glob         0  (        0 /        0 )  0.00
         crr_400         0  (        0 /        0 )  0.00
        crr_glob         0  (        0 /        0 )  0.00
         crr_111         0  (        0 /        0 )  0.00
        crr_glob         0  (        0 /        0 )  0.00
         crr_210         0  (        0 /        0 )  0.00
        crr_glob         0  (        0 /        0 )  0.00
         crr_110         0  (        0 /        0 )  0.00
        crr_glob         0  (        0 /        0 )  0.00
         crr_101         0  (        0 /        0 )  0.00
        crr_glob         0  (        0 /        0 )  0.00
         crr_201         0  (        0 /        0 )  0.00
        crr_glob         0  (        0 /        0 )  0.00
         crr_211         0  (        0 /        0 )  0.00
        crr_glob         0  (        0 /        0 )  0.00
        crit_msz         0  (        0 /        0 )  0.00
       crit_upsz         0  (        0 /        0 )  0.00
       crit_slew         0  (        0 /        0 )  0.00
        setup_dn         0  (        0 /        0 )  0.00
    plc_bal_star         0  (        0 /        0 )  0.00
     drc_buftimb         0  (        0 /        0 )  0.00
          plc_st         0  (        0 /        0 )  0.00
    plc_st_fence         0  (        0 /        0 )  0.00
        plc_star         0  (        0 /        0 )  0.00
      plc_laf_st         0  (        0 /        0 )  0.00
 plc_laf_st_fence         0  (        0 /        0 )  0.00
     drc_buftims         0  (        0 /        0 )  0.00
       plc_lo_st         0  (        0 /        0 )  0.00
            fopt         0  (        0 /        0 )  0.00
       crit_swap         0  (        0 /        0 )  0.00
       mux2_swap         0  (        0 /        0 )  0.00
       crit_dnsz         0  (        0 /        0 )  0.00
       load_swap         0  (        0 /        0 )  0.00
            fopt         0  (        0 /        0 )  0.00
        setup_dn         0  (        0 /        0 )  0.00
       load_isol         0  (        0 /        0 )  0.00
       load_isol         0  (        0 /        0 )  0.00
        move_for         0  (        0 /        0 )  0.00
        move_for         0  (        0 /        0 )  0.00
          rem_bi         0  (        0 /        0 )  0.00
         offload         0  (        0 /        0 )  0.00
          rem_bi         0  (        0 /        0 )  0.00
         offload         0  (        0 /        0 )  0.00
       merge_bit         0  (        0 /        0 )  0.00
     merge_idrvr         0  (        0 /        0 )  0.00
     merge_iload         0  (        0 /        0 )  0.00
    merge_idload         0  (        0 /        0 )  0.00
      merge_drvr         0  (        0 /        0 )  0.00
      merge_load         0  (        0 /        0 )  0.00
           phase         0  (        0 /        0 )  0.00
          decomp         0  (        0 /        0 )  0.00
        p_decomp         0  (        0 /        0 )  0.00
        levelize         0  (        0 /        0 )  0.00
        mb_split         0  (        0 /        0 )  0.00
        in_phase         0  (        0 /        0 )  0.00
             dup         0  (        0 /        0 )  0.00
      mux_retime         0  (        0 /        0 )  0.00
         buf2inv         0  (        0 /        0 )  0.00
             exp         0  (        0 /        0 )  0.00
       gate_deco         0  (        0 /        0 )  0.00
       gcomp_tim         0  (        0 /        0 )  0.00
  inv_pair_2_buf         0  (        0 /        0 )  0.00
 init_drc                    995        0         0         0        0         54 

           Trick     Calls     Accepts   Attempts    Time(secs) 
-----------------------------------------------------------
          plc_st         0  (        0 /        0 )  0.00
        plc_star         0  (        0 /        0 )  0.00
        drc_bufs         0  (        0 /        0 )  0.00
        drc_fopt         0  (        0 /        0 )  0.00
        drc_bufb         0  (        0 /        0 )  0.00
      simple_buf         0  (        0 /        0 )  0.00
             dup         0  (        0 /        0 )  0.00
       crit_dnsz         0  (        0 /        0 )  0.00
       crit_upsz         0  (        0 /        0 )  0.00
       crit_slew         0  (        0 /        0 )  0.00


           Trick     Calls     Accepts   Attempts    Time(secs) 
-----------------------------------------------------------
          plc_st         0  (        0 /        0 )  0.00
        plc_star         0  (        0 /        0 )  0.00
        drc_bufs         0  (        0 /        0 )  0.00
        drc_fopt         0  (        0 /        0 )  0.00
        drc_bufb         0  (        0 /        0 )  0.00
      simple_buf         0  (        0 /        0 )  0.00
             dup         0  (        0 /        0 )  0.00
       crit_dnsz         0  (        0 /        0 )  0.00
       crit_upsz         0  (        0 /        0 )  0.00


           Trick     Calls     Accepts   Attempts    Time(secs) 
-----------------------------------------------------------
          plc_st         0  (        0 /        0 )  0.00
        plc_star         0  (        0 /        0 )  0.00
        drc_bufs         0  (        0 /        0 )  0.00
        drc_fopt         0  (        0 /        0 )  0.00
        drc_bufb         0  (        0 /        0 )  0.00
             dup         0  (        0 /        0 )  0.00
       crit_dnsz         0  (        0 /        0 )  0.00
       crit_upsz         0  (        0 /        0 )  0.00

 init_tns                    995        0         0         0        0         54 

           Trick     Calls     Accepts   Attempts    Time(secs) 
-----------------------------------------------------------
            fopt         0  (        0 /        0 )  0.00
    plc_bal_star         0  (        0 /        0 )  0.00
     drc_buftimb         0  (        0 /        0 )  0.00
     drc_buftims         0  (        0 /        0 )  0.00
        crit_msz         0  (        0 /        0 )  0.00
       crit_upsz         0  (        0 /        0 )  0.00
   plc_laf_lo_st         0  (        0 /        0 )  0.00
       plc_lo_st         0  (        0 /        0 )  0.00
       crit_swap         0  (        0 /        0 )  0.00
       mux2_swap         0  (        0 /        0 )  0.00
       crit_dnsz         0  (        0 /        0 )  0.00
       load_swap         0  (        0 /        0 )  0.00
            fopt         0  (        0 /        0 )  0.00
        setup_dn         0  (        0 /        0 )  0.00
       load_isol         0  (        0 /        0 )  0.00
       load_isol         0  (        0 /        0 )  0.00
        move_for         0  (        0 /        0 )  0.00
        move_for         0  (        0 /        0 )  0.00
          rem_bi         0  (        0 /        0 )  0.00
         offload         0  (        0 /        0 )  0.00
          rem_bi         0  (        0 /        0 )  0.00
         offload         0  (        0 /        0 )  0.00
       merge_bit         0  (        0 /        0 )  0.00
     merge_idrvr         0  (        0 /        0 )  0.00
     merge_iload         0  (        0 /        0 )  0.00
    merge_idload         0  (        0 /        0 )  0.00
      merge_drvr         0  (        0 /        0 )  0.00
      merge_load         0  (        0 /        0 )  0.00
           phase         0  (        0 /        0 )  0.00
          decomp         0  (        0 /        0 )  0.00
        p_decomp         0  (        0 /        0 )  0.00
        levelize         0  (        0 /        0 )  0.00
        mb_split         0  (        0 /        0 )  0.00
             dup         0  (        0 /        0 )  0.00
      mux_retime         0  (        0 /        0 )  0.00
       crr_local         0  (        0 /        0 )  0.00
         buf2inv         0  (        0 /        0 )  0.00

                                   Group   
                                  Tot Wrst     Total - - DRC Totals - -
                           Total  Weighted      Neg      Max       Max     Leakage 
Operation                   Area   Slacks      Slack    Trans      Cap      Power  
 init_power                  995        0         0         0        0         54 

           Trick     Calls     Accepts   Attempts    Time(secs) 
-----------------------------------------------------------
       p_rem_buf         0  (        0 /        0 )  0.00
       p_rem_inv         0  (        0 /        0 )  0.00
      p_merge_bi         0  (        0 /        0 )  0.00
        io_phase         0  (        0 /        0 )  0.00
       gate_comp         1  (        0 /        0 )  0.01
       gcomp_mog         0  (        0 /        0 )  0.00
      glob_power         6  (        0 /        6 )  0.00
      power_down         0  (        0 /        0 )  0.00
      size_n_buf         0  (        0 /        0 )  0.00

 init_area                   995        0         0         0        0         54 

           Trick     Calls     Accepts   Attempts    Time(secs) 
-----------------------------------------------------------
           undup         0  (        0 /        0 )  0.00
         rem_buf         0  (        0 /        0 )  0.00
         rem_inv         0  (        0 /        0 )  0.00
        merge_bi         0  (        0 /        0 )  0.00
      rem_inv_qb         0  (        0 /        0 )  0.00
        io_phase         0  (        0 /        0 )  0.00
       gate_comp         1  (        0 /        0 )  0.01
       gcomp_mog         0  (        0 /        0 )  0.00
       glob_area         6  (        0 /        6 )  0.00
       area_down         0  (        0 /        0 )  0.00
      size_n_buf         0  (        0 /        0 )  0.00
  gate_deco_area         0  (        0 /        0 )  0.00

 
Incremental optimization status
===============================
                                   Group   
                                  Tot Wrst     Total - - DRC Totals - -
                           Total  Weighted      Neg      Max       Max     Leakage 
Operation                   Area   Slacks      Slack    Trans      Cap      Power  
 init_delay                  995        0         0         0        0         54 

           Trick     Calls     Accepts   Attempts    Time(secs) 
-----------------------------------------------------------
        crit_msz         0  (        0 /        0 )  0.00
       crit_upsz         0  (        0 /        0 )  0.00
       crit_slew         0  (        0 /        0 )  0.00
        setup_dn         0  (        0 /        0 )  0.00
    plc_bal_star         0  (        0 /        0 )  0.00
     drc_buftimb         0  (        0 /        0 )  0.00
          plc_st         0  (        0 /        0 )  0.00
    plc_st_fence         0  (        0 /        0 )  0.00
        plc_star         0  (        0 /        0 )  0.00
      plc_laf_st         0  (        0 /        0 )  0.00
 plc_laf_st_fence         0  (        0 /        0 )  0.00
     drc_buftims         0  (        0 /        0 )  0.00
   plc_laf_lo_st         0  (        0 /        0 )  0.00
       plc_lo_st         0  (        0 /        0 )  0.00
            fopt         0  (        0 /        0 )  0.00
       crit_swap         0  (        0 /        0 )  0.00
       mux2_swap         0  (        0 /        0 )  0.00
       crit_dnsz         0  (        0 /        0 )  0.00
       load_swap         0  (        0 /        0 )  0.00
            fopt         0  (        0 /        0 )  0.00
        setup_dn         0  (        0 /        0 )  0.00
       load_isol         0  (        0 /        0 )  0.00
       load_isol         0  (        0 /        0 )  0.00
        move_for         0  (        0 /        0 )  0.00
        move_for         0  (        0 /        0 )  0.00
          rem_bi         0  (        0 /        0 )  0.00
         offload         0  (        0 /        0 )  0.00
          rem_bi         0  (        0 /        0 )  0.00
         offload         0  (        0 /        0 )  0.00
           phase         0  (        0 /        0 )  0.00
        in_phase         0  (        0 /        0 )  0.00
       merge_bit         0  (        0 /        0 )  0.00
     merge_idrvr         0  (        0 /        0 )  0.00
     merge_iload         0  (        0 /        0 )  0.00
    merge_idload         0  (        0 /        0 )  0.00
      merge_drvr         0  (        0 /        0 )  0.00
      merge_load         0  (        0 /        0 )  0.00
          decomp         0  (        0 /        0 )  0.00
        p_decomp         0  (        0 /        0 )  0.00
        levelize         0  (        0 /        0 )  0.00
        mb_split         0  (        0 /        0 )  0.00
             dup         0  (        0 /        0 )  0.00
      mux_retime         0  (        0 /        0 )  0.00
         buf2inv         0  (        0 /        0 )  0.00
             exp         0  (        0 /        0 )  0.00
       gate_deco         0  (        0 /        0 )  0.00
       gcomp_tim         0  (        0 /        0 )  0.00
  inv_pair_2_buf         0  (        0 /        0 )  0.00

 init_drc                    995        0         0         0        0         54 

           Trick     Calls     Accepts   Attempts    Time(secs) 
-----------------------------------------------------------
          plc_st         0  (        0 /        0 )  0.00
        plc_star         0  (        0 /        0 )  0.00
        drc_bufs         0  (        0 /        0 )  0.00
        drc_fopt         0  (        0 /        0 )  0.00
        drc_bufb         0  (        0 /        0 )  0.00
      simple_buf         0  (        0 /        0 )  0.00
             dup         0  (        0 /        0 )  0.00
       crit_dnsz         0  (        0 /        0 )  0.00
       crit_upsz         0  (        0 /        0 )  0.00
       crit_slew         0  (        0 /        0 )  0.00


           Trick     Calls     Accepts   Attempts    Time(secs) 
-----------------------------------------------------------
          plc_st         0  (        0 /        0 )  0.00
        plc_star         0  (        0 /        0 )  0.00
        drc_bufs         0  (        0 /        0 )  0.00
        drc_fopt         0  (        0 /        0 )  0.00
        drc_bufb         0  (        0 /        0 )  0.00
      simple_buf         0  (        0 /        0 )  0.00
             dup         0  (        0 /        0 )  0.00
       crit_dnsz         0  (        0 /        0 )  0.00
       crit_upsz         0  (        0 /        0 )  0.00


           Trick     Calls     Accepts   Attempts    Time(secs) 
-----------------------------------------------------------
          plc_st         0  (        0 /        0 )  0.00
        plc_star         0  (        0 /        0 )  0.00
        drc_bufs         0  (        0 /        0 )  0.00
        drc_fopt         0  (        0 /        0 )  0.00
        drc_bufb         0  (        0 /        0 )  0.00
             dup         0  (        0 /        0 )  0.00
       crit_dnsz         0  (        0 /        0 )  0.00
       crit_upsz         0  (        0 /        0 )  0.00

==================================
Stage : incr_opt 
==================================
  =================
   Message Summary
  =================
----------------------------------------------------------------------
|     Id     |  Sev   |Count |             Message Text              |
----------------------------------------------------------------------
| CFM-1      |Info    |    2 |Wrote dofile.                          |
| CFM-5      |Info    |    1 |Wrote formal verification information. |
| PA-7       |Info    |    4 |Resetting power analysis results.      |
|            |        |      |All computed switching activities are  |
|            |        |      | removed.                              |
| POPT-507   |Info    |    1 |Leakage power optimization was         |
|            |        |      | enabled, but single Vth class seems   |
|            |        |      | to be used as leakage properties of   |
|            |        |      | the given libraries look too similar. |
|            |        |      |The tool tries to classify the given   |
|            |        |      | libraries into different Vth classes. |
|            |        |      | If the leakage properties of the      |
|            |        |      | given libraries are too similar then  |
|            |        |      | the tool considers all libraries to   |
|            |        |      | be of the same Vth class.             |
| RPT_DP-100 |Warning |    1 |The filename, column and line number   |
|            |        |      | information will not be available in  |
|            |        |      | the report.                           |
|            |        |      |You must set the                       |
|            |        |      | 'hdl_track_filename_row_col'          |
|            |        |      | attribute to 'true'                   |
|            |        |      | (before elaborate)                    |
|            |        |      | to enable filename, column, and line  |
|            |        |      | number tracking in the datapath       |
|            |        |      | report.                               |
| SYNTH-5    |Info    |    1 |Done mapping.                          |
| SYNTH-7    |Info    |    1 |Incrementally optimizing.              |
----------------------------------------------------------------------
Info    : Done incrementally optimizing. [SYNTH-8]
        : Done incrementally optimizing 'RISC_V3'.
        Computing net loads.
      flow.cputime  flow.realtime  timing.setup.tns  timing.setup.wns  snapshot
UM:*                                                                   syn_opt
@file(run_synth.tcl) 211: write_snapshot -outdir $_REPORTS_PATH -tag syn_opt
%# Begin write_snapshot (06/15 19:19:38, mem=1631.41M)
%# Begin qos_stats (06/15 19:19:38, mem=1667.25M)
        Computing arrivals and requireds.
Info   : ACTP-0001 Activity propagation started for stim#0 netlist RISC_V3
Info   : ACTP-0009 [ACTPInfo] Activity Propagation Progress Report :   1%   2%   4%   5%   7%   8%  10%  11%  13%  14%  15%  17%  18%  20%  21%  23%  24%  26%  27%  28%  30%  31%  33%  34%  36%  37%  39%  40%  42%  43%  44%  46%  47%  49%  50%  52%  53%  55%  56%  57%  59%  60%  62%  63%  65%  66%  68%  69%  71%  72%  73%  75%  76%  78%  79%  81%  82%  84%  85%  86%  88%  89%  91%  92%  94%  95%  97%  98% 100%
Info   : ACTP-0001 Activity propagation ended for stim#0
Info   : PWRA-0001 compute_power effective options 
       : -mode : vectorless
       : -skip_propagation : 1
       : -frequency_scaling_factor : 1.0
       : -use_clock_freq : stim
       : -stim :/stim#0
       : -fromGenus : 1
Info   : ACTP-0001 Timing initialization started
Info   : ACTP-0001 Timing initialization ended
Info   : PWRA-0002 Skipping activity propagation due to -skip_ap option....
Warning: PWRA-0302 Frequency scaling is not applicable for vectorless flow.
       : Ignoring frequency scaling.
Warning: PWRA-0304 -stim option is not applicable with vectorless mode of power
       : analysis, ignored this option.
Info   : PWRA-0002 Started 'vectorless' power computation.
Info   : PWRA-0002 Finished power computation.
Info   : PWRA-0007 Completed successfully.
       : Info=6, Warn=2, Error=0, Fatal=0
%# End qos_stats (06/15 19:19:38, total cpu=14:00:00, real=14:00:00, peak res=703.00M, current mem=1667.25M)


Working Directory = /home/B2_Abid/UDIF/aiub_vlsi_impl_demo/projects/Project_3A/synth_false
QoS Summary for RISC_V3
================================================================================
Metric                          generic         map             syn_opt        
================================================================================
Slack (ps):                     3,245           3,009           3,053
  R2R (ps):                     3,245           3,009           3,053
  I2R (ps):                     4,426           4,618           4,618
  R2O (ps):                     4,193           4,448           4,448
  I2O (ps):                  no_value        no_value        no_value
  CG  (ps):                  no_value        no_value        no_value
TNS (ps):                           0               0               0
  R2R (ps):                         0               0               0
  I2R (ps):                         0               0               0
  R2O (ps):                         0               0               0
  I2O (ps):                  no_value        no_value        no_value
  CG  (ps):                  no_value        no_value        no_value
Failing Paths:                      0               0               0
Leakage Power (nW):                57              51              51
Cell Area:                        640             413             408
Total Cell Area:                  640             413             408
Leaf Instances:                    33              26              25
Total Instances:                   33              26              25
Utilization (%):                 0.00            0.00            0.00
Tot. Net Length (um):        no_value        no_value        no_value
Avg. Net Length (um):        no_value        no_value        no_value
Route Overflow H (%):        no_value        no_value        no_value
Route Overflow V (%):        no_value        no_value        no_value
MBCI(%) (bits/gate) :            0.00            0.00            0.00
Norm Cong Hotspot Area:
  Max Cong:                  no_value        no_value        no_value
  Tot Cong:                  no_value        no_value        no_value
================================================================================
CPU  Runtime (h:m:s):        00:01:51        00:00:06        00:00:01
Real Runtime (h:m:s):        00:01:47        00:00:07        00:00:03
CPU  Elapsed (h:m:s):        00:02:01        00:02:06        00:02:07
Real Elapsed (h:m:s):        00:01:51        00:01:57        00:02:00
Memory (MB):                  1701.98         1667.43         1667.25
================================================================================
================================================================================
Flow Settings:
================================================================================
Total Runtime (h:m:s): 00:01:57
Total Memory (MB):     1675.25
Executable Version:    21.18-s082_1
================================================================================
Total Cell Area =  Cell Area + Physical Cell Area
Total Instances =  Leaf Instances + Physical Instances




Info    : Joules engine is used. [RPT-16]
        : Joules engine is being used for the command report_gates -power.
Info    : Leakage power optimization was enabled, but single Vth class seems to be used as leakage properties of the given libraries look too similar. [POPT-507]
        : Leakage power effort is set but library domain '_default_' seems to have too few Vth classes.
Warning : Violating paths are less than num_paths/max_paths. [CHKTIM-19]
        : Only 20 violating paths found
        : The timing query has number of violating paths less than requested num_paths/max_paths.
Finished exporting design database to file 'reports_Jun15-19:17:49/syn_opt_RISC_V3.db' for 'RISC_V3' (command execution time mm:ss cpu = 00:00, real = 00:00).
Finished generating snapshot at stage syn_opt (command execution time mm:ss cpu = 00:00, real = 00:00).
%# End write_snapshot (06/15 19:19:38, total cpu=14:00:00, real=14:00:00, peak res=703.00M, current mem=1675.25M)
@file(run_synth.tcl) 212: report_summary -directory $_REPORTS_PATH


Working Directory = /home/B2_Abid/UDIF/aiub_vlsi_impl_demo/projects/Project_3A/synth_false
QoS Summary for RISC_V3
================================================================================
Metric                          generic         map             syn_opt        
================================================================================
Slack (ps):                     3,245           3,009           3,053
  R2R (ps):                     3,245           3,009           3,053
  I2R (ps):                     4,426           4,618           4,618
  R2O (ps):                     4,193           4,448           4,448
  I2O (ps):                  no_value        no_value        no_value
  CG  (ps):                  no_value        no_value        no_value
TNS (ps):                           0               0               0
  R2R (ps):                         0               0               0
  I2R (ps):                         0               0               0
  R2O (ps):                         0               0               0
  I2O (ps):                  no_value        no_value        no_value
  CG  (ps):                  no_value        no_value        no_value
Failing Paths:                      0               0               0
Leakage Power (nW):                57              51              51
Cell Area:                        640             413             408
Total Cell Area:                  640             413             408
Leaf Instances:                    33              26              25
Total Instances:                   33              26              25
Utilization (%):                 0.00            0.00            0.00
Tot. Net Length (um):        no_value        no_value        no_value
Avg. Net Length (um):        no_value        no_value        no_value
Route Overflow H (%):        no_value        no_value        no_value
Route Overflow V (%):        no_value        no_value        no_value
MBCI(%) (bits/gate) :            0.00            0.00            0.00
Norm Cong Hotspot Area:
  Max Cong:                  no_value        no_value        no_value
  Tot Cong:                  no_value        no_value        no_value
================================================================================
CPU  Runtime (h:m:s):        00:01:51        00:00:06        00:00:01
Real Runtime (h:m:s):        00:01:47        00:00:07        00:00:03
CPU  Elapsed (h:m:s):        00:02:01        00:02:06        00:02:07
Real Elapsed (h:m:s):        00:01:51        00:01:57        00:02:00
Memory (MB):                  1701.98         1667.43         1667.25
================================================================================
================================================================================
Flow Settings:
================================================================================
Total Runtime (h:m:s): 00:01:57
Total Memory (MB):     1675.25
Executable Version:    21.18-s082_1
================================================================================
Total Cell Area =  Cell Area + Physical Cell Area
Total Instances =  Leaf Instances + Physical Instances




@file(run_synth.tcl) 214: puts "Runtime & Memory after 'syn_opt'"
Runtime & Memory after 'syn_opt'
@file(run_synth.tcl) 215: time_info OPT
stamp 'OPT' being created for table 'default'

  Total Time (Wall) |  Stage Time (Wall)  |   % (Wall)   |    Date - Time     |  Memory   | Stage
--------------------+---------------------+--------------+--------------------+-----------+----------------------
 00:00:09(00:00:00) |  00:00:00(00:00:00) |   0.0(  0.0) |   19:17:41 (Jun15) |  147.1 MB | init
--------------------+---------------------+--------------+--------------------+-----------+----------------------
 00:00:22(00:00:11) |  00:00:13(00:00:11) |  11.2(  9.4) |   19:17:52 (Jun15) |  292.8 MB | Elaboration
--------------------+---------------------+--------------+--------------------+-----------+----------------------
 00:01:58(00:01:47) |  00:01:36(00:01:36) |  83.0( 82.1) |   19:19:28 (Jun15) |  703.0 MB | GENERIC
--------------------+---------------------+--------------+--------------------+-----------+----------------------
 00:02:03(00:01:54) |  00:00:05(00:00:07) |   4.9(  6.0) |   19:19:35 (Jun15) |  684.2 MB | MAPPED
--------------------+---------------------+--------------+--------------------+-----------+----------------------
 00:02:04(00:01:57) |  00:00:00(00:00:03) |   0.9(  2.6) |   19:19:38 (Jun15) |  679.5 MB | OPT
--------------------+---------------------+--------------+--------------------+-----------+----------------------
Number of threads: 8 * 1   (id: default, time_info v1.57)
Info: (*N*) indicates data that was populated from previously saved time_info database
Info: CPU time includes time of parent + longest thread
@file(run_synth.tcl) 217: foreach cg [vfind / -cost_group *] {
  report_timing -group [list $cg] > $_REPORTS_PATH/${DESIGN}_[vbasename $cg]_post_opt.rpt
}
@file(run_synth.tcl) 229: report_clock_gating > $_REPORTS_PATH/${DESIGN}_clockgating.rpt
Warning : Potential error generating clock gating report. [RPT_CG-12]
        : 'lp_insert_clock_gating' root attribute is set to 'false'.
        : The 'report clock_gating' command depends on the 'lp_insert_clock_gating' attribute.  Set it to 'true' before calling this command.


@file(run_synth.tcl) 231: report_power > $_REPORTS_PATH/final_power.rpt
Info    : Joules engine is used. [RPT-16]
        : Joules engine is being used for the command report_power.
Output file: reports_Jun15-19:17:49/final_power.rpt
@file(run_synth.tcl) 232: report_gates -power > $_REPORTS_PATH/${DESIGN}_gates_power.rpt
Info    : Joules engine is used. [RPT-16]
        : Joules engine is being used for the command report_gates -power.
Info    : Leakage power optimization was enabled, but single Vth class seems to be used as leakage properties of the given libraries look too similar. [POPT-507]
        : Leakage power effort is set but library domain '_default_' seems to have too few Vth classes.
@file(run_synth.tcl) 234: report_dp > $_REPORTS_PATH/${DESIGN}_datapath_incr.rpt
Beginning report datapath command
Warning : The filename, column and line number information will not be available in the report. [RPT_DP-100]
        : The attribute for getting HDL filename and line number is not set.
@file(run_synth.tcl) 235: report_messages > $_REPORTS_PATH/${DESIGN}_messages.rpt
@file(run_synth.tcl) 236: write_snapshot -outdir $_REPORTS_PATH -tag final
%# Begin write_snapshot (06/15 19:19:39, mem=1711.25M)
%# Begin qos_stats (06/15 19:19:39, mem=1711.25M)
        Computing arrivals and requireds.
%# End qos_stats (06/15 19:19:39, total cpu=14:00:00, real=14:00:00, peak res=703.00M, current mem=1711.25M)


Working Directory = /home/B2_Abid/UDIF/aiub_vlsi_impl_demo/projects/Project_3A/synth_false
QoS Summary for RISC_V3
==========================================================================================
Metric                          generic         map             syn_opt         final          
==========================================================================================
Slack (ps):                     3,245           3,009           3,053           3,053
  R2R (ps):                     3,245           3,009           3,053           3,053
  I2R (ps):                     4,426           4,618           4,618           4,618
  R2O (ps):                     4,193           4,448           4,448           4,448
  I2O (ps):                  no_value        no_value        no_value        no_value
  CG  (ps):                  no_value        no_value        no_value        no_value
TNS (ps):                           0               0               0               0
  R2R (ps):                         0               0               0               0
  I2R (ps):                         0               0               0               0
  R2O (ps):                         0               0               0               0
  I2O (ps):                  no_value        no_value        no_value        no_value
  CG  (ps):                  no_value        no_value        no_value        no_value
Failing Paths:                      0               0               0               0
Leakage Power (nW):                57              51              51              51
Cell Area:                        640             413             408             408
Total Cell Area:                  640             413             408             408
Leaf Instances:                    33              26              25              25
Total Instances:                   33              26              25              25
Utilization (%):                 0.00            0.00            0.00            0.00
Tot. Net Length (um):        no_value        no_value        no_value        no_value
Avg. Net Length (um):        no_value        no_value        no_value        no_value
Route Overflow H (%):        no_value        no_value        no_value        no_value
Route Overflow V (%):        no_value        no_value        no_value        no_value
MBCI(%) (bits/gate) :            0.00            0.00            0.00            0.00
Norm Cong Hotspot Area:
  Max Cong:                  no_value        no_value        no_value        no_value
  Tot Cong:                  no_value        no_value        no_value        no_value
==========================================================================================
CPU  Runtime (h:m:s):        00:01:51        00:00:06        00:00:01        00:00:01
Real Runtime (h:m:s):        00:01:47        00:00:07        00:00:03        00:00:01
CPU  Elapsed (h:m:s):        00:02:01        00:02:06        00:02:07        00:02:08
Real Elapsed (h:m:s):        00:01:51        00:01:57        00:02:00        00:02:01
Memory (MB):                  1701.98         1667.43         1667.25         1711.25
==========================================================================================
==========================================================================================
Flow Settings:
==========================================================================================
Total Runtime (h:m:s): 00:01:58
Total Memory (MB):     1711.25
Executable Version:    21.18-s082_1
==========================================================================================
Total Cell Area =  Cell Area + Physical Cell Area
Total Instances =  Leaf Instances + Physical Instances




Info    : Joules engine is used. [RPT-16]
        : Joules engine is being used for the command report_gates -power.
Info    : Leakage power optimization was enabled, but single Vth class seems to be used as leakage properties of the given libraries look too similar. [POPT-507]
        : Leakage power effort is set but library domain '_default_' seems to have too few Vth classes.
Warning : Violating paths are less than num_paths/max_paths. [CHKTIM-19]
        : Only 20 violating paths found
        : The timing query has number of violating paths less than requested num_paths/max_paths.
Finished exporting design database to file 'reports_Jun15-19:17:49/final_RISC_V3.db' for 'RISC_V3' (command execution time mm:ss cpu = 00:00, real = 00:00).
Finished generating snapshot at stage final (command execution time mm:ss cpu = 00:00, real = 00:00).
%# End write_snapshot (06/15 19:19:39, total cpu=14:00:00, real=14:00:00, peak res=703.00M, current mem=1711.25M)
@file(run_synth.tcl) 237: report_summary -directory $_REPORTS_PATH


Working Directory = /home/B2_Abid/UDIF/aiub_vlsi_impl_demo/projects/Project_3A/synth_false
QoS Summary for RISC_V3
==========================================================================================
Metric                          generic         map             syn_opt         final          
==========================================================================================
Slack (ps):                     3,245           3,009           3,053           3,053
  R2R (ps):                     3,245           3,009           3,053           3,053
  I2R (ps):                     4,426           4,618           4,618           4,618
  R2O (ps):                     4,193           4,448           4,448           4,448
  I2O (ps):                  no_value        no_value        no_value        no_value
  CG  (ps):                  no_value        no_value        no_value        no_value
TNS (ps):                           0               0               0               0
  R2R (ps):                         0               0               0               0
  I2R (ps):                         0               0               0               0
  R2O (ps):                         0               0               0               0
  I2O (ps):                  no_value        no_value        no_value        no_value
  CG  (ps):                  no_value        no_value        no_value        no_value
Failing Paths:                      0               0               0               0
Leakage Power (nW):                57              51              51              51
Cell Area:                        640             413             408             408
Total Cell Area:                  640             413             408             408
Leaf Instances:                    33              26              25              25
Total Instances:                   33              26              25              25
Utilization (%):                 0.00            0.00            0.00            0.00
Tot. Net Length (um):        no_value        no_value        no_value        no_value
Avg. Net Length (um):        no_value        no_value        no_value        no_value
Route Overflow H (%):        no_value        no_value        no_value        no_value
Route Overflow V (%):        no_value        no_value        no_value        no_value
MBCI(%) (bits/gate) :            0.00            0.00            0.00            0.00
Norm Cong Hotspot Area:
  Max Cong:                  no_value        no_value        no_value        no_value
  Tot Cong:                  no_value        no_value        no_value        no_value
==========================================================================================
CPU  Runtime (h:m:s):        00:01:51        00:00:06        00:00:01        00:00:01
Real Runtime (h:m:s):        00:01:47        00:00:07        00:00:03        00:00:01
CPU  Elapsed (h:m:s):        00:02:01        00:02:06        00:02:07        00:02:08
Real Elapsed (h:m:s):        00:01:51        00:01:57        00:02:00        00:02:01
Memory (MB):                  1701.98         1667.43         1667.25         1711.25
==========================================================================================
==========================================================================================
Flow Settings:
==========================================================================================
Total Runtime (h:m:s): 00:01:58
Total Memory (MB):     1711.25
Executable Version:    21.18-s082_1
==========================================================================================
Total Cell Area =  Cell Area + Physical Cell Area
Total Instances =  Leaf Instances + Physical Instances




@file(run_synth.tcl) 238: write_hdl  > ${_OUTPUTS_PATH}/${DESIGN}_gate.v
@file(run_synth.tcl) 239: write_script > ${_OUTPUTS_PATH}/${DESIGN}.script
Warning : This command will be obsolete in a next major release. [TUI-37]
        : Use 'write_db -common' for saving design databases to operate with other Cadence tools. Use 'write_design' in future releases for saving files for operations with non-Cadence tools.

@file(run_synth.tcl) 240: write_sdc > ${_OUTPUTS_PATH}/${DESIGN}.sdc
Finished SDC export (command execution time mm:ss (real) = 00:01).
@file(run_synth.tcl) 248: write_do_lec -golden_design fv_map -revised_design ${_OUTPUTS_PATH}/${DESIGN}_gate.v -logfile  ${_LOG_PATH}/intermediate2final.lec.log > ${_OUTPUTS_PATH}/intermediate2final.lec.do
Info    : Wrote formal verification information. [CFM-5]
        : Wrote 'fv/RISC_V3/RISC_V3_gatev.fv.json' for netlist 'outputs_Jun15-19:17:49/RISC_V3_gate.v'.
Info    : Forcing flat compare. [CFM-212]
        : No hierarchies found in design.
Info    : Wrote dofile. [CFM-1]
        : Dofile is 'outputs_Jun15-19:17:49/intermediate2final.lec.do'.
        : Alias mapping flow is enabled.
@file(run_synth.tcl) 250: write_do_lec -revised_design ${_OUTPUTS_PATH}/${DESIGN}_gate.v -logfile ${_LOG_PATH}/rtl2final.lec.log > ${_OUTPUTS_PATH}/rtl2final.lec.do
Info    : Forcing flat compare. [CFM-212]
        : No hierarchies found in design.
Info    : Wrote composite dofile. [CFM-2]
        : The composite dofile 'outputs_Jun15-19:17:49/rtl2final.lec.do' includes two compare operations: rtl-to-fv_map and fv_map-to-revised. The 'fv_map' netlist was automatically written in the verification directory during the syn_map command.
@file(run_synth.tcl) 252: puts "Final Runtime & Memory."
Final Runtime & Memory.
@file(run_synth.tcl) 253: time_info FINAL
stamp 'FINAL' being created for table 'default'

  Total Time (Wall) |  Stage Time (Wall)  |   % (Wall)   |    Date - Time     |  Memory   | Stage
--------------------+---------------------+--------------+--------------------+-----------+----------------------
 00:00:09(00:00:00) |  00:00:00(00:00:00) |   0.0(  0.0) |   19:17:41 (Jun15) |  147.1 MB | init
--------------------+---------------------+--------------+--------------------+-----------+----------------------
 00:00:22(00:00:11) |  00:00:13(00:00:11) |  10.9(  9.1) |   19:17:52 (Jun15) |  292.8 MB | Elaboration
--------------------+---------------------+--------------+--------------------+-----------+----------------------
 00:01:58(00:01:47) |  00:01:36(00:01:36) |  80.2( 79.3) |   19:19:28 (Jun15) |  703.0 MB | GENERIC
--------------------+---------------------+--------------+--------------------+-----------+----------------------
 00:02:03(00:01:54) |  00:00:05(00:00:07) |   4.8(  5.8) |   19:19:35 (Jun15) |  684.2 MB | MAPPED
--------------------+---------------------+--------------+--------------------+-----------+----------------------
 00:02:04(00:01:57) |  00:00:00(00:00:03) |   0.8(  2.5) |   19:19:38 (Jun15) |  679.5 MB | OPT
--------------------+---------------------+--------------+--------------------+-----------+----------------------
 00:02:08(00:02:01) |  00:00:03(00:00:04) |   3.3(  3.3) |   19:19:42 (Jun15) |  682.1 MB | FINAL
--------------------+---------------------+--------------+--------------------+-----------+----------------------
Number of threads: 8 * 1   (id: default, time_info v1.57)
Info: (*N*) indicates data that was populated from previously saved time_info database
Info: CPU time includes time of parent + longest thread
@file(run_synth.tcl) 254: puts "============================"
============================
@file(run_synth.tcl) 255: puts "Synthesis Finished ........."
Synthesis Finished .........
@file(run_synth.tcl) 256: puts "============================"
============================
@file(run_synth.tcl) 258: file copy [get_db / .stdout_log] ${_LOG_PATH}/.
@file(run_synth.tcl) 260: sh ln -s $_OUTPUTS_PATH outputs

@file(run_synth.tcl) 261: sh ln -s $_REPORTS_PATH reports

@file(run_synth.tcl) 262: sh ln -s $_LOG_PATH logs

#@ End verbose source ./scripts/run_synth.tcl
WARNING: This version of the tool is 1063 days old.
@genus:root: 2> exit

Lic Summary:
[19:20:37.151411] Cdslmd servers: cadence
[19:20:37.151448] Feature usage summary:
[19:20:37.151450] Genus_Synthesis

Normal exit.