Cadence Genus(TM) Synthesis Solution.
Copyright 2023 Cadence Design Systems, Inc. All rights reserved worldwide.
Cadence and the Cadence logo are registered trademarks and Genus is a trademark
of Cadence Design Systems, Inc. in the United States and other countries.

[10:33:11.095561] Configured Lic search path (21.01-s002): 5280@cadence

Version: 21.18-s082_1, built Tue Jul 18 00:08:41 PDT 2023
Options: -files scripts/run_synth.tcl 
Date:    Sat May 02 10:33:11 2026
Host:    cadence (x86_64 w/Linux 3.10.0-1160.el7.x86_64) (8cores*32cpus*2physical cpus*Intel(R) Xeon(R) CPU E5-2440 v2 @ 1.90GHz 20480KB) (197849384KB)
PID:     42501
OS:      Red Hat Enterprise Linux Server release 7.9 (Maipo)


[10:33:11.137320] Periodic Lic check successful
[10:33:11.137339] Feature usage summary:
[10:33:11.137344] Genus_Synthesis
Checking out license: Genus_Synthesis


***********************************************************************************************************
***********************************************************************************************************



Loading tool scripts...
Finished loading tool scripts (16 seconds elapsed).

#@ Processing -files option
@genus 1> source scripts/run_synth.tcl
#@ Begin verbose source ./scripts/run_synth.tcl
@file(run_synth.tcl) 3: if {[file exists /proc/cpuinfo]} {
  sh grep "model name" /proc/cpuinfo
    sh grep "cpu MHz"    /proc/cpuinfo
    }
model name	: Intel(R) Xeon(R) CPU E5-2440 v2 @ 1.90GHz
model name	: Intel(R) Xeon(R) CPU E5-2440 v2 @ 1.90GHz
model name	: Intel(R) Xeon(R) CPU E5-2440 v2 @ 1.90GHz
model name	: Intel(R) Xeon(R) CPU E5-2440 v2 @ 1.90GHz
model name	: Intel(R) Xeon(R) CPU E5-2440 v2 @ 1.90GHz
model name	: Intel(R) Xeon(R) CPU E5-2440 v2 @ 1.90GHz
model name	: Intel(R) Xeon(R) CPU E5-2440 v2 @ 1.90GHz
model name	: Intel(R) Xeon(R) CPU E5-2440 v2 @ 1.90GHz
model name	: Intel(R) Xeon(R) CPU E5-2440 v2 @ 1.90GHz
model name	: Intel(R) Xeon(R) CPU E5-2440 v2 @ 1.90GHz
model name	: Intel(R) Xeon(R) CPU E5-2440 v2 @ 1.90GHz
model name	: Intel(R) Xeon(R) CPU E5-2440 v2 @ 1.90GHz
model name	: Intel(R) Xeon(R) CPU E5-2440 v2 @ 1.90GHz
model name	: Intel(R) Xeon(R) CPU E5-2440 v2 @ 1.90GHz
model name	: Intel(R) Xeon(R) CPU E5-2440 v2 @ 1.90GHz
model name	: Intel(R) Xeon(R) CPU E5-2440 v2 @ 1.90GHz
model name	: Intel(R) Xeon(R) CPU E5-2440 v2 @ 1.90GHz
model name	: Intel(R) Xeon(R) CPU E5-2440 v2 @ 1.90GHz
model name	: Intel(R) Xeon(R) CPU E5-2440 v2 @ 1.90GHz
model name	: Intel(R) Xeon(R) CPU E5-2440 v2 @ 1.90GHz
model name	: Intel(R) Xeon(R) CPU E5-2440 v2 @ 1.90GHz
model name	: Intel(R) Xeon(R) CPU E5-2440 v2 @ 1.90GHz
model name	: Intel(R) Xeon(R) CPU E5-2440 v2 @ 1.90GHz
model name	: Intel(R) Xeon(R) CPU E5-2440 v2 @ 1.90GHz
model name	: Intel(R) Xeon(R) CPU E5-2440 v2 @ 1.90GHz
model name	: Intel(R) Xeon(R) CPU E5-2440 v2 @ 1.90GHz
model name	: Intel(R) Xeon(R) CPU E5-2440 v2 @ 1.90GHz
model name	: Intel(R) Xeon(R) CPU E5-2440 v2 @ 1.90GHz
model name	: Intel(R) Xeon(R) CPU E5-2440 v2 @ 1.90GHz
model name	: Intel(R) Xeon(R) CPU E5-2440 v2 @ 1.90GHz
model name	: Intel(R) Xeon(R) CPU E5-2440 v2 @ 1.90GHz
model name	: Intel(R) Xeon(R) CPU E5-2440 v2 @ 1.90GHz
cpu MHz		: 2206.268
cpu MHz		: 2200.006
cpu MHz		: 2217.517
cpu MHz		: 2199.890
cpu MHz		: 2200.006
cpu MHz		: 2199.890
cpu MHz		: 2195.251
cpu MHz		: 2200.006
cpu MHz		: 2205.804
cpu MHz		: 2200.122
cpu MHz		: 2200.469
cpu MHz		: 2200.006
cpu MHz		: 2200.122
cpu MHz		: 2200.122
cpu MHz		: 2245.697
cpu MHz		: 2199.890
cpu MHz		: 2237.115
cpu MHz		: 2200.006
cpu MHz		: 2216.705
cpu MHz		: 2200.006
cpu MHz		: 2200.122
cpu MHz		: 2199.890
cpu MHz		: 2201.281
cpu MHz		: 2199.890
cpu MHz		: 2200.238
cpu MHz		: 2200.006
cpu MHz		: 2200.238
cpu MHz		: 2200.006
cpu MHz		: 2200.122
cpu MHz		: 2200.006
cpu MHz		: 2200.122
cpu MHz		: 2199.890
@file(run_synth.tcl) 8:     puts "Hostname : [info hostname]"
Hostname : cadence
@file(run_synth.tcl) 10: set var(step) "synth"
@file(run_synth.tcl) 11: if {[file exists ../project_setup.tcl]} {
	source -e -v ../project_setup.tcl
} else {
	puts "ERROR: project_setup.tcl not found. Please check your setup"
}
Sourcing '../project_setup.tcl' (Sat May 02 10:33:27 +06 2026)...
#@ Begin verbose source ../project_setup.tcl
@file(project_setup.tcl) 10: set TECH "gpdk045" ;# Options: "gpdk045 | sky130_cadence | sky130_open"
set TECH "gpdk045" ;# Options: "gpdk045 | sky130_cadence | sky130_open"
@file(project_setup.tcl) 15: set MULTIVT "hvt"
set MULTIVT "hvt"
@file(project_setup.tcl) 16: set MBFF "false"
set MBFF "false"
@file(project_setup.tcl) 18: source -e -v $::env(REPO_ROOT)/util/tech/${TECH}.tcl 
source -e -v $::env(REPO_ROOT)/util/tech/${TECH}.tcl 
Sourcing '/home/B2_Robiul/UDIF/aiub_vlsi_impl_demo/util/tech/gpdk045.tcl' (Sat May 02 10:33:27 +06 2026)...
#@ Begin verbose source /home/B2_Robiul/UDIF/aiub_vlsi_impl_demo/util/tech/gpdk045.tcl
@file(gpdk045.tcl) 10: set TECH "gpdk045" ;# Future options: "gpdk045 | sky130"
set TECH "gpdk045" ;# Future options: "gpdk045 | sky130"
@file(gpdk045.tcl) 12: puts "ATSH_VLSI: TECH=$TECH"
puts "ATSH_VLSI: TECH=$TECH"
ATSH_VLSI: TECH=gpdk045
@file(gpdk045.tcl) 13: puts "ATSH_VLSI: Starting Setup"
puts "ATSH_VLSI: Starting Setup"
ATSH_VLSI: Starting Setup
@file(gpdk045.tcl) 15: if { $TECH == "gpdk045" } {
	set TECH_DIR "/home/user_27/work/tech/gpdk045"
	set STD_LIB_DIR "gsclib045_all_v4.7"
	#set MULTIVT "true"
	if { [string equal -nocase $MULTIVT "false"] } {
	        puts "ATSH_VLSI: MULTIVT is set to false. Using only RVT cells for synthesis. Please fix if other or all vt cells to be used."
        	set MULTIVT "RVT"
	} else {
		puts "ATSH_VLSI: MULTIVT is set to true. All available (rvt, lvt, hvt) vt cells will be used."
	}
	#set MBFF "false"

set LEF_FILES ""

# Adding Technology LEF file
append LEF_FILES " " "$TECH_DIR/$STD_LIB_DIR/gsclib045_tech/lef/gsclib045_tech.lef"

# Adding RVT Cell LEF | Default when MULTIVT is FALSE
if { [string equal -nocase $MULTIVT "true"] || [regexp -nocase "RVT" $MULTIVT]  } {
append LEF_FILES " " "$TECH_DIR/$STD_LIB_DIR/gsclib045/lef/gsclib045_macro.lef"
}

# Adding LVT/H`VT Cell LEF
if { [string equal -nocase $MULTIVT "true"] || [regexp -nocase "LVT" $MULTIVT]  } {
append LEF_FILES " " "$TECH_DIR/$STD_LIB_DIR/gsclib045_lvt/lef/gsclib045_lvt_macro.lef"
}
if { [string equal -nocase $MULTIVT "true"] ||  [regexp -nocase "HVT" $MULTIVT]  } {
append LEF_FILES " " "$TECH_DIR/$STD_LIB_DIR/gsclib045_hvt/lef/gsclib045_hvt_macro.lef"
}

if { $MBFF == "true" } {
append LEF_FILES " " "$TECH_DIR/$STD_LIB_DIR/gsclib045/gsclib045_multibitsDFF.lef"
}

set LIB_FILES(slow) ""
set LIB_FILES(fast) ""

if { [string equal -nocase $MULTIVT "true"] || [regexp -nocase "RVT" $MULTIVT]  } {
append LIB_FILES(slow) " " "$TECH_DIR/$STD_LIB_DIR/gsclib045/timing/slow_vdd1v0_basicCells.lib"
append LIB_FILES(fast) " " "$TECH_DIR/$STD_LIB_DIR/gsclib045/timing/fast_vdd1v2_basicCells.lib"
}


if { [string equal -nocase $MULTIVT "true"] || [regexp -nocase "LVT" $MULTIVT]  } {
append LIB_FILES(slow) " " "$TECH_DIR/$STD_LIB_DIR/gsclib045_lvt/timing/slow_vdd1v0_basicCells_lvt.lib"
append LIB_FILES(fast) " " "$TECH_DIR/$STD_LIB_DIR/gsclib045_lvt/timing/fast_vdd1v2_basicCells_lvt.lib"
}
if { [string equal -nocase $MULTIVT "true"] ||  [regexp -nocase "HVT" $MULTIVT]  } {
append LIB_FILES(slow) " " "$TECH_DIR/$STD_LIB_DIR/gsclib045_hvt/timing/slow_vdd1v0_basicCells_hvt.lib"
append LIB_FILES(fast) " " "$TECH_DIR/$STD_LIB_DIR/gsclib045_hvt/timing/fast_vdd1v2_basicCells_hvt.lib"
}

if { $MBFF == "true" } {
append LIB_FILES(slow) " " "$TECH_DIR/$STD_LIB_DIR/gsclib045/timing/slow_vdd1v0_multibitsDFF.lib"
append LIB_FILES(fast) " " "$TECH_DIR/$STD_LIB_DIR/gsclib045/timing/fast_vdd1v2_multibitsDFF.lib"
}

set LIB_FILES(all) "$LIB_FILES(slow) $LIB_FILES(fast)"

set QRC_TECH_FILE(rcworst) "/home/user_27/work/tech/gpdk045/gpdk045_v_6_0/qrc/rcworst/qrcTechFile"
set QRC_TECH_FILE(rcbest) "/home/user_27/work/tech/gpdk045/gpdk045_v_6_0/qrc/rcbest/qrcTechFile"
set QRC_TECH_FILE(typical) "/home/user_27/work/tech/gpdk045/gpdk045_v_6_0/qrc/typical/qrcTechFile"

set PHYSICAL_CELL_LIST "[get_lib_cell */*FILL*]"
set CLK_BUFFERS "[get_lib_cell */*CLKBUF*] "
set CLK_INVERTERS " [get_lib_cell */*CLKINV*]"

} ;# END OF GPDK045 SETUP
if { $TECH == "gpdk045" } {
	set TECH_DIR "/home/user_27/work/tech/gpdk045"
	set STD_LIB_DIR "gsclib045_all_v4.7"
	#set MULTIVT "true"
	if { [string equal -nocase $MULTIVT "false"] } {
	        puts "ATSH_VLSI: MULTIVT is set to false. Using only RVT cells for synthesis. Please fix if other or all vt cells to be used."
        	set MULTIVT "RVT"
	} else {
		puts "ATSH_VLSI: MULTIVT is set to true. All available (rvt, lvt, hvt) vt cells will be used."
	}
	#set MBFF "false"

set LEF_FILES ""

# Adding Technology LEF file
append LEF_FILES " " "$TECH_DIR/$STD_LIB_DIR/gsclib045_tech/lef/gsclib045_tech.lef"

# Adding RVT Cell LEF | Default when MULTIVT is FALSE
if { [string equal -nocase $MULTIVT "true"] || [regexp -nocase "RVT" $MULTIVT]  } {
append LEF_FILES " " "$TECH_DIR/$STD_LIB_DIR/gsclib045/lef/gsclib045_macro.lef"
}

# Adding LVT/H`VT Cell LEF
if { [string equal -nocase $MULTIVT "true"] || [regexp -nocase "LVT" $MULTIVT]  } {
append LEF_FILES " " "$TECH_DIR/$STD_LIB_DIR/gsclib045_lvt/lef/gsclib045_lvt_macro.lef"
}
if { [string equal -nocase $MULTIVT "true"] ||  [regexp -nocase "HVT" $MULTIVT]  } {
append LEF_FILES " " "$TECH_DIR/$STD_LIB_DIR/gsclib045_hvt/lef/gsclib045_hvt_macro.lef"
}

if { $MBFF == "true" } {
append LEF_FILES " " "$TECH_DIR/$STD_LIB_DIR/gsclib045/gsclib045_multibitsDFF.lef"
}

set LIB_FILES(slow) ""
set LIB_FILES(fast) ""

if { [string equal -nocase $MULTIVT "true"] || [regexp -nocase "RVT" $MULTIVT]  } {
append LIB_FILES(slow) " " "$TECH_DIR/$STD_LIB_DIR/gsclib045/timing/slow_vdd1v0_basicCells.lib"
append LIB_FILES(fast) " " "$TECH_DIR/$STD_LIB_DIR/gsclib045/timing/fast_vdd1v2_basicCells.lib"
}


if { [string equal -nocase $MULTIVT "true"] || [regexp -nocase "LVT" $MULTIVT]  } {
append LIB_FILES(slow) " " "$TECH_DIR/$STD_LIB_DIR/gsclib045_lvt/timing/slow_vdd1v0_basicCells_lvt.lib"
append LIB_FILES(fast) " " "$TECH_DIR/$STD_LIB_DIR/gsclib045_lvt/timing/fast_vdd1v2_basicCells_lvt.lib"
}
if { [string equal -nocase $MULTIVT "true"] ||  [regexp -nocase "HVT" $MULTIVT]  } {
append LIB_FILES(slow) " " "$TECH_DIR/$STD_LIB_DIR/gsclib045_hvt/timing/slow_vdd1v0_basicCells_hvt.lib"
append LIB_FILES(fast) " " "$TECH_DIR/$STD_LIB_DIR/gsclib045_hvt/timing/fast_vdd1v2_basicCells_hvt.lib"
}

if { $MBFF == "true" } {
append LIB_FILES(slow) " " "$TECH_DIR/$STD_LIB_DIR/gsclib045/timing/slow_vdd1v0_multibitsDFF.lib"
append LIB_FILES(fast) " " "$TECH_DIR/$STD_LIB_DIR/gsclib045/timing/fast_vdd1v2_multibitsDFF.lib"
}

set LIB_FILES(all) "$LIB_FILES(slow) $LIB_FILES(fast)"

set QRC_TECH_FILE(rcworst) "/home/user_27/work/tech/gpdk045/gpdk045_v_6_0/qrc/rcworst/qrcTechFile"
set QRC_TECH_FILE(rcbest) "/home/user_27/work/tech/gpdk045/gpdk045_v_6_0/qrc/rcbest/qrcTechFile"
set QRC_TECH_FILE(typical) "/home/user_27/work/tech/gpdk045/gpdk045_v_6_0/qrc/typical/qrcTechFile"

set PHYSICAL_CELL_LIST "[get_lib_cell */*FILL*]"
set CLK_BUFFERS "[get_lib_cell */*CLKBUF*] "
set CLK_INVERTERS " [get_lib_cell */*CLKINV*]"

} ;# END OF GPDK045 SETUP
ATSH_VLSI: MULTIVT is set to true. All available (rvt, lvt, hvt) vt cells will be used.
Warning : Could not find requested search value. [SDC-208] [get_lib_cells]
        : The 'get_lib_cells' command cannot find any library cells for the specified objects.
        : Use get_* commands to find the objects along with a wild card entry in the name of the object to check if the object is existing with different naming style.
Warning : Could not find requested search value. [SDC-208] [get_lib_cells]
        : The 'get_lib_cells' command cannot find any library cells for the specified objects.
Warning : Could not find requested search value. [SDC-208] [get_lib_cells]
        : The 'get_lib_cells' command cannot find any library cells for the specified objects.
#@ End verbose source /home/B2_Robiul/UDIF/aiub_vlsi_impl_demo/util/tech/gpdk045.tcl
@file(project_setup.tcl) 24: set DESIGN_DIR "design_data"
set DESIGN_DIR "design_data"
@file(project_setup.tcl) 25: set DESIGN_NAME "$::env(TOP)"
set DESIGN_NAME "$::env(TOP)"
@file(project_setup.tcl) 26: puts "TOP DESIGN SET TO: $DESIGN_NAME"
puts "TOP DESIGN SET TO: $DESIGN_NAME"
TOP DESIGN SET TO: top
@file(project_setup.tcl) 27: set CLK_PORT "SYS_CLOCK" 
set CLK_PORT "SYS_CLOCK" 
@file(project_setup.tcl) 28: set CLK_PERIOD "5" ;# unit depends on pdk; for gpdk045 the unit is ns
set CLK_PERIOD "5" ;# unit depends on pdk; for gpdk045 the unit is ns
@file(project_setup.tcl) 30: set POWER_NET "VDD"
set POWER_NET "VDD"
@file(project_setup.tcl) 31: set GROUND_NET "VSS"
set GROUND_NET "VSS"
@file(project_setup.tcl) 40: set SYNTH_EFFORT_GENERIC "medium"
set SYNTH_EFFORT_GENERIC "medium"
@file(project_setup.tcl) 41: set SYNTH_EFFORT_OPT "high"
set SYNTH_EFFORT_OPT "high"
@file(project_setup.tcl) 42: set SYNTH_INFO_LEVEL 7
set SYNTH_INFO_LEVEL 7
@file(project_setup.tcl) 43: set SYNTH_LOW_POWER "false"
set SYNTH_LOW_POWER "false"
@file(project_setup.tcl) 45: if { $var(step) == "synth" } {
set RTL_FILES "[glob $DESIGN_DIR/*v]"
set CONSTRAINTS_FILE "[glob $DESIGN_DIR/*sdc]"
#set RTL_FILES "[exec python3 $::env(REPO_ROOT)/util/compile.py $::env(REPO_ROOT)/frontend/$::env(PROJECT)/manifest.json syn]"
#set CONSTRAINTS_FILE "[exec python3 $::env(REPO_ROOT)/util/compile.py $::env(REPO_ROOT)/frontend/$::env(PROJECT)/manifest.json syn_sdc]"
}
if { $var(step) == "synth" } {
set RTL_FILES "[glob $DESIGN_DIR/*v]"
set CONSTRAINTS_FILE "[glob $DESIGN_DIR/*sdc]"
#set RTL_FILES "[exec python3 $::env(REPO_ROOT)/util/compile.py $::env(REPO_ROOT)/frontend/$::env(PROJECT)/manifest.json syn]"
#set CONSTRAINTS_FILE "[exec python3 $::env(REPO_ROOT)/util/compile.py $::env(REPO_ROOT)/frontend/$::env(PROJECT)/manifest.json syn_sdc]"
}
@file(project_setup.tcl) 56: set PNR_INIT_NETLIST "$DESIGN_DIR/${DESIGN_NAME}_gate.v"
set PNR_INIT_NETLIST "$DESIGN_DIR/${DESIGN_NAME}_gate.v"
@file(project_setup.tcl) 57: set PNR_SDC "$DESIGN_DIR/${DESIGN_NAME}.sdc"
set PNR_SDC "$DESIGN_DIR/${DESIGN_NAME}.sdc"
@file(project_setup.tcl) 58: set PNR_VIEW_DEF "$DESIGN_DIR/viewDefinition.tcl"
set PNR_VIEW_DEF "$DESIGN_DIR/viewDefinition.tcl"
@file(project_setup.tcl) 59: set PNR_GND_NETS "VSS"
set PNR_GND_NETS "VSS"
@file(project_setup.tcl) 60: set PNR_PWR_NETS "VDD"
set PNR_PWR_NETS "VDD"
@file(project_setup.tcl) 61: set PNR_MAX_ROUTE_LAYER "6"
set PNR_MAX_ROUTE_LAYER "6"
@file(project_setup.tcl) 62: set PNR_FP_TCL "../floorplan/fp.tcl"
set PNR_FP_TCL "../floorplan/fp.tcl"
@file(project_setup.tcl) 63: set PNR_FP_DEF "../floorplan/fp.def"
set PNR_FP_DEF "../floorplan/fp.def"
@file(project_setup.tcl) 64: set PNR_FP_PRIORITY "TCL"
set PNR_FP_PRIORITY "TCL"
#@ End verbose source ../project_setup.tcl
@file(run_synth.tcl) 20: set DESIGN $DESIGN_NAME
@file(run_synth.tcl) 21: puts "DESIGN SET TO $DESIGN"
DESIGN SET TO top
@file(run_synth.tcl) 22: set GEN_EFF $SYNTH_EFFORT_GENERIC
@file(run_synth.tcl) 23: set MAP_OPT_EFF $SYNTH_EFFORT_OPT
@file(run_synth.tcl) 24: set DATE [clock format [clock seconds] -format "%b%d-%T"]
@file(run_synth.tcl) 25: set _OUTPUTS_PATH outputs_${DATE}
@file(run_synth.tcl) 26: set _REPORTS_PATH reports_${DATE}
@file(run_synth.tcl) 27: set _LOG_PATH logs_${DATE}
@file(run_synth.tcl) 29: set_db / .init_lib_search_path  {. ../LIB $TECH_DIR}
  Setting attribute of root '/': 'init_lib_search_path' = . ../LIB $TECH_DIR
@file(run_synth.tcl) 31: set_db / .init_hdl_search_path  {. ../RTL $DESIGN_DIR}
  Setting attribute of root '/': 'init_hdl_search_path' = . ../RTL $DESIGN_DIR
@file(run_synth.tcl) 44: set_db / .information_level $SYNTH_INFO_LEVEL
  Setting attribute of root '/': 'information_level' = 7
@file(run_synth.tcl) 51: eval "set_db / .library {$LIB_FILES(all)}"

Threads Configured:6
Info    : Missing a function attribute in the output pin definition. [LBR-518]
        : Functionality is missing at pin 'Y' for the cell 'HOLDX1HVT'. (File /home/user_27/work/tech/gpdk045/gsclib045_all_v4.7/gsclib045_hvt/timing/slow_vdd1v0_basicCells_hvt.lib, Line 67517)
Info    : Missing a function attribute in the output pin definition. [LBR-518]
        : Functionality is missing at pin 'Y' for the cell 'HOLDX1HVT'. (File /home/user_27/work/tech/gpdk045/gsclib045_all_v4.7/gsclib045_hvt/timing/fast_vdd1v2_basicCells_hvt.lib, Line 67517)

  Message Summary for Library both libraries:
  *******************************************
  Missing a function attribute in the output pin definition. [LBR-518]: 2
  *******************************************
 
            Reading file '/home/user_27/work/tech/gpdk045/gsclib045_all_v4.7/gsclib045_hvt/timing/slow_vdd1v0_basicCells_hvt.lib'
            Reading file '/home/user_27/work/tech/gpdk045/gsclib045_all_v4.7/gsclib045_hvt/timing/fast_vdd1v2_basicCells_hvt.lib'
Warning : Libraries have inconsistent nominal operating conditions. In the Liberty library, there are attributes called nom_voltage, nom_process and nom_temperature. Genus reports the message, if the respective values of the 2 given .libs differ. [LBR-38]
        : The libraries are 'slow_vdd1v0' and 'fast_vdd1v2'.
        : This is a common source of delay calculation confusion and should be avoided.
Info    : Created nominal operating condition. [LBR-412]
        : Operating condition '_nominal_' was created for the PVT values (1.000000, 0.900000, 125.000000) in library 'slow_vdd1v0_basicCells_hvt.lib'.
        : The nominal operating condition is represented, either by the nominal PVT values specified in the library source (via nom_process,nom_voltage and nom_temperature respectively), or by the default PVT values (1.0,1.0,1.0).
Info    : Created nominal operating condition. [LBR-412]
        : Operating condition '_nominal_' was created for the PVT values (1.000000, 1.320000, 0.000000) in library 'fast_vdd1v2_basicCells_hvt.lib'.
Warning : Library cell has no output pins defined. [LBR-9]
        : Library cell 'ANTENNAHVT' must have an output pin.
        : Add the missing output pin(s), then reload the library. Else the library cell will be marked as timing model i.e. unusable. Timing_model means that the cell does not have any defined function. If there is no output pin, Genus will mark library cell as unusable i.e. the attribute 'usable' will be marked to 'false' on the libcell. Therefore, the cell is not used for mapping and it will not be picked up from the library for synthesis. If you query the attribute 'unusable_reason' on the libcell; result will be: 'Library cell has no output pins.'Note: The message LBR-9 is only for the logical pins and not for the power_ground pins. Genus will depend upon the output function defined in the pin group (output pin) of the cell, to use it for mapping. The pg_pin will not have any function defined.
Warning : Library cell has no output pins defined. [LBR-9]
        : Library cell 'ANTENNAHVT' must have an output pin.
Info    : An output library pin lacks a function attribute. [LBR-41]
        : Output pin 'HOLDX1HVT/Y' has no function.
        : If the remainder of this library cell's semantic checks are successful, it will be considered as a timing-model (because one of its outputs does not have a valid function.
Warning : Library cell has no output pins defined. [LBR-9]
        : Library cell 'ANTENNAHVT' must have an output pin.
Warning : Library cell has no output pins defined. [LBR-9]
        : Library cell 'ANTENNAHVT' must have an output pin.
Info    : An output library pin lacks a function attribute. [LBR-41]
        : Output pin 'HOLDX1HVT/Y' has no function.
Warning : Multiply-defined library cell. [LBR-22]
        : Library-cell name collision (slow_vdd1v0/ACHCONX2HVT and fast_vdd1v2/ACHCONX2HVT).  Deleting (fast_vdd1v2/ACHCONX2HVT).
        : Library cell names must be unique.  Any duplicates will be deleted.  Only the first (as determined by the order of libraries) will be retained.
Warning : Multiply-defined library cell. [LBR-22]
        : Library-cell name collision (slow_vdd1v0/ADDFHX1HVT and fast_vdd1v2/ADDFHX1HVT).  Deleting (fast_vdd1v2/ADDFHX1HVT).
Warning : Multiply-defined library cell. [LBR-22]
        : Library-cell name collision (slow_vdd1v0/ADDFHX2HVT and fast_vdd1v2/ADDFHX2HVT).  Deleting (fast_vdd1v2/ADDFHX2HVT).
Warning : Multiply-defined library cell. [LBR-22]
        : Library-cell name collision (slow_vdd1v0/ADDFHX4HVT and fast_vdd1v2/ADDFHX4HVT).  Deleting (fast_vdd1v2/ADDFHX4HVT).
Warning : Multiply-defined library cell. [LBR-22]
        : Library-cell name collision (slow_vdd1v0/ADDFHXLHVT and fast_vdd1v2/ADDFHXLHVT).  Deleting (fast_vdd1v2/ADDFHXLHVT).
Warning : Multiply-defined library cell. [LBR-22]
        : Library-cell name collision (slow_vdd1v0/ADDFX1HVT and fast_vdd1v2/ADDFX1HVT).  Deleting (fast_vdd1v2/ADDFX1HVT).
Warning : Multiply-defined library cell. [LBR-22]
        : Library-cell name collision (slow_vdd1v0/ADDFX2HVT and fast_vdd1v2/ADDFX2HVT).  Deleting (fast_vdd1v2/ADDFX2HVT).
Warning : Multiply-defined library cell. [LBR-22]
        : Library-cell name collision (slow_vdd1v0/ADDFX4HVT and fast_vdd1v2/ADDFX4HVT).  Deleting (fast_vdd1v2/ADDFX4HVT).
Warning : Multiply-defined library cell. [LBR-22]
        : Library-cell name collision (slow_vdd1v0/ADDFXLHVT and fast_vdd1v2/ADDFXLHVT).  Deleting (fast_vdd1v2/ADDFXLHVT).
Warning : Multiply-defined library cell. [LBR-22]
        : Library-cell name collision (slow_vdd1v0/ADDHX1HVT and fast_vdd1v2/ADDHX1HVT).  Deleting (fast_vdd1v2/ADDHX1HVT).
Warning : Multiply-defined library cell. [LBR-22]
        : Library-cell name collision (slow_vdd1v0/ADDHX2HVT and fast_vdd1v2/ADDHX2HVT).  Deleting (fast_vdd1v2/ADDHX2HVT).
Warning : Multiply-defined library cell. [LBR-22]
        : Library-cell name collision (slow_vdd1v0/ADDHX4HVT and fast_vdd1v2/ADDHX4HVT).  Deleting (fast_vdd1v2/ADDHX4HVT).
Warning : Multiply-defined library cell. [LBR-22]
        : Library-cell name collision (slow_vdd1v0/ADDHXLHVT and fast_vdd1v2/ADDHXLHVT).  Deleting (fast_vdd1v2/ADDHXLHVT).
Warning : Multiply-defined library cell. [LBR-22]
        : Library-cell name collision (slow_vdd1v0/AND2X1HVT and fast_vdd1v2/AND2X1HVT).  Deleting (fast_vdd1v2/AND2X1HVT).
Warning : Multiply-defined library cell. [LBR-22]
        : Library-cell name collision (slow_vdd1v0/AND2X2HVT and fast_vdd1v2/AND2X2HVT).  Deleting (fast_vdd1v2/AND2X2HVT).
Warning : Multiply-defined library cell. [LBR-22]
        : Library-cell name collision (slow_vdd1v0/AND2X4HVT and fast_vdd1v2/AND2X4HVT).  Deleting (fast_vdd1v2/AND2X4HVT).
Warning : Multiply-defined library cell. [LBR-22]
        : Library-cell name collision (slow_vdd1v0/AND2X6HVT and fast_vdd1v2/AND2X6HVT).  Deleting (fast_vdd1v2/AND2X6HVT).
Warning : Multiply-defined library cell. [LBR-22]
        : Library-cell name collision (slow_vdd1v0/AND2X8HVT and fast_vdd1v2/AND2X8HVT).  Deleting (fast_vdd1v2/AND2X8HVT).
Warning : Multiply-defined library cell. [LBR-22]
        : Library-cell name collision (slow_vdd1v0/AND2XLHVT and fast_vdd1v2/AND2XLHVT).  Deleting (fast_vdd1v2/AND2XLHVT).
Warning : Multiply-defined library cell. [LBR-22]
        : Library-cell name collision (slow_vdd1v0/AND3X1HVT and fast_vdd1v2/AND3X1HVT).  Deleting (fast_vdd1v2/AND3X1HVT).
Warning : Maximum message print count reached. [MESG-11]
        : Maximum print count of '20' reached for message 'LBR-22'.
  Setting attribute of root '/': 'library' =  /home/user_27/work/tech/gpdk045/gsclib045_all_v4.7/gsclib045_hvt/timing/slow_vdd1v0_basicCells_hvt.lib  /home/user_27/work/tech/gpdk045/gsclib045_all_v4.7/gsclib045_hvt/timing/fast_vdd1v2_basicCells_hvt.lib
@file(run_synth.tcl) 53: eval "set_db / .lef_library  {$LEF_FILES}"
Info    : Via with no resistance will have a value of '0.0' assigned for resistance value. [PHYS-129]
        : Via 'M2_M1_HV' has no resistance value.
        : If this is the expected behavior, this message can be ignored.
Info    : Via with no resistance will have a value of '0.0' assigned for resistance value. [PHYS-129]
        : Via 'M2_M1_VV' has no resistance value.
Info    : Via with no resistance will have a value of '0.0' assigned for resistance value. [PHYS-129]
        : Via 'M2_M1_VH' has no resistance value.
Info    : Via with no resistance will have a value of '0.0' assigned for resistance value. [PHYS-129]
        : Via 'M2_M1_HH' has no resistance value.
Info    : Via with no resistance will have a value of '0.0' assigned for resistance value. [PHYS-129]
        : Via 'M2_M1_2x1_HV_E' has no resistance value.
Info    : Via with no resistance will have a value of '0.0' assigned for resistance value. [PHYS-129]
        : Via 'M2_M1_2x1_HV_W' has no resistance value.
Info    : Via with no resistance will have a value of '0.0' assigned for resistance value. [PHYS-129]
        : Via 'M2_M1_1x2_HV_N' has no resistance value.
Info    : Via with no resistance will have a value of '0.0' assigned for resistance value. [PHYS-129]
        : Via 'M2_M1_1x2_HV_S' has no resistance value.
Info    : Via with no resistance will have a value of '0.0' assigned for resistance value. [PHYS-129]
        : Via 'M3_M2_VH' has no resistance value.
Info    : Via with no resistance will have a value of '0.0' assigned for resistance value. [PHYS-129]
        : Via 'M3_M2_HH' has no resistance value.
Info    : Via with no resistance will have a value of '0.0' assigned for resistance value. [PHYS-129]
        : Via 'M3_M2_HV' has no resistance value.
Info    : Via with no resistance will have a value of '0.0' assigned for resistance value. [PHYS-129]
        : Via 'M3_M2_VV' has no resistance value.
Info    : Via with no resistance will have a value of '0.0' assigned for resistance value. [PHYS-129]
        : Via 'M3_M2_M_NH' has no resistance value.
Info    : Via with no resistance will have a value of '0.0' assigned for resistance value. [PHYS-129]
        : Via 'M3_M2_M_SH' has no resistance value.
Info    : Via with no resistance will have a value of '0.0' assigned for resistance value. [PHYS-129]
        : Via 'M3_M2_2x1_VH_E' has no resistance value.
Info    : Via with no resistance will have a value of '0.0' assigned for resistance value. [PHYS-129]
        : Via 'M3_M2_2x1_VH_W' has no resistance value.
Info    : Via with no resistance will have a value of '0.0' assigned for resistance value. [PHYS-129]
        : Via 'M3_M2_1x2_VH_N' has no resistance value.
Info    : Via with no resistance will have a value of '0.0' assigned for resistance value. [PHYS-129]
        : Via 'M3_M2_1x2_VH_S' has no resistance value.
Info    : Via with no resistance will have a value of '0.0' assigned for resistance value. [PHYS-129]
        : Via 'M4_M3_HV' has no resistance value.
Info    : Via with no resistance will have a value of '0.0' assigned for resistance value. [PHYS-129]
        : Via 'M4_M3_VV' has no resistance value.
Warning : Maximum message print count reached. [MESG-11]
        : Maximum print count of '20' reached for message 'PHYS-129'.

  According to lef_library, there are total 11 routing layers [ V(5) / H(6) ]

Info    : Mismatch in unateness between 'timing_sense' attribute and the function. [LBR-155]
        : 'timing_sense' attribute between pin 'CI' and 'S' in libcell 'ADDFHX1HVT' is 'pos_unate', but unateness determined from function is 'non_unate'.
        : The 'timing_sense' attribute will be respected.
Info    : Mismatch in unateness between 'timing_sense' attribute and the function. [LBR-155]
        : 'timing_sense' attribute between pin 'CI' and 'S' in libcell 'ADDFHX1HVT' is 'neg_unate', but unateness determined from function is 'non_unate'.
Info    : Both 'pos_unate' and 'neg_unate' timing_sense arcs have been processed. [LBR-162]
        : Non_unate 'timing_sense' inferred between pin 'CI' and 'S' in libcell 'ADDFHX1HVT'.
        : Setting the 'timing_sense' to non_unate.
Info    : Mismatch in unateness between 'timing_sense' attribute and the function. [LBR-155]
        : 'timing_sense' attribute between pin 'B' and 'S' in libcell 'ADDFHX1HVT' is 'pos_unate', but unateness determined from function is 'non_unate'.
Info    : Mismatch in unateness between 'timing_sense' attribute and the function. [LBR-155]
        : 'timing_sense' attribute between pin 'B' and 'S' in libcell 'ADDFHX1HVT' is 'neg_unate', but unateness determined from function is 'non_unate'.
Info    : Both 'pos_unate' and 'neg_unate' timing_sense arcs have been processed. [LBR-162]
        : Non_unate 'timing_sense' inferred between pin 'B' and 'S' in libcell 'ADDFHX1HVT'.
Info    : Mismatch in unateness between 'timing_sense' attribute and the function. [LBR-155]
        : 'timing_sense' attribute between pin 'A' and 'S' in libcell 'ADDFHX1HVT' is 'pos_unate', but unateness determined from function is 'non_unate'.
Info    : Mismatch in unateness between 'timing_sense' attribute and the function. [LBR-155]
        : 'timing_sense' attribute between pin 'A' and 'S' in libcell 'ADDFHX1HVT' is 'neg_unate', but unateness determined from function is 'non_unate'.
Info    : Both 'pos_unate' and 'neg_unate' timing_sense arcs have been processed. [LBR-162]
        : Non_unate 'timing_sense' inferred between pin 'A' and 'S' in libcell 'ADDFHX1HVT'.
Info    : Mismatch in unateness between 'timing_sense' attribute and the function. [LBR-155]
        : 'timing_sense' attribute between pin 'CI' and 'S' in libcell 'ADDFHX2HVT' is 'pos_unate', but unateness determined from function is 'non_unate'.
Info    : Mismatch in unateness between 'timing_sense' attribute and the function. [LBR-155]
        : 'timing_sense' attribute between pin 'CI' and 'S' in libcell 'ADDFHX2HVT' is 'neg_unate', but unateness determined from function is 'non_unate'.
Info    : Both 'pos_unate' and 'neg_unate' timing_sense arcs have been processed. [LBR-162]
        : Non_unate 'timing_sense' inferred between pin 'CI' and 'S' in libcell 'ADDFHX2HVT'.
Info    : Mismatch in unateness between 'timing_sense' attribute and the function. [LBR-155]
        : 'timing_sense' attribute between pin 'B' and 'S' in libcell 'ADDFHX2HVT' is 'pos_unate', but unateness determined from function is 'non_unate'.
Info    : Mismatch in unateness between 'timing_sense' attribute and the function. [LBR-155]
        : 'timing_sense' attribute between pin 'B' and 'S' in libcell 'ADDFHX2HVT' is 'neg_unate', but unateness determined from function is 'non_unate'.
Info    : Both 'pos_unate' and 'neg_unate' timing_sense arcs have been processed. [LBR-162]
        : Non_unate 'timing_sense' inferred between pin 'B' and 'S' in libcell 'ADDFHX2HVT'.
Info    : Setting the maximum print count of this message to 10 if information_level is less than 9. [LBR-161]
        : To print all the warning messages, set the information_level to 9.
Info    : Both 'pos_unate' and 'neg_unate' timing_sense arcs have been processed. [LBR-162]
        : Non_unate 'timing_sense' inferred between pin 'A' and 'S' in libcell 'ADDFHX2HVT'.
Info    : Both 'pos_unate' and 'neg_unate' timing_sense arcs have been processed. [LBR-162]
        : Non_unate 'timing_sense' inferred between pin 'CI' and 'S' in libcell 'ADDFHX4HVT'.
Info    : Both 'pos_unate' and 'neg_unate' timing_sense arcs have been processed. [LBR-162]
        : Non_unate 'timing_sense' inferred between pin 'B' and 'S' in libcell 'ADDFHX4HVT'.
Info    : Both 'pos_unate' and 'neg_unate' timing_sense arcs have been processed. [LBR-162]
        : Non_unate 'timing_sense' inferred between pin 'A' and 'S' in libcell 'ADDFHX4HVT'.
Info    : Both 'pos_unate' and 'neg_unate' timing_sense arcs have been processed. [LBR-162]
        : Non_unate 'timing_sense' inferred between pin 'CI' and 'S' in libcell 'ADDFHXLHVT'.
Info    : Both 'pos_unate' and 'neg_unate' timing_sense arcs have been processed. [LBR-162]
        : Non_unate 'timing_sense' inferred between pin 'B' and 'S' in libcell 'ADDFHXLHVT'.
Info    : Both 'pos_unate' and 'neg_unate' timing_sense arcs have been processed. [LBR-162]
        : Non_unate 'timing_sense' inferred between pin 'A' and 'S' in libcell 'ADDFHXLHVT'.
Info    : Both 'pos_unate' and 'neg_unate' timing_sense arcs have been processed. [LBR-162]
        : Non_unate 'timing_sense' inferred between pin 'CI' and 'S' in libcell 'ADDFX1HVT'.
Info    : Both 'pos_unate' and 'neg_unate' timing_sense arcs have been processed. [LBR-162]
        : Non_unate 'timing_sense' inferred between pin 'B' and 'S' in libcell 'ADDFX1HVT'.
Info    : Both 'pos_unate' and 'neg_unate' timing_sense arcs have been processed. [LBR-162]
        : Non_unate 'timing_sense' inferred between pin 'A' and 'S' in libcell 'ADDFX1HVT'.
Info    : Both 'pos_unate' and 'neg_unate' timing_sense arcs have been processed. [LBR-162]
        : Non_unate 'timing_sense' inferred between pin 'CI' and 'S' in libcell 'ADDFX2HVT'.
Info    : Both 'pos_unate' and 'neg_unate' timing_sense arcs have been processed. [LBR-162]
        : Non_unate 'timing_sense' inferred between pin 'B' and 'S' in libcell 'ADDFX2HVT'.
Info    : Both 'pos_unate' and 'neg_unate' timing_sense arcs have been processed. [LBR-162]
        : Non_unate 'timing_sense' inferred between pin 'A' and 'S' in libcell 'ADDFX2HVT'.
Info    : Both 'pos_unate' and 'neg_unate' timing_sense arcs have been processed. [LBR-162]
        : Non_unate 'timing_sense' inferred between pin 'CI' and 'S' in libcell 'ADDFX4HVT'.
Info    : Both 'pos_unate' and 'neg_unate' timing_sense arcs have been processed. [LBR-162]
        : Non_unate 'timing_sense' inferred between pin 'B' and 'S' in libcell 'ADDFX4HVT'.
Warning : Maximum message print count reached. [MESG-11]
        : Maximum print count of '20' reached for message 'LBR-162'.
  Libraries have 324 usable logic and 128 usable sequential lib-cells.
Warning : Physical cell not defined in library. [PHYS-279]
        : The physical (LEF) cell FILL1HVT cannot be found in library.
        : Ensure that the proper library files are available and have been imported.
Warning : Physical cell not defined in library. [PHYS-279]
        : The physical (LEF) cell FILL16HVT cannot be found in library.
Warning : Physical cell not defined in library. [PHYS-279]
        : The physical (LEF) cell FILL2HVT cannot be found in library.
Warning : Physical cell not defined in library. [PHYS-279]
        : The physical (LEF) cell FILL32HVT cannot be found in library.
Warning : Physical cell not defined in library. [PHYS-279]
        : The physical (LEF) cell FILL4HVT cannot be found in library.
Warning : Physical cell not defined in library. [PHYS-279]
        : The physical (LEF) cell FILL64HVT cannot be found in library.
Warning : Physical cell not defined in library. [PHYS-279]
        : The physical (LEF) cell FILL8HVT cannot be found in library.
  Setting attribute of root '/': 'lef_library' = /home/user_27/work/tech/gpdk045/gsclib045_all_v4.7/gsclib045_tech/lef/gsclib045_tech.lef /home/user_27/work/tech/gpdk045/gsclib045_all_v4.7/gsclib045_hvt/lef/gsclib045_hvt_macro.lef
@file(run_synth.tcl) 56: if {$SYNTH_LOW_POWER == "true" } {
set_db / .lp_insert_clock_gating true 
}
@file(run_synth.tcl) 68: if {$SYNTH_LOW_POWER == "true" } {
set_db / .leakage_power_effort high 
} else {
set_db / .leakage_power_effort medium 
}
Warning : This attribute will be obsolete in a next major release. [TUI-32]
        : attribute: 'leakage_power_effort', object type: 'root'
        : This attribute is obsolete. Use design_power_effort attribute instead.
  Setting attribute of root '/': 'leakage_power_effort' = medium
@file(run_synth.tcl) 80: read_hdl -sv "$RTL_FILES"
            Reading Verilog file 'design_data/top.sv'
@file(run_synth.tcl) 81: eval "elaborate $DESIGN"
Info    : Elaborating Design. [ELAB-1]
        : Elaborating top-level block 'top' from file 'design_data/top.sv'.
Info    : Bitwidth mismatch in assignment. [CDFG-372]
        : Width of left hand side 'Y' [10] doesn't match the width of right hand side [32] in assignment in file 'design_data/top.sv' on line 15.
        : Review and make sure the mismatch is unintentional. Genus can possibly issue bitwidth mismatch warning for explicit assignments present in RTL as-well-as for implicit assignments inferred by the tool. For example, in case of enum declaration without value, the tool will implicitly assign value to the enum variables. It also issues the warning for any bitwidth mismatch that appears in this implicit assignment.
Info    : Bitwidth mismatch in assignment. [CDFG-372]
        : Width of left hand side 'Y' [10] doesn't match the width of right hand side [4] in assignment in file 'design_data/top.sv' on line 17.
Info    : Done Elaborating Design. [ELAB-3]
        : Done elaborating 'top'.
Checking for analog nets...
Check completed for analog nets.
Checking for source RTL...
Check completed for source RTL.
Running Unified Mux Engine Tricks...
Completed Unified Mux Engine Tricks

Stage: post_elab
--------------------------------------------------------
| Trick             | Accepts | Rejects | Runtime (ms) | 
--------------------------------------------------------
| ume_constant_bmux |       0 |       0 |         0.00 | 
--------------------------------------------------------
Starting clip mux common data inputs [v1.0] (stage: post_elab, startdef: top, recur: true)
Completed clip mux common data inputs (accepts: 0, rejects: 0, runtime: 0.000s)
Starting clip the non-user hierarchies [v2.0] (stage: post_elab, startdef: top, recur: true)
Completed clip the non-user hierarchies (accepts: 0, rejects: 0, runtime: 0.000s)

Stage: post_elab
---------------------------------------------------------
| Transform          | Accepts | Rejects | Runtime (ms) | 
---------------------------------------------------------
| hlo_clip_mux_input |       0 |       0 |         0.00 | 
| hlo_clip           |       0 |       0 |         0.00 | 
---------------------------------------------------------
        Computing net loads.
UM:   flow.cputime  flow.realtime  timing.setup.tns  timing.setup.wns  snapshot
UM:*                                                                   elaborate
@file(run_synth.tcl) 82: puts "Runtime & Memory after 'read_hdl'"
Runtime & Memory after 'read_hdl'
@file(run_synth.tcl) 83: time_info Elaboration
stamp 'Elaboration' being created for table 'default'

  Total Time (Wall) |  Stage Time (Wall)  |   % (Wall)   |    Date - Time     |  Memory   | Stage
--------------------+---------------------+--------------+--------------------+-----------+----------------------
 00:00:09(00:00:00) |  00:00:00(00:00:00) |   0.0(  0.0) |   10:33:20 (May02) |  150.8 MB | init
--------------------+---------------------+--------------+--------------------+-----------+----------------------
 00:00:20(00:00:10) |  00:00:11(00:00:10) | 100.0(100.0) |   10:33:30 (May02) |  296.2 MB | Elaboration
--------------------+---------------------+--------------+--------------------+-----------+----------------------
Number of threads: 8 * 1   (id: default, time_info v1.57)
Info: (*N*) indicates data that was populated from previously saved time_info database
Info: CPU time includes time of parent + longest thread
@file(run_synth.tcl) 87: check_design -unresolved


 	 Check Design Report (c)
	 ------------------- 

  Unresolved References & Empty Modules
  ------------------------------------- 
No unresolved references in design 'top'

No empty modules in design 'top'

  Done Checking the design.
@file(run_synth.tcl) 93: read_sdc $CONSTRAINTS_FILE 
Warning : Could not find requested search value. [SDC-208] [get_ports]
        : The 'get_ports' command on line '5' of the SDC file 'design_data/top.sdc'  cannot find any ports named 'CLK'
Error   : Could not interpret SDC command. [SDC-202] [read_sdc]
        : The 'read_sdc' command encountered an error while processing this command on line '5' of the SDC file 'design_data/top.sdc': set data_inputs [remove_from_collection [all_inputs] [get_ports CLK]].
        : The 'read_sdc' command encountered a problem while trying to evaluate an SDC command. This SDC command will be added to the Tcl variable $::dc::sdc_failed_commands.
Warning : Unsupported SDC command option. [SDC-201] [set_input_delay]
        : The set_input_delay command is not supported on ports which have a clock already defined 'port:top/SYS_CLOCK'.
        : The current version does not support this SDC command option.  However, future versions may be enhanced to support this option.
            Reading file '/home/B2_Robiul/UDIF/aiub_vlsi_impl_demo/projects/new_Project2A/synth_hvt/design_data/top.sdc'
Statistics for commands executed by read_sdc:
 "all_inputs"               - successful      1 , failed      0 (runtime  0.00)
 "all_outputs"              - successful      1 , failed      0 (runtime  0.00)
 "create_clock"             - successful      1 , failed      0 (runtime  0.01)
 "get_ports"                - successful      1 , failed      1 (runtime  0.00)
 "remove_from_collection"   - successful      1 , failed      0 (runtime  0.00)
 "set_false_path"           - successful      1 , failed      0 (runtime  0.00)
 "set_input_delay"          - successful      1 , failed      0 (runtime  0.01)
 "set_output_delay"         - successful      1 , failed      0 (runtime  0.00)
Warning : Total failed commands during read_sdc are 1
Warning : One or more commands failed when these constraints were applied. [SDC-209]
        : The 'read_sdc' command encountered a problem while processing commands.
        : You can examine the failed commands or save them to a file by querying the Tcl variable $::dc::sdc_failed_commands.
read_sdc completed in 00:00:00 (hh:mm:ss)
@file(run_synth.tcl) 94: puts "The number of exceptions is [llength [vfind "design:$DESIGN" -exception *]]"
The number of exceptions is 2
@file(run_synth.tcl) 99: if {![file exists ${_LOG_PATH}]} {
  file mkdir ${_LOG_PATH}
  puts "Creating directory ${_LOG_PATH}"
}
Creating directory logs_May02-10:33:27
@file(run_synth.tcl) 104: if {![file exists ${_OUTPUTS_PATH}]} {
  file mkdir ${_OUTPUTS_PATH}
  puts "Creating directory ${_OUTPUTS_PATH}"
}
Creating directory outputs_May02-10:33:27
@file(run_synth.tcl) 109: if {![file exists ${_REPORTS_PATH}]} {
  file mkdir ${_REPORTS_PATH}
  puts "Creating directory ${_REPORTS_PATH}"
}
Creating directory reports_May02-10:33:27
@file(run_synth.tcl) 113: check_timing_intent
        Computing net loads.
        Tracing clock networks.
Info    : Multimode clock gating check is disabled. [TIM-1000]
        Levelizing the circuit.
        Computing delays.
        Computing arrivals and requireds.
============================================================
  Generated by:           Genus(TM) Synthesis Solution 21.18-s082_1
  Generated on:           May 02 2026  10:33:31 am
  Module:                 top
  Technology libraries:   slow_vdd1v0 1.0
                          fast_vdd1v2 1.0
                          physical_cells 
  Operating conditions:   PVT_0P9V_125C 
  Interconnect mode:      global
  Area mode:              physical library
============================================================

-------------------------------------------------------------------------------
Inputs without external driver/transition

The following primary inputs have no external driver or input transition set.   
As a result the transition on the ports will be assumed as zero. The            
'external_driver' attribute is used to add and external driver or the           
'fixed_slew' attribute to add an external transition.                           

port:top/C0[0]
port:top/C0[1]
port:top/C0[2]
  ... 30 other warnings in this category.
 Use the -verbose option for more details.
-------------------------------------------------------------------------------

-------------------------------------------------------------------------------
Outputs without external load

The following primary outputs have no external load set. As a result the load   
on the ports will be assumed as zero. The 'external_pin_cap' attribute is used  
to add and external pin cap.                                                    

port:top/Y[0]
port:top/Y[1]
port:top/Y[2]
  ... 7 other warnings in this category.
 Use the -verbose option for more details.
-------------------------------------------------------------------------------


Lint summary
 Unconnected/logic driven clocks                                  0
 Sequential data pins driven by a clock signal                    0
 Sequential clock pins without clock waveform                     0
 Sequential clock pins with multiple clock waveforms              0
 Generated clocks without clock waveform                          0
 Generated clocks with incompatible options                       0
 Generated clocks with multi-master clock                         0
 Paths constrained with different clocks                          0
 Loop-breaking cells for combinational feedback                   0
 Nets with multiple drivers                                       0
 Timing exceptions with no effect                                 0
 Suspicious multi_cycle exceptions                                0
 Pins/ports with conflicting case constants                       0
 Inputs without clocked external delays                           0
 Outputs without clocked external delays                          0
 Inputs without external driver/transition                       33
 Outputs without external load                                   10
 Exceptions with invalid timing start-/endpoints                  0

                                                  Total:         43

@file(run_synth.tcl) 123: if {[llength [all_registers]] > 0} { 
  define_cost_group -name I2C -design $DESIGN
  define_cost_group -name C2O -design $DESIGN
  define_cost_group -name C2C -design $DESIGN
  path_group -from [all_registers] -to [all_registers] -group C2C -name C2C
  path_group -from [all_registers] -to [all_outputs] -group C2O -name C2O
  path_group -from [all_inputs]  -to [all_registers] -group I2C -name I2C
}
@file(run_synth.tcl) 132: define_cost_group -name I2O -design $DESIGN
@file(run_synth.tcl) 133: path_group -from [all_inputs]  -to [all_outputs] -group I2O -name I2O
@file(run_synth.tcl) 134: foreach cg [vfind / -cost_group *] {
  report_timing -group [list $cg] >> $_REPORTS_PATH/${DESIGN}_pretim.rpt
}
        Computing arrivals and requireds.
@file(run_synth.tcl) 163: set_db / .syn_generic_effort $GEN_EFF
  Setting attribute of root '/': 'syn_generic_effort' = medium
@file(run_synth.tcl) 164: syn_generic
      Running additional step before syn_gen...


Stage: pre_early_cg
------------------------------------------------
| Transform | Accepts | Rejects | Runtime (ms) | 
------------------------------------------------
------------------------------------------------
##Generic Timing Info for library domain: _default_ typical gate delay: 236.6 ps std_slew: 29.2 ps std_load: 0.8 fF
Starting mux data reorder optimization [v1.0] (stage: pre_to_gen_setup, startdef: top, recur: true)
Completed mux data reorder optimization (accepts: 0, rejects: 0, runtime: 0.000s)

Stage: pre_to_gen_setup
------------------------------------------------------
| Transform       | Accepts | Rejects | Runtime (ms) | 
------------------------------------------------------
| hlo_mux_reorder |       0 |       0 |         0.00 | 
------------------------------------------------------
Current PLE settings:

Aspect ratio        : 1.000
Shrink factor       : 1.000
Scale of res/length : 1.000
Scale of cap/length : 1.000
Net derating factor : 1.000
Thermal factor      : 1.000
Via Resistance      : 0.000 ohm (from default)
Site size           : 1.910 um (from lef [tech+cell])

                                   Capacitance  
  Layer                             / Length         Data source:
Name        Direction Utilization  (pF/micron)       lef_library
------------------------------------------------
Metal1          H         0.00        0.000412  
Metal2          V         1.00        0.000416  
Metal3          H         1.00        0.000416  
Metal4          V         1.00        0.000416  
Metal5          H         1.00        0.000416  
Metal6          V         1.00        0.000416  
Metal7          H         1.00        0.000416  
Metal8          V         1.00        0.000416  
Metal9          H         1.00        0.000416  
Metal10         V         1.00        0.000444  
Metal11         H         1.00        0.000444  

                                    Resistance   
  Layer                              / Length         Data source:
Name        Direction Utilization  (ohm/micron)       lef_library
-------------------------------------------------
Metal1          H         0.00         1.226667  
Metal2          V         1.00         0.755000  
Metal3          H         1.00         0.755000  
Metal4          V         1.00         0.755000  
Metal5          H         1.00         0.755000  
Metal6          V         1.00         0.755000  
Metal7          H         1.00         0.755000  
Metal8          V         1.00         0.267500  
Metal9          H         1.00         0.267500  
Metal10         V         1.00         0.097273  
Metal11         H         1.00         0.095455  

                                        Area     
  Layer                               / Length        Data source:
Name        Direction Utilization     (micron)        lef_library
-------------------------------------------------
Metal1          H         0.00         0.060000  
Metal2          V         1.00         0.080000  
Metal3          H         1.00         0.080000  
Metal4          V         1.00         0.080000  
Metal5          H         1.00         0.080000  
Metal6          V         1.00         0.080000  
Metal7          H         1.00         0.080000  
Metal8          V         1.00         0.080000  
Metal9          H         1.00         0.080000  
Metal10         V         1.00         0.220000  
Metal11         H         1.00         0.220000  

Info    : Synthesizing. [SYNTH-1]
        : Synthesizing 'top' to generic gates using 'medium' effort.
Running Synthesis Turbo Flow Version 1.
PBS_Generic-Start - Elapsed_Time 0, CPU_Time 0.0
stamp 'PBS_Generic-Start' being created for table 'pbs_debug'

  Total Time (Wall) |  Stage Time (Wall)  |   % (Wall)   |    Date - Time     |  Memory   | Stage
--------------------+---------------------+--------------+--------------------+-----------+----------------------
 00:00:21(00:00:12) |  00:00:00(00:00:00) |   0.0(  0.0) |   10:33:32 (May02) |  296.2 MB | PBS_Generic-Start
--------------------+---------------------+--------------+--------------------+-----------+----------------------
Number of threads: 8 * 1   (id: pbs_debug, time_info v1.57)
Info: (*N*) indicates data that was populated from previously saved time_info database
Info: CPU time includes time of parent + longest thread
        Computing net loads.
TNS Restructuring config: no_value at stage: generic applied.
Info    : Partition Based Synthesis execution skipped. [PHYS-752]
        : Design size is less than the partition size '100000' for distributed generic optimization to kick in.
Starting mux data reorder optimization [v1.0] (stage: pre_to_gen_setup, startdef: top, recur: true)
Completed mux data reorder optimization (accepts: 0, rejects: 0, runtime: 0.001s)

Stage: pre_to_gen_setup
------------------------------------------------------
| Transform       | Accepts | Rejects | Runtime (ms) | 
------------------------------------------------------
| hlo_mux_reorder |       0 |       0 |         1.00 | 
------------------------------------------------------
Starting mux data reorder optimization [v1.0] (stage: post_to_gen_setup, startdef: top, recur: true)
Completed mux data reorder optimization (accepts: 0, rejects: 0, runtime: 0.000s)

Stage: post_to_gen_setup
------------------------------------------------------
| Transform       | Accepts | Rejects | Runtime (ms) | 
------------------------------------------------------
| hlo_mux_reorder |       0 |       0 |         0.00 | 
------------------------------------------------------
Current PLE settings:

Aspect ratio        : 1.000
Shrink factor       : 1.000
Scale of res/length : 1.000
Scale of cap/length : 1.000
Net derating factor : 1.000
Thermal factor      : 1.000
Via Resistance      : 0.000 ohm (from default)
Site size           : 1.910 um (from lef [tech+cell])

                                   Capacitance  
  Layer                             / Length         Data source:
Name        Direction Utilization  (pF/micron)       lef_library
------------------------------------------------
Metal1          H         0.00        0.000412  
Metal2          V         1.00        0.000416  
Metal3          H         1.00        0.000416  
Metal4          V         1.00        0.000416  
Metal5          H         1.00        0.000416  
Metal6          V         1.00        0.000416  
Metal7          H         1.00        0.000416  
Metal8          V         1.00        0.000416  
Metal9          H         1.00        0.000416  
Metal10         V         1.00        0.000444  
Metal11         H         1.00        0.000444  

                                    Resistance   
  Layer                              / Length         Data source:
Name        Direction Utilization  (ohm/micron)       lef_library
-------------------------------------------------
Metal1          H         0.00         1.226667  
Metal2          V         1.00         0.755000  
Metal3          H         1.00         0.755000  
Metal4          V         1.00         0.755000  
Metal5          H         1.00         0.755000  
Metal6          V         1.00         0.755000  
Metal7          H         1.00         0.755000  
Metal8          V         1.00         0.267500  
Metal9          H         1.00         0.267500  
Metal10         V         1.00         0.097273  
Metal11         H         1.00         0.095455  

                                        Area     
  Layer                               / Length        Data source:
Name        Direction Utilization     (micron)        lef_library
-------------------------------------------------
Metal1          H         0.00         0.060000  
Metal2          V         1.00         0.080000  
Metal3          H         1.00         0.080000  
Metal4          V         1.00         0.080000  
Metal5          H         1.00         0.080000  
Metal6          V         1.00         0.080000  
Metal7          H         1.00         0.080000  
Metal8          V         1.00         0.080000  
Metal9          H         1.00         0.080000  
Metal10         V         1.00         0.220000  
Metal11         H         1.00         0.220000  

Running Unified Mux Engine Tricks...
Completed Unified Mux Engine Tricks

Stage: pre_hlo_rtlopt
--------------------------------------------
| Trick | Accepts | Rejects | Runtime (ms) | 
--------------------------------------------
--------------------------------------------
Starting infer macro optimization [v1.0] (stage: pre_rtlopt, startdef: top, recur: true)
Completed infer macro optimization (accepts: 0, rejects: 0, runtime: 0.001s)
Starting decode mux sandwich optimization [v2.0] (stage: pre_rtlopt, startdef: top, recur: true)
Completed decode mux sandwich optimization (accepts: 0, rejects: 0, runtime: 0.001s)
Starting decode mux optimization [v1.0] (stage: pre_rtlopt, startdef: top, recur: true)
Completed decode mux optimization (accepts: 0, rejects: 0, runtime: 0.000s)
Starting chop wide muxes [v1.0] (stage: pre_rtlopt, startdef: top, recur: true)
Completed chop wide muxes (accepts: 0, rejects: 0, runtime: 0.000s)
Starting common data mux cascade opt [v1.0] (stage: pre_rtlopt, startdef: top, recur: true)
Completed common data mux cascade opt (accepts: 0, rejects: 0, runtime: 0.000s)
Starting mux input consolidation [v1.0] (stage: pre_rtlopt, startdef: top, recur: true)
Completed mux input consolidation (accepts: 0, rejects: 0, runtime: 0.000s)
Starting constant-data mux optimization [v1.0] (stage: pre_rtlopt, startdef: top, recur: true)
Completed constant-data mux optimization (accepts: 0, rejects: 0, runtime: 0.000s)
Starting chain-to-tree inequality transform [v2.0] (stage: pre_rtlopt, startdef: top, recur: true)
Completed chain-to-tree inequality transform (accepts: 0, rejects: 0, runtime: 0.002s)
Starting reconvergence optimization [v1.0] (stage: pre_rtlopt, startdef: top, recur: true)
Completed reconvergence optimization (accepts: 0, rejects: 0, runtime: 0.000s)
Starting logic restructure optimization [v1.0] (stage: pre_rtlopt, startdef: top, recur: true)
Completed logic restructure optimization (accepts: 0, rejects: 0, runtime: 0.000s)
Starting common select mux optimization [v1.0] (stage: pre_rtlopt, startdef: top, recur: true)
Completed common select mux optimization (accepts: 0, rejects: 0, runtime: 0.000s)
Starting identity transform [v3.0] (stage: pre_rtlopt, startdef: top, recur: true)
Completed identity transform (accepts: 0, rejects: 0, runtime: 0.000s)
Starting reduce operator chain [v1.0] (stage: pre_rtlopt, startdef: top, recur: true)
Completed reduce operator chain (accepts: 0, rejects: 0, runtime: 0.000s)
Starting common data mux cascade opt [v1.0] (stage: pre_rtlopt, startdef: top, recur: true)
Completed common data mux cascade opt (accepts: 0, rejects: 0, runtime: 0.000s)
Starting mux input consolidation [v1.0] (stage: pre_rtlopt, startdef: top, recur: true)
Completed mux input consolidation (accepts: 0, rejects: 0, runtime: 0.000s)
Starting optimize datapath elements [v1.0] (stage: pre_rtlopt, startdef: top, recur: true)
Completed optimize datapath elements (accepts: 0, rejects: 0, runtime: 0.000s)
Starting datapath recasting [v1.0] (stage: pre_rtlopt, startdef: top, recur: true)
Completed datapath recasting (accepts: 0, rejects: 0, runtime: 0.000s)
Starting clip mux common data inputs [v1.0] (stage: pre_rtlopt, startdef: top, recur: true)
Completed clip mux common data inputs (accepts: 0, rejects: 0, runtime: 0.000s)
Starting clip the non-user hierarchies [v2.0] (stage: pre_rtlopt, startdef: top, recur: true)
Completed clip the non-user hierarchies (accepts: 0, rejects: 0, runtime: 0.000s)

Stage: pre_rtlopt
----------------------------------------------------------------
| Transform                 | Accepts | Rejects | Runtime (ms) | 
----------------------------------------------------------------
| hlo_infer_macro           |       0 |       0 |         1.00 | 
| hlo_decode_mux_sandwich   |       0 |       0 |         1.00 | 
| hlo_mux_decode            |       0 |       0 |         0.00 | 
| hlo_chop_mux              |       0 |       0 |         0.00 | 
| hlo_mux_cascade_opt       |       0 |       0 |         0.00 | 
| hlo_mux_consolidation     |       0 |       0 |         0.00 | 
| hlo_constant_mux_opt      |       0 |       0 |         0.00 | 
| hlo_inequality_transform  |       0 |       0 |         2.00 | 
| hlo_reconv_opt            |       0 |       0 |         0.00 | 
| hlo_restructure           |       0 |       0 |         0.00 | 
| hlo_common_select_muxopto |       0 |       0 |         0.00 | 
| hlo_identity_transform    |       0 |       0 |         0.00 | 
| hlo_reduce_operator_chain |       0 |       0 |         0.00 | 
| hlo_mux_cascade_opt       |       0 |       0 |         0.00 | 
| hlo_mux_consolidation     |       0 |       0 |         0.00 | 
| hlo_optimize_datapath     |       0 |       0 |         0.00 | 
| hlo_datapath_recast       |       0 |       0 |         0.00 | 
| hlo_clip_mux_input        |       0 |       0 |         0.00 | 
| hlo_clip                  |       0 |       0 |         0.00 | 
----------------------------------------------------------------
Running Unified Mux Engine Tricks...
Completed Unified Mux Engine Tricks

Stage: post_hlo_rtlopt
--------------------------------------------------
| Trick       | Accepts | Rejects | Runtime (ms) | 
--------------------------------------------------
| ume_runtime |       0 |       0 |         0.00 | 
--------------------------------------------------
Number of big hc bmuxes before = 0
              Info: total 0 bmuxes found, 0 are converted to onehot form, and 0 are kept as binary form
Info    : Pre-processed datapath logic. [DPOPT-6]
        : No pre-processing optimizations applied to datapath logic in 'top'.
Info    : Optimizing datapath logic. [DPOPT-1]
        : Optimizing datapath logic in 'top'.
Info    : Implementing datapath configurations. [DPOPT-3]
        : Implementing datapath configurations for 'CDN_DP_region_0_0'
CSAGen Prep Share:0 Re-Write:0 Speculation: 0
    MaxCSA: weighted_instance_count is 540 
MaxCSA: Successfully built Maximal CSA Expression Expr0
      Timing csa_tree...
        Done timing csa_tree.
      Timing add_signed_carry...
        Done timing add_signed_carry.
      Timing csa_tree_160...
        Done timing csa_tree_160.
      Timing add_unsigned_carry...
        Done timing add_unsigned_carry.
Info    : Transformed datapath macro. [RTLOPT-40]
        : Transformed 1 datapath macros in module 'CDN_DP_region_0_0_c1' to a form more suitable for further optimization.
Info    : Transformed datapath macro. [RTLOPT-40]
        : Transformed 1 datapath macros in module 'CDN_DP_region_0_0_c2' to a form more suitable for further optimization.
Info    : Transformed datapath macro. [RTLOPT-40]
        : Transformed 1 datapath macros in module 'CDN_DP_region_0_0_c3' to a form more suitable for further optimization.
Info    : Transformed datapath macro. [RTLOPT-40]
        : Transformed 1 datapath macros in module 'CDN_DP_region_0_0_c4' to a form more suitable for further optimization.
Info    : Transformed datapath macro. [RTLOPT-40]
        : Transformed 1 datapath macros in module 'CDN_DP_region_0_0_c5' to a form more suitable for further optimization.
Info    : Transformed datapath macro. [RTLOPT-40]
        : Transformed 1 datapath macros in module 'CDN_DP_region_0_0_c6' to a form more suitable for further optimization.
CDN_DP_region_0_0 level = 0 loads = 0 drivers = 0
CDN_DP_region_0_0_c0 in top: area: 6051868515 ,dp = 7 mux = 0 sg = slow         worst_clk_period: -1.0000 
    wns: 2271  norm_wns:  -1.0000 
    fail_endp: -1 
    tns:  2407  tns_per_endp:  -1.0000   norm_tns_per_endp:  -1.0000 
    tns_sense_max:  -1.0000  tns_sense_avg:  -1.0000   tns_sense_num: -1
    power:  -9223372036854775808  
 skipped
CDN_DP_region_0_0_c1 in top: area: 4769919315 ,dp = 1 mux = 0 sg = fast         worst_clk_period: -1.0000 
    wns: 0  norm_wns:  -1.0000 
    fail_endp: -1 
    tns:  0  tns_per_endp:  -1.0000   norm_tns_per_endp:  -1.0000 
    tns_sense_max:  -1.0000  tns_sense_avg:  -1.0000   tns_sense_num: -1
    power:  -9223372036854775808  
 is current best
CDN_DP_region_0_0_c2 in top: area: 4769919315 ,dp = 1 mux = 0 sg = very_slow    worst_clk_period: -1.0000 
    wns: 0  norm_wns:  -1.0000 
    fail_endp: -1 
    tns:  0  tns_per_endp:  -1.0000   norm_tns_per_endp:  -1.0000 
    tns_sense_max:  -1.0000  tns_sense_avg:  -1.0000   tns_sense_num: -1
    power:  -9223372036854775808  
 is current best
CDN_DP_region_0_0_c3 in top: area: 4769919315 ,dp = 1 mux = 0 sg = very_fast    worst_clk_period: -1.0000 
    wns: 0  norm_wns:  -1.0000 
    fail_endp: -1 
    tns:  0  tns_per_endp:  -1.0000   norm_tns_per_endp:  -1.0000 
    tns_sense_max:  -1.0000  tns_sense_avg:  -1.0000   tns_sense_num: -1
    power:  -9223372036854775808  
 is current best
CDN_DP_region_0_0_c4 in top: area: 4769919315 ,dp = 1 mux = 0 sg = very_fast    worst_clk_period: -1.0000 
    wns: 0  norm_wns:  -1.0000 
    fail_endp: -1 
    tns:  0  tns_per_endp:  -1.0000   norm_tns_per_endp:  -1.0000 
    tns_sense_max:  -1.0000  tns_sense_avg:  -1.0000   tns_sense_num: -1
    power:  -9223372036854775808  
 is current best
CDN_DP_region_0_0_c5 in top: area: 4769919315 ,dp = 1 mux = 0 sg = very_fast    worst_clk_period: -1.0000 
    wns: 0  norm_wns:  -1.0000 
    fail_endp: -1 
    tns:  0  tns_per_endp:  -1.0000   norm_tns_per_endp:  -1.0000 
    tns_sense_max:  -1.0000  tns_sense_avg:  -1.0000   tns_sense_num: -1
    power:  -9223372036854775808  
 is current best
CDN_DP_region_0_0_c6 in top: area: 4769919315 ,dp = 1 mux = 0 sg = very_fast    worst_clk_period: -1.0000 
    wns: 0  norm_wns:  -1.0000 
    fail_endp: -1 
    tns:  0  tns_per_endp:  -1.0000   norm_tns_per_endp:  -1.0000 
    tns_sense_max:  -1.0000  tns_sense_avg:  -1.0000   tns_sense_num: -1
    power:  -9223372036854775808  
 is current best
CDN_DP_region_0_0_c7 in top: area: 5149162620 ,dp = 1 mux = 0 sg = very_fast    worst_clk_period: -1.0000 
    wns: 0  norm_wns:  -1.0000 
    fail_endp: -1 
    tns:  0  tns_per_endp:  -1.0000   norm_tns_per_endp:  -1.0000 
    tns_sense_max:  -1.0000  tns_sense_avg:  -1.0000   tns_sense_num: -1
    power:  -9223372036854775808  

Best config: CDN_DP_region_0_0_c6 in top: area: 4769919315 ,dp = 1 mux = 0 sg = very_fast    worst_clk_period: -1.0000 
    wns: 0  norm_wns:  -1.0000 
    fail_endp: -1 
    tns:  0  tns_per_endp:  -1.0000   norm_tns_per_endp:  -1.0000 
    tns_sense_max:  -1.0000  tns_sense_avg:  -1.0000   tns_sense_num: -1
    power:  -9223372036854775808  
  Smallest config area : 4769919315.  Fastest config wns;  0
##>+----------------------------------------------------------------------------------------------------------------------------------------------------------------+
##>Summary table of configs (Best config is CDN_DP_region_0_0_c6)
##>+----------------------------------------------------------------------------------------------------------------------------------------------------------------+
##>                     0                  1                  2                  3                  4                  5                  6                  7            
##>+----------------------------------------------------------------------------------------------------------------------------------------------------------------+
##>           Area       6051868515         4769919315         4769919315         4769919315         4769919315         4769919315         4769919315         5149162620  
##>            WNS          -227.10           +1188.40           +1188.40           +1188.40           +1188.40           +1188.40           +1188.40           +1188.40  
##>            TNS             2407                  0                  0                  0                  0                  0                  0                  0  
##>    Num Rewrite                0                  1                  1                  1                  1                  1                  1                  0  
##>     Num Factor                0                  0                  0                  0                  0                  0                  0                  0  
##>      Num Share                0                  0                  0                  0                  0                  0                  0                  0  
##>   Num CmultCse                0                  0                  0                  0                  0                  0                  0                  0  
##>   Num Downsize                0                  0                  0                  0                  0                  0                  0                  0  
##>  Num Speculate                0                  0                  0                  0                  0                  0                  0                  0  
##>     Runtime(s)                0                  0                  0                  0                  0                  0                  0                  2  
+----------------------------------------------------------------------------------------------------------------------------------------------------------------+
##>
##>
##>+-----------------------------------------------------------------------------------------------------------------------------------------------------------------------------------------------------+
##>Optimization Step DEBUG Table for config CDN_DP_region_0_0_c6
##>
##>                          Step                        Area   (  % Chg)         WNS (Change)          TNS (Change)                Power   (  % Chg)        Runtime (s)        Comment                   
##>+-----------------------------------------------------------------------------------------------------------------------------------------------------------------------------------------------------+
##>createMaxCarrySave              START             6051868515 (       )    107373955.30 (        )          0 (        )                    0 (       )              
##> datapath_rewrite_one_def       START             6051868515 (  +0.00)    107373955.30 (   +0.00)          0 (       0)                    0 (  +0.00)              
##>  fast_cse_elim                 START             6051868515 (  +0.00)    107373955.30 (   +0.00)          0 (       0)                    0 (  +0.00)              
##>                                  END             6051868515 (  +0.00)    107373955.30 (   +0.00)          0 (       0)                    0 (  +0.00)           0  
##>  fast_cse_elim                 START             6051868515 (  +0.00)    107373955.30 (   +0.00)          0 (       0)                    0 (  +0.00)              
##>                                  END             6051868515 (  +0.00)    107373955.30 (   +0.00)          0 (       0)                    0 (  +0.00)           0  
##>                                  END             6051868515 (  +0.00)    107373955.30 (   +0.00)          0 (       0)                    0 (  +0.00)           0  
##> dpopt_share_one_def            START             6051868515 (  +0.00)    107373955.30 (   +0.00)          0 (       0)                    0 (  +0.00)              
##>                                  END             6051868515 (  +0.00)    107373955.30 (   +0.00)          0 (       0)                    0 (  +0.00)           0  
##> csa_opto                       START             6051868515 (  +0.00)    214748364.70 (+107374409.40)          0 (       0)                    0 (  +0.00)              
##>                                  END             4812650955 ( -20.48)    214748364.70 (   +0.00)          0 (       0)                    0 (  +0.00)           0  
##>                                  END             4812650955 ( -20.48)    214748364.70 (+107374409.40)          0 (       0)                    0 (  +0.00)           0  
##>canonicalize_by_names           START             4812650955 (  +0.00)    214748364.70 (   +0.00)          0 (       0)                    0 (  +0.00)              
##>                                  END             4812650955 (  +0.00)    214748364.70 (   +0.00)          0 (       0)                    0 (  +0.00)           0  
##>datapath_rewrite_post_csa_one_  START             4812650955 (  +0.00)    214748364.70 (   +0.00)          0 (       0)                    0 (  +0.00)              
##> rewrite                        START             4812650955 (  +0.00)    214748364.70 (   +0.00)          0 (       0)                    0 (  +0.00)              (a,ar) csa_add_and_inc_v2 --> csa_add_ci
##>                                  END             4769919315 (  -0.89)    214748364.70 (   +0.00)          0 (       0)                    0 (  +0.00)           0  
##>                                  END             4769919315 (  -0.89)    214748364.70 (   +0.00)          0 (       0)                    0 (  +0.00)           0  
##>datapath_csa_factoring_one_gde  START             4769919315 (  +0.00)    214748364.70 (   +0.00)          0 (       0)                    0 (  +0.00)              
##>                                  END             4769919315 (  +0.00)    214748364.70 (   +0.00)          0 (       0)                    0 (  +0.00)           0  
##>dpopt_share_one_def             START             4769919315 (  +0.00)    214748364.70 (   +0.00)          0 (       0)                    0 (  +0.00)              
##>                                  END             4769919315 (  +0.00)    214748364.70 (   +0.00)          0 (       0)                    0 (  +0.00)           0  
##>datapath_rewrite_post_share     START             4769919315 (  +0.00)    214748364.70 (   +0.00)          0 (       0)                    0 (  +0.00)              
##>                                  END             4769919315 (  +0.00)    214748364.70 (   +0.00)          0 (       0)                    0 (  +0.00)           0  
##>dp_combine_const_mult_with_com  START             4769919315 (  +0.00)    214748364.70 (   +0.00)          0 (       0)                    0 (  +0.00)              
##>                                  END             4769919315 (  +0.00)    214748364.70 (   +0.00)          0 (       0)                    0 (  +0.00)           0  
##>dp_operator_level_decompositio  START             4769919315 (  +0.00)    214748364.70 (   +0.00)          0 (       0)                    0 (  +0.00)              
##>                                  END             4769919315 (  +0.00)    214748364.70 (   +0.00)          0 (       0)                    0 (  +0.00)           0  
##>selective_flatten_dp_config     START             4769919315 (  +0.00)    214748364.70 (   +0.00)          0 (       0)                    0 (  +0.00)              
##>                                  END             4769919315 (  +0.00)    214748364.70 (   +0.00)          0 (       0)                    0 (  +0.00)           0  
##>createMaxCarrySave              START             4769919315 (  +0.00)    214748364.70 (   +0.00)          0 (       0)                    0 (  +0.00)              
##> datapath_rewrite_one_def       START             4769919315 (  +0.00)    214748364.70 (   +0.00)          0 (       0)                    0 (  +0.00)              
##>  fast_cse_elim                 START             4769919315 (  +0.00)    214748364.70 (   +0.00)          0 (       0)                    0 (  +0.00)              
##>                                  END             4769919315 (  +0.00)    214748364.70 (   +0.00)          0 (       0)                    0 (  +0.00)           0  
##>  fast_cse_elim                 START             4769919315 (  +0.00)    214748364.70 (   +0.00)          0 (       0)                    0 (  +0.00)              
##>                                  END             4769919315 (  +0.00)    214748364.70 (   +0.00)          0 (       0)                    0 (  +0.00)           0  
##>                                  END             4769919315 (  +0.00)    214748364.70 (   +0.00)          0 (       0)                    0 (  +0.00)           0  
##> dpopt_share_one_def            START             4769919315 (  +0.00)    214748364.70 (   +0.00)          0 (       0)                    0 (  +0.00)              
##>                                  END             4769919315 (  +0.00)    214748364.70 (   +0.00)          0 (       0)                    0 (  +0.00)           0  
##> csa_opto                       START             4769919315 (  +0.00)    214748364.70 (   +0.00)          0 (       0)                    0 (  +0.00)              
##>                                  END             4769919315 (  +0.00)    214748364.70 (   +0.00)          0 (       0)                    0 (  +0.00)           0  
##>                                  END             4769919315 (  +0.00)    214748364.70 (   +0.00)          0 (       0)                    0 (  +0.00)           0  
##>datapath_rewrite_post_csa_one_  START             4769919315 (  +0.00)    214748364.70 (   +0.00)          0 (       0)                    0 (  +0.00)              
##>                                  END             4769919315 (  +0.00)    214748364.70 (   +0.00)          0 (       0)                    0 (  +0.00)           0  
##>datapath_csa_factoring_one_gde  START             4769919315 (  +0.00)    214748364.70 (   +0.00)          0 (       0)                    0 (  +0.00)              
##>                                  END             4769919315 (  +0.00)    214748364.70 (   +0.00)          0 (       0)                    0 (  +0.00)           0  
##>dpopt_share_one_def             START             4769919315 (  +0.00)    214748364.70 (   +0.00)          0 (       0)                    0 (  +0.00)              
##>                                  END             4769919315 (  +0.00)    214748364.70 (   +0.00)          0 (       0)                    0 (  +0.00)           0  
##>datapath_rewrite_post_share     START             4769919315 (  +0.00)    214748364.70 (   +0.00)          0 (       0)                    0 (  +0.00)              
##>                                  END             4769919315 (  +0.00)    214748364.70 (   +0.00)          0 (       0)                    0 (  +0.00)           0  
##>dp_combine_const_mult_with_com  START             4769919315 (  +0.00)    214748364.70 (   +0.00)          0 (       0)                    0 (  +0.00)              
##>                                  END             4769919315 (  +0.00)    214748364.70 (   +0.00)          0 (       0)                    0 (  +0.00)           0  
##>dp_operator_level_decompositio  START             4769919315 (  +0.00)    214748364.70 (   +0.00)          0 (       0)                    0 (  +0.00)              
##>                                  END             4769919315 (  +0.00)    214748364.70 (   +0.00)          0 (       0)                    0 (  +0.00)           0  
##>selective_flatten_dp_config     START             4769919315 (  +0.00)    214748364.70 (   +0.00)          0 (       0)                    0 (  +0.00)              
##>                                  END             4769919315 (  +0.00)    214748364.70 (   +0.00)          0 (       0)                    0 (  +0.00)           0  
##>createMaxCarrySave              START             4769919315 (  +0.00)    214748364.70 (   +0.00)          0 (       0)                    0 (  +0.00)              
##> datapath_rewrite_one_def       START             4769919315 (  +0.00)    214748364.70 (   +0.00)          0 (       0)                    0 (  +0.00)              
##>  fast_cse_elim                 START             4769919315 (  +0.00)    214748364.70 (   +0.00)          0 (       0)                    0 (  +0.00)              
##>                                  END             4769919315 (  +0.00)    214748364.70 (   +0.00)          0 (       0)                    0 (  +0.00)           0  
##>  fast_cse_elim                 START             4769919315 (  +0.00)    214748364.70 (   +0.00)          0 (       0)                    0 (  +0.00)              
##>                                  END             4769919315 (  +0.00)    214748364.70 (   +0.00)          0 (       0)                    0 (  +0.00)           0  
##>                                  END             4769919315 (  +0.00)    214748364.70 (   +0.00)          0 (       0)                    0 (  +0.00)           0  
##> dpopt_share_one_def            START             4769919315 (  +0.00)    214748364.70 (   +0.00)          0 (       0)                    0 (  +0.00)              
##>                                  END             4769919315 (  +0.00)    214748364.70 (   +0.00)          0 (       0)                    0 (  +0.00)           0  
##> csa_opto                       START             4769919315 (  +0.00)    214748364.70 (   +0.00)          0 (       0)                    0 (  +0.00)              
##>                                  END             4769919315 (  +0.00)    214748364.70 (   +0.00)          0 (       0)                    0 (  +0.00)           0  
##>                                  END             4769919315 (  +0.00)    214748364.70 (   +0.00)          0 (       0)                    0 (  +0.00)           0  
##>context_based_simplify          START             4769919315 (  +0.00)    214748364.70 (   +0.00)          0 (       0)                    0 (  +0.00)              
##>                                  END             4769919315 (  +0.00)    214748364.70 (   +0.00)          0 (       0)                    0 (  +0.00)           0  
##>group_csa_final_adder_dp        START             4769919315 (  +0.00)    214748364.70 (   +0.00)          0 (       0)                    0 (  +0.00)              
##>                                  END             4769919315 (  +0.00)    214748364.70 (   +0.00)          0 (       0)                    0 (  +0.00)           0  
##>dpopt_flatten_critical_muxes_i  START             4769919315 (  +0.00)    214748364.70 (   +0.00)          0 (       0)                    0 (  +0.00)              
##>                                  END             4769919315 (  +0.00)    214748364.70 (   +0.00)          0 (       0)                    0 (  +0.00)           0  
##>create_score                    START             4769919315 (  +0.00)     1188.40 (-214747176.30)          0 (       0)                    0 (  +0.00)              
##>                                  END             4769919315 (  +0.00)     1188.40 (   +0.00)          0 (       0)                    0 (  +0.00)           0  
##>+-----------------------------------------------------------------------------------------------------------------------------------------------------------------------------------------------------+
Committed config: CDN_DP_region_0_0_c6
Info    : Done implementing datapath configurations. [DPOPT-4]
        : Selected 'very_fast' configuration 6 for module 'CDN_DP_region_0_0_c6'.
          Optimizations applied to 'very_fast' configuration:
            rewriting(1), factoring(0), sharing(0), cmultcse(0), downsizing(0), speculation(0)
Info:  Ungrouped 0 dp-cluster instances.  0 cluster instances were left intact, to aid verification.
              Preparing netlist for verification ...
              Done preparing netlist for verification.
Info    : Done optimizing datapath logic. [DPOPT-2]
        : Done optimizing datapath logic in 'top'.
      Removing temporary intermediate hierarchies under top
Number of big hc bmuxes after = 0
Starting logic reduction [v1.0] (stage: post_rtlopt, startdef: top, recur: true)
Completed logic reduction (accepts: 0, rejects: 0, runtime: 0.000s)
Starting mux data reorder optimization [v1.0] (stage: post_rtlopt, startdef: top, recur: true)
Completed mux data reorder optimization (accepts: 0, rejects: 0, runtime: 0.000s)

Stage: post_rtlopt
----------------------------------------------------------
| Transform           | Accepts | Rejects | Runtime (ms) | 
----------------------------------------------------------
| hlo_logic_reduction |       0 |       0 |         0.00 | 
| hlo_mux_reorder     |       0 |       0 |         0.00 | 
----------------------------------------------------------
Starting mux speculation [v1.0] (stage: post_muxopt, startdef: top, recur: true)
Starting speculation optimization
Completed speculation optimization (accepts:0)
Completed mux speculation (accepts: 0, rejects: 0, runtime: 0.019s)

Stage: post_muxopt
------------------------------------------------------
| Transform       | Accepts | Rejects | Runtime (ms) | 
------------------------------------------------------
| hlo_speculation |       0 |       0 |        19.00 | 
------------------------------------------------------
==================================
Stage : to_generic 
==================================
  =================
   Message Summary
  =================
----------------------------------------------------------------------------
|    Id     |  Sev   |Count |                Message Text                  |
----------------------------------------------------------------------------
| CDFG-372  |Info    |    2 |Bitwidth mismatch in assignment.              |
|           |        |      |Review and make sure the mismatch is          |
|           |        |      | unintentional. Genus can possibly issue      |
|           |        |      | bitwidth mismatch warning for explicit       |
|           |        |      | assignments present in RTL as-well-as for    |
|           |        |      | implicit assignments inferred by the tool.   |
|           |        |      | For example, in case of enum declaration     |
|           |        |      | without value, the tool will implicitly      |
|           |        |      | assign value to the enum variables. It also  |
|           |        |      | issues the warning for any bitwidth mismatch |
|           |        |      | that appears in this implicit assignment.    |
| CWD-19    |Info    |   31 |An implementation was inferred.               |
| DPOPT-1   |Info    |    1 |Optimizing datapath logic.                    |
| DPOPT-2   |Info    |    1 |Done optimizing datapath logic.               |
| DPOPT-3   |Info    |    1 |Implementing datapath configurations.         |
| DPOPT-4   |Info    |    1 |Done implementing datapath configurations.    |
| DPOPT-6   |Info    |    1 |Pre-processed datapath logic.                 |
| ELAB-1    |Info    |    1 |Elaborating Design.                           |
| ELAB-3    |Info    |    1 |Done Elaborating Design.                      |
| GB-6      |Info    |   16 |A datapath component has been ungrouped.      |
| LBR-9     |Warning |    4 |Library cell has no output pins defined.      |
|           |        |      |Add the missing output pin(s)                 |
|           |        |      | , then reload the library. Else the library  |
|           |        |      | cell will be marked as timing model i.e.     |
|           |        |      | unusable. Timing_model means that the cell   |
|           |        |      | does not have any defined function. If there |
|           |        |      | is no output pin, Genus will mark library    |
|           |        |      | cell as unusable i.e. the attribute 'usable' |
|           |        |      | will be marked to 'false' on the libcell.    |
|           |        |      | Therefore, the cell is not used for mapping  |
|           |        |      | and it will not be picked up from the        |
|           |        |      | library for synthesis. If you query the      |
|           |        |      | attribute 'unusable_reason' on the libcell;  |
|           |        |      | result will be: 'Library cell has no output  |
|           |        |      | pins.'Note: The message LBR-9 is only for    |
|           |        |      | the logical pins and not for the             |
|           |        |      | power_ground pins. Genus will depend upon    |
|           |        |      | the output function defined in the pin group |
|           |        |      | (output pin)                                 |
|           |        |      | of the cell, to use it for mapping. The      |
|           |        |      | pg_pin will not have any function defined.   |
| LBR-22    |Warning |  480 |Multiply-defined library cell.                |
|           |        |      |Library cell names must be unique.  Any       |
|           |        |      | duplicates will be deleted.  Only the first  |
|           |        |      | (as determined by the order of libraries)    |
|           |        |      | will be retained.                            |
| LBR-38    |Warning |    1 |Libraries have inconsistent nominal operating |
|           |        |      | conditions. In the Liberty library, there    |
|           |        |      | are attributes called nom_voltage,           |
|           |        |      | nom_process and nom_temperature. Genus       |
|           |        |      | reports the message, if the respective       |
|           |        |      | values of the 2 given .libs differ.          |
|           |        |      |This is a common source of delay calculation  |
|           |        |      | confusion and should be avoided.             |
| LBR-41    |Info    |    2 |An output library pin lacks a function        |
|           |        |      | attribute.                                   |
|           |        |      |If the remainder of this library cell's       |
|           |        |      | semantic checks are successful, it will be   |
|           |        |      | considered as a timing-model                 |
|           |        |      | (because one of its outputs does not have a  |
|           |        |      | valid function.                              |
| LBR-155   |Info    |  792 |Mismatch in unateness between 'timing_sense'  |
|           |        |      | attribute and the function.                  |
|           |        |      |The 'timing_sense' attribute will be          |
|           |        |      | respected.                                   |
| LBR-161   |Info    |    1 |Setting the maximum print count of this       |
|           |        |      | message to 10 if information_level is less   |
|           |        |      | than 9.                                      |
| LBR-162   |Info    |  124 |Both 'pos_unate' and 'neg_unate' timing_sense |
|           |        |      | arcs have been processed.                    |
|           |        |      |Setting the 'timing_sense' to non_unate.      |
| LBR-412   |Info    |    2 |Created nominal operating condition.          |
|           |        |      |The nominal operating condition is            |
|           |        |      | represented, either by the nominal PVT       |
|           |        |      | values specified in the library source       |
|           |        |      | (via nom_process,nom_voltage and nom_tempera |
|           |        |      | ture respectively)                           |
|           |        |      | , or by the default PVT values (1.0,1.0,1.0) |
|           |        |      | .                                            |
| LBR-518   |Info    |    2 |Missing a function attribute in the output    |
|           |        |      | pin definition.                              |
| LBR-785   |Info    |  480 |Stored shadowed libcells.                     |
|           |        |      |Before deleting duplicate libcells, their     |
|           |        |      | names are stored.                            |
| PHYS-129  |Info    |  119 |Via with no resistance will have a value of   |
|           |        |      | '0.0' assigned for resistance value.         |
|           |        |      |If this is the expected behavior, this        |
|           |        |      | message can be ignored.                      |
| PHYS-279  |Warning |    7 |Physical cell not defined in library.         |
|           |        |      |Ensure that the proper library files are      |
|           |        |      | available and have been imported.            |
| PHYS-752  |Info    |    1 |Partition Based Synthesis execution skipped.  |
| RTLOPT-40 |Info    |    6 |Transformed datapath macro.                   |
| SDC-201   |Warning |    1 |Unsupported SDC command option.               |
|           |        |      |The current version does not support this SDC |
|           |        |      | command option.  However, future versions    |
|           |        |      | may be enhanced to support this option.      |
| SDC-202   |Error   |    1 |Could not interpret SDC command.              |
|           |        |      |The 'read_sdc' command encountered a problem  |
|           |        |      | while trying to evaluate an SDC command.     |
|           |        |      | This SDC command will be added to the Tcl    |
|           |        |      | variable $::dc::sdc_failed_commands.         |
| SDC-208   |Warning |    4 |Could not find requested search value.        |
|           |        |      |Use get_* commands to find the objects along  |
|           |        |      | with a wild card entry in the name of the    |
|           |        |      | object to check if the object is existing    |
|           |        |      | with different naming style.                 |
| SDC-209   |Warning |    1 |One or more commands failed when these        |
|           |        |      | constraints were applied.                    |
|           |        |      |You can examine the failed commands or save   |
|           |        |      | them to a file by querying the Tcl variable  |
|           |        |      | $::dc::sdc_failed_commands.                  |
| SYNTH-1   |Info    |    1 |Synthesizing.                                 |
| TIM-1000  |Info    |    1 |Multimode clock gating check is disabled.     |
| TUI-32    |Warning |    1 |This attribute will be obsolete in a next     |
|           |        |      | major release.                               |
----------------------------------------------------------------------------
Current PLE settings:

Aspect ratio        : 1.000
Shrink factor       : 1.000
Scale of res/length : 1.000
Scale of cap/length : 1.000
Net derating factor : 1.000
Thermal factor      : 1.000
Via Resistance      : 0.000 ohm (from default)
Site size           : 1.910 um (from lef [tech+cell])

                                   Capacitance  
  Layer                             / Length         Data source:
Name        Direction Utilization  (pF/micron)       lef_library
------------------------------------------------
Metal1          H         0.00        0.000412  
Metal2          V         1.00        0.000416  
Metal3          H         1.00        0.000416  
Metal4          V         1.00        0.000416  
Metal5          H         1.00        0.000416  
Metal6          V         1.00        0.000416  
Metal7          H         1.00        0.000416  
Metal8          V         1.00        0.000416  
Metal9          H         1.00        0.000416  
Metal10         V         1.00        0.000444  
Metal11         H         1.00        0.000444  

                                    Resistance   
  Layer                              / Length         Data source:
Name        Direction Utilization  (ohm/micron)       lef_library
-------------------------------------------------
Metal1          H         0.00         1.226667  
Metal2          V         1.00         0.755000  
Metal3          H         1.00         0.755000  
Metal4          V         1.00         0.755000  
Metal5          H         1.00         0.755000  
Metal6          V         1.00         0.755000  
Metal7          H         1.00         0.755000  
Metal8          V         1.00         0.267500  
Metal9          H         1.00         0.267500  
Metal10         V         1.00         0.097273  
Metal11         H         1.00         0.095455  

                                        Area     
  Layer                               / Length        Data source:
Name        Direction Utilization     (micron)        lef_library
-------------------------------------------------
Metal1          H         0.00         0.060000  
Metal2          V         1.00         0.080000  
Metal3          H         1.00         0.080000  
Metal4          V         1.00         0.080000  
Metal5          H         1.00         0.080000  
Metal6          V         1.00         0.080000  
Metal7          H         1.00         0.080000  
Metal8          V         1.00         0.080000  
Metal9          H         1.00         0.080000  
Metal10         V         1.00         0.220000  
Metal11         H         1.00         0.220000  

Mapper: Libraries have:
	domain _default_: 324 combo usable cells and 128 sequential usable cells
      Mapping 'top'...
        Preparing the circuit
          Pruning unused logic
Multi-threaded constant propagation [1|0] ...
          Analyzing hierarchical boundaries
          Aggressive hierarchical optimization: disabled
          Propagating constants
        Done preparing the circuit
          Structuring (delay-based) top...
          Done structuring (delay-based) top
Multi-threaded Virtual Mapping    (8 threads per ST process, 8 of 32 CPUs usable)
          Structuring (delay-based) WALLACE_CSA_DUMMY_OP_group_2...
            Starting partial collapsing (xors only) WALLACE_CSA_DUMMY_OP_group_2
            Finished partial collapsing.
            Starting xor partial collapsing WALLACE_CSA_DUMMY_OP_group_2
            Finished xor partial collapsing.
            Starting partial collapsing  WALLACE_CSA_DUMMY_OP_group_2
            Finished partial collapsing.
          Done structuring (delay-based) WALLACE_CSA_DUMMY_OP_group_2
        Mapping component WALLACE_CSA_DUMMY_OP_group_2...
 
Global mapping target info
==========================
Cost Group 'C2O' target slack:   148 ps
Target path end-point (Port: top/Y[0])

         Pin                    Type         Fanout Load Arrival   
                                                    (fF)   (ps)    
-------------------------------------------------------------------
(clock CLK)            <<<  launch                             0 R 
Y_reg[0]/clk                                                       
Y_reg[0]/q             (u)  unmapped_d_flop       1  3.9           
Y[0]                   <<<  interconnect                           
                            out port                               
(top.sdc_line_11_40_1)      ext delay                              
- - - - - - - - - - - - - - - - - - - - - - - - - - - - - - - - - -
(clock CLK)                 capture                         5000 R 
-------------------------------------------------------------------
Cost Group   : 'C2O' (path_group 'C2O')
Start-point  : Y_reg[0]/clk
End-point    : Y[0]

(u) : Net has unmapped pin(s).

The global mapper estimates a slack for this path of 4639ps.
 
Cost Group 'I2C' target slack:   140 ps
Target path end-point (Pin: Y_reg[8]/d)

        Pin                    Type          Fanout Load Arrival   
                                                    (fF)   (ps)    
-------------------------------------------------------------------
(clock CLK)          <<<  launch                               0 R 
(top.sdc_line_8_9_1)      ext delay                                
X2[3]                (u)  in port                 4  3.2           
WALLACE_CSA_DUMMY_OP_groupi/in_3[3] 
  g1722/in_1                                                       
  g1722/z            (u)  unmapped_nand2          4  3.2           
  g1599/in_1                                                       
  g1599/z            (u)  unmapped_complex2       1  0.8           
  g1600/in_1                                                       
  g1600/z            (u)  unmapped_nand2          2  1.6           
  g1554/in_0                                                       
  g1554/z            (u)  unmapped_or2            1  0.8           
  g1555/in_1                                                       
  g1555/z            (u)  unmapped_nand2          4  3.2           
  g782/in_0                                                        
  g782/z             (u)  unmapped_or2            1  0.8           
  g1369/in_0                                                       
  g1369/z            (u)  unmapped_nand2          1  0.8           
  g1355/in_0                                                       
  g1355/z            (u)  unmapped_nand2          3  2.4           
  g1312/in_1                                                       
  g1312/z            (u)  unmapped_complex2       1  0.8           
  g1313/in_1                                                       
  g1313/z            (u)  unmapped_nand2          2  1.6           
  g1289/in_0                                                       
  g1289/z            (u)  unmapped_complex2       1  0.8           
  g1290/in_1                                                       
  g1290/z            (u)  unmapped_nand2          4  3.2           
  g1247/in_1                                                       
  g1247/z            (u)  unmapped_complex2       1  0.8           
  g1248/in_1                                                       
  g1248/z            (u)  unmapped_nand2          2  1.6           
  g1218/in_0                                                       
  g1218/z            (u)  unmapped_complex2       1  0.8           
  g1219/in_1                                                       
  g1219/z            (u)  unmapped_nand2          2  1.6           
  g872/in_0                                                        
  g872/z             (u)  unmapped_or2            2  1.6           
  g1190/in_0                                                       
  g1190/z            (u)  unmapped_nand2          2  1.6           
  g1177/in_1                                                       
  g1177/z            (u)  unmapped_nand2          3  2.4           
  g1174/in_0                                                       
  g1174/z            (u)  unmapped_nand2          1  0.8           
  g1170/in_0                                                       
  g1170/z            (u)  unmapped_nand2          3  2.4           
  g1166/in_1                                                       
  g1166/z            (u)  unmapped_nand2          1  0.8           
  g1165/in_0                                                       
  g1165/z            (u)  unmapped_nand2          3  2.4           
  g1161/in_1                                                       
  g1161/z            (u)  unmapped_nand2          1  0.8           
  g1160/in_0                                                       
  g1160/z            (u)  unmapped_nand2          3  2.4           
  g1157/in_0                                                       
  g1157/z            (u)  unmapped_or2            1  0.8           
  g1158/in_1                                                       
  g1158/z            (u)  unmapped_nand2          1  0.8           
WALLACE_CSA_DUMMY_OP_groupi/out_0[8] 
g25/data0                                                          
g25/z                (u)  unmapped_bmux3          1  0.8           
Y_reg[8]/d           <<<  unmapped_d_flop                          
Y_reg[8]/clk              setup                                    
- - - - - - - - - - - - - - - - - - - - - - - - - - - - - - - - - -
(clock CLK)               capture                           5000 R 
-------------------------------------------------------------------
Cost Group   : 'I2C' (path_group 'I2C')
Start-point  : X2[3]
End-point    : Y_reg[8]/d

(u) : Net has unmapped pin(s).

The global mapper estimates a slack for this path of 940ps.
 
          Performing post-condense optimization ...


State Retention Synthesis Status
================================

Category                        Flops   Percentage
--------------------------------------------------
Total instances                    10        100.0
Excluded from State Retention      10        100.0
    - Will not convert             10        100.0
      - Preserved                   0          0.0
      - Power intent excluded      10        100.0
    - Could not convert             0          0.0
      - Scan type                   0          0.0
      - No suitable cell            0          0.0
State Retention instances           0          0.0
--------------------------------------------------

PBS_Generic_Opt-Post - Elapsed_Time 10, CPU_Time 9.207894
stamp 'PBS_Generic_Opt-Post' being created for table 'pbs_debug'

  Total Time (Wall) |  Stage Time (Wall)  |   % (Wall)   |    Date - Time     |  Memory   | Stage
--------------------+---------------------+--------------+--------------------+-----------+----------------------
 00:00:21(00:00:12) |  00:00:00(00:00:00) |   0.0(  0.0) |   10:33:32 (May02) |  296.2 MB | PBS_Generic-Start
--------------------+---------------------+--------------+--------------------+-----------+----------------------
 00:00:31(00:00:22) |  00:00:09(00:00:10) | 100.0(100.0) |   10:33:42 (May02) |  612.3 MB | PBS_Generic_Opt-Post
--------------------+---------------------+--------------+--------------------+-----------+----------------------
Number of threads: 8 * 1   (id: pbs_debug, time_info v1.57)
Info: (*N*) indicates data that was populated from previously saved time_info database
Info: CPU time includes time of parent + longest thread
        Computing net loads.
PBS_Generic-Postgen HBO Optimizations - Elapsed_Time 0, CPU_Time 0.0
stamp 'PBS_Generic-Postgen HBO Optimizations' being created for table 'pbs_debug'

  Total Time (Wall) |  Stage Time (Wall)  |   % (Wall)   |    Date - Time     |  Memory   | Stage
--------------------+---------------------+--------------+--------------------+-----------+----------------------
 00:00:21(00:00:12) |  00:00:00(00:00:00) |   0.0(  0.0) |   10:33:32 (May02) |  296.2 MB | PBS_Generic-Start
--------------------+---------------------+--------------+--------------------+-----------+----------------------
 00:00:31(00:00:22) |  00:00:09(00:00:10) | 100.0(100.0) |   10:33:42 (May02) |  612.3 MB | PBS_Generic_Opt-Post
--------------------+---------------------+--------------+--------------------+-----------+----------------------
 00:00:31(00:00:22) |  00:00:00(00:00:00) |   0.0(  0.0) |   10:33:42 (May02) |  612.3 MB | PBS_Generic-Postgen HBO Optimizations
--------------------+---------------------+--------------+--------------------+-----------+----------------------
Number of threads: 8 * 1   (id: pbs_debug, time_info v1.57)
Info: (*N*) indicates data that was populated from previously saved time_info database
Info: CPU time includes time of parent + longest thread
##>=================== Cadence Confidential (Generic-Logical) ===================
##>=================== Cadence Confidential (Generic-Logical) ===================
##>Main Thread Summary:
##>----------------------------------------------------------------------------------------
##>STEP                           Elapsed       WNS       TNS     Insts      Area    Memory
##>----------------------------------------------------------------------------------------
##>G:Initial                            0         -         -       621      1606       296
##>G:Setup                              0         -         -         -         -         -
##>G:Launch ST                          0         -         -         -         -         -
##>G:Design Partition                   0         -         -         -         -         -
##>G:Create Partition Netlists          0         -         -         -         -         -
##>G:Init Power                         0         -         -         -         -         -
##>G:Budgeting                          0         -         -         -         -         -
##>G:Derenv-DB                          0         -         -         -         -         -
##>G:Debug Outputs                      0         -         -         -         -         -
##>G:ST loading                         0         -         -         -         -         -
##>G:Distributed                        0         -         -         -         -         -
##>G:Timer                              0         -         -         -         -         -
##>G:Assembly                           0         -         -         -         -         -
##>G:DFT                                0         -         -         -         -         -
##>G:Const Prop                         0         -         -       627      1741       612
##>G:Misc                              10
##>----------------------------------------------------------------------------------------
##>Total Elapsed                       10
##>========================================================================================
Info    : Done synthesizing. [SYNTH-2]
        : Done synthesizing 'top' to generic gates.
        Computing net loads.
      flow.cputime  flow.realtime  timing.setup.tns  timing.setup.wns  snapshot
UM:*                                                                   syn_gen
@file(run_synth.tcl) 165: puts "Runtime & Memory after 'syn_generic'"
Runtime & Memory after 'syn_generic'
@file(run_synth.tcl) 166: time_info GENERIC
stamp 'GENERIC' being created for table 'default'

  Total Time (Wall) |  Stage Time (Wall)  |   % (Wall)   |    Date - Time     |  Memory   | Stage
--------------------+---------------------+--------------+--------------------+-----------+----------------------
 00:00:09(00:00:00) |  00:00:00(00:00:00) |   0.0(  0.0) |   10:33:20 (May02) |  150.8 MB | init
--------------------+---------------------+--------------+--------------------+-----------+----------------------
 00:00:20(00:00:10) |  00:00:11(00:00:10) |  49.5( 45.5) |   10:33:30 (May02) |  296.2 MB | Elaboration
--------------------+---------------------+--------------+--------------------+-----------+----------------------
 00:00:31(00:00:22) |  00:00:11(00:00:12) |  50.5( 54.5) |   10:33:42 (May02) |  612.3 MB | GENERIC
--------------------+---------------------+--------------+--------------------+-----------+----------------------
Number of threads: 8 * 1   (id: default, time_info v1.57)
Info: (*N*) indicates data that was populated from previously saved time_info database
Info: CPU time includes time of parent + longest thread
@file(run_synth.tcl) 167: report_dp > $_REPORTS_PATH/generic/${DESIGN}_datapath.rpt
Beginning report datapath command
Warning : The filename, column and line number information will not be available in the report. [RPT_DP-100]
        : The attribute for getting HDL filename and line number is not set.
        : You must set the 'hdl_track_filename_row_col' attribute to 'true' (before elaborate) to enable filename, column, and line number tracking in the datapath report.
        Computing net loads.
@file(run_synth.tcl) 168: write_snapshot -outdir $_REPORTS_PATH -tag generic
%# Begin write_snapshot (05/02 10:33:42, mem=1525.19M)
%# Begin qos_stats (05/02 10:33:42, mem=1561.03M)
        Computing arrivals and requireds.
Info   : ACTP-0001 [ACTPInfo] Activity propagation started for stim#0 netlist
       : top
Info   : ACTP-0009 [ACTPInfo] Activity Propagation Progress Report :   0%   1%   2%   3%   4%   5%   6%   7%   8%   9%  10%  11%  12%  13%  14%  15%  16%  17%  18%  19%  20%  21%  22%  23%  24%  25%  26%  27%  28%  29%  30%  31%  32%  33%  34%  35%  36%  37%  38%  39%  40%  41%  42%  43%  44%  45%  46%  47%  48%  49%  50%  51%  52%  53%  54%  55%  56%  57%  58%  59%  60%  61%  62%  63%  64%  65%  66%  67%  68%  69%  70%  71%  72%  73%  74%  75%  76%  77%  78%  79%  80%  81%  82%  83%  84%  85%  86%  87%  88%  89%  90%  91%  92%  93%  94%  95%  96%  97%  98%  99% 100%
Info   : ACTP-0001 Activity propagation ended for stim#0
Info   : PWRA-0001 [PwrInfo] compute_power effective options 
       : -mode : vectorless
       : -skip_propagation : 1
       : -frequency_scaling_factor : 1.0
       : -use_clock_freq : stim
       : -stim :/stim#0
       : -fromGenus : 1
Info   : ACTP-0001 Timing initialization started
Info   : ACTP-0001 Timing initialization ended
Info   : PWRA-0002 [PwrInfo] Skipping activity propagation due to -skip_ap
       : option....
Warning: PWRA-0302 [PwrWarn] Frequency scaling is not applicable for vectorless
       : flow. Ignoring frequency scaling.
Warning: PWRA-0304 [PwrWarn] -stim option is not applicable with vectorless mode
       : of power analysis, ignored this option.
Info   : PWRA-0002 Started 'vectorless' power computation.
Info   : PWRA-0009 [PwrInfo] Power Computation Progress Report :   0%   1%   2%   3%   4%   5%   6%   7%   8%   9%  10%  11%  12%  13%  14%  15%  16%  17%  18%  19%  20%  21%  22%  23%  24%  25%  26%  27%  28%  29%  30%  31%  32%  33%  34%  35%  36%  37%  38%  39%  40%  41%  42%  43%  44%  45%  46%  47%  48%  49%  50%  51%  52%  53%  54%  55%  56%  57%  58%  59%  60%  61%  62%  63%  64%  65%  66%  67%  68%  69%  70%  71%  72%  73%  74%  75%  76%  77%  78%  79%  80%  81%  82%  83%  84%  85%  86%  87%  88%  89%  90%  91%  92%  93%  94%  95%  96%  97%  98%  99% 100%
Info   : PWRA-0002 Finished power computation.
Info   : PWRA-0007 [PwrInfo] Completed successfully.
       : Info=6, Warn=2, Error=0, Fatal=0
%# End qos_stats (05/02 10:33:43, total cpu=14:00:00, real=14:00:01, peak res=612.30M, current mem=1596.87M)


Working Directory = /home/B2_Robiul/UDIF/aiub_vlsi_impl_demo/projects/new_Project2A/synth_hvt
QoS Summary for top
================================================================================
Metric                          generic        
================================================================================
Slack (ps):                       812
  R2R (ps):                  no_value
  I2R (ps):                       812
  R2O (ps):                     4,550
  I2O (ps):                  no_value
  CG  (ps):                  no_value
TNS (ps):                           0
  R2R (ps):                  no_value
  I2R (ps):                         0
  R2O (ps):                         0
  I2O (ps):                  no_value
  CG  (ps):                  no_value
Failing Paths:                      0
Leakage Power (nW):                19
Cell Area:                      1,749
Total Cell Area:                1,749
Leaf Instances:                   627
Total Instances:                  627
Utilization (%):                 0.00
Tot. Net Length (um):        no_value
Avg. Net Length (um):        no_value
Route Overflow H (%):        no_value
Route Overflow V (%):        no_value
MBCI(%) (bits/gate) :            0.00
Norm Cong Hotspot Area:
  Max Cong:                  no_value
  Tot Cong:                  no_value
================================================================================
CPU  Runtime (h:m:s):        00:00:23
Real Runtime (h:m:s):        00:00:22
CPU  Elapsed (h:m:s):        00:00:32
Real Elapsed (h:m:s):        00:00:26
Memory (MB):                  1596.87
================================================================================
================================================================================
Flow Settings:
================================================================================
Total Runtime (h:m:s): 00:00:23
Total Memory (MB):     1596.87
Executable Version:    21.18-s082_1
================================================================================
Total Cell Area =  Cell Area + Physical Cell Area
Total Instances =  Leaf Instances + Physical Instances




Warning : The details given in report might be incorrect or incomplete. [RPT-80]
        : The design design:top should be mapped to get accurate area details.
        : Map the design using syn_map before using the '-detail' option of the 'report_area' command.
Info    : Joules engine is used. [RPT-16]
        : Joules engine is being used for the command report_gates -power.
Warning : Did not find power models when running power analysis on a generic netlist. [PA-17]
        : Design design:top has no power models available.
        : The power analysis results on a generic netlist are more accurate when detailed power models are used. Use command 'build_rtl_power_models' to build detailed power models.
Warning : Violating paths are less than num_paths/max_paths. [CHKTIM-19]
        : Only 20 violating paths found
        : The timing query has number of violating paths less than requested num_paths/max_paths.
Library based partitioning cannot be done as either there is a single library or there are no cells to partition.
Info    : Leakage power optimization was enabled, but single Vth class seems to be used as leakage properties of the given libraries look too similar. [POPT-507]
        : Leakage power effort is set but library domain '_default_' seems to have too few Vth classes.
        : The tool tries to classify the given libraries into different Vth classes. If the leakage properties of the given libraries are too similar then the tool considers all libraries to be of the same Vth class.
Finished exporting design database to file 'reports_May02-10:33:27/generic_top.db' for 'top' (command execution time mm:ss cpu = 00:00, real = 00:00).
Finished generating snapshot at stage generic (command execution time mm:ss cpu = 00:00, real = 00:01).
%# End write_snapshot (05/02 10:33:43, total cpu=14:00:00, real=14:00:01, peak res=612.30M, current mem=1596.87M)
@file(run_synth.tcl) 169: report_summary -directory $_REPORTS_PATH


Working Directory = /home/B2_Robiul/UDIF/aiub_vlsi_impl_demo/projects/new_Project2A/synth_hvt
QoS Summary for top
================================================================================
Metric                          generic        
================================================================================
Slack (ps):                       812
  R2R (ps):                  no_value
  I2R (ps):                       812
  R2O (ps):                     4,550
  I2O (ps):                  no_value
  CG  (ps):                  no_value
TNS (ps):                           0
  R2R (ps):                  no_value
  I2R (ps):                         0
  R2O (ps):                         0
  I2O (ps):                  no_value
  CG  (ps):                  no_value
Failing Paths:                      0
Leakage Power (nW):                19
Cell Area:                      1,749
Total Cell Area:                1,749
Leaf Instances:                   627
Total Instances:                  627
Utilization (%):                 0.00
Tot. Net Length (um):        no_value
Avg. Net Length (um):        no_value
Route Overflow H (%):        no_value
Route Overflow V (%):        no_value
MBCI(%) (bits/gate) :            0.00
Norm Cong Hotspot Area:
  Max Cong:                  no_value
  Tot Cong:                  no_value
================================================================================
CPU  Runtime (h:m:s):        00:00:23
Real Runtime (h:m:s):        00:00:22
CPU  Elapsed (h:m:s):        00:00:32
Real Elapsed (h:m:s):        00:00:26
Memory (MB):                  1596.87
================================================================================
================================================================================
Flow Settings:
================================================================================
Total Runtime (h:m:s): 00:00:23
Total Memory (MB):     1596.87
Executable Version:    21.18-s082_1
================================================================================
Total Cell Area =  Cell Area + Physical Cell Area
Total Instances =  Leaf Instances + Physical Instances




@file(run_synth.tcl) 183: set_db / .syn_map_effort $MAP_OPT_EFF
  Setting attribute of root '/': 'syn_map_effort' = high
@file(run_synth.tcl) 184: syn_map
##Generic Timing Info for library domain: _default_ typical gate delay: 236.6 ps std_slew: 29.2 ps std_load: 0.8 fF
Current PLE settings:

Aspect ratio        : 1.000
Shrink factor       : 1.000
Scale of res/length : 1.000
Scale of cap/length : 1.000
Net derating factor : 1.000
Thermal factor      : 1.000
Via Resistance      : 0.000 ohm (from default)
Site size           : 1.910 um (from lef [tech+cell])

                                   Capacitance  
  Layer                             / Length         Data source:
Name        Direction Utilization  (pF/micron)       lef_library
------------------------------------------------
Metal1          H         0.00        0.000412  
Metal2          V         1.00        0.000416  
Metal3          H         1.00        0.000416  
Metal4          V         1.00        0.000416  
Metal5          H         1.00        0.000416  
Metal6          V         1.00        0.000416  
Metal7          H         1.00        0.000416  
Metal8          V         1.00        0.000416  
Metal9          H         1.00        0.000416  
Metal10         V         1.00        0.000444  
Metal11         H         1.00        0.000444  

                                    Resistance   
  Layer                              / Length         Data source:
Name        Direction Utilization  (ohm/micron)       lef_library
-------------------------------------------------
Metal1          H         0.00         1.226667  
Metal2          V         1.00         0.755000  
Metal3          H         1.00         0.755000  
Metal4          V         1.00         0.755000  
Metal5          H         1.00         0.755000  
Metal6          V         1.00         0.755000  
Metal7          H         1.00         0.755000  
Metal8          V         1.00         0.267500  
Metal9          H         1.00         0.267500  
Metal10         V         1.00         0.097273  
Metal11         H         1.00         0.095455  

                                        Area     
  Layer                               / Length        Data source:
Name        Direction Utilization     (micron)        lef_library
-------------------------------------------------
Metal1          H         0.00         0.060000  
Metal2          V         1.00         0.080000  
Metal3          H         1.00         0.080000  
Metal4          V         1.00         0.080000  
Metal5          H         1.00         0.080000  
Metal6          V         1.00         0.080000  
Metal7          H         1.00         0.080000  
Metal8          V         1.00         0.080000  
Metal9          H         1.00         0.080000  
Metal10         V         1.00         0.220000  
Metal11         H         1.00         0.220000  

Info    : Mapping. [SYNTH-4]
        : Mapping 'top' using 'high' effort.
Mapper: Libraries have:
	domain _default_: 324 combo usable cells and 128 sequential usable cells
Configuring mapper costing (none)
TNS Restructuring config: no_value at stage: map applied.
PBS_TechMap-Start - Elapsed_Time 0, CPU_Time 0.0
stamp 'PBS_TechMap-Start' being created for table 'pbs_debug'

  Total Time (Wall) |  Stage Time (Wall)  |   % (Wall)   |    Date - Time     |  Memory   | Stage
--------------------+---------------------+--------------+--------------------+-----------+----------------------
 00:00:21(00:00:12) |  00:00:00(00:00:00) |   0.0(  0.0) |   10:33:32 (May02) |  296.2 MB | PBS_Generic-Start
--------------------+---------------------+--------------+--------------------+-----------+----------------------
 00:00:31(00:00:22) |  00:00:09(00:00:10) |  90.2( 83.3) |   10:33:42 (May02) |  612.3 MB | PBS_Generic_Opt-Post
--------------------+---------------------+--------------+--------------------+-----------+----------------------
 00:00:31(00:00:22) |  00:00:00(00:00:00) |   0.0(  0.0) |   10:33:42 (May02) |  612.3 MB | PBS_Generic-Postgen HBO Optimizations
--------------------+---------------------+--------------+--------------------+-----------+----------------------
 00:00:32(00:00:24) |  00:00:00(00:00:02) |   9.8( 16.7) |   10:33:44 (May02) |  612.3 MB | PBS_TechMap-Start
--------------------+---------------------+--------------+--------------------+-----------+----------------------
Number of threads: 8 * 1   (id: pbs_debug, time_info v1.57)
Info: (*N*) indicates data that was populated from previously saved time_info database
Info: CPU time includes time of parent + longest thread
        Computing net loads.
PBS_TechMap-Premap HBO Optimizations - Elapsed_Time 0, CPU_Time 0.0
stamp 'PBS_TechMap-Premap HBO Optimizations' being created for table 'pbs_debug'

  Total Time (Wall) |  Stage Time (Wall)  |   % (Wall)   |    Date - Time     |  Memory   | Stage
--------------------+---------------------+--------------+--------------------+-----------+----------------------
 00:00:21(00:00:12) |  00:00:00(00:00:00) |   0.0(  0.0) |   10:33:32 (May02) |  296.2 MB | PBS_Generic-Start
--------------------+---------------------+--------------+--------------------+-----------+----------------------
 00:00:31(00:00:22) |  00:00:09(00:00:10) |  90.2( 83.3) |   10:33:42 (May02) |  612.3 MB | PBS_Generic_Opt-Post
--------------------+---------------------+--------------+--------------------+-----------+----------------------
 00:00:31(00:00:22) |  00:00:00(00:00:00) |   0.0(  0.0) |   10:33:42 (May02) |  612.3 MB | PBS_Generic-Postgen HBO Optimizations
--------------------+---------------------+--------------+--------------------+-----------+----------------------
 00:00:32(00:00:24) |  00:00:00(00:00:02) |   9.8( 16.7) |   10:33:44 (May02) |  612.3 MB | PBS_TechMap-Start
--------------------+---------------------+--------------+--------------------+-----------+----------------------
 00:00:32(00:00:24) |  00:00:00(00:00:00) |   0.0(  0.0) |   10:33:44 (May02) |  612.3 MB | PBS_TechMap-Premap HBO Optimizations
--------------------+---------------------+--------------+--------------------+-----------+----------------------
Number of threads: 8 * 1   (id: pbs_debug, time_info v1.57)
Info: (*N*) indicates data that was populated from previously saved time_info database
Info: CPU time includes time of parent + longest thread
Info    : Partition Based Synthesis execution skipped. [PHYS-752]
        : Design size is less than the partition size '100000' for distributed mapping optimization to kick in.
Current PLE settings:

Aspect ratio        : 1.000
Shrink factor       : 1.000
Scale of res/length : 1.000
Scale of cap/length : 1.000
Net derating factor : 1.000
Thermal factor      : 1.000
Via Resistance      : 0.000 ohm (from default)
Site size           : 1.910 um (from lef [tech+cell])

                                   Capacitance  
  Layer                             / Length         Data source:
Name        Direction Utilization  (pF/micron)       lef_library
------------------------------------------------
Metal1          H         0.00        0.000412  
Metal2          V         1.00        0.000416  
Metal3          H         1.00        0.000416  
Metal4          V         1.00        0.000416  
Metal5          H         1.00        0.000416  
Metal6          V         1.00        0.000416  
Metal7          H         1.00        0.000416  
Metal8          V         1.00        0.000416  
Metal9          H         1.00        0.000416  
Metal10         V         1.00        0.000444  
Metal11         H         1.00        0.000444  

                                    Resistance   
  Layer                              / Length         Data source:
Name        Direction Utilization  (ohm/micron)       lef_library
-------------------------------------------------
Metal1          H         0.00         1.226667  
Metal2          V         1.00         0.755000  
Metal3          H         1.00         0.755000  
Metal4          V         1.00         0.755000  
Metal5          H         1.00         0.755000  
Metal6          V         1.00         0.755000  
Metal7          H         1.00         0.755000  
Metal8          V         1.00         0.267500  
Metal9          H         1.00         0.267500  
Metal10         V         1.00         0.097273  
Metal11         H         1.00         0.095455  

                                        Area     
  Layer                               / Length        Data source:
Name        Direction Utilization     (micron)        lef_library
-------------------------------------------------
Metal1          H         0.00         0.060000  
Metal2          V         1.00         0.080000  
Metal3          H         1.00         0.080000  
Metal4          V         1.00         0.080000  
Metal5          H         1.00         0.080000  
Metal6          V         1.00         0.080000  
Metal7          H         1.00         0.080000  
Metal8          V         1.00         0.080000  
Metal9          H         1.00         0.080000  
Metal10         V         1.00         0.220000  
Metal11         H         1.00         0.220000  

Mapper: Libraries have:
	domain _default_: 324 combo usable cells and 128 sequential usable cells
      Mapping 'top'...
        Preparing the circuit
          Pruning unused logic
          Analyzing hierarchical boundaries
          Aggressive hierarchical optimization: disabled
          Propagating constants
        Done preparing the circuit
          Structuring (delay-based) top...
          Done structuring (delay-based) top
Multi-threaded Virtual Mapping    (8 threads per ST process, 8 of 32 CPUs usable)
          Structuring (delay-based) WALLACE_CSA_DUMMY_OP_group_2...
          Done structuring (delay-based) WALLACE_CSA_DUMMY_OP_group_2
        Mapping component WALLACE_CSA_DUMMY_OP_group_2...
 
Global mapping target info
==========================
Cost Group 'C2O' target slack:   148 ps
Target path end-point (Port: top/Y[0])

         Pin                    Type         Fanout Load Arrival   
                                                    (fF)   (ps)    
-------------------------------------------------------------------
(clock CLK)            <<<  launch                             0 R 
Y_reg[0]/clk                                                       
Y_reg[0]/q             (u)  unmapped_d_flop       1  3.9           
Y[0]                   <<<  interconnect                           
                            out port                               
(top.sdc_line_11_40_1)      ext delay                              
- - - - - - - - - - - - - - - - - - - - - - - - - - - - - - - - - -
(clock CLK)                 capture                         5000 R 
-------------------------------------------------------------------
Cost Group   : 'C2O' (path_group 'C2O')
Start-point  : Y_reg[0]/clk
End-point    : Y[0]

(u) : Net has unmapped pin(s).

The global mapper estimates a slack for this path of 4635ps.
 
Cost Group 'I2C' target slack:   139 ps
Target path end-point (Pin: Y_reg[8]/d)

        Pin                     Type          Fanout Load Arrival   
                                                     (fF)   (ps)    
--------------------------------------------------------------------
(clock CLK)           <<<  launch                               0 R 
(top.sdc_line_8_13_1)      ext delay                                
X3[3]                 (u)  in port                 4  3.2           
WALLACE_CSA_DUMMY_OP_groupi/in_1[3] 
  g1738/in_1                                                        
  g1738/z             (u)  unmapped_nand2          4  3.2           
  g1599/in_1                                                        
  g1599/z             (u)  unmapped_complex2       1  0.8           
  g1600/in_1                                                        
  g1600/z             (u)  unmapped_nand2          2  1.6           
  g1554/in_0                                                        
  g1554/z             (u)  unmapped_or2            1  0.8           
  g1555/in_1                                                        
  g1555/z             (u)  unmapped_nand2          4  3.2           
  g782/in_0                                                         
  g782/z              (u)  unmapped_or2            1  0.8           
  g1369/in_0                                                        
  g1369/z             (u)  unmapped_nand2          1  0.8           
  g1355/in_0                                                        
  g1355/z             (u)  unmapped_nand2          3  2.4           
  g1312/in_0                                                        
  g1312/z             (u)  unmapped_complex2       1  0.8           
  g1313/in_1                                                        
  g1313/z             (u)  unmapped_nand2          2  1.6           
  g1289/in_0                                                        
  g1289/z             (u)  unmapped_complex2       1  0.8           
  g1290/in_1                                                        
  g1290/z             (u)  unmapped_nand2          4  3.2           
  g1247/in_1                                                        
  g1247/z             (u)  unmapped_complex2       1  0.8           
  g1248/in_1                                                        
  g1248/z             (u)  unmapped_nand2          2  1.6           
  g1218/in_0                                                        
  g1218/z             (u)  unmapped_complex2       1  0.8           
  g1219/in_1                                                        
  g1219/z             (u)  unmapped_nand2          2  1.6           
  g872/in_0                                                         
  g872/z              (u)  unmapped_or2            2  1.6           
  g1190/in_0                                                        
  g1190/z             (u)  unmapped_nand2          2  1.6           
  g1177/in_1                                                        
  g1177/z             (u)  unmapped_nand2          3  2.4           
  g1174/in_0                                                        
  g1174/z             (u)  unmapped_nand2          1  0.8           
  g1170/in_0                                                        
  g1170/z             (u)  unmapped_nand2          3  2.4           
  g1166/in_1                                                        
  g1166/z             (u)  unmapped_nand2          1  0.8           
  g1165/in_0                                                        
  g1165/z             (u)  unmapped_nand2          3  2.4           
  g1161/in_1                                                        
  g1161/z             (u)  unmapped_nand2          1  0.8           
  g1160/in_0                                                        
  g1160/z             (u)  unmapped_nand2          3  2.4           
  g1157/in_0                                                        
  g1157/z             (u)  unmapped_or2            1  0.8           
  g1158/in_1                                                        
  g1158/z             (u)  unmapped_nand2          1  0.8           
WALLACE_CSA_DUMMY_OP_groupi/out_0[8] 
g26/data0                                                           
g26/z                 (u)  unmapped_bmux3          1  0.8           
Y_reg[8]/d            <<<  unmapped_d_flop                          
Y_reg[8]/clk               setup                                    
- - - - - - - - - - - - - - - - - - - - - - - - - - - - - - - - - - 
(clock CLK)                capture                           5000 R 
--------------------------------------------------------------------
Cost Group   : 'I2C' (path_group 'I2C')
Start-point  : X3[3]
End-point    : Y_reg[8]/d

(u) : Net has unmapped pin(s).

The global mapper estimates a slack for this path of 903ps.
 
Multi-threaded Technology Mapping (8 threads per ST process, 8 of 32 CPUs usable)
          Restructuring (delay-based) WALLACE_CSA_DUMMY_OP_group_2...
          Done restructuring (delay-based) WALLACE_CSA_DUMMY_OP_group_2
        Optimizing component WALLACE_CSA_DUMMY_OP_group_2...
        Pre-mapped Exploration for WALLACE_CSA_DUMMY_OP_group_2 'very_fast' (slack=-319, area=809)...
          Restructuring (delay-based) WALLACE_CSA_DUMMY_OP_group...
          Done restructuring (delay-based) WALLACE_CSA_DUMMY_OP_group
        Optimizing component WALLACE_CSA_DUMMY_OP_group...
          Restructuring (delay-based) WALLACE_CSA_DUMMY_OP_group...
          Done restructuring (delay-based) WALLACE_CSA_DUMMY_OP_group
        Optimizing component WALLACE_CSA_DUMMY_OP_group...
 
Global mapping timing result
============================
        Computing net loads.
        Tracing clock networks.
        Levelizing the circuit.
        Computing delays.
        Computing arrivals and requireds.
      Pin                 Type       Fanout Load Slew Delay Arrival   
                                            (fF) (ps)  (ps)   (ps)    
----------------------------------------------------------------------
(clock CLK)            launch                                     0 R 
Y_reg[9]/CK                                         0    +0       0 R 
Y_reg[9]/Q             DFFHQX1HVT         1  3.9  194  +385     385 F 
Y[9]              <<<  interconnect               194    +0     385 F 
                       out port                          +0     385 F 
(top.sdc_line_11)      ext delay                         +0     385 F 
- - - - - - - - - - - - - - - - - - - - - - - - - - - - - - - - - - - 
(clock CLK)            capture                                 5000 R 
----------------------------------------------------------------------
Cost Group   : 'C2O' (path_group 'C2O')
Timing slack :    4615ps 
Start-point  : Y_reg[9]/CK
End-point    : Y[9]

        Pin                   Type       Fanout Load Slew Delay Arrival   
                                                (fF) (ps)  (ps)   (ps)    
--------------------------------------------------------------------------
(clock CLK)                launch                                     0 R 
(top.sdc_line_8_16_1)      ext delay                         +0       0 F 
X3[0]                      in port            4 10.7    0    +0       0 F 
WALLACE_CSA_DUMMY_OP_groupi/in_1[0] 
  g682/A                                                     +0       0   
  g682/Y                   CLKAND2X3HVT       1  4.2   91  +127     127 F 
  g622/A                                                     +0     127   
  g622/S                   ADDHX1HVT          1  4.4  151  +390     518 R 
  cdnfadd_003_4/CI                                           +0     518   
  cdnfadd_003_4/S          ADDFX1HVT          1  4.4  234  +558    1075 F 
  cdnfadd_003_7/CI                                           +0    1075   
  cdnfadd_003_7/S          ADDFX1HVT          1  4.9  183  +556    1631 R 
  cdnfadd_003_9/A                                            +0    1631   
  cdnfadd_003_9/S          ADDFHX2HVT         1  4.9  138  +591    2223 R 
  g614/B                                                     +0    2223   
  g614/CO                  ADDFHX2HVT         2  6.9  166  +435    2657 R 
  g613/A                                                     +0    2657   
  g613/Y                   CLKINVX3HVT        1  4.2  114  +156    2814 F 
  g596/A0N                                                   +0    2814   
  g596/Y                   AOI2BB1X4HVT       2  6.3  124  +281    3095 F 
  g593/A1N                                                   +0    3095   
  g593/Y                   AOI2BB1X4HVT       2  6.3  129  +273    3368 F 
  g591/A1N                                                   +0    3368   
  g591/Y                   AOI2BB1X4HVT       2  6.3  129  +276    3644 F 
  g589/A1N                                                   +0    3644   
  g589/Y                   AOI2BB1X4HVT       2  6.9  141  +280    3924 F 
  g588/A                                                     +0    3924   
  g588/Y                   CLKINVX3HVT        1  4.2   74  +114    4038 R 
  g586/A1N                                                   +0    4038   
  g586/Y                   OAI2BB1X4HVT       1  4.1   95  +302    4340 R 
WALLACE_CSA_DUMMY_OP_groupi/out_0[9] 
g38/A                                                        +0    4340   
g38/Y                      AND2X1HVT          1  4.2  142  +288    4628 R 
Y_reg[9]/D            <<<  DFFHQX1HVT                        +0    4628   
Y_reg[9]/CK                setup                        0  +266    4894 R 
- - - - - - - - - - - - - - - - - - - - - - - - - - - - - - - - - - - - - 
(clock CLK)                capture                                 5000 R 
--------------------------------------------------------------------------
Cost Group   : 'I2C' (path_group 'I2C')
Timing slack :     106ps 
Start-point  : X3[0]
End-point    : Y_reg[9]/D

 
 
Global mapping status
=====================
                                   Group   
                                  Tot Wrst 
                           Total  Weighted 
Operation                   Area   Slacks  
 global_map                  807        0 

    Cost Group            Target    Slack    Diff.  Constr.
-----------------------------------------------------------
           I2C               139      106              5000 
           C2O               148     4615              5000 

 
Global incremental target info
==============================
Cost Group 'C2O' target slack:    98 ps
Target path end-point (Port: top/Y[0])

         Pin                   Type       Fanout Load Arrival   
                                                 (fF)   (ps)    
----------------------------------------------------------------
(clock CLK)            <<<  launch                          0 R 
Y_reg[0]/CK                                                     
Y_reg[0]/Q                  DFFHQX1HVT         1  3.9           
Y[0]                   <<<  interconnect                        
                            out port                            
(top.sdc_line_11_40_1)      ext delay                           
- - - - - - - - - - - - - - - - - - - - - - - - - - - - - - - - 
(clock CLK)                 capture                      5000 R 
----------------------------------------------------------------
Cost Group   : 'C2O' (path_group 'C2O')
Start-point  : Y_reg[0]/CK
End-point    : Y[0]

The global mapper estimates a slack for this path of 4615ps.
 
Cost Group 'I2C' target slack:    95 ps
Target path end-point (Pin: Y_reg[9]/D (DFFHQX1HVT/D))

        Pin                   Type       Fanout Load Arrival   
                                                (fF)   (ps)    
---------------------------------------------------------------
(clock CLK)           <<<  launch                          0 R 
(top.sdc_line_8_16_1)      ext delay                           
X3[0]                      in port            4 10.7           
WALLACE_CSA_DUMMY_OP_groupi/in_1[0] 
  g682/A                                                       
  g682/Y                   CLKAND2X3HVT       1  4.2           
  g622/A                                                       
  g622/S                   ADDHX1HVT          1  4.4           
  cdnfadd_003_4/CI                                             
  cdnfadd_003_4/S          ADDFX1HVT          1  4.4           
  cdnfadd_003_7/CI                                             
  cdnfadd_003_7/S          ADDFX1HVT          1  4.9           
  cdnfadd_003_9/A                                              
  cdnfadd_003_9/S          ADDFHX2HVT         1  4.9           
  g614/B                                                       
  g614/CO                  ADDFHX2HVT         2  6.9           
  g613/A                                                       
  g613/Y                   CLKINVX3HVT        1  4.2           
  g596/A0N                                                     
  g596/Y                   AOI2BB1X4HVT       2  6.3           
  g593/A1N                                                     
  g593/Y                   AOI2BB1X4HVT       2  6.3           
  g591/A1N                                                     
  g591/Y                   AOI2BB1X4HVT       2  6.3           
  g589/A1N                                                     
  g589/Y                   AOI2BB1X4HVT       2  6.9           
  g588/A                                                       
  g588/Y                   CLKINVX3HVT        1  4.2           
  g586/A1N                                                     
  g586/Y                   OAI2BB1X4HVT       1  4.1           
WALLACE_CSA_DUMMY_OP_groupi/out_0[9] 
g38/A                                                          
g38/Y                      AND2X1HVT          1  4.2           
Y_reg[9]/D            <<<  DFFHQX1HVT                          
Y_reg[9]/CK                setup                               
- - - - - - - - - - - - - - - - - - - - - - - - - - - - - - - -
(clock CLK)                capture                      5000 R 
---------------------------------------------------------------
Cost Group   : 'I2C' (path_group 'I2C')
Start-point  : X3[0]
End-point    : Y_reg[9]/D

The global mapper estimates a slack for this path of 111ps.
 
 
Global incremental timing result
================================
        Computing net loads.
        Tracing clock networks.
        Levelizing the circuit.
        Computing delays.
        Computing arrivals and requireds.
      Pin                 Type       Fanout Load Slew Delay Arrival   
                                            (fF) (ps)  (ps)   (ps)    
----------------------------------------------------------------------
(clock CLK)            launch                                     0 R 
Y_reg[9]/CK                                         0    +0       0 R 
Y_reg[9]/Q             DFFHQX1HVT         1  3.9  194  +385     385 F 
Y[9]              <<<  interconnect               194    +0     385 F 
                       out port                          +0     385 F 
(top.sdc_line_11)      ext delay                         +0     385 F 
- - - - - - - - - - - - - - - - - - - - - - - - - - - - - - - - - - - 
(clock CLK)            capture                                 5000 R 
----------------------------------------------------------------------
Cost Group   : 'C2O' (path_group 'C2O')
Timing slack :    4615ps 
Start-point  : Y_reg[9]/CK
End-point    : Y[9]

        Pin                  Type       Fanout Load Slew Delay Arrival   
                                               (fF) (ps)  (ps)   (ps)    
-------------------------------------------------------------------------
(clock CLK)               launch                                     0 R 
(top.sdc_line_8_2_1)      ext delay                         +0       0 R 
X0[2]                     in port            4 10.7    0    +0       0 R 
WALLACE_CSA_DUMMY_OP_groupi/in_5[2] 
  g657/B                                                    +0       0   
  g657/Y                  AND2X1HVT          1  4.4  148  +254     254 R 
  cdnfadd_005_0/CI                                          +0     254   
  cdnfadd_005_0/S         ADDFX1HVT          1  4.4  234  +556     809 F 
  cdnfadd_005_3/CI                                          +0     809   
  cdnfadd_005_3/S         ADDFX1HVT          1  4.4  169  +548    1357 R 
  cdnfadd_005_5/CI                                          +0    1357   
  cdnfadd_005_5/CO        ADDFX1HVT          1  4.4  165  +438    1796 R 
  cdnfadd_006_3/CI                                          +0    1796   
  cdnfadd_006_3/S         ADDFX1HVT          1  4.5  238  +568    2364 F 
  cdnfadd_006_4/B                                           +0    2364   
  cdnfadd_006_4/S         ADDFX2HVT          2  6.6  184  +684    3048 R 
  g603/B                                                    +0    3048   
  g603/Y                  AND2X2HVT          2  7.3  156  +406    3454 R 
  g591/B0                                                   +0    3454   
  g591/Y                  AOI2BB1X4HVT       2  6.2  133  +166    3620 F 
  g589/A1N                                                  +0    3620   
  g589/Y                  AOI2BB1X4HVT       2  6.9  142  +282    3901 F 
  g588/A                                                    +0    3901   
  g588/Y                  INVX3HVT           1  4.2   74  +115    4016 R 
  g586/A1N                                                  +0    4016   
  g586/Y                  OAI2BB1X4HVT       1  4.1   95  +302    4318 R 
WALLACE_CSA_DUMMY_OP_groupi/out_0[9] 
g38/A                                                       +0    4318   
g38/Y                     AND2X1HVT          1  4.2  142  +288    4606 R 
Y_reg[9]/D           <<<  DFFHQX1HVT                        +0    4606   
Y_reg[9]/CK               setup                        0  +266    4872 R 
- - - - - - - - - - - - - - - - - - - - - - - - - - - - - - - - - - - - -
(clock CLK)               capture                                 5000 R 
-------------------------------------------------------------------------
Cost Group   : 'I2C' (path_group 'I2C')
Timing slack :     128ps 
Start-point  : X0[2]
End-point    : Y_reg[9]/D

 
==================================
Stage : global_incr_map 
==================================
  =================
   Message Summary
  =================
----------------------------------------------------------------------------
|     Id     |  Sev   |Count |                Message Text                 |
----------------------------------------------------------------------------
| LBR-155    |Info    |  264 |Mismatch in unateness between 'timing_sense' |
|            |        |      | attribute and the function.                 |
|            |        |      |The 'timing_sense' attribute will be         |
|            |        |      | respected.                                  |
| PA-7       |Info    |    2 |Resetting power analysis results.            |
|            |        |      |All computed switching activities are        |
|            |        |      | removed.                                    |
| PHYS-752   |Info    |    1 |Partition Based Synthesis execution skipped. |
| RPT_DP-100 |Warning |    1 |The filename, column and line number         |
|            |        |      | information will not be available in the    |
|            |        |      | report.                                     |
|            |        |      |You must set the                             |
|            |        |      | 'hdl_track_filename_row_col' attribute to   |
|            |        |      | 'true' (before elaborate)                   |
|            |        |      | to enable filename, column, and line number |
|            |        |      | tracking in the datapath report.            |
| SYNTH-2    |Info    |    1 |Done synthesizing.                           |
| SYNTH-4    |Info    |    1 |Mapping.                                     |
----------------------------------------------------------------------------
 
Global incremental optimization status
======================================
                                   Group   
                                  Tot Wrst 
                           Total  Weighted 
Operation                   Area   Slacks  
 global_incr                 815        0 

    Cost Group            Target    Slack    Diff.  Constr.
-----------------------------------------------------------
           I2C                95      128              5000 
           C2O                98     4615              5000 


Scan mapping status report
==========================
    Scan mapping: converting flip-flops that pass TDRC.
    Scan mapping: bypassed.  You have to either 1) set attribute 'dft_scan_map_mode' to 'tdrc_pass' and run 'check_dft_rules' or 2) set attribute 'dft_scan_map_mode' to 'force_all'.

    Scan mapping bypassed because no TDRC data is available: either command 'check_dft_rules' has not been run or TDRC data has been subsequently invalidated.
          Performing post-mapping optimization ...


State Retention Synthesis Status
================================

Category                        Flops   Percentage
--------------------------------------------------
Total instances                    10        100.0
Excluded from State Retention      10        100.0
    - Will not convert             10        100.0
      - Preserved                   0          0.0
      - Power intent excluded      10        100.0
    - Could not convert             0          0.0
      - Scan type                   0          0.0
      - No suitable cell            0          0.0
State Retention instances           0          0.0
--------------------------------------------------

INFO: skipping constant propagation
PBS_Techmap-Global Mapping - Elapsed_Time 8, CPU_Time 8.766714999999998
stamp 'PBS_Techmap-Global Mapping' being created for table 'pbs_debug'

  Total Time (Wall) |  Stage Time (Wall)  |   % (Wall)   |    Date - Time     |  Memory   | Stage
--------------------+---------------------+--------------+--------------------+-----------+----------------------
 00:00:21(00:00:12) |  00:00:00(00:00:00) |   0.0(  0.0) |   10:33:32 (May02) |  296.2 MB | PBS_Generic-Start
--------------------+---------------------+--------------+--------------------+-----------+----------------------
 00:00:31(00:00:22) |  00:00:09(00:00:10) |  48.5( 50.0) |   10:33:42 (May02) |  612.3 MB | PBS_Generic_Opt-Post
--------------------+---------------------+--------------+--------------------+-----------+----------------------
 00:00:31(00:00:22) |  00:00:00(00:00:00) |   0.0(  0.0) |   10:33:42 (May02) |  612.3 MB | PBS_Generic-Postgen HBO Optimizations
--------------------+---------------------+--------------+--------------------+-----------+----------------------
 00:00:32(00:00:24) |  00:00:00(00:00:02) |   5.2( 10.0) |   10:33:44 (May02) |  612.3 MB | PBS_TechMap-Start
--------------------+---------------------+--------------+--------------------+-----------+----------------------
 00:00:32(00:00:24) |  00:00:00(00:00:00) |   0.0(  0.0) |   10:33:44 (May02) |  612.3 MB | PBS_TechMap-Premap HBO Optimizations
--------------------+---------------------+--------------+--------------------+-----------+----------------------
 00:00:40(00:00:32) |  00:00:08(00:00:08) |  46.2( 40.0) |   10:33:53 (May02) |  614.0 MB | PBS_Techmap-Global Mapping
--------------------+---------------------+--------------+--------------------+-----------+----------------------
Number of threads: 8 * 1   (id: pbs_debug, time_info v1.57)
Info: (*N*) indicates data that was populated from previously saved time_info database
Info: CPU time includes time of parent + longest thread
Info    : Wrote formal verification information. [CFM-5]
        : Wrote 'fv/top/fv_map.fv.json' for netlist 'fv/top/fv_map.v.gz'.
Info    : Wrote dofile. [CFM-1]
        : Dofile is 'fv/top/rtl_to_fv_map.do'.
        : Alias mapping flow is enabled.
        Computing net loads.
PBS_TechMap-Datapath Postmap Operations - Elapsed_Time 2, CPU_Time 1.9985300000000024
stamp 'PBS_TechMap-Datapath Postmap Operations' being created for table 'pbs_debug'

  Total Time (Wall) |  Stage Time (Wall)  |   % (Wall)   |    Date - Time     |  Memory   | Stage
--------------------+---------------------+--------------+--------------------+-----------+----------------------
 00:00:21(00:00:12) |  00:00:00(00:00:00) |   0.0(  0.0) |   10:33:32 (May02) |  296.2 MB | PBS_Generic-Start
--------------------+---------------------+--------------+--------------------+-----------+----------------------
 00:00:31(00:00:22) |  00:00:09(00:00:10) |  43.9( 43.5) |   10:33:42 (May02) |  612.3 MB | PBS_Generic_Opt-Post
--------------------+---------------------+--------------+--------------------+-----------+----------------------
 00:00:31(00:00:22) |  00:00:00(00:00:00) |   0.0(  0.0) |   10:33:42 (May02) |  612.3 MB | PBS_Generic-Postgen HBO Optimizations
--------------------+---------------------+--------------+--------------------+-----------+----------------------
 00:00:32(00:00:24) |  00:00:00(00:00:02) |   4.7(  8.7) |   10:33:44 (May02) |  612.3 MB | PBS_TechMap-Start
--------------------+---------------------+--------------+--------------------+-----------+----------------------
 00:00:32(00:00:24) |  00:00:00(00:00:00) |   0.0(  0.0) |   10:33:44 (May02) |  612.3 MB | PBS_TechMap-Premap HBO Optimizations
--------------------+---------------------+--------------+--------------------+-----------+----------------------
 00:00:40(00:00:32) |  00:00:08(00:00:08) |  41.8( 34.8) |   10:33:53 (May02) |  614.0 MB | PBS_Techmap-Global Mapping
--------------------+---------------------+--------------+--------------------+-----------+----------------------
 00:00:42(00:00:35) |  00:00:01(00:00:03) |   9.5( 13.0) |   10:33:55 (May02) |  614.0 MB | PBS_TechMap-Datapath Postmap Operations
--------------------+---------------------+--------------+--------------------+-----------+----------------------
Number of threads: 8 * 1   (id: pbs_debug, time_info v1.57)
Info: (*N*) indicates data that was populated from previously saved time_info database
Info: CPU time includes time of parent + longest thread
PBS_TechMap-Postmap HBO Optimizations - Elapsed_Time 0, CPU_Time -0.0013339999999999463
stamp 'PBS_TechMap-Postmap HBO Optimizations' being created for table 'pbs_debug'

  Total Time (Wall) |  Stage Time (Wall)  |   % (Wall)   |    Date - Time     |  Memory   | Stage
--------------------+---------------------+--------------+--------------------+-----------+----------------------
 00:00:21(00:00:12) |  00:00:00(00:00:00) |   0.0(  0.0) |   10:33:32 (May02) |  296.2 MB | PBS_Generic-Start
--------------------+---------------------+--------------+--------------------+-----------+----------------------
 00:00:31(00:00:22) |  00:00:09(00:00:10) |  43.9( 43.5) |   10:33:42 (May02) |  612.3 MB | PBS_Generic_Opt-Post
--------------------+---------------------+--------------+--------------------+-----------+----------------------
 00:00:31(00:00:22) |  00:00:00(00:00:00) |   0.0(  0.0) |   10:33:42 (May02) |  612.3 MB | PBS_Generic-Postgen HBO Optimizations
--------------------+---------------------+--------------+--------------------+-----------+----------------------
 00:00:32(00:00:24) |  00:00:00(00:00:02) |   4.7(  8.7) |   10:33:44 (May02) |  612.3 MB | PBS_TechMap-Start
--------------------+---------------------+--------------+--------------------+-----------+----------------------
 00:00:32(00:00:24) |  00:00:00(00:00:00) |   0.0(  0.0) |   10:33:44 (May02) |  612.3 MB | PBS_TechMap-Premap HBO Optimizations
--------------------+---------------------+--------------+--------------------+-----------+----------------------
 00:00:40(00:00:32) |  00:00:08(00:00:08) |  41.8( 34.8) |   10:33:53 (May02) |  614.0 MB | PBS_Techmap-Global Mapping
--------------------+---------------------+--------------+--------------------+-----------+----------------------
 00:00:42(00:00:35) |  00:00:01(00:00:03) |   9.5( 13.0) |   10:33:55 (May02) |  614.0 MB | PBS_TechMap-Datapath Postmap Operations
--------------------+---------------------+--------------+--------------------+-----------+----------------------
 00:00:42(00:00:35) |  00:00:00(00:00:00) |  -0.0(  0.0) |   10:33:55 (May02) |  614.0 MB | PBS_TechMap-Postmap HBO Optimizations
--------------------+---------------------+--------------+--------------------+-----------+----------------------
Number of threads: 8 * 1   (id: pbs_debug, time_info v1.57)
Info: (*N*) indicates data that was populated from previously saved time_info database
Info: CPU time includes time of parent + longest thread
 Doing ConstProp on design:top ... 

Time taken by ConstProp Step: 00:00:00
PBS_TechMap-Postmap Clock Gating - Elapsed_Time 0, CPU_Time 0.0
stamp 'PBS_TechMap-Postmap Clock Gating' being created for table 'pbs_debug'

  Total Time (Wall) |  Stage Time (Wall)  |   % (Wall)   |    Date - Time     |  Memory   | Stage
--------------------+---------------------+--------------+--------------------+-----------+----------------------
 00:00:21(00:00:12) |  00:00:00(00:00:00) |   0.0(  0.0) |   10:33:32 (May02) |  296.2 MB | PBS_Generic-Start
--------------------+---------------------+--------------+--------------------+-----------+----------------------
 00:00:31(00:00:22) |  00:00:09(00:00:10) |  43.9( 43.5) |   10:33:42 (May02) |  612.3 MB | PBS_Generic_Opt-Post
--------------------+---------------------+--------------+--------------------+-----------+----------------------
 00:00:31(00:00:22) |  00:00:00(00:00:00) |   0.0(  0.0) |   10:33:42 (May02) |  612.3 MB | PBS_Generic-Postgen HBO Optimizations
--------------------+---------------------+--------------+--------------------+-----------+----------------------
 00:00:32(00:00:24) |  00:00:00(00:00:02) |   4.7(  8.7) |   10:33:44 (May02) |  612.3 MB | PBS_TechMap-Start
--------------------+---------------------+--------------+--------------------+-----------+----------------------
 00:00:32(00:00:24) |  00:00:00(00:00:00) |   0.0(  0.0) |   10:33:44 (May02) |  612.3 MB | PBS_TechMap-Premap HBO Optimizations
--------------------+---------------------+--------------+--------------------+-----------+----------------------
 00:00:40(00:00:32) |  00:00:08(00:00:08) |  41.8( 34.8) |   10:33:53 (May02) |  614.0 MB | PBS_Techmap-Global Mapping
--------------------+---------------------+--------------+--------------------+-----------+----------------------
 00:00:42(00:00:35) |  00:00:01(00:00:03) |   9.5( 13.0) |   10:33:55 (May02) |  614.0 MB | PBS_TechMap-Datapath Postmap Operations
--------------------+---------------------+--------------+--------------------+-----------+----------------------
 00:00:42(00:00:35) |  00:00:00(00:00:00) |  -0.0(  0.0) |   10:33:55 (May02) |  614.0 MB | PBS_TechMap-Postmap HBO Optimizations
--------------------+---------------------+--------------+--------------------+-----------+----------------------
 00:00:42(00:00:35) |  00:00:00(00:00:00) |   0.0(  0.0) |   10:33:55 (May02) |  614.0 MB | PBS_TechMap-Postmap Clock Gating
--------------------+---------------------+--------------+--------------------+-----------+----------------------
Number of threads: 8 * 1   (id: pbs_debug, time_info v1.57)
Info: (*N*) indicates data that was populated from previously saved time_info database
Info: CPU time includes time of parent + longest thread
-------------------------------------------------------------------------------
 hi_fo_buf                   815        0         0        42        0

           Trick     Calls     Accepts   Attempts    Time(secs) 
-----------------------------------------------------------
       hi_fo_buf         0  (        0 /        0 )  0.00

 
Incremental optimization status
===============================
                                   Group   
                                  Tot Wrst     Total - - DRC Totals - -
                           Total  Weighted      Neg      Max       Max     Leakage 
Operation                   Area   Slacks      Slack    Trans      Cap      Power  
 init_delay                  815        0         0        42        0         10 

           Trick     Calls     Accepts   Attempts    Time(secs) 
-----------------------------------------------------------
       crit_upsz         0  (        0 /        0 )  0.00
    plc_bal_star         0  (        0 /        0 )  0.00
     drc_buftimb         0  (        0 /        0 )  0.00
          plc_st         0  (        0 /        0 )  0.00
    plc_st_fence         0  (        0 /        0 )  0.00
        plc_star         0  (        0 /        0 )  0.00
      plc_laf_st         0  (        0 /        0 )  0.00
 plc_laf_st_fence         0  (        0 /        0 )  0.00
     drc_buftims         0  (        0 /        0 )  0.00
            fopt         0  (        0 /        0 )  0.00
   plc_laf_lo_st         0  (        0 /        0 )  0.00
       plc_lo_st         0  (        0 /        0 )  0.00
        mb_split         0  (        0 /        0 )  0.00

 
Local TNS optimization status
=============================
                                   Group   
                                  Tot Wrst     Total - - DRC Totals - -
                           Total  Weighted      Neg      Max       Max     Leakage 
Operation                   Area   Slacks      Slack    Trans      Cap      Power  
 init_tns                    815        0         0        42        0         10 

           Trick     Calls     Accepts   Attempts    Time(secs) 
-----------------------------------------------------------
    plc_bal_star         0  (        0 /        0 )  0.00
     drc_buftimb         0  (        0 /        0 )  0.00
     drc_buftims         0  (        0 /        0 )  0.00
       crit_upsz         0  (        0 /        0 )  0.00
   plc_laf_lo_st         0  (        0 /        0 )  0.00
       plc_lo_st         0  (        0 /        0 )  0.00
            fopt         0  (        0 /        0 )  0.00
       crit_dnsz         0  (        0 /        0 )  0.00
             dup         0  (        0 /        0 )  0.00
        setup_dn         0  (        0 /        0 )  0.00
        mb_split         0  (        0 /        0 )  0.00

PBS_TechMap-Postmap Cleanup - Elapsed_Time 1, CPU_Time 0.9987279999999998
stamp 'PBS_TechMap-Postmap Cleanup' being created for table 'pbs_debug'

  Total Time (Wall) |  Stage Time (Wall)  |   % (Wall)   |    Date - Time     |  Memory   | Stage
--------------------+---------------------+--------------+--------------------+-----------+----------------------
 00:00:21(00:00:12) |  00:00:00(00:00:00) |   0.0(  0.0) |   10:33:32 (May02) |  296.2 MB | PBS_Generic-Start
--------------------+---------------------+--------------+--------------------+-----------+----------------------
 00:00:31(00:00:22) |  00:00:09(00:00:10) |  41.9( 41.7) |   10:33:42 (May02) |  612.3 MB | PBS_Generic_Opt-Post
--------------------+---------------------+--------------+--------------------+-----------+----------------------
 00:00:31(00:00:22) |  00:00:00(00:00:00) |   0.0(  0.0) |   10:33:42 (May02) |  612.3 MB | PBS_Generic-Postgen HBO Optimizations
--------------------+---------------------+--------------+--------------------+-----------+----------------------
 00:00:32(00:00:24) |  00:00:00(00:00:02) |   4.5(  8.3) |   10:33:44 (May02) |  612.3 MB | PBS_TechMap-Start
--------------------+---------------------+--------------+--------------------+-----------+----------------------
 00:00:32(00:00:24) |  00:00:00(00:00:00) |   0.0(  0.0) |   10:33:44 (May02) |  612.3 MB | PBS_TechMap-Premap HBO Optimizations
--------------------+---------------------+--------------+--------------------+-----------+----------------------
 00:00:40(00:00:32) |  00:00:08(00:00:08) |  39.9( 33.3) |   10:33:53 (May02) |  614.0 MB | PBS_Techmap-Global Mapping
--------------------+---------------------+--------------+--------------------+-----------+----------------------
 00:00:42(00:00:35) |  00:00:01(00:00:03) |   9.1( 12.5) |   10:33:55 (May02) |  614.0 MB | PBS_TechMap-Datapath Postmap Operations
--------------------+---------------------+--------------+--------------------+-----------+----------------------
 00:00:42(00:00:35) |  00:00:00(00:00:00) |  -0.0(  0.0) |   10:33:55 (May02) |  614.0 MB | PBS_TechMap-Postmap HBO Optimizations
--------------------+---------------------+--------------+--------------------+-----------+----------------------
 00:00:42(00:00:35) |  00:00:00(00:00:00) |   0.0(  0.0) |   10:33:55 (May02) |  614.0 MB | PBS_TechMap-Postmap Clock Gating
--------------------+---------------------+--------------+--------------------+-----------+----------------------
 00:00:43(00:00:36) |  00:00:00(00:00:01) |   4.5(  4.2) |   10:33:56 (May02) |  614.0 MB | PBS_TechMap-Postmap Cleanup
--------------------+---------------------+--------------+--------------------+-----------+----------------------
Number of threads: 8 * 1   (id: pbs_debug, time_info v1.57)
Info: (*N*) indicates data that was populated from previously saved time_info database
Info: CPU time includes time of parent + longest thread
PBS_Techmap-Post_MBCI - Elapsed_Time 0, CPU_Time 0.0
stamp 'PBS_Techmap-Post_MBCI' being created for table 'pbs_debug'

  Total Time (Wall) |  Stage Time (Wall)  |   % (Wall)   |    Date - Time     |  Memory   | Stage
--------------------+---------------------+--------------+--------------------+-----------+----------------------
 00:00:21(00:00:12) |  00:00:00(00:00:00) |   0.0(  0.0) |   10:33:32 (May02) |  296.2 MB | PBS_Generic-Start
--------------------+---------------------+--------------+--------------------+-----------+----------------------
 00:00:31(00:00:22) |  00:00:09(00:00:10) |  41.9( 41.7) |   10:33:42 (May02) |  612.3 MB | PBS_Generic_Opt-Post
--------------------+---------------------+--------------+--------------------+-----------+----------------------
 00:00:31(00:00:22) |  00:00:00(00:00:00) |   0.0(  0.0) |   10:33:42 (May02) |  612.3 MB | PBS_Generic-Postgen HBO Optimizations
--------------------+---------------------+--------------+--------------------+-----------+----------------------
 00:00:32(00:00:24) |  00:00:00(00:00:02) |   4.5(  8.3) |   10:33:44 (May02) |  612.3 MB | PBS_TechMap-Start
--------------------+---------------------+--------------+--------------------+-----------+----------------------
 00:00:32(00:00:24) |  00:00:00(00:00:00) |   0.0(  0.0) |   10:33:44 (May02) |  612.3 MB | PBS_TechMap-Premap HBO Optimizations
--------------------+---------------------+--------------+--------------------+-----------+----------------------
 00:00:40(00:00:32) |  00:00:08(00:00:08) |  39.9( 33.3) |   10:33:53 (May02) |  614.0 MB | PBS_Techmap-Global Mapping
--------------------+---------------------+--------------+--------------------+-----------+----------------------
 00:00:42(00:00:35) |  00:00:01(00:00:03) |   9.1( 12.5) |   10:33:55 (May02) |  614.0 MB | PBS_TechMap-Datapath Postmap Operations
--------------------+---------------------+--------------+--------------------+-----------+----------------------
 00:00:42(00:00:35) |  00:00:00(00:00:00) |  -0.0(  0.0) |   10:33:55 (May02) |  614.0 MB | PBS_TechMap-Postmap HBO Optimizations
--------------------+---------------------+--------------+--------------------+-----------+----------------------
 00:00:42(00:00:35) |  00:00:00(00:00:00) |   0.0(  0.0) |   10:33:55 (May02) |  614.0 MB | PBS_TechMap-Postmap Clock Gating
--------------------+---------------------+--------------+--------------------+-----------+----------------------
 00:00:43(00:00:36) |  00:00:00(00:00:01) |   4.5(  4.2) |   10:33:56 (May02) |  614.0 MB | PBS_TechMap-Postmap Cleanup
--------------------+---------------------+--------------+--------------------+-----------+----------------------
 00:00:43(00:00:36) |  00:00:00(00:00:00) |   0.0(  0.0) |   10:33:56 (May02) |  614.0 MB | PBS_Techmap-Post_MBCI
--------------------+---------------------+--------------+--------------------+-----------+----------------------
Number of threads: 8 * 1   (id: pbs_debug, time_info v1.57)
Info: (*N*) indicates data that was populated from previously saved time_info database
Info: CPU time includes time of parent + longest thread
##>=================== Cadence Confidential (Mapping-Logical) ===================
##>Main Thread Summary:
##>----------------------------------------------------------------------------------------
##>STEP                           Elapsed       WNS       TNS     Insts      Area    Memory
##>----------------------------------------------------------------------------------------
##>M:Initial                            0         -         -       627      1741       612
##>M:Pre Cleanup                        0         -         -       627      1741       612
##>M:Setup                              0         -         -         -         -         -
##>M:Launch ST                          0         -         -         -         -         -
##>M:Design Partition                   0         -         -         -         -         -
##>M:Create Partition Netlists          0         -         -         -         -         -
##>M:Init Power                         0         -         -         -         -         -
##>M:Budgeting                          0         -         -         -         -         -
##>M:Derenv-DB                          0         -         -         -         -         -
##>M:Debug Outputs                      0         -         -         -         -         -
##>M:ST loading                         0         -         -         -         -         -
##>M:Distributed                        0         -         -         -         -         -
##>M:Timer                              0         -         -         -         -         -
##>M:Assembly                           0         -         -         -         -         -
##>M:DFT                                0         -         -         -         -         -
##>M:DP Operations                      2         -         -       170       576       614
##>M:Const Prop                         0       127         0       170       576       614
##>M:Cleanup                            1       127         0       170       576       614
##>M:MBCI                               0         -         -       170       576       614
##>M:Const Gate Removal                 0         -         -         -         -         -
##>M:Misc                               9
##>----------------------------------------------------------------------------------------
##>Total Elapsed                       12
##>========================================================================================
Info    : Done mapping. [SYNTH-5]
        : Done mapping 'top'.
        Computing net loads.
      flow.cputime  flow.realtime  timing.setup.tns  timing.setup.wns  snapshot
UM:*                                                                   syn_map
@file(run_synth.tcl) 185: puts "Runtime & Memory after 'syn_map'"
Runtime & Memory after 'syn_map'
@file(run_synth.tcl) 186: time_info MAPPED
stamp 'MAPPED' being created for table 'default'

  Total Time (Wall) |  Stage Time (Wall)  |   % (Wall)   |    Date - Time     |  Memory   | Stage
--------------------+---------------------+--------------+--------------------+-----------+----------------------
 00:00:09(00:00:00) |  00:00:00(00:00:00) |   0.0(  0.0) |   10:33:20 (May02) |  150.8 MB | init
--------------------+---------------------+--------------+--------------------+-----------+----------------------
 00:00:20(00:00:10) |  00:00:11(00:00:10) |  31.5( 27.8) |   10:33:30 (May02) |  296.2 MB | Elaboration
--------------------+---------------------+--------------+--------------------+-----------+----------------------
 00:00:31(00:00:22) |  00:00:11(00:00:12) |  32.0( 33.3) |   10:33:42 (May02) |  612.3 MB | GENERIC
--------------------+---------------------+--------------+--------------------+-----------+----------------------
 00:00:43(00:00:36) |  00:00:12(00:00:14) |  36.5( 38.9) |   10:33:56 (May02) |  614.0 MB | MAPPED
--------------------+---------------------+--------------+--------------------+-----------+----------------------
Number of threads: 8 * 1   (id: default, time_info v1.57)
Info: (*N*) indicates data that was populated from previously saved time_info database
Info: CPU time includes time of parent + longest thread
@file(run_synth.tcl) 187: write_snapshot -outdir $_REPORTS_PATH -tag map
%# Begin write_snapshot (05/02 10:33:56, mem=1565.14M)
%# Begin qos_stats (05/02 10:33:56, mem=1565.14M)
        Computing arrivals and requireds.
Info   : ACTP-0001 Activity propagation started for stim#0 netlist top
Info   : ACTP-0009 [ACTPInfo] Activity Propagation Progress Report :   0%   1%   2%   3%   4%   5%   6%   7%   8%   9%  10%  11%  12%  13%  14%  15%  16%  17%  18%  19%  20%  21%  22%  23%  24%  25%  26%  27%  28%  29%  30%  31%  32%  33%  34%  35%  36%  37%  38%  39%  40%  41%  42%  43%  44%  45%  46%  47%  48%  49%  50%  51%  52%  53%  54%  55%  56%  57%  58%  59%  60%  61%  62%  63%  64%  65%  66%  67%  68%  69%  70%  71%  72%  73%  74%  75%  76%  77%  78%  79%  80%  81%  82%  83%  84%  85%  86%  87%  88%  89%  90%  91%  92%  93%  94%  95%  96%  97%  98%  99% 100%
Info   : ACTP-0001 Activity propagation ended for stim#0
Info   : PWRA-0001 compute_power effective options 
       : -mode : vectorless
       : -skip_propagation : 1
       : -frequency_scaling_factor : 1.0
       : -use_clock_freq : stim
       : -stim :/stim#0
       : -fromGenus : 1
Info   : ACTP-0001 Timing initialization started
Info   : ACTP-0001 Timing initialization ended
Info   : PWRA-0002 Skipping activity propagation due to -skip_ap option....
Warning: PWRA-0302 Frequency scaling is not applicable for vectorless flow.
       : Ignoring frequency scaling.
Warning: PWRA-0304 -stim option is not applicable with vectorless mode of power
       : analysis, ignored this option.
Info   : PWRA-0002 Started 'vectorless' power computation.
Info   : PWRA-0009 [PwrInfo] Power Computation Progress Report :   0%   1%   2%   3%   4%   5%   6%   7%   8%   9%  10%  11%  12%  13%  14%  15%  16%  17%  18%  19%  20%  21%  22%  23%  24%  25%  26%  27%  28%  29%  30%  31%  32%  33%  34%  35%  36%  37%  38%  39%  40%  41%  42%  43%  44%  45%  46%  47%  48%  49%  50%  51%  52%  53%  54%  55%  56%  57%  58%  59%  60%  61%  62%  63%  64%  65%  66%  67%  68%  69%  70%  71%  72%  73%  74%  75%  76%  77%  78%  79%  80%  81%  82%  83%  84%  85%  86%  87%  88%  89%  90%  91%  92%  93%  94%  95%  96%  97%  98%  99% 100%
Info   : PWRA-0002 Finished power computation.
Info   : PWRA-0007 Completed successfully.
       : Info=6, Warn=2, Error=0, Fatal=0
%# End qos_stats (05/02 10:33:56, total cpu=14:00:00, real=14:00:00, peak res=614.00M, current mem=1565.14M)


Working Directory = /home/B2_Robiul/UDIF/aiub_vlsi_impl_demo/projects/new_Project2A/synth_hvt
QoS Summary for top
================================================================================
Metric                          generic         map            
================================================================================
Slack (ps):                       812             128
  R2R (ps):                  no_value        no_value
  I2R (ps):                       812             128
  R2O (ps):                     4,550           4,615
  I2O (ps):                  no_value        no_value
  CG  (ps):                  no_value        no_value
TNS (ps):                           0               0
  R2R (ps):                  no_value        no_value
  I2R (ps):                         0               0
  R2O (ps):                         0               0
  I2O (ps):                  no_value        no_value
  CG  (ps):                  no_value        no_value
Failing Paths:                      0               0
Leakage Power (nW):                19              11
Cell Area:                      1,749             577
Total Cell Area:                1,749             577
Leaf Instances:                   627             170
Total Instances:                  627             170
Utilization (%):                 0.00            0.00
Tot. Net Length (um):        no_value        no_value
Avg. Net Length (um):        no_value        no_value
Route Overflow H (%):        no_value        no_value
Route Overflow V (%):        no_value        no_value
MBCI(%) (bits/gate) :            0.00            0.00
Norm Cong Hotspot Area:
  Max Cong:                  no_value        no_value
  Tot Cong:                  no_value        no_value
================================================================================
CPU  Runtime (h:m:s):        00:00:23        00:00:19
Real Runtime (h:m:s):        00:00:22        00:00:14
CPU  Elapsed (h:m:s):        00:00:32        00:00:51
Real Elapsed (h:m:s):        00:00:26        00:00:39
Memory (MB):                  1596.87         1565.14
================================================================================
================================================================================
Flow Settings:
================================================================================
Total Runtime (h:m:s): 00:00:36
Total Memory (MB):     1573.14
Executable Version:    21.18-s082_1
================================================================================
Total Cell Area =  Cell Area + Physical Cell Area
Total Instances =  Leaf Instances + Physical Instances




Info    : Joules engine is used. [RPT-16]
        : Joules engine is being used for the command report_gates -power.
Warning : Violating paths are less than num_paths/max_paths. [CHKTIM-19]
        : Only 20 violating paths found
        : The timing query has number of violating paths less than requested num_paths/max_paths.
Library based partitioning cannot be done as either there is a single library or there are no cells to partition.
Info    : Leakage power optimization was enabled, but single Vth class seems to be used as leakage properties of the given libraries look too similar. [POPT-507]
        : Leakage power effort is set but library domain '_default_' seems to have too few Vth classes.
        : The tool tries to classify the given libraries into different Vth classes. If the leakage properties of the given libraries are too similar then the tool considers all libraries to be of the same Vth class.
Finished exporting design database to file 'reports_May02-10:33:27/map_top.db' for 'top' (command execution time mm:ss cpu = 00:00, real = 00:00).
Finished generating snapshot at stage map (command execution time mm:ss cpu = 00:00, real = 00:00).
%# End write_snapshot (05/02 10:33:56, total cpu=14:00:00, real=14:00:00, peak res=614.00M, current mem=1573.14M)
@file(run_synth.tcl) 188: report_summary -directory $_REPORTS_PATH


Working Directory = /home/B2_Robiul/UDIF/aiub_vlsi_impl_demo/projects/new_Project2A/synth_hvt
QoS Summary for top
================================================================================
Metric                          generic         map            
================================================================================
Slack (ps):                       812             128
  R2R (ps):                  no_value        no_value
  I2R (ps):                       812             128
  R2O (ps):                     4,550           4,615
  I2O (ps):                  no_value        no_value
  CG  (ps):                  no_value        no_value
TNS (ps):                           0               0
  R2R (ps):                  no_value        no_value
  I2R (ps):                         0               0
  R2O (ps):                         0               0
  I2O (ps):                  no_value        no_value
  CG  (ps):                  no_value        no_value
Failing Paths:                      0               0
Leakage Power (nW):                19              11
Cell Area:                      1,749             577
Total Cell Area:                1,749             577
Leaf Instances:                   627             170
Total Instances:                  627             170
Utilization (%):                 0.00            0.00
Tot. Net Length (um):        no_value        no_value
Avg. Net Length (um):        no_value        no_value
Route Overflow H (%):        no_value        no_value
Route Overflow V (%):        no_value        no_value
MBCI(%) (bits/gate) :            0.00            0.00
Norm Cong Hotspot Area:
  Max Cong:                  no_value        no_value
  Tot Cong:                  no_value        no_value
================================================================================
CPU  Runtime (h:m:s):        00:00:23        00:00:19
Real Runtime (h:m:s):        00:00:22        00:00:14
CPU  Elapsed (h:m:s):        00:00:32        00:00:51
Real Elapsed (h:m:s):        00:00:26        00:00:39
Memory (MB):                  1596.87         1565.14
================================================================================
================================================================================
Flow Settings:
================================================================================
Total Runtime (h:m:s): 00:00:36
Total Memory (MB):     1573.14
Executable Version:    21.18-s082_1
================================================================================
Total Cell Area =  Cell Area + Physical Cell Area
Total Instances =  Leaf Instances + Physical Instances




@file(run_synth.tcl) 189: report_dp > $_REPORTS_PATH/map/${DESIGN}_datapath.rpt
Beginning report datapath command
Warning : The filename, column and line number information will not be available in the report. [RPT_DP-100]
        : The attribute for getting HDL filename and line number is not set.
@file(run_synth.tcl) 192: foreach cg [vfind / -cost_group *] {
  report_timing -group [list $cg] > $_REPORTS_PATH/${DESIGN}_[vbasename $cg]_post_map.rpt
}
@file(run_synth.tcl) 197: write_do_lec -revised_design fv_map -logfile ${_LOG_PATH}/rtl2intermediate.lec.log > ${_OUTPUTS_PATH}/rtl2intermediate.lec.do
Info    : Wrote dofile. [CFM-1]
        : Dofile is 'outputs_May02-10:33:27/rtl2intermediate.lec.do'.
        : Alias mapping flow is enabled.
@file(run_synth.tcl) 209: set_db / .syn_opt_effort $MAP_OPT_EFF
  Setting attribute of root '/': 'syn_opt_effort' = high
@file(run_synth.tcl) 210: syn_opt
Library based partitioning cannot be done as either there is a single library or there are no cells to partition.
Info    : Leakage power optimization was enabled, but single Vth class seems to be used as leakage properties of the given libraries look too similar. [POPT-507]
        : Leakage power effort is set but library domain '_default_' seems to have too few Vth classes.
        : The tool tries to classify the given libraries into different Vth classes. If the leakage properties of the given libraries are too similar then the tool considers all libraries to be of the same Vth class.
Current PLE settings:

Aspect ratio        : 1.000
Shrink factor       : 1.000
Scale of res/length : 1.000
Scale of cap/length : 1.000
Net derating factor : 1.000
Thermal factor      : 1.000
Via Resistance      : 0.000 ohm (from default)
Site size           : 1.910 um (from lef [tech+cell])

                                   Capacitance  
  Layer                             / Length         Data source:
Name        Direction Utilization  (pF/micron)       lef_library
------------------------------------------------
Metal1          H         0.00        0.000412  
Metal2          V         1.00        0.000416  
Metal3          H         1.00        0.000416  
Metal4          V         1.00        0.000416  
Metal5          H         1.00        0.000416  
Metal6          V         1.00        0.000416  
Metal7          H         1.00        0.000416  
Metal8          V         1.00        0.000416  
Metal9          H         1.00        0.000416  
Metal10         V         1.00        0.000444  
Metal11         H         1.00        0.000444  

                                    Resistance   
  Layer                              / Length         Data source:
Name        Direction Utilization  (ohm/micron)       lef_library
-------------------------------------------------
Metal1          H         0.00         1.226667  
Metal2          V         1.00         0.755000  
Metal3          H         1.00         0.755000  
Metal4          V         1.00         0.755000  
Metal5          H         1.00         0.755000  
Metal6          V         1.00         0.755000  
Metal7          H         1.00         0.755000  
Metal8          V         1.00         0.267500  
Metal9          H         1.00         0.267500  
Metal10         V         1.00         0.097273  
Metal11         H         1.00         0.095455  

                                        Area     
  Layer                               / Length        Data source:
Name        Direction Utilization     (micron)        lef_library
-------------------------------------------------
Metal1          H         0.00         0.060000  
Metal2          V         1.00         0.080000  
Metal3          H         1.00         0.080000  
Metal4          V         1.00         0.080000  
Metal5          H         1.00         0.080000  
Metal6          V         1.00         0.080000  
Metal7          H         1.00         0.080000  
Metal8          V         1.00         0.080000  
Metal9          H         1.00         0.080000  
Metal10         V         1.00         0.220000  
Metal11         H         1.00         0.220000  

Info    : Incrementally optimizing. [SYNTH-7]
        : Incrementally optimizing 'top' using 'high' effort.
 
Incremental optimization status
===============================
                                   Group   
                                  Tot Wrst     Total - - DRC Totals - -
                           Total  Weighted      Neg      Max       Max     Leakage 
Operation                   Area   Slacks      Slack    Trans      Cap      Power  
 init_iopt                   815        0         0        42        0         10 
-------------------------------------------------------------------------------
 const_prop                  815        0         0        42        0         10 
-------------------------------------------------------------------------------
 hi_fo_buf                   815        0         0        42        0         10 

           Trick     Calls     Accepts   Attempts    Time(secs) 
-----------------------------------------------------------
       hi_fo_buf         0  (        0 /        0 )  0.00

 
Incremental optimization status
===============================
                                   Group   
                                  Tot Wrst     Total - - DRC Totals - -
                           Total  Weighted      Neg      Max       Max     Leakage 
Operation                   Area   Slacks      Slack    Trans      Cap      Power  
 init_delay                  815        0         0        42        0         10 

           Trick     Calls     Accepts   Attempts    Time(secs) 
-----------------------------------------------------------
        crit_msz         0  (        0 /        0 )  0.00
       crit_upsz         0  (        0 /        0 )  0.00
       crit_slew         0  (        0 /        0 )  0.00
        setup_dn         0  (        0 /        0 )  0.00
    plc_bal_star         0  (        0 /        0 )  0.00
     drc_buftimb         0  (        0 /        0 )  0.00
          plc_st         0  (        0 /        0 )  0.00
    plc_st_fence         0  (        0 /        0 )  0.00
        plc_star         0  (        0 /        0 )  0.00
      plc_laf_st         0  (        0 /        0 )  0.00
 plc_laf_st_fence         0  (        0 /        0 )  0.00
     drc_buftims         0  (        0 /        0 )  0.00
   plc_laf_lo_st         0  (        0 /        0 )  0.00
       plc_lo_st         0  (        0 /        0 )  0.00
            fopt         0  (        0 /        0 )  0.00
       crit_swap         0  (        0 /        0 )  0.00
       mux2_swap         0  (        0 /        0 )  0.00
       crit_dnsz         0  (        0 /        0 )  0.00
       load_swap         0  (        0 /        0 )  0.00
            fopt         0  (        0 /        0 )  0.00
        setup_dn         0  (        0 /        0 )  0.00
       load_isol         0  (        0 /        0 )  0.00
       load_isol         0  (        0 /        0 )  0.00
        move_for         0  (        0 /        0 )  0.00
        move_for         0  (        0 /        0 )  0.00
          rem_bi         0  (        0 /        0 )  0.00
         offload         0  (        0 /        0 )  0.00
          rem_bi         0  (        0 /        0 )  0.00
         offload         0  (        0 /        0 )  0.00
           phase         0  (        0 /        0 )  0.00
        in_phase         0  (        0 /        0 )  0.00
       merge_bit         0  (        0 /        0 )  0.00
     merge_idrvr         0  (        0 /        0 )  0.00
     merge_iload         0  (        0 /        0 )  0.00
    merge_idload         0  (        0 /        0 )  0.00
      merge_drvr         0  (        0 /        0 )  0.00
      merge_load         0  (        0 /        0 )  0.00
          decomp         0  (        0 /        0 )  0.00
        p_decomp         0  (        0 /        0 )  0.00
        levelize         0  (        0 /        0 )  0.00
        mb_split         0  (        0 /        0 )  0.00
             dup         0  (        0 /        0 )  0.00
      mux_retime         0  (        0 /        0 )  0.00
         buf2inv         0  (        0 /        0 )  0.00
             exp         0  (        0 /        0 )  0.00
       gate_deco         0  (        0 /        0 )  0.00
       gcomp_tim         0  (        0 /        0 )  0.00
  inv_pair_2_buf         0  (        0 /        0 )  0.00


           Trick     Calls     Accepts   Attempts    Time(secs) 
-----------------------------------------------------------
         crr_220         0  (        0 /        0 )  0.00
        crr_glob         0  (        0 /        0 )  0.00
         crr_200         0  (        0 /        0 )  0.00
        crr_glob         0  (        0 /        0 )  0.00
         crr_300         0  (        0 /        0 )  0.00
        crr_glob         0  (        0 /        0 )  0.00
         crr_400         0  (        0 /        0 )  0.00
        crr_glob         0  (        0 /        0 )  0.00
         crr_111         0  (        0 /        0 )  0.00
        crr_glob         0  (        0 /        0 )  0.00
         crr_210         0  (        0 /        0 )  0.00
        crr_glob         0  (        0 /        0 )  0.00
         crr_110         0  (        0 /        0 )  0.00
        crr_glob         0  (        0 /        0 )  0.00
         crr_101         0  (        0 /        0 )  0.00
        crr_glob         0  (        0 /        0 )  0.00
         crr_201         0  (        0 /        0 )  0.00
        crr_glob         0  (        0 /        0 )  0.00
         crr_211         0  (        0 /        0 )  0.00
        crr_glob         0  (        0 /        0 )  0.00
        crit_msz         0  (        0 /        0 )  0.00
       crit_upsz         0  (        0 /        0 )  0.00
       crit_slew         0  (        0 /        0 )  0.00
        setup_dn         0  (        0 /        0 )  0.00
    plc_bal_star         0  (        0 /        0 )  0.00
     drc_buftimb         0  (        0 /        0 )  0.00
          plc_st         0  (        0 /        0 )  0.00
    plc_st_fence         0  (        0 /        0 )  0.00
        plc_star         0  (        0 /        0 )  0.00
      plc_laf_st         0  (        0 /        0 )  0.00
 plc_laf_st_fence         0  (        0 /        0 )  0.00
     drc_buftims         0  (        0 /        0 )  0.00
       plc_lo_st         0  (        0 /        0 )  0.00
            fopt         0  (        0 /        0 )  0.00
       crit_swap         0  (        0 /        0 )  0.00
       mux2_swap         0  (        0 /        0 )  0.00
       crit_dnsz         0  (        0 /        0 )  0.00
       load_swap         0  (        0 /        0 )  0.00
            fopt         0  (        0 /        0 )  0.00
        setup_dn         0  (        0 /        0 )  0.00
       load_isol         0  (        0 /        0 )  0.00
       load_isol         0  (        0 /        0 )  0.00
        move_for         0  (        0 /        0 )  0.00
        move_for         0  (        0 /        0 )  0.00
          rem_bi         0  (        0 /        0 )  0.00
         offload         0  (        0 /        0 )  0.00
          rem_bi         0  (        0 /        0 )  0.00
         offload         0  (        0 /        0 )  0.00
       merge_bit         0  (        0 /        0 )  0.00
     merge_idrvr         0  (        0 /        0 )  0.00
     merge_iload         0  (        0 /        0 )  0.00
    merge_idload         0  (        0 /        0 )  0.00
      merge_drvr         0  (        0 /        0 )  0.00
      merge_load         0  (        0 /        0 )  0.00
           phase         0  (        0 /        0 )  0.00
          decomp         0  (        0 /        0 )  0.00
        p_decomp         0  (        0 /        0 )  0.00
        levelize         0  (        0 /        0 )  0.00
        mb_split         0  (        0 /        0 )  0.00
        in_phase         0  (        0 /        0 )  0.00
             dup         0  (        0 /        0 )  0.00
      mux_retime         0  (        0 /        0 )  0.00
         buf2inv         0  (        0 /        0 )  0.00
             exp         0  (        0 /        0 )  0.00
       gate_deco         0  (        0 /        0 )  0.00
       gcomp_tim         0  (        0 /        0 )  0.00
  inv_pair_2_buf         0  (        0 /        0 )  0.00
 init_drc                    815        0         0        42        0         10 
 incr_max_trans              825        0         0         0        0         10 

           Trick     Calls     Accepts   Attempts    Time(secs) 
-----------------------------------------------------------
          plc_st         3  (        0 /        0 )  0.00
        plc_star         3  (        0 /        0 )  0.00
        drc_bufs         6  (        0 /        3 )  0.01
        drc_fopt         3  (        0 /        0 )  0.00
        drc_bufb         3  (        0 /        0 )  0.00
      simple_buf         3  (        3 /        3 )  0.02
             dup         0  (        0 /        0 )  0.00
       crit_dnsz         0  (        0 /        0 )  0.00
       crit_upsz         0  (        0 /        0 )  0.00
       crit_slew         0  (        0 /        0 )  0.00


           Trick     Calls     Accepts   Attempts    Time(secs) 
-----------------------------------------------------------
          plc_st         0  (        0 /        0 )  0.00
        plc_star         0  (        0 /        0 )  0.00
      drc_buf_sp         0  (        0 /        0 )  0.00
        drc_bufs         0  (        0 /        0 )  0.00
        drc_fopt         0  (        0 /        0 )  0.00
        drc_bufb         0  (        0 /        0 )  0.00
      simple_buf         0  (        0 /        0 )  0.00
             dup         0  (        0 /        0 )  0.00
       crit_dnsz         0  (        0 /        0 )  0.00
       crit_upsz         0  (        0 /        0 )  0.00


           Trick     Calls     Accepts   Attempts    Time(secs) 
-----------------------------------------------------------
          plc_st         0  (        0 /        0 )  0.00
        plc_star         0  (        0 /        0 )  0.00
      drc_buf_sp         0  (        0 /        0 )  0.00
        drc_bufs         0  (        0 /        0 )  0.00
        drc_fopt         0  (        0 /        0 )  0.00
        drc_bufb         0  (        0 /        0 )  0.00
             dup         0  (        0 /        0 )  0.00
       crit_dnsz         0  (        0 /        0 )  0.00
       crit_upsz         0  (        0 /        0 )  0.00

 init_tns                    825        0         0         0        0         10 

           Trick     Calls     Accepts   Attempts    Time(secs) 
-----------------------------------------------------------
            fopt         0  (        0 /        0 )  0.00
    plc_bal_star         0  (        0 /        0 )  0.00
     drc_buftimb         0  (        0 /        0 )  0.00
     drc_buftims         0  (        0 /        0 )  0.00
        crit_msz         0  (        0 /        0 )  0.00
       crit_upsz         0  (        0 /        0 )  0.00
   plc_laf_lo_st         0  (        0 /        0 )  0.00
       plc_lo_st         0  (        0 /        0 )  0.00
       crit_swap         0  (        0 /        0 )  0.00
       mux2_swap         0  (        0 /        0 )  0.00
       crit_dnsz         0  (        0 /        0 )  0.00
       load_swap         0  (        0 /        0 )  0.00
            fopt         0  (        0 /        0 )  0.00
        setup_dn         0  (        0 /        0 )  0.00
       load_isol         0  (        0 /        0 )  0.00
       load_isol         0  (        0 /        0 )  0.00
        move_for         0  (        0 /        0 )  0.00
        move_for         0  (        0 /        0 )  0.00
          rem_bi         0  (        0 /        0 )  0.00
         offload         0  (        0 /        0 )  0.00
          rem_bi         0  (        0 /        0 )  0.00
         offload         0  (        0 /        0 )  0.00
       merge_bit         0  (        0 /        0 )  0.00
     merge_idrvr         0  (        0 /        0 )  0.00
     merge_iload         0  (        0 /        0 )  0.00
    merge_idload         0  (        0 /        0 )  0.00
      merge_drvr         0  (        0 /        0 )  0.00
      merge_load         0  (        0 /        0 )  0.00
           phase         0  (        0 /        0 )  0.00
          decomp         0  (        0 /        0 )  0.00
        p_decomp         0  (        0 /        0 )  0.00
        levelize         0  (        0 /        0 )  0.00
        mb_split         0  (        0 /        0 )  0.00
             dup         0  (        0 /        0 )  0.00
      mux_retime         0  (        0 /        0 )  0.00
       crr_local         0  (        0 /        0 )  0.00
         buf2inv         0  (        0 /        0 )  0.00

                                   Group   
                                  Tot Wrst     Total - - DRC Totals - -
                           Total  Weighted      Neg      Max       Max     Leakage 
Operation                   Area   Slacks      Slack    Trans      Cap      Power  
 init_power                  825        0         0         0        0         10 
 p_rem_buf                   818        0         0         0        0         10 
 glob_power                  784        0         0         0        0          9 
 power_down                  782        0         0         0        0          9 
 p_rem_buf                   779        0         0         0        0          9 

           Trick     Calls     Accepts   Attempts    Time(secs) 
-----------------------------------------------------------
       p_rem_buf         4  (        3 /        3 )  0.01
       p_rem_inv         0  (        0 /        0 )  0.00
      p_merge_bi         0  (        0 /        0 )  0.00
        io_phase         0  (        0 /        0 )  0.00
       gate_comp         0  (        0 /        0 )  0.01
       gcomp_mog         0  (        0 /        0 )  0.01
      glob_power        21  (       12 /       21 )  0.11
      power_down        48  (        1 /        1 )  0.28
      size_n_buf         1  (        0 /        0 )  0.01
       p_rem_buf         1  (        1 /        1 )  0.00
       p_rem_inv         0  (        0 /        0 )  0.00
      p_merge_bi         0  (        0 /        0 )  0.00

 
Incremental optimization status
===============================
                                   Group   
                                  Tot Wrst     Total - - DRC Totals - -
                           Total  Weighted      Neg      Max       Max     Leakage 
Operation                   Area   Slacks      Slack    Trans      Cap      Power  
 init_delay                  779        0         0         0        0          9 

           Trick     Calls     Accepts   Attempts    Time(secs) 
-----------------------------------------------------------
         crr_220         0  (        0 /        0 )  0.00
        crr_glob         0  (        0 /        0 )  0.00
         crr_200         0  (        0 /        0 )  0.00
        crr_glob         0  (        0 /        0 )  0.00
         crr_300         0  (        0 /        0 )  0.00
        crr_glob         0  (        0 /        0 )  0.00
         crr_400         0  (        0 /        0 )  0.00
        crr_glob         0  (        0 /        0 )  0.00
         crr_111         0  (        0 /        0 )  0.00
        crr_glob         0  (        0 /        0 )  0.00
         crr_210         0  (        0 /        0 )  0.00
        crr_glob         0  (        0 /        0 )  0.00
         crr_110         0  (        0 /        0 )  0.00
        crr_glob         0  (        0 /        0 )  0.00
         crr_101         0  (        0 /        0 )  0.00
        crr_glob         0  (        0 /        0 )  0.00
         crr_201         0  (        0 /        0 )  0.00
        crr_glob         0  (        0 /        0 )  0.00
         crr_211         0  (        0 /        0 )  0.00
        crr_glob         0  (        0 /        0 )  0.00
        crit_msz         0  (        0 /        0 )  0.00
       crit_upsz         0  (        0 /        0 )  0.00
       crit_slew         0  (        0 /        0 )  0.00
        setup_dn         0  (        0 /        0 )  0.00
    plc_bal_star         0  (        0 /        0 )  0.00
     drc_buftimb         0  (        0 /        0 )  0.00
          plc_st         0  (        0 /        0 )  0.00
    plc_st_fence         0  (        0 /        0 )  0.00
        plc_star         0  (        0 /        0 )  0.00
      plc_laf_st         0  (        0 /        0 )  0.00
 plc_laf_st_fence         0  (        0 /        0 )  0.00
     drc_buftims         0  (        0 /        0 )  0.00
       plc_lo_st         0  (        0 /        0 )  0.00
            fopt         0  (        0 /        0 )  0.00
       crit_swap         0  (        0 /        0 )  0.00
       mux2_swap         0  (        0 /        0 )  0.00
       crit_dnsz         0  (        0 /        0 )  0.00
       load_swap         0  (        0 /        0 )  0.00
            fopt         0  (        0 /        0 )  0.00
        setup_dn         0  (        0 /        0 )  0.00
       load_isol         0  (        0 /        0 )  0.00
       load_isol         0  (        0 /        0 )  0.00
        move_for         0  (        0 /        0 )  0.00
        move_for         0  (        0 /        0 )  0.00
          rem_bi         0  (        0 /        0 )  0.00
         offload         0  (        0 /        0 )  0.00
          rem_bi         0  (        0 /        0 )  0.00
         offload         0  (        0 /        0 )  0.00
       merge_bit         0  (        0 /        0 )  0.00
     merge_idrvr         0  (        0 /        0 )  0.00
     merge_iload         0  (        0 /        0 )  0.00
    merge_idload         0  (        0 /        0 )  0.00
      merge_drvr         0  (        0 /        0 )  0.00
      merge_load         0  (        0 /        0 )  0.00
           phase         0  (        0 /        0 )  0.00
          decomp         0  (        0 /        0 )  0.00
        p_decomp         0  (        0 /        0 )  0.00
        levelize         0  (        0 /        0 )  0.00
        mb_split         0  (        0 /        0 )  0.00
        in_phase         0  (        0 /        0 )  0.00
             dup         0  (        0 /        0 )  0.00
      mux_retime         0  (        0 /        0 )  0.00
         buf2inv         0  (        0 /        0 )  0.00
             exp         0  (        0 /        0 )  0.00
       gate_deco         0  (        0 /        0 )  0.00
       gcomp_tim         0  (        0 /        0 )  0.00
  inv_pair_2_buf         0  (        0 /        0 )  0.00
 init_drc                    779        0         0         0        0          9 

           Trick     Calls     Accepts   Attempts    Time(secs) 
-----------------------------------------------------------
          plc_st         0  (        0 /        0 )  0.00
        plc_star         0  (        0 /        0 )  0.00
        drc_bufs         0  (        0 /        0 )  0.00
        drc_fopt         0  (        0 /        0 )  0.00
        drc_bufb         0  (        0 /        0 )  0.00
      simple_buf         0  (        0 /        0 )  0.00
             dup         0  (        0 /        0 )  0.00
       crit_dnsz         0  (        0 /        0 )  0.00
       crit_upsz         0  (        0 /        0 )  0.00
       crit_slew         0  (        0 /        0 )  0.00


           Trick     Calls     Accepts   Attempts    Time(secs) 
-----------------------------------------------------------
          plc_st         0  (        0 /        0 )  0.00
        plc_star         0  (        0 /        0 )  0.00
        drc_bufs         0  (        0 /        0 )  0.00
        drc_fopt         0  (        0 /        0 )  0.00
        drc_bufb         0  (        0 /        0 )  0.00
      simple_buf         0  (        0 /        0 )  0.00
             dup         0  (        0 /        0 )  0.00
       crit_dnsz         0  (        0 /        0 )  0.00
       crit_upsz         0  (        0 /        0 )  0.00


           Trick     Calls     Accepts   Attempts    Time(secs) 
-----------------------------------------------------------
          plc_st         0  (        0 /        0 )  0.00
        plc_star         0  (        0 /        0 )  0.00
        drc_bufs         0  (        0 /        0 )  0.00
        drc_fopt         0  (        0 /        0 )  0.00
        drc_bufb         0  (        0 /        0 )  0.00
             dup         0  (        0 /        0 )  0.00
       crit_dnsz         0  (        0 /        0 )  0.00
       crit_upsz         0  (        0 /        0 )  0.00

 init_tns                    779        0         0         0        0          9 

           Trick     Calls     Accepts   Attempts    Time(secs) 
-----------------------------------------------------------
            fopt         0  (        0 /        0 )  0.00
    plc_bal_star         0  (        0 /        0 )  0.00
     drc_buftimb         0  (        0 /        0 )  0.00
     drc_buftims         0  (        0 /        0 )  0.00
        crit_msz         0  (        0 /        0 )  0.00
       crit_upsz         0  (        0 /        0 )  0.00
   plc_laf_lo_st         0  (        0 /        0 )  0.00
       plc_lo_st         0  (        0 /        0 )  0.00
       crit_swap         0  (        0 /        0 )  0.00
       mux2_swap         0  (        0 /        0 )  0.00
       crit_dnsz         0  (        0 /        0 )  0.00
       load_swap         0  (        0 /        0 )  0.00
            fopt         0  (        0 /        0 )  0.00
        setup_dn         0  (        0 /        0 )  0.00
       load_isol         0  (        0 /        0 )  0.00
       load_isol         0  (        0 /        0 )  0.00
        move_for         0  (        0 /        0 )  0.00
        move_for         0  (        0 /        0 )  0.00
          rem_bi         0  (        0 /        0 )  0.00
         offload         0  (        0 /        0 )  0.00
          rem_bi         0  (        0 /        0 )  0.00
         offload         0  (        0 /        0 )  0.00
       merge_bit         0  (        0 /        0 )  0.00
     merge_idrvr         0  (        0 /        0 )  0.00
     merge_iload         0  (        0 /        0 )  0.00
    merge_idload         0  (        0 /        0 )  0.00
      merge_drvr         0  (        0 /        0 )  0.00
      merge_load         0  (        0 /        0 )  0.00
           phase         0  (        0 /        0 )  0.00
          decomp         0  (        0 /        0 )  0.00
        p_decomp         0  (        0 /        0 )  0.00
        levelize         0  (        0 /        0 )  0.00
        mb_split         0  (        0 /        0 )  0.00
             dup         0  (        0 /        0 )  0.00
      mux_retime         0  (        0 /        0 )  0.00
       crr_local         0  (        0 /        0 )  0.00
         buf2inv         0  (        0 /        0 )  0.00

                                   Group   
                                  Tot Wrst     Total - - DRC Totals - -
                           Total  Weighted      Neg      Max       Max     Leakage 
Operation                   Area   Slacks      Slack    Trans      Cap      Power  
 init_power                  779        0         0         0        0          9 

           Trick     Calls     Accepts   Attempts    Time(secs) 
-----------------------------------------------------------
       p_rem_buf         0  (        0 /        0 )  0.00
       p_rem_inv         0  (        0 /        0 )  0.00
      p_merge_bi         0  (        0 /        0 )  0.00
        io_phase         0  (        0 /        0 )  0.00
       gate_comp         0  (        0 /        0 )  0.01
       gcomp_mog         0  (        0 /        0 )  0.00
      glob_power        15  (        0 /       15 )  0.12
      power_down        48  (        0 /        0 )  0.28
      size_n_buf         0  (        0 /        0 )  0.00

 init_area                   779        0         0         0        0          9 

           Trick     Calls     Accepts   Attempts    Time(secs) 
-----------------------------------------------------------
           undup         0  (        0 /        0 )  0.00
         rem_buf         0  (        0 /        0 )  0.00
         rem_inv         0  (        0 /        0 )  0.00
        merge_bi         0  (        0 /        0 )  0.00
      rem_inv_qb         0  (        0 /        0 )  0.00
        io_phase         0  (        0 /        0 )  0.00
       gate_comp         0  (        0 /        0 )  0.01
       gcomp_mog         0  (        0 /        0 )  0.00
       glob_area        15  (        0 /       15 )  0.05
       area_down        20  (        0 /        0 )  0.11
      size_n_buf         0  (        0 /        0 )  0.00
  gate_deco_area         0  (        0 /        0 )  0.00

 
Incremental optimization status
===============================
                                   Group   
                                  Tot Wrst     Total - - DRC Totals - -
                           Total  Weighted      Neg      Max       Max     Leakage 
Operation                   Area   Slacks      Slack    Trans      Cap      Power  
 init_delay                  779        0         0         0        0          9 

           Trick     Calls     Accepts   Attempts    Time(secs) 
-----------------------------------------------------------
        crit_msz         0  (        0 /        0 )  0.00
       crit_upsz         0  (        0 /        0 )  0.00
       crit_slew         0  (        0 /        0 )  0.00
        setup_dn         0  (        0 /        0 )  0.00
    plc_bal_star         0  (        0 /        0 )  0.00
     drc_buftimb         0  (        0 /        0 )  0.00
          plc_st         0  (        0 /        0 )  0.00
    plc_st_fence         0  (        0 /        0 )  0.00
        plc_star         0  (        0 /        0 )  0.00
      plc_laf_st         0  (        0 /        0 )  0.00
 plc_laf_st_fence         0  (        0 /        0 )  0.00
     drc_buftims         0  (        0 /        0 )  0.00
   plc_laf_lo_st         0  (        0 /        0 )  0.00
       plc_lo_st         0  (        0 /        0 )  0.00
            fopt         0  (        0 /        0 )  0.00
       crit_swap         0  (        0 /        0 )  0.00
       mux2_swap         0  (        0 /        0 )  0.00
       crit_dnsz         0  (        0 /        0 )  0.00
       load_swap         0  (        0 /        0 )  0.00
            fopt         0  (        0 /        0 )  0.00
        setup_dn         0  (        0 /        0 )  0.00
       load_isol         0  (        0 /        0 )  0.00
       load_isol         0  (        0 /        0 )  0.00
        move_for         0  (        0 /        0 )  0.00
        move_for         0  (        0 /        0 )  0.00
          rem_bi         0  (        0 /        0 )  0.00
         offload         0  (        0 /        0 )  0.00
          rem_bi         0  (        0 /        0 )  0.00
         offload         0  (        0 /        0 )  0.00
           phase         0  (        0 /        0 )  0.00
        in_phase         0  (        0 /        0 )  0.00
       merge_bit         0  (        0 /        0 )  0.00
     merge_idrvr         0  (        0 /        0 )  0.00
     merge_iload         0  (        0 /        0 )  0.00
    merge_idload         0  (        0 /        0 )  0.00
      merge_drvr         0  (        0 /        0 )  0.00
      merge_load         0  (        0 /        0 )  0.00
          decomp         0  (        0 /        0 )  0.00
        p_decomp         0  (        0 /        0 )  0.00
        levelize         0  (        0 /        0 )  0.00
        mb_split         0  (        0 /        0 )  0.00
             dup         0  (        0 /        0 )  0.00
      mux_retime         0  (        0 /        0 )  0.00
         buf2inv         0  (        0 /        0 )  0.00
             exp         0  (        0 /        0 )  0.00
       gate_deco         0  (        0 /        0 )  0.00
       gcomp_tim         0  (        0 /        0 )  0.00
  inv_pair_2_buf         0  (        0 /        0 )  0.00

 init_drc                    779        0         0         0        0          9 

           Trick     Calls     Accepts   Attempts    Time(secs) 
-----------------------------------------------------------
          plc_st         0  (        0 /        0 )  0.00
        plc_star         0  (        0 /        0 )  0.00
        drc_bufs         0  (        0 /        0 )  0.00
        drc_fopt         0  (        0 /        0 )  0.00
        drc_bufb         0  (        0 /        0 )  0.00
      simple_buf         0  (        0 /        0 )  0.00
             dup         0  (        0 /        0 )  0.00
       crit_dnsz         0  (        0 /        0 )  0.00
       crit_upsz         0  (        0 /        0 )  0.00
       crit_slew         0  (        0 /        0 )  0.00


           Trick     Calls     Accepts   Attempts    Time(secs) 
-----------------------------------------------------------
          plc_st         0  (        0 /        0 )  0.00
        plc_star         0  (        0 /        0 )  0.00
        drc_bufs         0  (        0 /        0 )  0.00
        drc_fopt         0  (        0 /        0 )  0.00
        drc_bufb         0  (        0 /        0 )  0.00
      simple_buf         0  (        0 /        0 )  0.00
             dup         0  (        0 /        0 )  0.00
       crit_dnsz         0  (        0 /        0 )  0.00
       crit_upsz         0  (        0 /        0 )  0.00


           Trick     Calls     Accepts   Attempts    Time(secs) 
-----------------------------------------------------------
          plc_st         0  (        0 /        0 )  0.00
        plc_star         0  (        0 /        0 )  0.00
        drc_bufs         0  (        0 /        0 )  0.00
        drc_fopt         0  (        0 /        0 )  0.00
        drc_bufb         0  (        0 /        0 )  0.00
             dup         0  (        0 /        0 )  0.00
       crit_dnsz         0  (        0 /        0 )  0.00
       crit_upsz         0  (        0 /        0 )  0.00

==================================
Stage : incr_opt 
==================================
  =================
   Message Summary
  =================
----------------------------------------------------------------------------
|     Id     |  Sev   |Count |                Message Text                 |
----------------------------------------------------------------------------
| CFM-1      |Info    |    2 |Wrote dofile.                                |
| CFM-5      |Info    |    1 |Wrote formal verification information.       |
| LBR-155    |Info    |  264 |Mismatch in unateness between 'timing_sense' |
|            |        |      | attribute and the function.                 |
|            |        |      |The 'timing_sense' attribute will be         |
|            |        |      | respected.                                  |
| PA-7       |Info    |    4 |Resetting power analysis results.            |
|            |        |      |All computed switching activities are        |
|            |        |      | removed.                                    |
| POPT-507   |Info    |    1 |Leakage power optimization was enabled, but  |
|            |        |      | single Vth class seems to be used as        |
|            |        |      | leakage properties of the given libraries   |
|            |        |      | look too similar.                           |
|            |        |      |The tool tries to classify the given         |
|            |        |      | libraries into different Vth classes. If    |
|            |        |      | the leakage properties of the given         |
|            |        |      | libraries are too similar then the tool     |
|            |        |      | considers all libraries to be of the same   |
|            |        |      | Vth class.                                  |
| RPT_DP-100 |Warning |    1 |The filename, column and line number         |
|            |        |      | information will not be available in the    |
|            |        |      | report.                                     |
|            |        |      |You must set the                             |
|            |        |      | 'hdl_track_filename_row_col' attribute to   |
|            |        |      | 'true' (before elaborate)                   |
|            |        |      | to enable filename, column, and line number |
|            |        |      | tracking in the datapath report.            |
| SYNTH-5    |Info    |    1 |Done mapping.                                |
| SYNTH-7    |Info    |    1 |Incrementally optimizing.                    |
----------------------------------------------------------------------------
Info    : Done incrementally optimizing. [SYNTH-8]
        : Done incrementally optimizing 'top'.
        Computing net loads.
      flow.cputime  flow.realtime  timing.setup.tns  timing.setup.wns  snapshot
UM:*                                                                   syn_opt
@file(run_synth.tcl) 211: write_snapshot -outdir $_REPORTS_PATH -tag syn_opt
%# Begin write_snapshot (05/02 10:33:59, mem=1531.13M)
%# Begin qos_stats (05/02 10:33:59, mem=1566.96M)
        Computing arrivals and requireds.
Info   : ACTP-0001 Activity propagation started for stim#0 netlist top
Info   : ACTP-0009 [ACTPInfo] Activity Propagation Progress Report :   0%   1%   2%   3%   4%   5%   6%   7%   8%   9%  10%  11%  12%  13%  14%  15%  16%  17%  18%  19%  20%  21%  22%  23%  24%  25%  26%  27%  28%  29%  30%  31%  32%  33%  34%  35%  36%  37%  38%  39%  40%  41%  42%  43%  44%  45%  46%  47%  48%  49%  50%  51%  52%  53%  54%  55%  56%  57%  58%  59%  60%  61%  62%  63%  64%  65%  66%  67%  68%  69%  70%  71%  72%  73%  74%  75%  76%  77%  78%  79%  80%  81%  82%  83%  84%  85%  86%  87%  88%  89%  90%  91%  92%  93%  94%  95%  96%  97%  98%  99% 100%
Info   : ACTP-0001 Activity propagation ended for stim#0
Info   : PWRA-0001 compute_power effective options 
       : -mode : vectorless
       : -skip_propagation : 1
       : -frequency_scaling_factor : 1.0
       : -use_clock_freq : stim
       : -stim :/stim#0
       : -fromGenus : 1
Info   : ACTP-0001 Timing initialization started
Info   : ACTP-0001 Timing initialization ended
Info   : PWRA-0002 Skipping activity propagation due to -skip_ap option....
Warning: PWRA-0302 Frequency scaling is not applicable for vectorless flow.
       : Ignoring frequency scaling.
Warning: PWRA-0304 -stim option is not applicable with vectorless mode of power
       : analysis, ignored this option.
Info   : PWRA-0002 Started 'vectorless' power computation.
Info   : PWRA-0009 [PwrInfo] Power Computation Progress Report :   0%   1%   2%   3%   4%   5%   6%   7%   8%   9%  10%  11%  12%  13%  14%  15%  16%  17%  18%  19%  20%  21%  22%  23%  24%  25%  26%  27%  28%  29%  30%  31%  32%  33%  34%  35%  36%  37%  38%  39%  40%  41%  42%  43%  44%  45%  46%  47%  48%  49%  50%  51%  52%  53%  54%  55%  56%  57%  58%  59%  60%  61%  62%  63%  64%  65%  66%  67%  68%  69%  70%  71%  72%  73%  74%  75%  76%  77%  78%  79%  80%  81%  82%  83%  84%  85%  86%  87%  88%  89%  90%  91%  92%  93%  94%  95%  96%  97%  98%  99% 100%
Info   : PWRA-0002 Finished power computation.
Info   : PWRA-0007 Completed successfully.
       : Info=6, Warn=2, Error=0, Fatal=0
%# End qos_stats (05/02 10:33:59, total cpu=14:00:00, real=14:00:00, peak res=614.00M, current mem=1566.96M)


Working Directory = /home/B2_Robiul/UDIF/aiub_vlsi_impl_demo/projects/new_Project2A/synth_hvt
QoS Summary for top
================================================================================
Metric                          generic         map             syn_opt        
================================================================================
Slack (ps):                       812             128               4
  R2R (ps):                  no_value        no_value        no_value
  I2R (ps):                       812             128               4
  R2O (ps):                     4,550           4,615           4,615
  I2O (ps):                  no_value        no_value        no_value
  CG  (ps):                  no_value        no_value        no_value
TNS (ps):                           0               0               0
  R2R (ps):                  no_value        no_value        no_value
  I2R (ps):                         0               0               0
  R2O (ps):                         0               0               0
  I2O (ps):                  no_value        no_value        no_value
  CG  (ps):                  no_value        no_value        no_value
Failing Paths:                      0               0               0
Leakage Power (nW):                19              11              10
Cell Area:                      1,749             577             542
Total Cell Area:                1,749             577             542
Leaf Instances:                   627             170             169
Total Instances:                  627             170             169
Utilization (%):                 0.00            0.00            0.00
Tot. Net Length (um):        no_value        no_value        no_value
Avg. Net Length (um):        no_value        no_value        no_value
Route Overflow H (%):        no_value        no_value        no_value
Route Overflow V (%):        no_value        no_value        no_value
MBCI(%) (bits/gate) :            0.00            0.00            0.00
Norm Cong Hotspot Area:
  Max Cong:                  no_value        no_value        no_value
  Tot Cong:                  no_value        no_value        no_value
================================================================================
CPU  Runtime (h:m:s):        00:00:23        00:00:19        00:00:03
Real Runtime (h:m:s):        00:00:22        00:00:14        00:00:03
CPU  Elapsed (h:m:s):        00:00:32        00:00:51        00:00:54
Real Elapsed (h:m:s):        00:00:26        00:00:39        00:00:42
Memory (MB):                  1596.87         1565.14         1566.96
================================================================================
================================================================================
Flow Settings:
================================================================================
Total Runtime (h:m:s): 00:00:39
Total Memory (MB):     1574.97
Executable Version:    21.18-s082_1
================================================================================
Total Cell Area =  Cell Area + Physical Cell Area
Total Instances =  Leaf Instances + Physical Instances




Info    : Joules engine is used. [RPT-16]
        : Joules engine is being used for the command report_gates -power.
Info    : Leakage power optimization was enabled, but single Vth class seems to be used as leakage properties of the given libraries look too similar. [POPT-507]
        : Leakage power effort is set but library domain '_default_' seems to have too few Vth classes.
Warning : Violating paths are less than num_paths/max_paths. [CHKTIM-19]
        : Only 20 violating paths found
        : The timing query has number of violating paths less than requested num_paths/max_paths.
Finished exporting design database to file 'reports_May02-10:33:27/syn_opt_top.db' for 'top' (command execution time mm:ss cpu = 00:00, real = 00:01).
Finished generating snapshot at stage syn_opt (command execution time mm:ss cpu = 00:00, real = 00:01).
%# End write_snapshot (05/02 10:34:00, total cpu=14:00:00, real=14:00:01, peak res=614.00M, current mem=1574.97M)
@file(run_synth.tcl) 212: report_summary -directory $_REPORTS_PATH


Working Directory = /home/B2_Robiul/UDIF/aiub_vlsi_impl_demo/projects/new_Project2A/synth_hvt
QoS Summary for top
================================================================================
Metric                          generic         map             syn_opt        
================================================================================
Slack (ps):                       812             128               4
  R2R (ps):                  no_value        no_value        no_value
  I2R (ps):                       812             128               4
  R2O (ps):                     4,550           4,615           4,615
  I2O (ps):                  no_value        no_value        no_value
  CG  (ps):                  no_value        no_value        no_value
TNS (ps):                           0               0               0
  R2R (ps):                  no_value        no_value        no_value
  I2R (ps):                         0               0               0
  R2O (ps):                         0               0               0
  I2O (ps):                  no_value        no_value        no_value
  CG  (ps):                  no_value        no_value        no_value
Failing Paths:                      0               0               0
Leakage Power (nW):                19              11              10
Cell Area:                      1,749             577             542
Total Cell Area:                1,749             577             542
Leaf Instances:                   627             170             169
Total Instances:                  627             170             169
Utilization (%):                 0.00            0.00            0.00
Tot. Net Length (um):        no_value        no_value        no_value
Avg. Net Length (um):        no_value        no_value        no_value
Route Overflow H (%):        no_value        no_value        no_value
Route Overflow V (%):        no_value        no_value        no_value
MBCI(%) (bits/gate) :            0.00            0.00            0.00
Norm Cong Hotspot Area:
  Max Cong:                  no_value        no_value        no_value
  Tot Cong:                  no_value        no_value        no_value
================================================================================
CPU  Runtime (h:m:s):        00:00:23        00:00:19        00:00:03
Real Runtime (h:m:s):        00:00:22        00:00:14        00:00:03
CPU  Elapsed (h:m:s):        00:00:32        00:00:51        00:00:54
Real Elapsed (h:m:s):        00:00:26        00:00:39        00:00:42
Memory (MB):                  1596.87         1565.14         1566.96
================================================================================
================================================================================
Flow Settings:
================================================================================
Total Runtime (h:m:s): 00:00:40
Total Memory (MB):     1574.97
Executable Version:    21.18-s082_1
================================================================================
Total Cell Area =  Cell Area + Physical Cell Area
Total Instances =  Leaf Instances + Physical Instances




@file(run_synth.tcl) 214: puts "Runtime & Memory after 'syn_opt'"
Runtime & Memory after 'syn_opt'
@file(run_synth.tcl) 215: time_info OPT
stamp 'OPT' being created for table 'default'

  Total Time (Wall) |  Stage Time (Wall)  |   % (Wall)   |    Date - Time     |  Memory   | Stage
--------------------+---------------------+--------------+--------------------+-----------+----------------------
 00:00:09(00:00:00) |  00:00:00(00:00:00) |   0.0(  0.0) |   10:33:20 (May02) |  150.8 MB | init
--------------------+---------------------+--------------+--------------------+-----------+----------------------
 00:00:20(00:00:10) |  00:00:11(00:00:10) |  29.0( 25.0) |   10:33:30 (May02) |  296.2 MB | Elaboration
--------------------+---------------------+--------------+--------------------+-----------+----------------------
 00:00:31(00:00:22) |  00:00:11(00:00:12) |  29.6( 30.0) |   10:33:42 (May02) |  612.3 MB | GENERIC
--------------------+---------------------+--------------+--------------------+-----------+----------------------
 00:00:43(00:00:36) |  00:00:12(00:00:14) |  33.7( 35.0) |   10:33:56 (May02) |  614.0 MB | MAPPED
--------------------+---------------------+--------------+--------------------+-----------+----------------------
 00:00:46(00:00:40) |  00:00:02(00:00:04) |   7.8( 10.0) |   10:34:00 (May02) |  613.6 MB | OPT
--------------------+---------------------+--------------+--------------------+-----------+----------------------
Number of threads: 8 * 1   (id: default, time_info v1.57)
Info: (*N*) indicates data that was populated from previously saved time_info database
Info: CPU time includes time of parent + longest thread
@file(run_synth.tcl) 217: foreach cg [vfind / -cost_group *] {
  report_timing -group [list $cg] > $_REPORTS_PATH/${DESIGN}_[vbasename $cg]_post_opt.rpt
}
@file(run_synth.tcl) 229: report_clock_gating > $_REPORTS_PATH/${DESIGN}_clockgating.rpt
Warning : Potential error generating clock gating report. [RPT_CG-12]
        : 'lp_insert_clock_gating' root attribute is set to 'false'.
        : The 'report clock_gating' command depends on the 'lp_insert_clock_gating' attribute.  Set it to 'true' before calling this command.


@file(run_synth.tcl) 231: report_power > $_REPORTS_PATH/final_power.rpt
Info    : Joules engine is used. [RPT-16]
        : Joules engine is being used for the command report_power.
Output file: reports_May02-10:33:27/final_power.rpt
@file(run_synth.tcl) 232: report_gates -power > $_REPORTS_PATH/${DESIGN}_gates_power.rpt
Info    : Joules engine is used. [RPT-16]
        : Joules engine is being used for the command report_gates -power.
Info    : Leakage power optimization was enabled, but single Vth class seems to be used as leakage properties of the given libraries look too similar. [POPT-507]
        : Leakage power effort is set but library domain '_default_' seems to have too few Vth classes.
@file(run_synth.tcl) 234: report_dp > $_REPORTS_PATH/${DESIGN}_datapath_incr.rpt
Beginning report datapath command
Warning : The filename, column and line number information will not be available in the report. [RPT_DP-100]
        : The attribute for getting HDL filename and line number is not set.
@file(run_synth.tcl) 235: report_messages > $_REPORTS_PATH/${DESIGN}_messages.rpt
@file(run_synth.tcl) 236: write_snapshot -outdir $_REPORTS_PATH -tag final
%# Begin write_snapshot (05/02 10:34:00, mem=1610.97M)
%# Begin qos_stats (05/02 10:34:00, mem=1610.97M)
        Computing arrivals and requireds.
%# End qos_stats (05/02 10:34:00, total cpu=14:00:00, real=14:00:00, peak res=614.00M, current mem=1610.97M)


Working Directory = /home/B2_Robiul/UDIF/aiub_vlsi_impl_demo/projects/new_Project2A/synth_hvt
QoS Summary for top
==========================================================================================
Metric                          generic         map             syn_opt         final          
==========================================================================================
Slack (ps):                       812             128               4               4
  R2R (ps):                  no_value        no_value        no_value        no_value
  I2R (ps):                       812             128               4               4
  R2O (ps):                     4,550           4,615           4,615           4,615
  I2O (ps):                  no_value        no_value        no_value        no_value
  CG  (ps):                  no_value        no_value        no_value        no_value
TNS (ps):                           0               0               0               0
  R2R (ps):                  no_value        no_value        no_value        no_value
  I2R (ps):                         0               0               0               0
  R2O (ps):                         0               0               0               0
  I2O (ps):                  no_value        no_value        no_value        no_value
  CG  (ps):                  no_value        no_value        no_value        no_value
Failing Paths:                      0               0               0               0
Leakage Power (nW):                19              11              10              10
Cell Area:                      1,749             577             542             542
Total Cell Area:                1,749             577             542             542
Leaf Instances:                   627             170             169             169
Total Instances:                  627             170             169             169
Utilization (%):                 0.00            0.00            0.00            0.00
Tot. Net Length (um):        no_value        no_value        no_value        no_value
Avg. Net Length (um):        no_value        no_value        no_value        no_value
Route Overflow H (%):        no_value        no_value        no_value        no_value
Route Overflow V (%):        no_value        no_value        no_value        no_value
MBCI(%) (bits/gate) :            0.00            0.00            0.00            0.00
Norm Cong Hotspot Area:
  Max Cong:                  no_value        no_value        no_value        no_value
  Tot Cong:                  no_value        no_value        no_value        no_value
==========================================================================================
CPU  Runtime (h:m:s):        00:00:23        00:00:19        00:00:03        00:00:00
Real Runtime (h:m:s):        00:00:22        00:00:14        00:00:03        00:00:01
CPU  Elapsed (h:m:s):        00:00:32        00:00:51        00:00:54        00:00:54
Real Elapsed (h:m:s):        00:00:26        00:00:39        00:00:42        00:00:43
Memory (MB):                  1596.87         1565.14         1566.96         1610.97
==========================================================================================
==========================================================================================
Flow Settings:
==========================================================================================
Total Runtime (h:m:s): 00:00:40
Total Memory (MB):     1610.97
Executable Version:    21.18-s082_1
==========================================================================================
Total Cell Area =  Cell Area + Physical Cell Area
Total Instances =  Leaf Instances + Physical Instances




Info    : Joules engine is used. [RPT-16]
        : Joules engine is being used for the command report_gates -power.
Info    : Leakage power optimization was enabled, but single Vth class seems to be used as leakage properties of the given libraries look too similar. [POPT-507]
        : Leakage power effort is set but library domain '_default_' seems to have too few Vth classes.
Warning : Violating paths are less than num_paths/max_paths. [CHKTIM-19]
        : Only 20 violating paths found
        : The timing query has number of violating paths less than requested num_paths/max_paths.
Finished exporting design database to file 'reports_May02-10:33:27/final_top.db' for 'top' (command execution time mm:ss cpu = 00:00, real = 00:01).
Finished generating snapshot at stage final (command execution time mm:ss cpu = 00:00, real = 00:01).
%# End write_snapshot (05/02 10:34:01, total cpu=14:00:00, real=14:00:01, peak res=614.00M, current mem=1610.97M)
@file(run_synth.tcl) 237: report_summary -directory $_REPORTS_PATH


Working Directory = /home/B2_Robiul/UDIF/aiub_vlsi_impl_demo/projects/new_Project2A/synth_hvt
QoS Summary for top
==========================================================================================
Metric                          generic         map             syn_opt         final          
==========================================================================================
Slack (ps):                       812             128               4               4
  R2R (ps):                  no_value        no_value        no_value        no_value
  I2R (ps):                       812             128               4               4
  R2O (ps):                     4,550           4,615           4,615           4,615
  I2O (ps):                  no_value        no_value        no_value        no_value
  CG  (ps):                  no_value        no_value        no_value        no_value
TNS (ps):                           0               0               0               0
  R2R (ps):                  no_value        no_value        no_value        no_value
  I2R (ps):                         0               0               0               0
  R2O (ps):                         0               0               0               0
  I2O (ps):                  no_value        no_value        no_value        no_value
  CG  (ps):                  no_value        no_value        no_value        no_value
Failing Paths:                      0               0               0               0
Leakage Power (nW):                19              11              10              10
Cell Area:                      1,749             577             542             542
Total Cell Area:                1,749             577             542             542
Leaf Instances:                   627             170             169             169
Total Instances:                  627             170             169             169
Utilization (%):                 0.00            0.00            0.00            0.00
Tot. Net Length (um):        no_value        no_value        no_value        no_value
Avg. Net Length (um):        no_value        no_value        no_value        no_value
Route Overflow H (%):        no_value        no_value        no_value        no_value
Route Overflow V (%):        no_value        no_value        no_value        no_value
MBCI(%) (bits/gate) :            0.00            0.00            0.00            0.00
Norm Cong Hotspot Area:
  Max Cong:                  no_value        no_value        no_value        no_value
  Tot Cong:                  no_value        no_value        no_value        no_value
==========================================================================================
CPU  Runtime (h:m:s):        00:00:23        00:00:19        00:00:03        00:00:00
Real Runtime (h:m:s):        00:00:22        00:00:14        00:00:03        00:00:01
CPU  Elapsed (h:m:s):        00:00:32        00:00:51        00:00:54        00:00:54
Real Elapsed (h:m:s):        00:00:26        00:00:39        00:00:42        00:00:43
Memory (MB):                  1596.87         1565.14         1566.96         1610.97
==========================================================================================
==========================================================================================
Flow Settings:
==========================================================================================
Total Runtime (h:m:s): 00:00:41
Total Memory (MB):     1610.97
Executable Version:    21.18-s082_1
==========================================================================================
Total Cell Area =  Cell Area + Physical Cell Area
Total Instances =  Leaf Instances + Physical Instances




@file(run_synth.tcl) 238: write_hdl  > ${_OUTPUTS_PATH}/${DESIGN}_gate.v
@file(run_synth.tcl) 239: write_script > ${_OUTPUTS_PATH}/${DESIGN}.script
Warning : This command will be obsolete in a next major release. [TUI-37]
        : Use 'write_db -common' for saving design databases to operate with other Cadence tools. Use 'write_design' in future releases for saving files for operations with non-Cadence tools.

@file(run_synth.tcl) 240: write_sdc > ${_OUTPUTS_PATH}/${DESIGN}.sdc
Finished SDC export (command execution time mm:ss (real) = 00:00).
@file(run_synth.tcl) 248: write_do_lec -golden_design fv_map -revised_design ${_OUTPUTS_PATH}/${DESIGN}_gate.v -logfile  ${_LOG_PATH}/intermediate2final.lec.log > ${_OUTPUTS_PATH}/intermediate2final.lec.do
Info    : Wrote formal verification information. [CFM-5]
        : Wrote 'fv/top/top_gatev.fv.json' for netlist 'outputs_May02-10:33:27/top_gate.v'.
Info    : Forcing flat compare. [CFM-212]
        : No hierarchies found in design.
Info    : Wrote dofile. [CFM-1]
        : Dofile is 'outputs_May02-10:33:27/intermediate2final.lec.do'.
        : Alias mapping flow is enabled.
@file(run_synth.tcl) 250: write_do_lec -revised_design ${_OUTPUTS_PATH}/${DESIGN}_gate.v -logfile ${_LOG_PATH}/rtl2final.lec.log > ${_OUTPUTS_PATH}/rtl2final.lec.do
Info    : Forcing flat compare. [CFM-212]
        : No hierarchies found in design.
Info    : Wrote composite dofile. [CFM-2]
        : The composite dofile 'outputs_May02-10:33:27/rtl2final.lec.do' includes two compare operations: rtl-to-fv_map and fv_map-to-revised. The 'fv_map' netlist was automatically written in the verification directory during the syn_map command.
@file(run_synth.tcl) 252: puts "Final Runtime & Memory."
Final Runtime & Memory.
@file(run_synth.tcl) 253: time_info FINAL
stamp 'FINAL' being created for table 'default'

  Total Time (Wall) |  Stage Time (Wall)  |   % (Wall)   |    Date - Time     |  Memory   | Stage
--------------------+---------------------+--------------+--------------------+-----------+----------------------
 00:00:09(00:00:00) |  00:00:00(00:00:00) |   0.0(  0.0) |   10:33:20 (May02) |  150.8 MB | init
--------------------+---------------------+--------------+--------------------+-----------+----------------------
 00:00:20(00:00:10) |  00:00:11(00:00:10) |  26.9( 23.3) |   10:33:30 (May02) |  296.2 MB | Elaboration
--------------------+---------------------+--------------+--------------------+-----------+----------------------
 00:00:31(00:00:22) |  00:00:11(00:00:12) |  27.4( 27.9) |   10:33:42 (May02) |  612.3 MB | GENERIC
--------------------+---------------------+--------------+--------------------+-----------+----------------------
 00:00:43(00:00:36) |  00:00:12(00:00:14) |  31.2( 32.6) |   10:33:56 (May02) |  614.0 MB | MAPPED
--------------------+---------------------+--------------+--------------------+-----------+----------------------
 00:00:46(00:00:40) |  00:00:02(00:00:04) |   7.2(  9.3) |   10:34:00 (May02) |  613.6 MB | OPT
--------------------+---------------------+--------------+--------------------+-----------+----------------------
 00:00:49(00:00:43) |  00:00:03(00:00:03) |   7.3(  7.0) |   10:34:03 (May02) |  613.6 MB | FINAL
--------------------+---------------------+--------------+--------------------+-----------+----------------------
Number of threads: 8 * 1   (id: default, time_info v1.57)
Info: (*N*) indicates data that was populated from previously saved time_info database
Info: CPU time includes time of parent + longest thread
@file(run_synth.tcl) 254: puts "============================"
============================
@file(run_synth.tcl) 255: puts "Synthesis Finished ........."
Synthesis Finished .........
@file(run_synth.tcl) 256: puts "============================"
============================
@file(run_synth.tcl) 258: file copy [get_db / .stdout_log] ${_LOG_PATH}/.
@file(run_synth.tcl) 260: sh ln -s $_OUTPUTS_PATH outputs

@file(run_synth.tcl) 261: sh ln -s $_REPORTS_PATH reports

@file(run_synth.tcl) 262: sh ln -s $_LOG_PATH logs

#@ End verbose source ./scripts/run_synth.tcl
WARNING: This version of the tool is 1018 days old.
@genus:root: 2> exit

Lic Summary:
[10:35:17.457248] Cdslmd servers: cadence
[10:35:17.457266] Feature usage summary:
[10:35:17.457267] Genus_Synthesis

Normal exit.