
Cadence Innovus(TM) Implementation System.
Copyright 2021 Cadence Design Systems, Inc. All rights reserved worldwide.

Version:	v21.18-s099_1, built Tue Jul 18 13:03:50 PDT 2023
Options:	-init scripts/cts.tcl -log logs/cts.log 
Date:		Mon Jun 15 19:32:28 2026
Host:		cadence (x86_64 w/Linux 3.10.0-1160.el7.x86_64) (8cores*32cpus*Intel(R) Xeon(R) CPU E5-2440 v2 @ 1.90GHz 20480KB)
OS:		Red Hat Enterprise Linux Server 7.9 (Maipo)

License:
		[19:32:28.095689] Configured Lic search path (21.01-s002): 5280@cadence

		invs	Innovus Implementation System	21.1	checkout succeeded
		8 CPU jobs allowed with the current license(s). Use setMultiCpuUsage to set your required CPU count.
Change the soft stacksize limit to 0.2%RAM (386 mbytes). Set global soft_stack_size_limit to change the value.

**INFO:  MMMC transition support version v31-84 

<CMD> set_global _enable_mmmc_by_default_flow      $CTE::mmmc_default
<CMD> suppressMessage ENCEXT-2799
<CMD> getVersion
<CMD> define_proc_arguments ViaFillQor -info {This procedure extracts Viafill details from innovus db} -define_args {
		{-window "window coordinates" "" list optional}
		{-window_size "window size in microns" "" string optional}
	
	}
[INFO] Loading Pegasus 22.24 fill procedures
<CMD> define_proc_arguments ProcessFills -info {This procedure processes Fill types} -define_args {
    {-fillInfo "Design Fill data" "" list required}
				{-csvName "File path for Fill Data csv file" "Path of CSV file" string required}
				{-selectFill "type of fill to be selected in session" "list of BRIDGE/EXTENSION/STAMP/FLOATING" list required}
    {-output_data "Boolean Flag to output Fill Data for further processing" "" string required}
}
<CMD> define_proc_arguments FillQor -info {This procedure extracts fill details from innovus db} -define_args {
    {-layers "Fills Cleanup on which all layers" "list of Metal/Routing layers" list optional}
				{-selectFill "type of fill to be selected in session" "list of BRIDGE/EXTENSION/STAMP/FLOATING" list optional}
				{-outData "Boolean Flag to output Fill Data for further processing" "" boolean optional}
    {-outDataFile "File path for Fill Data csv file" "Path of CSV file" string optional}
}
<CMD> define_proc_arguments ProcessFills_fast -info {This procedure processes Fill types} -define_args {
    {-fillInfo "Design Fill data" "" list required}
				{-csvName "File path for Fill Data csv file" "Path of CSV file" string required}
				{-selectFill "type of fill to be selected in session" "list of BRIDGE/EXTENSION/STAMP/FLOATING" list required}
    {-output_data "Boolean Flag to output Fill Data for further processing" "" string required}
}
<CMD> define_proc_arguments FillQor_fast -info {This procedure extracts fill details from innovus db} -define_args {
    {-layers "Fills Cleanup on which all layers" "list of Metal/Routing layers" list optional}
				{-selectFill "type of fill to be selected in session" "list of BRIDGE/EXTENSION/STAMP/FLOATING" list optional}
				{-outData "Boolean Flag to output Fill Data for further processing" "" boolean optional}
    {-outDataFile "File path for Fill Data csv file" "Path of CSV file" string optional}
}
<CMD> define_proc_arguments ProcessFills_fast_stampOnly -info {This procedure processes Fill types} -define_args {
    {-fillInfo "Design Fill data" "" list required}
	
}
<CMD> define_proc_arguments FillQor_fast_stampOnly -info {This procedure extracts fill details from innovus db} -define_args {
    {-layers "Fills Cleanup on which all layers" "list of Metal/Routing layers" list optional}
}
Sourcing file "scripts/cts.tcl" ...
### Start verbose source output (echo mode) for '../project_setup.tcl' ...
# set TECH "sky130_cadence" ;
# set MULTIVT "false"
# set MBFF "false"
# source -e -v $::env(REPO_ROOT)/util/tech/${TECH}.tcl 
### Start verbose source output (echo mode) for '/home/B2_Abid/UDIF/aiub_vlsi_impl_demo/util/tech/sky130_cadence.tcl' ...
# set TECH "sky130_cadence" 
# puts "ATSH_VLSI: TECH=$TECH"
# puts "ATSH_VLSI: Starting Setup"
# if { $TECH == "sky130_cadence" } {
	set TECH_DIR "/home/eee/sky130_cadence"
	set STD_LIB_DIR "sky130_scl_9T_0.0.5"
	puts "ATSH_VLSI: $TECH has no multivt or mbff options as of this release."
	#set MULTIVT $::env(MULTIVT)
	#set MBFF $::env(MBFF)

set LEF_FILES ""

# Adding Technology LEF file
append LEF_FILES " " "$TECH_DIR/$STD_LIB_DIR/lef/sky130_scl_9T.tlef"

# Adding RVT Cell LEF
append LEF_FILES " " "$TECH_DIR/$STD_LIB_DIR/lef/sky130_scl_9T.lef"


set LIB_FILES(slow) ""
set LIB_FILES(fast) ""

append LIB_FILES(slow) " " "$TECH_DIR/$STD_LIB_DIR/lib/sky130_ss_1.62_125_nldm.lib"
append LIB_FILES(fast) " " "$TECH_DIR/$STD_LIB_DIR/lib/sky130_ff_1.98_0_nldm.lib"
append LIB_FILES(typical) " " "$TECH_DIR/$STD_LIB_DIR/lib/sky130_tt_1.8_25_nldm.lib"

set LIB_FILES(all) "$LIB_FILES(slow) $LIB_FILES(fast) $LIB_FILES(typical)"

set QRC_TECH_FILE(typical) "$TECH_DIR/sky130_release_0.0.4/quantus/extraction/typical/qrcTechFile"

set PHYSICAL_CELL_LIST " FILL1 FILL2 FILL4 FILL8 FILL16 FILL32 FILL64 "
set CLK_BUFFERS " CLKBUFX4 CLKBUFX8 CLKBUFX2 "
set CLK_INVERTERS " CLKINVX2 CLKINVX8 CLKINVX1 CLKINVX4 "

set GDS_MAP_FILE "$TECH_DIR/$STD_LIB_DIR/gds/sky130_stream.mapFile"
set GDS_MERGE_FILE "$TECH_DIR/$STD_LIB_DIR/gds/sky130_scl_9T.gds"

} ;
### End verbose source output for '/home/B2_Abid/UDIF/aiub_vlsi_impl_demo/util/tech/sky130_cadence.tcl'.
# set DESIGN_DIR "design_data"
# set DESIGN_NAME "$::env(TOP)"
# puts "TOP DESIGN SET TO: $DESIGN_NAME"
# set CLK_PORT "SYS_CLOCK" 
# set CLK_PERIOD "5.0" ;
# set POWER_NET "VDD"
# set GROUND_NET "VSS"
# set SYNTH_EFFORT_GENERIC "medium"
# set SYNTH_EFFORT_OPT "high"
# set SYNTH_INFO_LEVEL 7
# set SYNTH_LOW_POWER "false"
# if { $var(step) == "synth" } {
set RTL_FILES "[glob $DESIGN_DIR/*v]"
set CONSTRAINTS_FILE "[glob $DESIGN_DIR/*sdc]"
#set RTL_FILES "[exec python3 $::env(REPO_ROOT)/util/compile.py $::env(REPO_ROOT)/frontend/$::env(PROJECT)/manifest.json syn]"
#set CONSTRAINTS_FILE "[exec python3 $::env(REPO_ROOT)/util/compile.py $::env(REPO_ROOT)/frontend/$::env(PROJECT)/manifest.json syn_sdc]"
}
# set PNR_INIT_NETLIST "$DESIGN_DIR/${DESIGN_NAME}_gate.v"
# set PNR_SDC "$DESIGN_DIR/${DESIGN_NAME}.sdc"
# set PNR_VIEW_DEF "$DESIGN_DIR/viewDefinition.tcl"
# set PNR_GND_NETS "VSS"
# set PNR_PWR_NETS "VDD"
# set PNR_MAX_ROUTE_LAYER "6"
# set PNR_FP_TCL "../floorplan/fp.tcl"
# set PNR_FP_DEF "../floorplan/fp.def"
# set PNR_FP_PRIORITY "TCL"
### End verbose source output for '../project_setup.tcl'.
### Start verbose source output (echo mode) for 'scripts/always_source.tcl' ...
# setAnalysisMode -analysisType onChipVariation
<CMD> setAnalysisMode -analysisType onChipVariation
### End verbose source output for 'scripts/always_source.tcl'.
<CMD> restoreDesign DBS/place.enc.dat RISC_V3
#% Begin load design ... (date=06/15 19:33:09, mem=748.5M)
Set Default Input Pin Transition as 0.1 ps.
Loading design 'RISC_V3' saved by 'Innovus' '21.18-s099_1' on 'Mon Jun 15 19:32:26 2026'.
% Begin Load MMMC data ... (date=06/15 19:33:10, mem=750.5M)
% End Load MMMC data ... (date=06/15 19:33:10, total cpu=0:00:00.0, real=0:00:00.0, peak res=750.5M, current mem=749.9M)
rctypical

Loading LEF file /home/B2_Abid/UDIF/aiub_vlsi_impl_demo/projects/Project_3A/pnr_false/DBS/place.enc.dat/libs/lef/sky130_scl_9T.tlef ...

Loading LEF file /home/B2_Abid/UDIF/aiub_vlsi_impl_demo/projects/Project_3A/pnr_false/DBS/place.enc.dat/libs/lef/sky130_scl_9T.lef ...
Set DBUPerIGU to M2 pitch 460.
**WARN: (IMPLF-200):	Pin 'A' in macro 'ANTENNA' has no ANTENNAGATEAREA value defined. The library data is incomplete and some process antenna rules will not be checked correctly.
Type 'man IMPLF-200' for more detail.

##  Check design process and node:  
##  Both design process and tech node are not set.

Loading view definition file from /home/B2_Abid/UDIF/aiub_vlsi_impl_demo/projects/Project_3A/pnr_false/DBS/place.enc.dat/viewDefinition.tcl
Reading slow_libs timing library '/home/eee/sky130_cadence/sky130_scl_9T_0.0.5/lib/sky130_ss_1.62_125_nldm.lib' ...
Read 109 cells in library 'sky130_ss_1.62_125' 
Reading fast_libs timing library '/home/eee/sky130_cadence/sky130_scl_9T_0.0.5/lib/sky130_ff_1.98_0_nldm.lib' ...
Read 109 cells in library 'sky130_ff_1.98_0' 
*** End library_loading (cpu=0.02min, real=0.02min, mem=18.0M, fe_cpu=0.68min, fe_real=0.72min, fe_mem=1029.3M) ***
% Begin Load netlist data ... (date=06/15 19:33:11, mem=765.3M)
*** Begin netlist parsing (mem=1029.3M) ***
Created 109 new cells from 2 timing libraries.
Reading netlist ...
Backslashed names will retain backslash and a trailing blank character.
Reading verilogBinary netlist '/home/B2_Abid/UDIF/aiub_vlsi_impl_demo/projects/Project_3A/pnr_false/DBS/place.enc.dat/RISC_V3.v.bin'

*** Memory Usage v#1 (Current mem = 1036.336M, initial mem = 478.109M) ***
*** End netlist parsing (cpu=0:00:00.0, real=0:00:00.0, mem=1036.3M) ***
% End Load netlist data ... (date=06/15 19:33:11, total cpu=0:00:00.0, real=0:00:00.0, peak res=770.4M, current mem=770.4M)
Set top cell to RISC_V3.
Hooked 218 DB cells to tlib cells.
Starting recursive module instantiation check.
No recursion found.
Building hierarchical netlist for Cell RISC_V3 ...
*** Netlist is unique.
** info: there are 227 modules.
** info: there are 25 stdCell insts.

*** Memory Usage v#1 (Current mem = 1081.762M, initial mem = 478.109M) ***
*info: set bottom ioPad orient R0
**WARN: (IMPFP-3961):	The techSite 'CornerSite' has no related standard cells in the LEF/OA library. The calculations for this site type cannot be made unless standard cell models of this type exist in the LEF/OA library. Ignore this warning if the SITE is not used by the library. Alternatively, remove the SITE definition for the LEF/OA library to avoid this message.
Type 'man IMPFP-3961' for more detail.
**WARN: (IMPFP-3961):	The techSite 'IOSite' has no related standard cells in the LEF/OA library. The calculations for this site type cannot be made unless standard cell models of this type exist in the LEF/OA library. Ignore this warning if the SITE is not used by the library. Alternatively, remove the SITE definition for the LEF/OA library to avoid this message.
Type 'man IMPFP-3961' for more detail.
Start create_tracks
Generated pitch 3.66 in met5 is different from 3.22 defined in technology file in preferred direction.
Generated pitch 0.615 in met4 is different from 0.69 defined in technology file in preferred direction.
Generated pitch 0.61 in met3 is different from 0.69 defined in technology file in preferred direction.
Loading preference file /home/B2_Abid/UDIF/aiub_vlsi_impl_demo/projects/Project_3A/pnr_false/DBS/place.enc.dat/gui.pref.tcl ...
##  Process: 130           (User Set)               
##     Node: (not set)                           

##  Check design process and node:  
##  Design tech node is not set.

Applying the recommended capacitance filtering threshold values for 130nm process node: total_c_th=0, relative_c_th=1 and coupling_c_th=0.4.
	These values will be used by all post-route extraction engines, including TQuantus, IQuantus and Quantus QRC extraction.
	Capacitance filtering mode(-capFilterMode option of the setExtractRCMode) is 'relAndCoup' for all engines.
	The accuracy mode for postRoute effortLevel low extraction will be set to 'standard'.
	Default value for EffortLevel(-effortLevel option of the setExtractRCMode) in postRoute extraction mode is 'low'.
**WARN: (IMPOPT-3602):	The specified path group name reg2reg is not defined.
Type 'man IMPOPT-3602' for more detail.
Effort level <high> specified for reg2reg path_group
Slack adjustment of -0 applied on reg2reg path_group
Slack adjustment of -0 applied on <default> path group
#WARNING (NRIF-91) Option setNanoRouteMode -routeTopRoutingLayer is obsolete. It will continue to work for the current release. To ensure compatibility with future releases, use option setDesignMode -topRoutingLayer instead.
**WARN: (IMPPTN-867):	Found use of setPinAssignMode -maxLayer. This will continue to work in this release; however, it is recommended to use setDesignMode -topRoutingLayer instead.
**WARN: (IMPPTN-867):	Found use of setPinAssignMode -maxLayer. This will continue to work in this release; however, it is recommended to use setDesignMode -topRoutingLayer instead.
addRing command will ignore shorts while creating rings.
addRing command will disallow rings to go over rows.
addRing command will consider rows while creating rings.
The ring targets are set to core/block ring wires.
addStripe will allow jog to connect padcore ring and block ring.

Stripes will not extend to closest target.
When breaking rings, the power planner will consider the existence of blocks.
addStripe will break automatically at non-default domains when generating global stripes over the core area or default domain.
The entire stripe set will break at the domain if one of the nets is not in the domain.
Stripes will not be created over regions without power planning wires.
Offset for stripe breaking is set to 0.
Stripes will stop at the boundary of the specified area.
The power planner will set stripe antenna targets to none (no trimming allowed).
**WARN: (IMPPSP-1003):	Found use of 'setRouteMode -earlyGlobalMaxRouteLayer'. This will continue to work in this release; however, it is recommended to use 'setDesignMode -topRoutingLayer' instead.
Change floorplan default-technical-site to 'CoreSite'.
*Info: initialize multi-corner CTS.
Reading typical_libs timing library '/home/eee/sky130_cadence/sky130_scl_9T_0.0.5/lib/sky130_tt_1.8_25_nldm.lib' ...
Read 109 cells in library 'sky130_tt_1.8_25' 
Total number of combinational cells: 87
Total number of sequential cells: 19
Total number of tristate cells: 3
Total number of level shifter cells: 0
Total number of power gating cells: 0
Total number of isolation cells: 0
Total number of power switch cells: 0
Total number of pulse generator cells: 0
Total number of always on buffers: 0
Total number of retention cells: 0
Total number of physical cells: 0
List of usable buffers: BUFX16 BUFX2 BUFX4 BUFX8 CLKBUFX2 CLKBUFX4 CLKBUFX8
Total number of usable buffers: 7
List of unusable buffers:
Total number of unusable buffers: 0
List of usable inverters: CLKINVX1 INVX1 CLKINVX2 CLKINVX4 CLKINVX8 INVX16 INVX2 INVX4 INVX8
Total number of usable inverters: 9
List of unusable inverters:
Total number of unusable inverters: 0
List of identified usable delay cells: DLY1X1 DLY1X4 DLY2X4 DLY4X4
Total number of identified usable delay cells: 4
List of identified unusable delay cells:
Total number of identified unusable delay cells: 0
Reading floorplan file - /home/B2_Abid/UDIF/aiub_vlsi_impl_demo/projects/Project_3A/pnr_false/DBS/place.enc.dat/RISC_V3.fp.gz (mem = 1346.3M).
% Begin Load floorplan data ... (date=06/15 19:33:14, mem=1067.1M)
*info: reset 137 existing net BottomPreferredLayer and AvoidDetour
Deleting old partition specification.
Set FPlanBox to (0 0 47840 45080)
**WARN: (IMPFP-3961):	The techSite 'CornerSite' has no related standard cells in the LEF/OA library. The calculations for this site type cannot be made unless standard cell models of this type exist in the LEF/OA library. Ignore this warning if the SITE is not used by the library. Alternatively, remove the SITE definition for the LEF/OA library to avoid this message.
Type 'man IMPFP-3961' for more detail.
**WARN: (IMPFP-3961):	The techSite 'IOSite' has no related standard cells in the LEF/OA library. The calculations for this site type cannot be made unless standard cell models of this type exist in the LEF/OA library. Ignore this warning if the SITE is not used by the library. Alternatively, remove the SITE definition for the LEF/OA library to avoid this message.
Type 'man IMPFP-3961' for more detail.
Start create_tracks
Generated pitch 3.66 in met5 is different from 3.22 defined in technology file in preferred direction.
Generated pitch 0.615 in met4 is different from 0.69 defined in technology file in preferred direction.
Generated pitch 0.61 in met3 is different from 0.69 defined in technology file in preferred direction.
 ... processed partition successfully.
Reading binary special route file /home/B2_Abid/UDIF/aiub_vlsi_impl_demo/projects/Project_3A/pnr_false/DBS/place.enc.dat/RISC_V3.fp.spr.gz (Created by Innovus v21.18-s099_1 on Mon Jun 15 19:32:22 2026, version: 1)
Ending "Read special route file" (total cpu=0:00:00.0, real=0:00:00.0, peak res=1067.8M, current mem=1067.8M)
Extracting standard cell pins and blockage ...... 
Pin and blockage extraction finished
% End Load floorplan data ... (date=06/15 19:33:16, total cpu=0:00:00.1, real=0:00:02.0, peak res=1068.2M, current mem=1068.2M)
Reading congestion map file /home/B2_Abid/UDIF/aiub_vlsi_impl_demo/projects/Project_3A/pnr_false/DBS/place.enc.dat/RISC_V3.route.congmap.gz ...
% Begin Load SymbolTable ... (date=06/15 19:33:16, mem=1068.7M)
Suppress "**WARN ..." messages.
Un-suppress "**WARN ..." messages.
% End Load SymbolTable ... (date=06/15 19:33:18, total cpu=0:00:00.0, real=0:00:02.0, peak res=1069.0M, current mem=1069.0M)
Loading place ...
% Begin Load placement data ... (date=06/15 19:33:18, mem=1069.0M)
Reading placement file - /home/B2_Abid/UDIF/aiub_vlsi_impl_demo/projects/Project_3A/pnr_false/DBS/place.enc.dat/RISC_V3.place.gz.
** Reading stdCellPlacement_binary (Created by Innovus v21.18-s099_1 on Mon Jun 15 19:32:24 2026, version# 2) ...
Read Views for adaptive view pruning ...
Read 0 views from Binary DB for adaptive view pruning
*** Checked 2 GNC rules.
*** applyConnectGlobalNets disabled.
*** Completed restorePlace (cpu=0:00:00.0 real=0:00:00.0 mem=1349.3M) ***
Total net length = 3.864e+02 (2.185e+02 1.679e+02) (ext = 2.001e+02)
% End Load placement data ... (date=06/15 19:33:18, total cpu=0:00:00.0, real=0:00:00.0, peak res=1069.7M, current mem=1069.7M)
Reading PG file /home/B2_Abid/UDIF/aiub_vlsi_impl_demo/projects/Project_3A/pnr_false/DBS/place.enc.dat/RISC_V3.pg.gz, version#2, (Created by Innovus v21.18-s099_1 on       Mon Jun 15 19:32:23 2026)
*** Completed restorePGFile (cpu=0:00:00.0 real=0:00:01.0 mem=1346.3M) ***
% Begin Load routing data ... (date=06/15 19:33:19, mem=1069.8M)
Reading routing file - /home/B2_Abid/UDIF/aiub_vlsi_impl_demo/projects/Project_3A/pnr_false/DBS/place.enc.dat/RISC_V3.route.gz.
Reading Innovus routing data (Created by Innovus v21.18-s099_1 on Mon Jun 15 19:32:24 2026 Format: 20.1) ...
*** Total 137 nets are successfully restored.
*** Completed restoreRoute (cpu=0:00:00.0 real=0:00:01.0 mem=1346.3M) ***
% End Load routing data ... (date=06/15 19:33:20, total cpu=0:00:00.0, real=0:00:01.0, peak res=1071.1M, current mem=1070.1M)
TAT_INFO: restoreCongMap REAL = 1 : CPU = 0 : MEM = 0.
Reading property file /home/B2_Abid/UDIF/aiub_vlsi_impl_demo/projects/Project_3A/pnr_false/DBS/place.enc.dat/RISC_V3.prop
*** Completed restoreProperty (cpu=0:00:00.0 real=0:00:00.0 mem=1349.3M) ***
Set Default Input Pin Transition as 0.1 ps.
Loading preRoute extraction data from directory '/home/B2_Abid/UDIF/aiub_vlsi_impl_demo/projects/Project_3A/pnr_false/DBS/place.enc.dat/extraction/' ...
Extraction setup Started 
Initializing multi-corner RC extraction with 1 active RC Corners ...
Captable file(s) not specified in multi-corner setup. PreRoute extraction will use technology file. For postRoute extraction, default value for effort level would be 'medium' and effort level 'low' would not be allowed.
Generating auto layer map file.
Loading preRoute extracted patterns from file '/home/B2_Abid/UDIF/aiub_vlsi_impl_demo/projects/Project_3A/pnr_false/DBS/place.enc.dat/RISC_V3.techData.gz' ...
Completed (cpu: 0:00:00.5 real: 0:00:00.0)
Set Shrink Factor to 1.00000
Summary of Active RC-Corners : 
 
 Analysis View: func_slow
    RC-Corner Name        : rctypical
    RC-Corner Index       : 0
    RC-Corner Temperature : 25 Celsius
    RC-Corner Cap Table   : ''
    RC-Corner PreRoute Res Factor         : 1
    RC-Corner PreRoute Cap Factor         : 1
    RC-Corner PostRoute Res Factor        : 1 {1 1 1}
    RC-Corner PostRoute Cap Factor        : 1 {1 1 1}
    RC-Corner PostRoute XCap Factor       : 1 {1 1 1}
    RC-Corner PreRoute Clock Res Factor   : 1	[Derived from postRoute_res (effortLevel low)]
    RC-Corner PreRoute Clock Cap Factor   : 1	[Derived from postRoute_cap (effortLevel low)]
    RC-Corner PostRoute Clock Cap Factor  : 1 {1 1 1} 	[Derived from postRoute_cap (effortLevel low)]
    RC-Corner PostRoute Clock Res Factor  : 1 {1 1 1} 	[Derived from postRoute_res (effortLevel low)]
    RC-Corner PostRoute Clock coupling capacitance Factor : 1 {1 1 1} 
    RC-Corner Technology file: '/home/B2_Abid/UDIF/aiub_vlsi_impl_demo/projects/Project_3A/pnr_false/DBS/place.enc.dat/libs/mmmc/rctypical/qrcTechFile'
 
 Analysis View: func_typical
    RC-Corner Name        : rctypical
    RC-Corner Index       : 0
    RC-Corner Temperature : 25 Celsius
    RC-Corner Cap Table   : ''
    RC-Corner PreRoute Res Factor         : 1
    RC-Corner PreRoute Cap Factor         : 1
    RC-Corner PostRoute Res Factor        : 1 {1 1 1}
    RC-Corner PostRoute Cap Factor        : 1 {1 1 1}
    RC-Corner PostRoute XCap Factor       : 1 {1 1 1}
    RC-Corner PreRoute Clock Res Factor   : 1	[Derived from postRoute_res (effortLevel low)]
    RC-Corner PreRoute Clock Cap Factor   : 1	[Derived from postRoute_cap (effortLevel low)]
    RC-Corner PostRoute Clock Cap Factor  : 1 {1 1 1} 	[Derived from postRoute_cap (effortLevel low)]
    RC-Corner PostRoute Clock Res Factor  : 1 {1 1 1} 	[Derived from postRoute_res (effortLevel low)]
    RC-Corner PostRoute Clock coupling capacitance Factor : 1 {1 1 1} 
    RC-Corner Technology file: '/home/B2_Abid/UDIF/aiub_vlsi_impl_demo/projects/Project_3A/pnr_false/DBS/place.enc.dat/libs/mmmc/rctypical/qrcTechFile'
 
 Analysis View: func_fast
    RC-Corner Name        : rctypical
    RC-Corner Index       : 0
    RC-Corner Temperature : 25 Celsius
    RC-Corner Cap Table   : ''
    RC-Corner PreRoute Res Factor         : 1
    RC-Corner PreRoute Cap Factor         : 1
    RC-Corner PostRoute Res Factor        : 1 {1 1 1}
    RC-Corner PostRoute Cap Factor        : 1 {1 1 1}
    RC-Corner PostRoute XCap Factor       : 1 {1 1 1}
    RC-Corner PreRoute Clock Res Factor   : 1	[Derived from postRoute_res (effortLevel low)]
    RC-Corner PreRoute Clock Cap Factor   : 1	[Derived from postRoute_cap (effortLevel low)]
    RC-Corner PostRoute Clock Cap Factor  : 1 {1 1 1} 	[Derived from postRoute_cap (effortLevel low)]
    RC-Corner PostRoute Clock Res Factor  : 1 {1 1 1} 	[Derived from postRoute_res (effortLevel low)]
    RC-Corner PostRoute Clock coupling capacitance Factor : 1 {1 1 1} 
    RC-Corner Technology file: '/home/B2_Abid/UDIF/aiub_vlsi_impl_demo/projects/Project_3A/pnr_false/DBS/place.enc.dat/libs/mmmc/rctypical/qrcTechFile'
Restored RC grid for preRoute extraction.
Initializing multi-corner resistance tables ...
Default value for postRoute extraction mode's effortLevel (-effortLevel option of setExtractRCMode) changed to 'medium'.
Start generating vias ..
#Skip building auto via since it is not turned on.
Extracting standard cell pins and blockage ...... 
Pin and blockage extraction finished
Via generation completed.
% Begin Load power constraints ... (date=06/15 19:33:22, mem=1097.7M)
% End Load power constraints ... (date=06/15 19:33:22, total cpu=0:00:00.1, real=0:00:00.0, peak res=1097.8M, current mem=1097.8M)
rctypical_fast rctypical_typical rctypical_slow
% Begin load AAE data ... (date=06/15 19:33:22, mem=1125.9M)
AAE DB initialization (MEM=1427.55 CPU=0:00:00.0 REAL=0:00:00.0) 
% End load AAE data ... (date=06/15 19:33:23, total cpu=0:00:01.0, real=0:00:01.0, peak res=1131.3M, current mem=1131.3M)
Total number of combinational cells: 87
Total number of sequential cells: 19
Total number of tristate cells: 3
Total number of level shifter cells: 0
Total number of power gating cells: 0
Total number of isolation cells: 0
Total number of power switch cells: 0
Total number of pulse generator cells: 0
Total number of always on buffers: 0
Total number of retention cells: 0
Total number of physical cells: 0
List of usable buffers: BUFX16 BUFX2 BUFX4 BUFX8
Total number of usable buffers: 4
List of unusable buffers: CLKBUFX2 CLKBUFX4 CLKBUFX8
Total number of unusable buffers: 3
List of usable inverters: INVX1 INVX16 INVX2 INVX4 INVX8
Total number of usable inverters: 5
List of unusable inverters: CLKINVX1 CLKINVX2 CLKINVX4 CLKINVX8
Total number of unusable inverters: 4
List of identified usable delay cells: DLY1X1 DLY1X4 DLY2X4 DLY4X4
Total number of identified usable delay cells: 4
List of identified unusable delay cells:
Total number of identified unusable delay cells: 0
**WARN: (IMPCTE-107):	The following globals have been obsoleted since version . They will be removed in the next release. 
timing_enable_separate_device_slew_effect_sensitivities
#% End load design ... (date=06/15 19:33:23, total cpu=0:00:07.4, real=0:00:14.0, peak res=1156.4M, current mem=1131.6M)

*** Summary of all messages that are not suppressed in this session:
Severity  ID               Count  Summary                                  
WARNING   IMPLF-200            1  Pin '%s' in macro '%s' has no ANTENNAGAT...
WARNING   IMPFP-3961           4  The techSite '%s' has no related standar...
WARNING   IMPPTN-867           2  Found use of %s. This will continue to w...
WARNING   IMPOPT-3602          1  The specified path group name %s is not ...
WARNING   NRIF-91              1  Option setNanoRouteMode -routeTopRouting...
WARNING   IMPCTE-107           1  The following globals have been obsolete...
WARNING   IMPPSP-1003          1  Found use of '%s'. This will continue to...
*** Message Summary: 11 warning(s), 0 error(s)

<CMD> set_ccopt_property buffer_cells { CLKBUFX4 CLKBUFX8 CLKBUFX2 }
<CMD> set_ccopt_property inverter_cells { CLKINVX2 CLKINVX8 CLKINVX1 CLKINVX4 }
<CMD> ccopt_design
#% Begin ccopt_design (date=06/15 19:33:23, mem=1131.7M)
Turning off fast DC mode.
*** ccopt_design #1 [begin] : totSession cpu/real = 0:00:46.4/0:00:52.7 (0.9), mem = 1428.6M
Runtime...
**INFO: User's settings:
setNanoRouteMode -extractThirdPartyCompatible  false
setNanoRouteMode -routeTopRoutingLayer         5
setDesignMode -process                         130
setDesignMode -topRoutingLayer                 met5
setExtractRCMode -coupling_c_th                0.4
setExtractRCMode -engine                       preRoute
setExtractRCMode -relative_c_th                1
setExtractRCMode -total_c_th                   0
setDelayCalMode -enable_high_fanout            true
setDelayCalMode -engine                        aae
setDelayCalMode -ignoreNetLoad                 false
setDelayCalMode -socv_accuracy_mode            low
setOptMode -preserveAllSequential              true
setPlaceMode -place_design_floorplan_mode      false
setRouteMode -earlyGlobalMaxRouteLayer         5

(ccopt_design): CTS Engine: auto. Used Spec: CCOPT spec from create_ccopt_clock_tree_spec.
(ccopt_design): create_ccopt_clock_tree_spec
Creating clock tree spec for modes (timing configs): func
extract_clock_generator_skew_groups=true: create_ccopt_clock_tree_spec will generate skew groups with a name prefix of "_clock_gen" to balance clock generator connected flops with the clock generator they drive.
Reset timing graph...
Ignoring AAE DB Resetting ...
Reset timing graph done.
Ignoring AAE DB Resetting ...
Analyzing clock structure...
Analyzing clock structure done.
Reset timing graph...
Ignoring AAE DB Resetting ...
Reset timing graph done.
Extracting original clock gating for CLK...
  clock_tree CLK contains 6 sinks and 0 clock gates.
Extracting original clock gating for CLK done.
The skew group CLK/func was created. It contains 6 sinks and 1 sources.
Checking clock tree convergence...
Checking clock tree convergence done.
Placement constraints of type 'region' or 'fence' will not be downgraded to 'guide' because the property change_fences_to_guides has been set to false.
Set place::cacheFPlanSiteMark to 1
'setDesignMode -flowEffort standard' => 'setOptMode -usefulSkewCCOpt standard' 
Using CCOpt effort standard.
CCOpt::Phase::Initialization...
Check Prerequisites...
Leaving CCOpt scope - CheckPlace...
**WARN: (IMPSP-362):	Site 'CoreSite' has one std.Cell height, so ignoring its X-symmetry.
Type 'man IMPSP-362' for more detail.
Begin checking placement ... (start mem=1517.5M, init mem=1645.5M)
*info: Placed = 31             (Fixed = 6)
*info: Unplaced = 0           
Placement Density:63.69%(408/640)
Placement Density (including fixed std cells):66.11%(453/686)
Finished checkPlace (total: cpu=0:00:00.0, real=0:00:00.0; vio checks: cpu=0:00:00.0, real=0:00:00.0; mem=1645.5M)
Leaving CCOpt scope - CheckPlace done. (took cpu=0:00:00.0 real=0:00:00.0)
Innovus will update I/O latencies
Found 0 ideal nets, 0 pins with transition annotations, 0 instances with delay annotations, 0 nets with delay annotations, refer to logv for details.

Check Prerequisites done. (took cpu=0:00:00.0 real=0:00:00.0)
CCOpt::Phase::Initialization done. (took cpu=0:00:00.0 real=0:00:00.0)
Executing ccopt post-processing.
Synthesizing clock trees with CCOpt...
*** CTS #1 [begin] (ccopt_design #1) : totSession cpu/real = 0:00:47.3/0:00:53.7 (0.9), mem = 1645.5M
CCOpt::Phase::PreparingToBalance...
Leaving CCOpt scope - Initializing power interface...
Leaving CCOpt scope - Initializing power interface done. (took cpu=0:00:00.0 real=0:00:00.0)
Found 0 advancing pin insertion delay (0.000% of 6 clock tree sinks)
Found 0 delaying pin insertion delay (0.000% of 6 clock tree sinks)
Leaving CCOpt scope - optDesignGlobalRouteStep...
[NR-eGR] Started Early Global Route kernel ( Curr Mem: 1619.51 MB )
[NR-eGR] Track table information for default rule: 
[NR-eGR] met1 has single uniform track structure
[NR-eGR] met2 has single uniform track structure
[NR-eGR] met3 has single uniform track structure
[NR-eGR] met4 has single uniform track structure
[NR-eGR] met5 has single uniform track structure
[NR-eGR] Read 286 PG shapes
[NR-eGR] Read 0 clock shapes
[NR-eGR] Read 0 other shapes
[NR-eGR] #Routing Blockages  : 0
[NR-eGR] #Instance Blockages : 0
[NR-eGR] #PG Blockages       : 286
[NR-eGR] #Halo Blockages     : 0
[NR-eGR] #Boundary Blockages : 0
[NR-eGR] #Clock Blockages    : 0
[NR-eGR] #Other Blockages    : 0
[NR-eGR] Num Prerouted Nets = 0  Num Prerouted Wires = 0
[NR-eGR] Read 28 nets ( ignored 0 )
[NR-eGR] There are 1 clock nets ( 0 with NDR ).
[NR-eGR] ============ Routing rule table ============
[NR-eGR] Rule id: 0  Nets: 28
[NR-eGR] ========================================
[NR-eGR] 
[NR-eGR] Layer group 1: route 28 net(s) in layer range [2, 5]
[NR-eGR] Early Global Route overflow of layer group 1: 14.89% H + 0.00% V. EstWL: 4.388400e+02um
[NR-eGR] Congestion Analysis By layer: (blocked Gcells are excluded) 
[NR-eGR]                        OverCon           OverCon           OverCon           OverCon            
[NR-eGR]                         #Gcell            #Gcell            #Gcell            #Gcell     %Gcell
[NR-eGR]        Layer             (1-2)             (3-4)             (5-6)             (7-8)    OverCon
[NR-eGR] -------------------------------------------------------------------------------------------------
[NR-eGR]    met1 ( 1)         0( 0.00%)         0( 0.00%)         0( 0.00%)         0( 0.00%)   ( 0.00%) 
[NR-eGR]    met2 ( 2)         0( 0.00%)         0( 0.00%)         0( 0.00%)         0( 0.00%)   ( 0.00%) 
[NR-eGR]    met3 ( 3)         3( 2.46%)         6( 4.92%)         2( 1.64%)         2( 1.64%)   (10.66%) 
[NR-eGR]    met4 ( 4)         3( 2.48%)         0( 0.00%)         0( 0.00%)         0( 0.00%)   ( 2.48%) 
[NR-eGR]    met5 ( 5)         0( 0.00%)         0( 0.00%)         0( 0.00%)         0( 0.00%)   ( 0.00%) 
[NR-eGR] -------------------------------------------------------------------------------------------------
[NR-eGR]        Total         6( 1.47%)         6( 1.47%)         2( 0.49%)         2( 0.49%)   ( 3.93%) 
[NR-eGR] 
[NR-eGR] Overflow after Early Global Route 7.52% H + 0.00% V
[NR-eGR]               Length (um)  Vias 
[NR-eGR] --------------------------------
[NR-eGR]  met1  (1H)             0    90 
[NR-eGR]  met2  (2V)           219   135 
[NR-eGR]  met3  (3H)           258     6 
[NR-eGR]  met4  (4V)             7     4 
[NR-eGR]  met5  (5H)            14     0 
[NR-eGR] --------------------------------
[NR-eGR]        Total          499   235 
[NR-eGR] --------------------------------------------------------------------------
[NR-eGR] Total half perimeter of net bounding box: 623um
[NR-eGR] Total length: 499um, number of vias: 235
[NR-eGR] --------------------------------------------------------------------------
[NR-eGR] Total eGR-routed clock nets wire length: 62um, number of vias: 20
[NR-eGR] --------------------------------------------------------------------------
[NR-eGR] Finished Early Global Route kernel ( CPU: 0.08 sec, Real: 0.09 sec, Curr Mem: 1619.51 MB )
Leaving CCOpt scope - optDesignGlobalRouteStep done. (took cpu=0:00:00.2 real=0:00:00.2)
Legalization setup...
Using cell based legalization.
Initializing placement interface...
  Use check_library -place or consult logv if problems occur.
  Leaving CCOpt scope - Initializing placement interface...
Estimated cell power/ground rail width = 0.517 um
  Leaving CCOpt scope - Initializing placement interface done. (took cpu=0:00:00.0 real=0:00:00.0)
Initializing placement interface done.
Leaving CCOpt scope - Cleaning up placement interface...
Leaving CCOpt scope - Cleaning up placement interface done. (took cpu=0:00:00.0 real=0:00:00.0)
Leaving CCOpt scope - Initializing placement interface...
Leaving CCOpt scope - Initializing placement interface done. (took cpu=0:00:00.0 real=0:00:00.0)
Legalization setup done. (took cpu=0:00:00.0 real=0:00:00.0)
Validating CTS configuration...
Checking module port directions...
Checking module port directions done. (took cpu=0:00:00.0 real=0:00:00.0)
Non-default CCOpt properties:
  Public non-default CCOpt properties:
    buffer_cells is set for at least one object
    cts_merge_clock_gates is set for at least one object
    cts_merge_clock_logic is set for at least one object
    inverter_cells is set for at least one object
    route_type is set for at least one object
  No private non-default CCOpt properties
Route type trimming info:
  No route type modifications were made.
Updating RC grid for preRoute extraction ...
Initializing multi-corner resistance tables ...
**WARN: (IMPCCOPT-1182):	The clock_gating_cells property has no usable full-cycle clock gates for power domain auto-default. Gating limited for clock tree CLK. You may be able to solve this problem by specifying a list of lib_cells to use with the clock_gating_cells property.
Library trimming inverters in power domain auto-default and half-corner rctypical_slow:setup.late removed 0 of 4 cells
Original list had 4 cells:
CLKINVX8 CLKINVX4 CLKINVX2 CLKINVX1 
Library trimming was not able to trim any cells:
CLKINVX8 CLKINVX4 CLKINVX2 CLKINVX1 
Clock tree balancer configuration for clock_tree CLK:
Non-default CCOpt properties:
  Public non-default CCOpt properties:
    cts_merge_clock_gates: true (default: false)
    cts_merge_clock_logic: true (default: false)
    route_type (leaf): default_route_type_leaf (default: default)
    route_type (top): default_route_type_nonleaf (default: default)
    route_type (trunk): default_route_type_nonleaf (default: default)
  No private non-default CCOpt properties
For power domain auto-default:
  Buffers:     CLKBUFX8 CLKBUFX4 CLKBUFX2 
  Inverters:   CLKINVX8 CLKINVX4 CLKINVX2 CLKINVX1 
  Unblocked area available for placement of any clock cells in power_domain auto-default: 685.584um^2
Top Routing info:
  Route-type name: default_route_type_nonleaf; Top/bottom preferred layer name: met4/met3; 
  Unshielded; Mask Constraint: 0; Source: route_type.
Trunk Routing info:
  Route-type name: default_route_type_nonleaf; Top/bottom preferred layer name: met4/met3; 
  Unshielded; Preferred extra space: 1; Mask Constraint: 0; Source: route_type.
Leaf Routing info:
  Route-type name: default_route_type_leaf; Top/bottom preferred layer name: met4/met3; 
  Unshielded; Preferred extra space: 1; Mask Constraint: 0; Source: route_type.
For timing_corner rctypical_slow:setup, late and power domain auto-default:
  Slew time target (leaf):    0.260ns
  Slew time target (trunk):   0.260ns
  Slew time target (top):     0.260ns (Note: no nets are considered top nets in this clock tree)
  Buffer unit delay: 0.223ns
  Buffer max distance: 652.328um
Fastest wire driving cells and distances:
  Buffer    : {lib_cell:CLKBUFX8, fastest_considered_half_corner=rctypical_slow:setup.late, optimalDrivingDistance=652.328um, saturatedSlew=0.189ns, speed=1996.108um per ns, cellArea=32.113um^2 per 1000um}
  Inverter  : {lib_cell:CLKINVX8, fastest_considered_half_corner=rctypical_slow:setup.late, optimalDrivingDistance=546.434um, saturatedSlew=0.180ns, speed=2882.036um per ns, cellArea=31.366um^2 per 1000um}


Logic Sizing Table:

----------------------------------------------------------
Cell    Instance count    Source    Eligible library cells
----------------------------------------------------------
  (empty table)
----------------------------------------------------------


Clock tree balancer configuration for skew_group CLK/func:
  Sources:                     pin SYS_CLOCK
  Total number of sinks:       6
  Delay constrained sinks:     6
  Constrains:                  default
  Non-leaf sinks:              0
  Ignore pins:                 0
 Timing corner rctypical_slow:setup.late:
  Skew target:                 0.223ns
Primary reporting skew groups are:
skew_group CLK/func with 6 clock sinks

Clock DAG stats initial state:
  cell counts      : b=0, i=0, icg=0, dcg=0, l=0, total=0
  sink counts      : regular=6, enable_latch=0, load_capacitance=0, antenna=0, node_sink=0, total=6
  misc counts      : r=1, pp=0
  cell areas       : b=0.000um^2, i=0.000um^2, icg=0.000um^2, dcg=0.000um^2, l=0.000um^2, total=0.000um^2
  hp wire lengths  : top=0.000um, trunk=0.000um, leaf=0.000um, total=0.000um
No ideal or dont_touch nets found in the clock tree
No dont_touch hnets found in the clock tree
No dont_touch hpins found in the clock network.
Checking for illegal sizes of clock logic instances...
Checking for illegal sizes of clock logic instances done. (took cpu=0:00:00.0 real=0:00:00.0)
Validating CTS configuration done. (took cpu=0:00:01.2 real=0:00:01.2)
CCOpt configuration status: all checks passed.
Adding exclusion drivers to pins that are effective_sink_type exclude...
    Adding exclusion drivers (these will be instances of the smallest area library cells).
  No exclusion drivers are needed.
Adding exclusion drivers to pins that are effective_sink_type exclude done.
Antenna diode management...
  Found 0 antenna diodes in the clock trees.
  
Antenna diode management done.
Adding driver cells for primary IOs...
  
  ----------------------------------------------------------------------------------------------
  CCOpt reported the following when adding drivers below input ports and above output ports     
  ----------------------------------------------------------------------------------------------
    (empty table)
  ----------------------------------------------------------------------------------------------
  
  
Adding driver cells for primary IOs done.
Adding driver cell for primary IO roots...
Adding driver cell for primary IO roots done.
Maximizing clock DAG abstraction...
  Removing clock DAG drivers
Maximizing clock DAG abstraction done.
CCOpt::Phase::PreparingToBalance done. (took cpu=0:00:01.4 real=0:00:01.4)
Synthesizing clock trees...
  Preparing To Balance...
  Leaving CCOpt scope - Cleaning up placement interface...
  Leaving CCOpt scope - Cleaning up placement interface done. (took cpu=0:00:00.0 real=0:00:00.0)
  Leaving CCOpt scope - Initializing placement interface...
  Leaving CCOpt scope - Initializing placement interface done. (took cpu=0:00:00.0 real=0:00:00.0)
  Merging duplicate siblings in DAG...
    Clock DAG stats before merging:
      cell counts      : b=0, i=0, icg=0, dcg=0, l=0, total=0
      sink counts      : regular=6, enable_latch=0, load_capacitance=0, antenna=0, node_sink=0, total=6
      misc counts      : r=1, pp=0
      cell areas       : b=0.000um^2, i=0.000um^2, icg=0.000um^2, dcg=0.000um^2, l=0.000um^2, total=0.000um^2
      hp wire lengths  : top=0.000um, trunk=0.000um, leaf=0.000um, total=0.000um
    Resynthesising clock tree into netlist...
      Reset timing graph...
Ignoring AAE DB Resetting ...
      Reset timing graph done.
    Resynthesising clock tree into netlist done.
    Merging duplicate clock dag driver clones in DAG...
    Merging duplicate clock dag driver clones in DAG done.
    
    Disconnecting clock tree from netlist...
    Disconnecting clock tree from netlist done.
  Merging duplicate siblings in DAG done.
  Applying movement limits...
  Applying movement limits done.
  Preparing To Balance done. (took cpu=0:00:00.0 real=0:00:00.0)
  CCOpt::Phase::Construction...
  Stage::Clustering...
  Clustering...
    Initialize for clustering...
    Clock DAG stats before clustering:
      cell counts      : b=0, i=0, icg=0, dcg=0, l=0, total=0
      sink counts      : regular=6, enable_latch=0, load_capacitance=0, antenna=0, node_sink=0, total=6
      misc counts      : r=1, pp=0
      cell areas       : b=0.000um^2, i=0.000um^2, icg=0.000um^2, dcg=0.000um^2, l=0.000um^2, total=0.000um^2
      hp wire lengths  : top=0.000um, trunk=0.000um, leaf=0.000um, total=0.000um
    Computing max distances from locked parents...
      Computing distance_from_locked_parent_restrictions for 0 nodes driven by 0 locked parents
    Computing max distances from locked parents done.
    Computing optimal clock node locations...
    : ...20% ...40% ...60% ...80% ...100% 
    Computing optimal clock node locations done. (took cpu=0:00:00.0 real=0:00:00.0)
    Initialize for clustering done. (took cpu=0:00:00.0 real=0:00:00.0)
    Bottom-up phase...
    Clustering bottom-up starting from leaves...
      Clustering clock_tree CLK...
      Clustering clock_tree CLK done.
    Clustering bottom-up starting from leaves done.
    Rebuilding the clock tree after clustering...
    Rebuilding the clock tree after clustering done.
    Clock DAG stats after bottom-up phase:
      cell counts      : b=0, i=0, icg=0, dcg=0, l=0, total=0
      sink counts      : regular=6, enable_latch=0, load_capacitance=0, antenna=0, node_sink=0, total=6
      misc counts      : r=1, pp=0
      cell areas       : b=0.000um^2, i=0.000um^2, icg=0.000um^2, dcg=0.000um^2, l=0.000um^2, total=0.000um^2
      hp wire lengths  : top=0.000um, trunk=0.000um, leaf=0.000um, total=0.000um
    Bottom-up phase done. (took cpu=0:00:00.0 real=0:00:00.0)
    Legalizing clock trees...
    Resynthesising clock tree into netlist...
      Reset timing graph...
Ignoring AAE DB Resetting ...
      Reset timing graph done.
    Resynthesising clock tree into netlist done.
    Commiting net attributes....
    Commiting net attributes. done.
    Leaving CCOpt scope - ClockRefiner...
    Performing a single pass refine place with checks partially disabled for clock sinks and datapath.
*** Starting refinePlace (0:00:48.8 mem=1707.5M) ***
Total net bbox length = 6.228e+02 (3.409e+02 2.820e+02) (ext = 2.657e+02)
Move report: Detail placement moves 0 insts, mean move: 0.00 um, max move: 0.00 um 
	Runtime: CPU: 0:00:00.0 REAL: 0:00:00.0 MEM: 1675.5MB
Summary Report:
Instances move: 0 (out of 25 movable)
Instances flipped: 0
Mean displacement: 0.00 um
Max displacement: 0.00 um 
Total net bbox length = 6.228e+02 (3.409e+02 2.820e+02) (ext = 2.657e+02)
Runtime: CPU: 0:00:00.0 REAL: 0:00:00.0 MEM: 1675.5MB
*** Finished refinePlace (0:00:48.8 mem=1675.5M) ***
    ClockRefiner summary
    All clock instances: Moved 0, flipped 0 and cell swapped 0 (out of a total of 6).
    Leaving CCOpt scope - ClockRefiner done. (took cpu=0:00:00.0 real=0:00:00.0)
    Disconnecting clock tree from netlist...
    Disconnecting clock tree from netlist done.
    Leaving CCOpt scope - Cleaning up placement interface...
    Leaving CCOpt scope - Cleaning up placement interface done. (took cpu=0:00:00.0 real=0:00:00.0)
    Leaving CCOpt scope - Initializing placement interface...
    Leaving CCOpt scope - Initializing placement interface done. (took cpu=0:00:00.0 real=0:00:00.0)
    Clock tree timing engine global stage delay update for rctypical_slow:setup.late...
    Clock tree timing engine global stage delay update for rctypical_slow:setup.late done. (took cpu=0:00:00.0 real=0:00:00.0)
    
    Clock tree legalization - Histogram:
    ====================================
    
    --------------------------------
    Movement (um)    Number of cells
    --------------------------------
      (empty table)
    --------------------------------
    
    
    Clock tree legalization - There are no Movements:
    =================================================
    
    ---------------------------------------------
    Movement (um)    Desired     Achieved    Node
                     location    location    
    ---------------------------------------------
      (empty table)
    ---------------------------------------------
    
    Legalizing clock trees done. (took cpu=0:00:00.1 real=0:00:00.1)
    Clock DAG stats after 'Clustering':
      cell counts      : b=0, i=0, icg=0, dcg=0, l=0, total=0
      sink counts      : regular=6, enable_latch=0, load_capacitance=0, antenna=0, node_sink=0, total=6
      misc counts      : r=1, pp=0
      cell areas       : b=0.000um^2, i=0.000um^2, icg=0.000um^2, dcg=0.000um^2, l=0.000um^2, total=0.000um^2
      cell capacitance : b=0.000pF, i=0.000pF, icg=0.000pF, dcg=0.000pF, l=0.000pF, total=0.000pF
      sink capacitance : total=0.011pF, avg=0.002pF, sd=0.000pF, min=0.002pF, max=0.002pF
      wire capacitance : top=0.000pF, trunk=0.000pF, leaf=0.010pF, total=0.010pF
      wire lengths     : top=0.000um, trunk=0.000um, leaf=54.650um, total=54.650um
      hp wire lengths  : top=0.000um, trunk=0.000um, leaf=0.000um, total=0.000um
    Clock DAG net violations after 'Clustering': none
    Clock DAG primary half-corner transition distribution after 'Clustering':
      Leaf : target=0.150ns count=1 avg=0.003ns sd=0.000ns min=0.003ns max=0.003ns {1 <= 0.090ns, 0 <= 0.120ns, 0 <= 0.135ns, 0 <= 0.142ns, 0 <= 0.150ns}
    Primary reporting skew groups after 'Clustering':
      skew_group CLK/func: insertion delay [min=0.000, max=0.000, avg=0.000, sd=0.000], skew [0.000 vs 0.223], 100% {0.000, 0.000} (wid=0.000 ws=0.000) (gid=0.000 gs=0.000)
    Skew group summary after 'Clustering':
      skew_group CLK/func: insertion delay [min=0.000, max=0.000, avg=0.000, sd=0.000], skew [0.000 vs 0.223], 100% {0.000, 0.000} (wid=0.000 ws=0.000) (gid=0.000 gs=0.000)
    Legalizer API calls during this step: 0 succeeded with high effort: 0 succeeded with medium effort: 0 succeeded with low effort: 0 succeeded with basic effort: 0 succeeded with basic unbounded effort: 0
  Clustering done. (took cpu=0:00:00.1 real=0:00:00.1)
  Looking for fanout violations...
  Looking for fanout violations done.
  CongRepair After Initial Clustering...
  Reset timing graph...
Ignoring AAE DB Resetting ...
  Reset timing graph done.
  Leaving CCOpt scope - Early Global Route...
  Clock implementation routing...
Net route status summary:
  Clock:         1 (unrouted=1, trialRouted=0, noStatus=0, routed=0, fixed=0, [crossesIlmBoundary=0, tooFewTerms=0, (crossesIlmBoundary AND tooFewTerms=0)])
  Non-clock:   136 (unrouted=109, trialRouted=27, noStatus=0, routed=0, fixed=0, [crossesIlmBoundary=0, tooFewTerms=109, (crossesIlmBoundary AND tooFewTerms=0)])
    Routing using eGR only...
      Early Global Route - eGR only step...
(ccopt eGR): There are 1 nets to be routed. 0 nets have skip routing designation.
(ccopt eGR): There are 1 nets for routing of which 1 have one or more fixed wires.
**WARN: (IMPPSP-1003):	Found use of 'setRouteMode -earlyGlobalMaxRouteLayer'. This will continue to work in this release; however, it is recommended to use 'setDesignMode -topRoutingLayer' instead.
(ccopt eGR): Start to route 1 all nets
**WARN: (IMPPSP-1003):	Found use of 'setRouteMode -earlyGlobalMaxRouteLayer'. This will continue to work in this release; however, it is recommended to use 'setDesignMode -topRoutingLayer' instead.
[NR-eGR] Track table information for default rule: 
[NR-eGR] met1 has single uniform track structure
[NR-eGR] met2 has single uniform track structure
[NR-eGR] met3 has single uniform track structure
[NR-eGR] met4 has single uniform track structure
[NR-eGR] met5 has single uniform track structure
[NR-eGR] Read 40 PG shapes
[NR-eGR] Read 0 clock shapes
[NR-eGR] Read 0 other shapes
[NR-eGR] #Routing Blockages  : 0
[NR-eGR] #Instance Blockages : 0
[NR-eGR] #PG Blockages       : 40
[NR-eGR] #Halo Blockages     : 0
[NR-eGR] #Boundary Blockages : 0
[NR-eGR] #Clock Blockages    : 0
[NR-eGR] #Other Blockages    : 0
[NR-eGR] Num Prerouted Nets = 0  Num Prerouted Wires = 0
[NR-eGR] Read 28 nets ( ignored 27 )
[NR-eGR] Connected 0 must-join pins/ports
[NR-eGR] There are 1 clock nets ( 1 with NDR ).
[NR-eGR] ============ Routing rule table ============
[NR-eGR] Rule id: 0  Nets: 1
[NR-eGR] ========================================
[NR-eGR] 
[NR-eGR] Layer group 1: route 1 net(s) in layer range [3, 4]
[NR-eGR] Early Global Route overflow of layer group 1: 0.00% H + 0.00% V. EstWL: 4.554000e+01um
[NR-eGR] Congestion Analysis By layer: (blocked Gcells are excluded) 
[NR-eGR]                        OverCon            
[NR-eGR]                         #Gcell     %Gcell
[NR-eGR]        Layer             (1-0)    OverCon
[NR-eGR] ----------------------------------------------
[NR-eGR]    met1 ( 1)         0( 0.00%)   ( 0.00%) 
[NR-eGR]    met2 ( 2)         0( 0.00%)   ( 0.00%) 
[NR-eGR]    met3 ( 3)         0( 0.00%)   ( 0.00%) 
[NR-eGR]    met4 ( 4)         0( 0.00%)   ( 0.00%) 
[NR-eGR]    met5 ( 5)         0( 0.00%)   ( 0.00%) 
[NR-eGR] ----------------------------------------------
[NR-eGR]        Total         0( 0.00%)   ( 0.00%) 
[NR-eGR] 
[NR-eGR] Overflow after Early Global Route 0.00% H + 0.00% V
[NR-eGR]               Length (um)  Vias 
[NR-eGR] --------------------------------
[NR-eGR]  met1  (1H)             0    90 
[NR-eGR]  met2  (2V)           219   133 
[NR-eGR]  met3  (3H)           256     6 
[NR-eGR]  met4  (4V)             7     4 
[NR-eGR]  met5  (5H)            14     0 
[NR-eGR] --------------------------------
[NR-eGR]        Total          496   233 
[NR-eGR] --------------------------------------------------------------------------
[NR-eGR] Total half perimeter of net bounding box: 623um
[NR-eGR] Total length: 496um, number of vias: 233
[NR-eGR] --------------------------------------------------------------------------
[NR-eGR] Total eGR-routed clock nets wire length: 59um, number of vias: 18
[NR-eGR] --------------------------------------------------------------------------
[NR-eGR] Report for selected net(s) only.
[NR-eGR]               Length (um)  Vias 
[NR-eGR] --------------------------------
[NR-eGR]  met1  (1H)             0     6 
[NR-eGR]  met2  (2V)            25    12 
[NR-eGR]  met3  (3H)            34     0 
[NR-eGR]  met4  (4V)             0     0 
[NR-eGR]  met5  (5H)             0     0 
[NR-eGR] --------------------------------
[NR-eGR]        Total           59    18 
[NR-eGR] --------------------------------------------------------------------------
[NR-eGR] Total half perimeter of net bounding box: 45um
[NR-eGR] Total length: 59um, number of vias: 18
[NR-eGR] --------------------------------------------------------------------------
[NR-eGR] Total routed clock nets wire length: 59um, number of vias: 18
[NR-eGR] --------------------------------------------------------------------------
[NR-eGR] Finished Early Global Route kernel ( CPU: 0.05 sec, Real: 0.04 sec, Curr Mem: 1691.67 MB )
**WARN: (IMPPSP-1003):	Found use of 'setRouteMode -earlyGlobalMaxRouteLayer'. This will continue to work in this release; however, it is recommended to use 'setDesignMode -topRoutingLayer' instead.
**WARN: (IMPPSP-1003):	Found use of 'setRouteMode -earlyGlobalMinRouteLayer'. This will continue to work in this release; however, it is recommended to use 'setDesignMode -bottomRoutingLayer' instead.
**WARN: (IMPPSP-1003):	Found use of 'setRouteMode -earlyGlobalMaxRouteLayer'. This will continue to work in this release; however, it is recommended to use 'setDesignMode -topRoutingLayer' instead.
      Early Global Route - eGR only step done. (took cpu=0:00:00.1 real=0:00:00.1)
    Routing using eGR only done.
Net route status summary:
  Clock:         1 (unrouted=0, trialRouted=0, noStatus=0, routed=1, fixed=0, [crossesIlmBoundary=0, tooFewTerms=0, (crossesIlmBoundary AND tooFewTerms=0)])
  Non-clock:   136 (unrouted=109, trialRouted=27, noStatus=0, routed=0, fixed=0, [crossesIlmBoundary=0, tooFewTerms=109, (crossesIlmBoundary AND tooFewTerms=0)])

CCOPT: Done with clock implementation routing.

  Clock implementation routing done.
  CCOpt: Starting congestion repair using flow wrapper...
    Congestion Repair...
*** IncrReplace #1 [begin] (CTS #1 / ccopt_design #1) : totSession cpu/real = 0:00:49.0/0:00:55.3 (0.9), mem = 1691.7M
Info: Disable timing driven in postCTS congRepair.

Starting congRepair ...
[NR-eGR] Track table information for default rule: 
[NR-eGR] met1 has single uniform track structure
[NR-eGR] met2 has single uniform track structure
[NR-eGR] met3 has single uniform track structure
[NR-eGR] met4 has single uniform track structure
[NR-eGR] met5 has single uniform track structure
[NR-eGR] Read 286 PG shapes
[NR-eGR] Read 0 clock shapes
[NR-eGR] Read 0 other shapes
[NR-eGR] #Routing Blockages  : 0
[NR-eGR] #Instance Blockages : 0
[NR-eGR] #PG Blockages       : 286
[NR-eGR] #Halo Blockages     : 0
[NR-eGR] #Boundary Blockages : 0
[NR-eGR] #Clock Blockages    : 0
[NR-eGR] #Other Blockages    : 0
[NR-eGR] Num Prerouted Nets = 1  Num Prerouted Wires = 27
[NR-eGR] Read 28 nets ( ignored 1 )
[NR-eGR] ============ Routing rule table ============
[NR-eGR] Rule id: 1  Nets: 27
[NR-eGR] ========================================
[NR-eGR] 
[NR-eGR] Layer group 1: route 27 net(s) in layer range [2, 5]
[NR-eGR] Early Global Route overflow of layer group 1: 16.39% H + 0.00% V. EstWL: 3.933000e+02um
[NR-eGR] Congestion Analysis By layer: (blocked Gcells are excluded) 
[NR-eGR]                        OverCon           OverCon           OverCon           OverCon            
[NR-eGR]                         #Gcell            #Gcell            #Gcell            #Gcell     %Gcell
[NR-eGR]        Layer             (1-2)             (3-4)             (5-6)             (7-8)    OverCon
[NR-eGR] -------------------------------------------------------------------------------------------------
[NR-eGR]    met1 ( 1)         0( 0.00%)         0( 0.00%)         0( 0.00%)         0( 0.00%)   ( 0.00%) 
[NR-eGR]    met2 ( 2)         0( 0.00%)         0( 0.00%)         0( 0.00%)         0( 0.00%)   ( 0.00%) 
[NR-eGR]    met3 ( 3)         7( 5.74%)         3( 2.46%)         4( 3.28%)         1( 0.82%)   (12.30%) 
[NR-eGR]    met4 ( 4)         0( 0.00%)         0( 0.00%)         0( 0.00%)         0( 0.00%)   ( 0.00%) 
[NR-eGR]    met5 ( 5)         0( 0.00%)         0( 0.00%)         0( 0.00%)         0( 0.00%)   ( 0.00%) 
[NR-eGR] -------------------------------------------------------------------------------------------------
[NR-eGR]        Total         7( 1.72%)         3( 0.74%)         4( 0.98%)         1( 0.25%)   ( 3.69%) 
[NR-eGR] 
[NR-eGR] Overflow after Early Global Route 7.52% H + 0.00% V
Early Global Route congestion estimation runtime: 0.03 seconds, mem = 1691.7M
Local HotSpot Analysis: normalized max congestion hotspot area = 1.00, normalized total congestion hotspot area = 1.00 (area is in unit of 4 std-cell row bins)
Skipped repairing congestion.
[NR-eGR]               Length (um)  Vias 
[NR-eGR] --------------------------------
[NR-eGR]  met1  (1H)             0    90 
[NR-eGR]  met2  (2V)           227   133 
[NR-eGR]  met3  (3H)           268     2 
[NR-eGR]  met4  (4V)             1     0 
[NR-eGR]  met5  (5H)             0     0 
[NR-eGR] --------------------------------
[NR-eGR]        Total          496   225 
[NR-eGR] --------------------------------------------------------------------------
[NR-eGR] Total half perimeter of net bounding box: 623um
[NR-eGR] Total length: 496um, number of vias: 225
[NR-eGR] --------------------------------------------------------------------------
[NR-eGR] Total eGR-routed clock nets wire length: 0um, number of vias: 0
[NR-eGR] --------------------------------------------------------------------------
Early Global Route wiring runtime: 0.01 seconds, mem = 1691.7M
Tdgp not successfully inited but do clear! skip clearing
End of congRepair (cpu=0:00:00.0, real=0:00:00.0)
*** IncrReplace #1 [finish] (CTS #1 / ccopt_design #1) : cpu/real = 0:00:00.1/0:00:00.1 (1.0), totSession cpu/real = 0:00:49.0/0:00:55.4 (0.9), mem = 1691.7M
    Congestion Repair done. (took cpu=0:00:00.1 real=0:00:00.1)
  CCOpt: Starting congestion repair using flow wrapper done.
  Leaving CCOpt scope - Early Global Route done. (took cpu=0:00:00.2 real=0:00:00.2)
  Leaving CCOpt scope - extractRC...
  Updating RC parasitics by calling: "extractRC -noRouteCheck"...
Extraction called for design 'RISC_V3' of instances=31 and nets=137 using extraction engine 'preRoute' .
PreRoute RC Extraction called for design RISC_V3.
RC Extraction called in multi-corner(1) mode.
RCMode: PreRoute
      RC Corner Indexes            0   
Capacitance Scaling Factor   : 1.00000 
Resistance Scaling Factor    : 1.00000 
Clock Cap. Scaling Factor    : 1.00000 
Clock Res. Scaling Factor    : 1.00000 
Shrink Factor                : 1.00000
PreRoute extraction is honoring NDR/Shielding/ExtraSpace for clock nets.
Using Quantus QRC technology file ...
Updating RC grid for preRoute extraction ...
Initializing multi-corner resistance tables ...
PreRoute RC Extraction DONE (CPU Time: 0:00:00.0  Real Time: 0:00:00.0  MEM: 1691.668M)
  Updating RC parasitics by calling: "extractRC -noRouteCheck" done.
  Leaving CCOpt scope - extractRC done. (took cpu=0:00:00.0 real=0:00:00.0)
  Clock tree timing engine global stage delay update for rctypical_slow:setup.late...
  Clock tree timing engine global stage delay update for rctypical_slow:setup.late done. (took cpu=0:00:00.0 real=0:00:00.0)
  Clock DAG stats after clustering cong repair call:
    cell counts      : b=0, i=0, icg=0, dcg=0, l=0, total=0
    sink counts      : regular=6, enable_latch=0, load_capacitance=0, antenna=0, node_sink=0, total=6
    misc counts      : r=1, pp=0
    cell areas       : b=0.000um^2, i=0.000um^2, icg=0.000um^2, dcg=0.000um^2, l=0.000um^2, total=0.000um^2
    cell capacitance : b=0.000pF, i=0.000pF, icg=0.000pF, dcg=0.000pF, l=0.000pF, total=0.000pF
    sink capacitance : total=0.011pF, avg=0.002pF, sd=0.000pF, min=0.002pF, max=0.002pF
    wire capacitance : top=0.000pF, trunk=0.000pF, leaf=0.010pF, total=0.010pF
    wire lengths     : top=0.000um, trunk=0.000um, leaf=54.650um, total=54.650um
    hp wire lengths  : top=0.000um, trunk=0.000um, leaf=0.000um, total=0.000um
  Clock DAG net violations after clustering cong repair call: none
  Clock DAG primary half-corner transition distribution after clustering cong repair call:
    Leaf : target=0.150ns count=1 avg=0.003ns sd=0.000ns min=0.003ns max=0.003ns {1 <= 0.090ns, 0 <= 0.120ns, 0 <= 0.135ns, 0 <= 0.142ns, 0 <= 0.150ns}
  Primary reporting skew groups after clustering cong repair call:
    skew_group CLK/func: insertion delay [min=0.000, max=0.000, avg=0.000, sd=0.000], skew [0.000 vs 0.223], 100% {0.000, 0.000} (wid=0.000 ws=0.000) (gid=0.000 gs=0.000)
  Skew group summary after clustering cong repair call:
    skew_group CLK/func: insertion delay [min=0.000, max=0.000, avg=0.000, sd=0.000], skew [0.000 vs 0.223], 100% {0.000, 0.000} (wid=0.000 ws=0.000) (gid=0.000 gs=0.000)
  CongRepair After Initial Clustering done. (took cpu=0:00:00.3 real=0:00:00.3)
  Stage::Clustering done. (took cpu=0:00:00.4 real=0:00:00.3)
  Stage::DRV Fixing...
  Fixing clock tree slew time and max cap violations...
    Fixing clock tree overload: ...20% ...40% ...60% ...80% ...100% 
    Clock DAG stats after 'Fixing clock tree slew time and max cap violations':
      cell counts      : b=0, i=0, icg=0, dcg=0, l=0, total=0
      sink counts      : regular=6, enable_latch=0, load_capacitance=0, antenna=0, node_sink=0, total=6
      misc counts      : r=1, pp=0
      cell areas       : b=0.000um^2, i=0.000um^2, icg=0.000um^2, dcg=0.000um^2, l=0.000um^2, total=0.000um^2
      cell capacitance : b=0.000pF, i=0.000pF, icg=0.000pF, dcg=0.000pF, l=0.000pF, total=0.000pF
      sink capacitance : total=0.011pF, avg=0.002pF, sd=0.000pF, min=0.002pF, max=0.002pF
      wire capacitance : top=0.000pF, trunk=0.000pF, leaf=0.010pF, total=0.010pF
      wire lengths     : top=0.000um, trunk=0.000um, leaf=54.650um, total=54.650um
      hp wire lengths  : top=0.000um, trunk=0.000um, leaf=0.000um, total=0.000um
    Clock DAG net violations after 'Fixing clock tree slew time and max cap violations': none
    Clock DAG primary half-corner transition distribution after 'Fixing clock tree slew time and max cap violations':
      Leaf : target=0.150ns count=1 avg=0.003ns sd=0.000ns min=0.003ns max=0.003ns {1 <= 0.090ns, 0 <= 0.120ns, 0 <= 0.135ns, 0 <= 0.142ns, 0 <= 0.150ns}
    Primary reporting skew groups after 'Fixing clock tree slew time and max cap violations':
      skew_group CLK/func: insertion delay [min=0.000, max=0.000], skew [0.000 vs 0.223]
    Skew group summary after 'Fixing clock tree slew time and max cap violations':
      skew_group CLK/func: insertion delay [min=0.000, max=0.000], skew [0.000 vs 0.223]
    Legalizer API calls during this step: 0 succeeded with high effort: 0 succeeded with medium effort: 0 succeeded with low effort: 0 succeeded with basic effort: 0 succeeded with basic unbounded effort: 0
  Fixing clock tree slew time and max cap violations done. (took cpu=0:00:00.0 real=0:00:00.0)
  Fixing clock tree slew time and max cap violations - detailed pass...
    Fixing clock tree overload: ...20% ...40% ...60% ...80% ...100% 
    Clock DAG stats after 'Fixing clock tree slew time and max cap violations - detailed pass':
      cell counts      : b=0, i=0, icg=0, dcg=0, l=0, total=0
      sink counts      : regular=6, enable_latch=0, load_capacitance=0, antenna=0, node_sink=0, total=6
      misc counts      : r=1, pp=0
      cell areas       : b=0.000um^2, i=0.000um^2, icg=0.000um^2, dcg=0.000um^2, l=0.000um^2, total=0.000um^2
      cell capacitance : b=0.000pF, i=0.000pF, icg=0.000pF, dcg=0.000pF, l=0.000pF, total=0.000pF
      sink capacitance : total=0.011pF, avg=0.002pF, sd=0.000pF, min=0.002pF, max=0.002pF
      wire capacitance : top=0.000pF, trunk=0.000pF, leaf=0.010pF, total=0.010pF
      wire lengths     : top=0.000um, trunk=0.000um, leaf=54.650um, total=54.650um
      hp wire lengths  : top=0.000um, trunk=0.000um, leaf=0.000um, total=0.000um
    Clock DAG net violations after 'Fixing clock tree slew time and max cap violations - detailed pass': none
    Clock DAG primary half-corner transition distribution after 'Fixing clock tree slew time and max cap violations - detailed pass':
      Leaf : target=0.150ns count=1 avg=0.003ns sd=0.000ns min=0.003ns max=0.003ns {1 <= 0.090ns, 0 <= 0.120ns, 0 <= 0.135ns, 0 <= 0.142ns, 0 <= 0.150ns}
    Primary reporting skew groups after 'Fixing clock tree slew time and max cap violations - detailed pass':
      skew_group CLK/func: insertion delay [min=0.000, max=0.000, avg=0.000, sd=0.000], skew [0.000 vs 0.223], 100% {0.000, 0.000} (wid=0.000 ws=0.000) (gid=0.000 gs=0.000)
    Skew group summary after 'Fixing clock tree slew time and max cap violations - detailed pass':
      skew_group CLK/func: insertion delay [min=0.000, max=0.000, avg=0.000, sd=0.000], skew [0.000 vs 0.223], 100% {0.000, 0.000} (wid=0.000 ws=0.000) (gid=0.000 gs=0.000)
    Legalizer API calls during this step: 0 succeeded with high effort: 0 succeeded with medium effort: 0 succeeded with low effort: 0 succeeded with basic effort: 0 succeeded with basic unbounded effort: 0
  Fixing clock tree slew time and max cap violations - detailed pass done. (took cpu=0:00:00.0 real=0:00:00.0)
  Stage::DRV Fixing done. (took cpu=0:00:00.0 real=0:00:00.0)
  Stage::Insertion Delay Reduction...
  Removing unnecessary root buffering...
    Clock DAG stats after 'Removing unnecessary root buffering':
      cell counts      : b=0, i=0, icg=0, dcg=0, l=0, total=0
      sink counts      : regular=6, enable_latch=0, load_capacitance=0, antenna=0, node_sink=0, total=6
      misc counts      : r=1, pp=0
      cell areas       : b=0.000um^2, i=0.000um^2, icg=0.000um^2, dcg=0.000um^2, l=0.000um^2, total=0.000um^2
      cell capacitance : b=0.000pF, i=0.000pF, icg=0.000pF, dcg=0.000pF, l=0.000pF, total=0.000pF
      sink capacitance : total=0.011pF, avg=0.002pF, sd=0.000pF, min=0.002pF, max=0.002pF
      wire capacitance : top=0.000pF, trunk=0.000pF, leaf=0.010pF, total=0.010pF
      wire lengths     : top=0.000um, trunk=0.000um, leaf=54.650um, total=54.650um
      hp wire lengths  : top=0.000um, trunk=0.000um, leaf=0.000um, total=0.000um
    Clock DAG net violations after 'Removing unnecessary root buffering': none
    Clock DAG primary half-corner transition distribution after 'Removing unnecessary root buffering':
      Leaf : target=0.150ns count=1 avg=0.003ns sd=0.000ns min=0.003ns max=0.003ns {1 <= 0.090ns, 0 <= 0.120ns, 0 <= 0.135ns, 0 <= 0.142ns, 0 <= 0.150ns}
    Primary reporting skew groups after 'Removing unnecessary root buffering':
      skew_group CLK/func: insertion delay [min=0.000, max=0.000], skew [0.000 vs 0.223]
    Skew group summary after 'Removing unnecessary root buffering':
      skew_group CLK/func: insertion delay [min=0.000, max=0.000], skew [0.000 vs 0.223]
    Legalizer API calls during this step: 0 succeeded with high effort: 0 succeeded with medium effort: 0 succeeded with low effort: 0 succeeded with basic effort: 0 succeeded with basic unbounded effort: 0
  Removing unnecessary root buffering done. (took cpu=0:00:00.0 real=0:00:00.0)
  Removing unconstrained drivers...
    Clock DAG stats after 'Removing unconstrained drivers':
      cell counts      : b=0, i=0, icg=0, dcg=0, l=0, total=0
      sink counts      : regular=6, enable_latch=0, load_capacitance=0, antenna=0, node_sink=0, total=6
      misc counts      : r=1, pp=0
      cell areas       : b=0.000um^2, i=0.000um^2, icg=0.000um^2, dcg=0.000um^2, l=0.000um^2, total=0.000um^2
      cell capacitance : b=0.000pF, i=0.000pF, icg=0.000pF, dcg=0.000pF, l=0.000pF, total=0.000pF
      sink capacitance : total=0.011pF, avg=0.002pF, sd=0.000pF, min=0.002pF, max=0.002pF
      wire capacitance : top=0.000pF, trunk=0.000pF, leaf=0.010pF, total=0.010pF
      wire lengths     : top=0.000um, trunk=0.000um, leaf=54.650um, total=54.650um
      hp wire lengths  : top=0.000um, trunk=0.000um, leaf=0.000um, total=0.000um
    Clock DAG net violations after 'Removing unconstrained drivers': none
    Clock DAG primary half-corner transition distribution after 'Removing unconstrained drivers':
      Leaf : target=0.150ns count=1 avg=0.003ns sd=0.000ns min=0.003ns max=0.003ns {1 <= 0.090ns, 0 <= 0.120ns, 0 <= 0.135ns, 0 <= 0.142ns, 0 <= 0.150ns}
    Primary reporting skew groups after 'Removing unconstrained drivers':
      skew_group CLK/func: insertion delay [min=0.000, max=0.000], skew [0.000 vs 0.223]
    Skew group summary after 'Removing unconstrained drivers':
      skew_group CLK/func: insertion delay [min=0.000, max=0.000], skew [0.000 vs 0.223]
    Legalizer API calls during this step: 0 succeeded with high effort: 0 succeeded with medium effort: 0 succeeded with low effort: 0 succeeded with basic effort: 0 succeeded with basic unbounded effort: 0
  Removing unconstrained drivers done. (took cpu=0:00:00.0 real=0:00:00.0)
  Reducing insertion delay 1...
    Clock DAG stats after 'Reducing insertion delay 1':
      cell counts      : b=0, i=0, icg=0, dcg=0, l=0, total=0
      sink counts      : regular=6, enable_latch=0, load_capacitance=0, antenna=0, node_sink=0, total=6
      misc counts      : r=1, pp=0
      cell areas       : b=0.000um^2, i=0.000um^2, icg=0.000um^2, dcg=0.000um^2, l=0.000um^2, total=0.000um^2
      cell capacitance : b=0.000pF, i=0.000pF, icg=0.000pF, dcg=0.000pF, l=0.000pF, total=0.000pF
      sink capacitance : total=0.011pF, avg=0.002pF, sd=0.000pF, min=0.002pF, max=0.002pF
      wire capacitance : top=0.000pF, trunk=0.000pF, leaf=0.010pF, total=0.010pF
      wire lengths     : top=0.000um, trunk=0.000um, leaf=54.650um, total=54.650um
      hp wire lengths  : top=0.000um, trunk=0.000um, leaf=0.000um, total=0.000um
    Clock DAG net violations after 'Reducing insertion delay 1': none
    Clock DAG primary half-corner transition distribution after 'Reducing insertion delay 1':
      Leaf : target=0.150ns count=1 avg=0.003ns sd=0.000ns min=0.003ns max=0.003ns {1 <= 0.090ns, 0 <= 0.120ns, 0 <= 0.135ns, 0 <= 0.142ns, 0 <= 0.150ns}
    Primary reporting skew groups after 'Reducing insertion delay 1':
      skew_group CLK/func: insertion delay [min=0.000, max=0.000], skew [0.000 vs 0.223]
    Skew group summary after 'Reducing insertion delay 1':
      skew_group CLK/func: insertion delay [min=0.000, max=0.000], skew [0.000 vs 0.223]
    Legalizer API calls during this step: 3 succeeded with high effort: 3 succeeded with medium effort: 0 succeeded with low effort: 0 succeeded with basic effort: 0 succeeded with basic unbounded effort: 0
  Reducing insertion delay 1 done. (took cpu=0:00:00.0 real=0:00:00.0)
  Removing longest path buffering...
    Clock DAG stats after 'Removing longest path buffering':
      cell counts      : b=0, i=0, icg=0, dcg=0, l=0, total=0
      sink counts      : regular=6, enable_latch=0, load_capacitance=0, antenna=0, node_sink=0, total=6
      misc counts      : r=1, pp=0
      cell areas       : b=0.000um^2, i=0.000um^2, icg=0.000um^2, dcg=0.000um^2, l=0.000um^2, total=0.000um^2
      cell capacitance : b=0.000pF, i=0.000pF, icg=0.000pF, dcg=0.000pF, l=0.000pF, total=0.000pF
      sink capacitance : total=0.011pF, avg=0.002pF, sd=0.000pF, min=0.002pF, max=0.002pF
      wire capacitance : top=0.000pF, trunk=0.000pF, leaf=0.010pF, total=0.010pF
      wire lengths     : top=0.000um, trunk=0.000um, leaf=54.650um, total=54.650um
      hp wire lengths  : top=0.000um, trunk=0.000um, leaf=0.000um, total=0.000um
    Clock DAG net violations after 'Removing longest path buffering': none
    Clock DAG primary half-corner transition distribution after 'Removing longest path buffering':
      Leaf : target=0.150ns count=1 avg=0.003ns sd=0.000ns min=0.003ns max=0.003ns {1 <= 0.090ns, 0 <= 0.120ns, 0 <= 0.135ns, 0 <= 0.142ns, 0 <= 0.150ns}
    Primary reporting skew groups after 'Removing longest path buffering':
      skew_group CLK/func: insertion delay [min=0.000, max=0.000], skew [0.000 vs 0.223]
    Skew group summary after 'Removing longest path buffering':
      skew_group CLK/func: insertion delay [min=0.000, max=0.000], skew [0.000 vs 0.223]
    Legalizer API calls during this step: 0 succeeded with high effort: 0 succeeded with medium effort: 0 succeeded with low effort: 0 succeeded with basic effort: 0 succeeded with basic unbounded effort: 0
  Removing longest path buffering done. (took cpu=0:00:00.0 real=0:00:00.0)
  Reducing insertion delay 2...
    Clock DAG stats after 'Reducing insertion delay 2':
      cell counts      : b=0, i=0, icg=0, dcg=0, l=0, total=0
      sink counts      : regular=6, enable_latch=0, load_capacitance=0, antenna=0, node_sink=0, total=6
      misc counts      : r=1, pp=0
      cell areas       : b=0.000um^2, i=0.000um^2, icg=0.000um^2, dcg=0.000um^2, l=0.000um^2, total=0.000um^2
      cell capacitance : b=0.000pF, i=0.000pF, icg=0.000pF, dcg=0.000pF, l=0.000pF, total=0.000pF
      sink capacitance : total=0.011pF, avg=0.002pF, sd=0.000pF, min=0.002pF, max=0.002pF
      wire capacitance : top=0.000pF, trunk=0.000pF, leaf=0.010pF, total=0.010pF
      wire lengths     : top=0.000um, trunk=0.000um, leaf=54.650um, total=54.650um
      hp wire lengths  : top=0.000um, trunk=0.000um, leaf=0.000um, total=0.000um
    Clock DAG net violations after 'Reducing insertion delay 2': none
    Clock DAG primary half-corner transition distribution after 'Reducing insertion delay 2':
      Leaf : target=0.150ns count=1 avg=0.003ns sd=0.000ns min=0.003ns max=0.003ns {1 <= 0.090ns, 0 <= 0.120ns, 0 <= 0.135ns, 0 <= 0.142ns, 0 <= 0.150ns}
    Primary reporting skew groups after 'Reducing insertion delay 2':
      skew_group CLK/func: insertion delay [min=0.000, max=0.000, avg=0.000, sd=0.000], skew [0.000 vs 0.223], 100% {0.000, 0.000} (wid=0.000 ws=0.000) (gid=0.000 gs=0.000)
    Skew group summary after 'Reducing insertion delay 2':
      skew_group CLK/func: insertion delay [min=0.000, max=0.000, avg=0.000, sd=0.000], skew [0.000 vs 0.223], 100% {0.000, 0.000} (wid=0.000 ws=0.000) (gid=0.000 gs=0.000)
    Legalizer API calls during this step: 0 succeeded with high effort: 0 succeeded with medium effort: 0 succeeded with low effort: 0 succeeded with basic effort: 0 succeeded with basic unbounded effort: 0
  Reducing insertion delay 2 done. (took cpu=0:00:00.0 real=0:00:00.0)
  Stage::Insertion Delay Reduction done. (took cpu=0:00:00.0 real=0:00:00.0)
  CCOpt::Phase::Construction done. (took cpu=0:00:00.4 real=0:00:00.4)
  CCOpt::Phase::Implementation...
  Stage::Reducing Power...
  Improving clock tree routing...
    Iteration 1...
    Iteration 1 done.
    Clock DAG stats after 'Improving clock tree routing':
      cell counts      : b=0, i=0, icg=0, dcg=0, l=0, total=0
      sink counts      : regular=6, enable_latch=0, load_capacitance=0, antenna=0, node_sink=0, total=6
      misc counts      : r=1, pp=0
      cell areas       : b=0.000um^2, i=0.000um^2, icg=0.000um^2, dcg=0.000um^2, l=0.000um^2, total=0.000um^2
      cell capacitance : b=0.000pF, i=0.000pF, icg=0.000pF, dcg=0.000pF, l=0.000pF, total=0.000pF
      sink capacitance : total=0.011pF, avg=0.002pF, sd=0.000pF, min=0.002pF, max=0.002pF
      wire capacitance : top=0.000pF, trunk=0.000pF, leaf=0.010pF, total=0.010pF
      wire lengths     : top=0.000um, trunk=0.000um, leaf=54.650um, total=54.650um
      hp wire lengths  : top=0.000um, trunk=0.000um, leaf=0.000um, total=0.000um
    Clock DAG net violations after 'Improving clock tree routing': none
    Clock DAG primary half-corner transition distribution after 'Improving clock tree routing':
      Leaf : target=0.150ns count=1 avg=0.003ns sd=0.000ns min=0.003ns max=0.003ns {1 <= 0.090ns, 0 <= 0.120ns, 0 <= 0.135ns, 0 <= 0.142ns, 0 <= 0.150ns}
    Primary reporting skew groups after 'Improving clock tree routing':
      skew_group CLK/func: insertion delay [min=0.000, max=0.000], skew [0.000 vs 0.223]
    Skew group summary after 'Improving clock tree routing':
      skew_group CLK/func: insertion delay [min=0.000, max=0.000], skew [0.000 vs 0.223]
    Legalizer API calls during this step: 0 succeeded with high effort: 0 succeeded with medium effort: 0 succeeded with low effort: 0 succeeded with basic effort: 0 succeeded with basic unbounded effort: 0
  Improving clock tree routing done. (took cpu=0:00:00.0 real=0:00:00.0)
  Reducing clock tree power 1...
    Resizing gates:     ...20% ...40% ...60% ...80% ...Legalizing clock trees...
    Legalizing clock trees done. (took cpu=0:00:00.0 real=0:00:00.0)
    100% 
    Clock DAG stats after 'Reducing clock tree power 1':
      cell counts      : b=0, i=0, icg=0, dcg=0, l=0, total=0
      sink counts      : regular=6, enable_latch=0, load_capacitance=0, antenna=0, node_sink=0, total=6
      misc counts      : r=1, pp=0
      cell areas       : b=0.000um^2, i=0.000um^2, icg=0.000um^2, dcg=0.000um^2, l=0.000um^2, total=0.000um^2
      cell capacitance : b=0.000pF, i=0.000pF, icg=0.000pF, dcg=0.000pF, l=0.000pF, total=0.000pF
      sink capacitance : total=0.011pF, avg=0.002pF, sd=0.000pF, min=0.002pF, max=0.002pF
      wire capacitance : top=0.000pF, trunk=0.000pF, leaf=0.010pF, total=0.010pF
      wire lengths     : top=0.000um, trunk=0.000um, leaf=54.650um, total=54.650um
      hp wire lengths  : top=0.000um, trunk=0.000um, leaf=0.000um, total=0.000um
    Clock DAG net violations after 'Reducing clock tree power 1': none
    Clock DAG primary half-corner transition distribution after 'Reducing clock tree power 1':
      Leaf : target=0.150ns count=1 avg=0.003ns sd=0.000ns min=0.003ns max=0.003ns {1 <= 0.090ns, 0 <= 0.120ns, 0 <= 0.135ns, 0 <= 0.142ns, 0 <= 0.150ns}
    Primary reporting skew groups after 'Reducing clock tree power 1':
      skew_group CLK/func: insertion delay [min=0.000, max=0.000], skew [0.000 vs 0.223]
    Skew group summary after 'Reducing clock tree power 1':
      skew_group CLK/func: insertion delay [min=0.000, max=0.000], skew [0.000 vs 0.223]
    Legalizer API calls during this step: 0 succeeded with high effort: 0 succeeded with medium effort: 0 succeeded with low effort: 0 succeeded with basic effort: 0 succeeded with basic unbounded effort: 0
  Reducing clock tree power 1 done. (took cpu=0:00:00.0 real=0:00:00.0)
  Reducing clock tree power 2...
    Clock DAG stats after 'Reducing clock tree power 2':
      cell counts      : b=0, i=0, icg=0, dcg=0, l=0, total=0
      sink counts      : regular=6, enable_latch=0, load_capacitance=0, antenna=0, node_sink=0, total=6
      misc counts      : r=1, pp=0
      cell areas       : b=0.000um^2, i=0.000um^2, icg=0.000um^2, dcg=0.000um^2, l=0.000um^2, total=0.000um^2
      cell capacitance : b=0.000pF, i=0.000pF, icg=0.000pF, dcg=0.000pF, l=0.000pF, total=0.000pF
      sink capacitance : total=0.011pF, avg=0.002pF, sd=0.000pF, min=0.002pF, max=0.002pF
      wire capacitance : top=0.000pF, trunk=0.000pF, leaf=0.010pF, total=0.010pF
      wire lengths     : top=0.000um, trunk=0.000um, leaf=54.650um, total=54.650um
      hp wire lengths  : top=0.000um, trunk=0.000um, leaf=0.000um, total=0.000um
    Clock DAG net violations after 'Reducing clock tree power 2': none
    Clock DAG primary half-corner transition distribution after 'Reducing clock tree power 2':
      Leaf : target=0.150ns count=1 avg=0.003ns sd=0.000ns min=0.003ns max=0.003ns {1 <= 0.090ns, 0 <= 0.120ns, 0 <= 0.135ns, 0 <= 0.142ns, 0 <= 0.150ns}
    Primary reporting skew groups after 'Reducing clock tree power 2':
      skew_group CLK/func: insertion delay [min=0.000, max=0.000, avg=0.000, sd=0.000], skew [0.000 vs 0.223], 100% {0.000, 0.000} (wid=0.000 ws=0.000) (gid=0.000 gs=0.000)
    Skew group summary after 'Reducing clock tree power 2':
      skew_group CLK/func: insertion delay [min=0.000, max=0.000, avg=0.000, sd=0.000], skew [0.000 vs 0.223], 100% {0.000, 0.000} (wid=0.000 ws=0.000) (gid=0.000 gs=0.000)
    Legalizer API calls during this step: 0 succeeded with high effort: 0 succeeded with medium effort: 0 succeeded with low effort: 0 succeeded with basic effort: 0 succeeded with basic unbounded effort: 0
  Reducing clock tree power 2 done. (took cpu=0:00:00.0 real=0:00:00.0)
  Stage::Reducing Power done. (took cpu=0:00:00.0 real=0:00:00.0)
  Stage::Balancing...
  Approximately balancing fragments step...
    Resolve constraints - Approximately balancing fragments...
    Resolving skew group constraints...
      Solving LP: 1 skew groups; 2 fragments, 2 fraglets and 3 vertices; 25 variables and 66 constraints; tolerance 1
    Resolving skew group constraints done.
    Resolve constraints - Approximately balancing fragments done. (took cpu=0:00:00.0 real=0:00:00.0)
    Estimate delay to be added in balancing - Approximately balancing fragments...
    Trial balancer estimated the amount of delay to be added in balancing: 0.000ns
    Estimate delay to be added in balancing - Approximately balancing fragments done. (took cpu=0:00:00.0 real=0:00:00.0)
    Approximately balancing fragments...
      Moving gates to improve sub-tree skew...
        Tried: 2 Succeeded: 0
        Topology Tried: 0 Succeeded: 0
        0 Succeeded with SS ratio
        0 Succeeded with Lollipop: 0 with tier one, 0 with tier two. 
        Total reducing skew: 0 Average reducing skew for 0 nets : 0
        Clock DAG stats after 'Moving gates to improve sub-tree skew':
          cell counts      : b=0, i=0, icg=0, dcg=0, l=0, total=0
          sink counts      : regular=6, enable_latch=0, load_capacitance=0, antenna=0, node_sink=0, total=6
          misc counts      : r=1, pp=0
          cell areas       : b=0.000um^2, i=0.000um^2, icg=0.000um^2, dcg=0.000um^2, l=0.000um^2, total=0.000um^2
          cell capacitance : b=0.000pF, i=0.000pF, icg=0.000pF, dcg=0.000pF, l=0.000pF, total=0.000pF
          sink capacitance : total=0.011pF, avg=0.002pF, sd=0.000pF, min=0.002pF, max=0.002pF
          wire capacitance : top=0.000pF, trunk=0.000pF, leaf=0.010pF, total=0.010pF
          wire lengths     : top=0.000um, trunk=0.000um, leaf=54.650um, total=54.650um
          hp wire lengths  : top=0.000um, trunk=0.000um, leaf=0.000um, total=0.000um
        Clock DAG net violations after 'Moving gates to improve sub-tree skew': none
        Clock DAG primary half-corner transition distribution after 'Moving gates to improve sub-tree skew':
          Leaf : target=0.150ns count=1 avg=0.003ns sd=0.000ns min=0.003ns max=0.003ns {1 <= 0.090ns, 0 <= 0.120ns, 0 <= 0.135ns, 0 <= 0.142ns, 0 <= 0.150ns}
        Legalizer API calls during this step: 0 succeeded with high effort: 0 succeeded with medium effort: 0 succeeded with low effort: 0 succeeded with basic effort: 0 succeeded with basic unbounded effort: 0
      Moving gates to improve sub-tree skew done. (took cpu=0:00:00.0 real=0:00:00.0)
      Approximately balancing fragments bottom up...
        bottom up balancing: ...20% ...40% ...60% ...80% ...100% 
        Clock DAG stats after 'Approximately balancing fragments bottom up':
          cell counts      : b=0, i=0, icg=0, dcg=0, l=0, total=0
          sink counts      : regular=6, enable_latch=0, load_capacitance=0, antenna=0, node_sink=0, total=6
          misc counts      : r=1, pp=0
          cell areas       : b=0.000um^2, i=0.000um^2, icg=0.000um^2, dcg=0.000um^2, l=0.000um^2, total=0.000um^2
          cell capacitance : b=0.000pF, i=0.000pF, icg=0.000pF, dcg=0.000pF, l=0.000pF, total=0.000pF
          sink capacitance : total=0.011pF, avg=0.002pF, sd=0.000pF, min=0.002pF, max=0.002pF
          wire capacitance : top=0.000pF, trunk=0.000pF, leaf=0.010pF, total=0.010pF
          wire lengths     : top=0.000um, trunk=0.000um, leaf=54.650um, total=54.650um
          hp wire lengths  : top=0.000um, trunk=0.000um, leaf=0.000um, total=0.000um
        Clock DAG net violations after 'Approximately balancing fragments bottom up': none
        Clock DAG primary half-corner transition distribution after 'Approximately balancing fragments bottom up':
          Leaf : target=0.150ns count=1 avg=0.003ns sd=0.000ns min=0.003ns max=0.003ns {1 <= 0.090ns, 0 <= 0.120ns, 0 <= 0.135ns, 0 <= 0.142ns, 0 <= 0.150ns}
        Legalizer API calls during this step: 0 succeeded with high effort: 0 succeeded with medium effort: 0 succeeded with low effort: 0 succeeded with basic effort: 0 succeeded with basic unbounded effort: 0
      Approximately balancing fragments bottom up done. (took cpu=0:00:00.0 real=0:00:00.0)
      Approximately balancing fragments, wire and cell delays...
      Approximately balancing fragments, wire and cell delays, iteration 1...
        Clock DAG stats after Approximately balancing fragments, wire and cell delays, iteration 1:
          cell counts      : b=0, i=0, icg=0, dcg=0, l=0, total=0
          sink counts      : regular=6, enable_latch=0, load_capacitance=0, antenna=0, node_sink=0, total=6
          misc counts      : r=1, pp=0
          cell areas       : b=0.000um^2, i=0.000um^2, icg=0.000um^2, dcg=0.000um^2, l=0.000um^2, total=0.000um^2
          cell capacitance : b=0.000pF, i=0.000pF, icg=0.000pF, dcg=0.000pF, l=0.000pF, total=0.000pF
          sink capacitance : total=0.011pF, avg=0.002pF, sd=0.000pF, min=0.002pF, max=0.002pF
          wire capacitance : top=0.000pF, trunk=0.000pF, leaf=0.010pF, total=0.010pF
          wire lengths     : top=0.000um, trunk=0.000um, leaf=54.650um, total=54.650um
          hp wire lengths  : top=0.000um, trunk=0.000um, leaf=0.000um, total=0.000um
        Clock DAG net violations after Approximately balancing fragments, wire and cell delays, iteration 1: none
        Clock DAG primary half-corner transition distribution after Approximately balancing fragments, wire and cell delays, iteration 1:
          Leaf : target=0.150ns count=1 avg=0.003ns sd=0.000ns min=0.003ns max=0.003ns {1 <= 0.090ns, 0 <= 0.120ns, 0 <= 0.135ns, 0 <= 0.142ns, 0 <= 0.150ns}
      Approximately balancing fragments, wire and cell delays, iteration 1 done.
      Approximately balancing fragments, wire and cell delays done. (took cpu=0:00:00.0 real=0:00:00.0)
    Approximately balancing fragments done.
    Clock DAG stats after 'Approximately balancing fragments step':
      cell counts      : b=0, i=0, icg=0, dcg=0, l=0, total=0
      sink counts      : regular=6, enable_latch=0, load_capacitance=0, antenna=0, node_sink=0, total=6
      misc counts      : r=1, pp=0
      cell areas       : b=0.000um^2, i=0.000um^2, icg=0.000um^2, dcg=0.000um^2, l=0.000um^2, total=0.000um^2
      cell capacitance : b=0.000pF, i=0.000pF, icg=0.000pF, dcg=0.000pF, l=0.000pF, total=0.000pF
      sink capacitance : total=0.011pF, avg=0.002pF, sd=0.000pF, min=0.002pF, max=0.002pF
      wire capacitance : top=0.000pF, trunk=0.000pF, leaf=0.010pF, total=0.010pF
      wire lengths     : top=0.000um, trunk=0.000um, leaf=54.650um, total=54.650um
      hp wire lengths  : top=0.000um, trunk=0.000um, leaf=0.000um, total=0.000um
    Clock DAG net violations after 'Approximately balancing fragments step': none
    Clock DAG primary half-corner transition distribution after 'Approximately balancing fragments step':
      Leaf : target=0.150ns count=1 avg=0.003ns sd=0.000ns min=0.003ns max=0.003ns {1 <= 0.090ns, 0 <= 0.120ns, 0 <= 0.135ns, 0 <= 0.142ns, 0 <= 0.150ns}
    Legalizer API calls during this step: 0 succeeded with high effort: 0 succeeded with medium effort: 0 succeeded with low effort: 0 succeeded with basic effort: 0 succeeded with basic unbounded effort: 0
  Approximately balancing fragments step done. (took cpu=0:00:00.1 real=0:00:00.1)
  Clock DAG stats after Approximately balancing fragments:
    cell counts      : b=0, i=0, icg=0, dcg=0, l=0, total=0
    sink counts      : regular=6, enable_latch=0, load_capacitance=0, antenna=0, node_sink=0, total=6
    misc counts      : r=1, pp=0
    cell areas       : b=0.000um^2, i=0.000um^2, icg=0.000um^2, dcg=0.000um^2, l=0.000um^2, total=0.000um^2
    cell capacitance : b=0.000pF, i=0.000pF, icg=0.000pF, dcg=0.000pF, l=0.000pF, total=0.000pF
    sink capacitance : total=0.011pF, avg=0.002pF, sd=0.000pF, min=0.002pF, max=0.002pF
    wire capacitance : top=0.000pF, trunk=0.000pF, leaf=0.010pF, total=0.010pF
    wire lengths     : top=0.000um, trunk=0.000um, leaf=54.650um, total=54.650um
    hp wire lengths  : top=0.000um, trunk=0.000um, leaf=0.000um, total=0.000um
  Clock DAG net violations after Approximately balancing fragments: none
  Clock DAG primary half-corner transition distribution after Approximately balancing fragments:
    Leaf : target=0.150ns count=1 avg=0.003ns sd=0.000ns min=0.003ns max=0.003ns {1 <= 0.090ns, 0 <= 0.120ns, 0 <= 0.135ns, 0 <= 0.142ns, 0 <= 0.150ns}
  Primary reporting skew groups after Approximately balancing fragments:
    skew_group CLK/func: insertion delay [min=0.000, max=0.000], skew [0.000 vs 0.223]
  Skew group summary after Approximately balancing fragments:
    skew_group CLK/func: insertion delay [min=0.000, max=0.000], skew [0.000 vs 0.223]
  Improving fragments clock skew...
    Clock DAG stats after 'Improving fragments clock skew':
      cell counts      : b=0, i=0, icg=0, dcg=0, l=0, total=0
      sink counts      : regular=6, enable_latch=0, load_capacitance=0, antenna=0, node_sink=0, total=6
      misc counts      : r=1, pp=0
      cell areas       : b=0.000um^2, i=0.000um^2, icg=0.000um^2, dcg=0.000um^2, l=0.000um^2, total=0.000um^2
      cell capacitance : b=0.000pF, i=0.000pF, icg=0.000pF, dcg=0.000pF, l=0.000pF, total=0.000pF
      sink capacitance : total=0.011pF, avg=0.002pF, sd=0.000pF, min=0.002pF, max=0.002pF
      wire capacitance : top=0.000pF, trunk=0.000pF, leaf=0.010pF, total=0.010pF
      wire lengths     : top=0.000um, trunk=0.000um, leaf=54.650um, total=54.650um
      hp wire lengths  : top=0.000um, trunk=0.000um, leaf=0.000um, total=0.000um
    Clock DAG net violations after 'Improving fragments clock skew': none
    Clock DAG primary half-corner transition distribution after 'Improving fragments clock skew':
      Leaf : target=0.150ns count=1 avg=0.003ns sd=0.000ns min=0.003ns max=0.003ns {1 <= 0.090ns, 0 <= 0.120ns, 0 <= 0.135ns, 0 <= 0.142ns, 0 <= 0.150ns}
    Primary reporting skew groups after 'Improving fragments clock skew':
      skew_group CLK/func: insertion delay [min=0.000, max=0.000], skew [0.000 vs 0.223]
    Skew group summary after 'Improving fragments clock skew':
      skew_group CLK/func: insertion delay [min=0.000, max=0.000], skew [0.000 vs 0.223]
    Legalizer API calls during this step: 0 succeeded with high effort: 0 succeeded with medium effort: 0 succeeded with low effort: 0 succeeded with basic effort: 0 succeeded with basic unbounded effort: 0
  Improving fragments clock skew done. (took cpu=0:00:00.0 real=0:00:00.0)
  Approximately balancing step...
    Resolve constraints - Approximately balancing...
    Resolving skew group constraints...
      Solving LP: 1 skew groups; 2 fragments, 2 fraglets and 3 vertices; 25 variables and 66 constraints; tolerance 1
    Resolving skew group constraints done.
    Resolve constraints - Approximately balancing done. (took cpu=0:00:00.0 real=0:00:00.0)
    Approximately balancing...
      Approximately balancing, wire and cell delays...
      Approximately balancing, wire and cell delays, iteration 1...
        Clock DAG stats after Approximately balancing, wire and cell delays, iteration 1:
          cell counts      : b=0, i=0, icg=0, dcg=0, l=0, total=0
          sink counts      : regular=6, enable_latch=0, load_capacitance=0, antenna=0, node_sink=0, total=6
          misc counts      : r=1, pp=0
          cell areas       : b=0.000um^2, i=0.000um^2, icg=0.000um^2, dcg=0.000um^2, l=0.000um^2, total=0.000um^2
          cell capacitance : b=0.000pF, i=0.000pF, icg=0.000pF, dcg=0.000pF, l=0.000pF, total=0.000pF
          sink capacitance : total=0.011pF, avg=0.002pF, sd=0.000pF, min=0.002pF, max=0.002pF
          wire capacitance : top=0.000pF, trunk=0.000pF, leaf=0.010pF, total=0.010pF
          wire lengths     : top=0.000um, trunk=0.000um, leaf=54.650um, total=54.650um
          hp wire lengths  : top=0.000um, trunk=0.000um, leaf=0.000um, total=0.000um
        Clock DAG net violations after Approximately balancing, wire and cell delays, iteration 1: none
        Clock DAG primary half-corner transition distribution after Approximately balancing, wire and cell delays, iteration 1:
          Leaf : target=0.150ns count=1 avg=0.003ns sd=0.000ns min=0.003ns max=0.003ns {1 <= 0.090ns, 0 <= 0.120ns, 0 <= 0.135ns, 0 <= 0.142ns, 0 <= 0.150ns}
      Approximately balancing, wire and cell delays, iteration 1 done.
      Approximately balancing, wire and cell delays done. (took cpu=0:00:00.0 real=0:00:00.0)
    Approximately balancing done.
    Clock DAG stats after 'Approximately balancing step':
      cell counts      : b=0, i=0, icg=0, dcg=0, l=0, total=0
      sink counts      : regular=6, enable_latch=0, load_capacitance=0, antenna=0, node_sink=0, total=6
      misc counts      : r=1, pp=0
      cell areas       : b=0.000um^2, i=0.000um^2, icg=0.000um^2, dcg=0.000um^2, l=0.000um^2, total=0.000um^2
      cell capacitance : b=0.000pF, i=0.000pF, icg=0.000pF, dcg=0.000pF, l=0.000pF, total=0.000pF
      sink capacitance : total=0.011pF, avg=0.002pF, sd=0.000pF, min=0.002pF, max=0.002pF
      wire capacitance : top=0.000pF, trunk=0.000pF, leaf=0.010pF, total=0.010pF
      wire lengths     : top=0.000um, trunk=0.000um, leaf=54.650um, total=54.650um
      hp wire lengths  : top=0.000um, trunk=0.000um, leaf=0.000um, total=0.000um
    Clock DAG net violations after 'Approximately balancing step': none
    Clock DAG primary half-corner transition distribution after 'Approximately balancing step':
      Leaf : target=0.150ns count=1 avg=0.003ns sd=0.000ns min=0.003ns max=0.003ns {1 <= 0.090ns, 0 <= 0.120ns, 0 <= 0.135ns, 0 <= 0.142ns, 0 <= 0.150ns}
    Primary reporting skew groups after 'Approximately balancing step':
      skew_group CLK/func: insertion delay [min=0.000, max=0.000], skew [0.000 vs 0.223]
    Skew group summary after 'Approximately balancing step':
      skew_group CLK/func: insertion delay [min=0.000, max=0.000], skew [0.000 vs 0.223]
    Legalizer API calls during this step: 0 succeeded with high effort: 0 succeeded with medium effort: 0 succeeded with low effort: 0 succeeded with basic effort: 0 succeeded with basic unbounded effort: 0
  Approximately balancing step done. (took cpu=0:00:00.0 real=0:00:00.0)
  Fixing clock tree overload...
    Fixing clock tree overload: ...20% ...40% ...60% ...80% ...100% 
    Clock DAG stats after 'Fixing clock tree overload':
      cell counts      : b=0, i=0, icg=0, dcg=0, l=0, total=0
      sink counts      : regular=6, enable_latch=0, load_capacitance=0, antenna=0, node_sink=0, total=6
      misc counts      : r=1, pp=0
      cell areas       : b=0.000um^2, i=0.000um^2, icg=0.000um^2, dcg=0.000um^2, l=0.000um^2, total=0.000um^2
      cell capacitance : b=0.000pF, i=0.000pF, icg=0.000pF, dcg=0.000pF, l=0.000pF, total=0.000pF
      sink capacitance : total=0.011pF, avg=0.002pF, sd=0.000pF, min=0.002pF, max=0.002pF
      wire capacitance : top=0.000pF, trunk=0.000pF, leaf=0.010pF, total=0.010pF
      wire lengths     : top=0.000um, trunk=0.000um, leaf=54.650um, total=54.650um
      hp wire lengths  : top=0.000um, trunk=0.000um, leaf=0.000um, total=0.000um
    Clock DAG net violations after 'Fixing clock tree overload': none
    Clock DAG primary half-corner transition distribution after 'Fixing clock tree overload':
      Leaf : target=0.150ns count=1 avg=0.003ns sd=0.000ns min=0.003ns max=0.003ns {1 <= 0.090ns, 0 <= 0.120ns, 0 <= 0.135ns, 0 <= 0.142ns, 0 <= 0.150ns}
    Primary reporting skew groups after 'Fixing clock tree overload':
      skew_group CLK/func: insertion delay [min=0.000, max=0.000], skew [0.000 vs 0.223]
    Skew group summary after 'Fixing clock tree overload':
      skew_group CLK/func: insertion delay [min=0.000, max=0.000], skew [0.000 vs 0.223]
    Legalizer API calls during this step: 0 succeeded with high effort: 0 succeeded with medium effort: 0 succeeded with low effort: 0 succeeded with basic effort: 0 succeeded with basic unbounded effort: 0
  Fixing clock tree overload done. (took cpu=0:00:00.0 real=0:00:00.0)
  Approximately balancing paths...
    Added 0 buffers.
    Clock DAG stats after 'Approximately balancing paths':
      cell counts      : b=0, i=0, icg=0, dcg=0, l=0, total=0
      sink counts      : regular=6, enable_latch=0, load_capacitance=0, antenna=0, node_sink=0, total=6
      misc counts      : r=1, pp=0
      cell areas       : b=0.000um^2, i=0.000um^2, icg=0.000um^2, dcg=0.000um^2, l=0.000um^2, total=0.000um^2
      cell capacitance : b=0.000pF, i=0.000pF, icg=0.000pF, dcg=0.000pF, l=0.000pF, total=0.000pF
      sink capacitance : total=0.011pF, avg=0.002pF, sd=0.000pF, min=0.002pF, max=0.002pF
      wire capacitance : top=0.000pF, trunk=0.000pF, leaf=0.010pF, total=0.010pF
      wire lengths     : top=0.000um, trunk=0.000um, leaf=54.650um, total=54.650um
      hp wire lengths  : top=0.000um, trunk=0.000um, leaf=0.000um, total=0.000um
    Clock DAG net violations after 'Approximately balancing paths': none
    Clock DAG primary half-corner transition distribution after 'Approximately balancing paths':
      Leaf : target=0.150ns count=1 avg=0.003ns sd=0.000ns min=0.003ns max=0.003ns {1 <= 0.090ns, 0 <= 0.120ns, 0 <= 0.135ns, 0 <= 0.142ns, 0 <= 0.150ns}
    Primary reporting skew groups after 'Approximately balancing paths':
      skew_group CLK/func: insertion delay [min=0.000, max=0.000, avg=0.000, sd=0.000], skew [0.000 vs 0.223], 100% {0.000, 0.000} (wid=0.000 ws=0.000) (gid=0.000 gs=0.000)
    Skew group summary after 'Approximately balancing paths':
      skew_group CLK/func: insertion delay [min=0.000, max=0.000, avg=0.000, sd=0.000], skew [0.000 vs 0.223], 100% {0.000, 0.000} (wid=0.000 ws=0.000) (gid=0.000 gs=0.000)
    Legalizer API calls during this step: 0 succeeded with high effort: 0 succeeded with medium effort: 0 succeeded with low effort: 0 succeeded with basic effort: 0 succeeded with basic unbounded effort: 0
  Approximately balancing paths done. (took cpu=0:00:00.0 real=0:00:00.0)
  Stage::Balancing done. (took cpu=0:00:00.1 real=0:00:00.1)
  Stage::Polishing...
  Clock tree timing engine global stage delay update for rctypical_slow:setup.late...
  Clock tree timing engine global stage delay update for rctypical_slow:setup.late done. (took cpu=0:00:00.0 real=0:00:00.0)
  Clock DAG stats before polishing:
    cell counts      : b=0, i=0, icg=0, dcg=0, l=0, total=0
    sink counts      : regular=6, enable_latch=0, load_capacitance=0, antenna=0, node_sink=0, total=6
    misc counts      : r=1, pp=0
    cell areas       : b=0.000um^2, i=0.000um^2, icg=0.000um^2, dcg=0.000um^2, l=0.000um^2, total=0.000um^2
    cell capacitance : b=0.000pF, i=0.000pF, icg=0.000pF, dcg=0.000pF, l=0.000pF, total=0.000pF
    sink capacitance : total=0.011pF, avg=0.002pF, sd=0.000pF, min=0.002pF, max=0.002pF
    wire capacitance : top=0.000pF, trunk=0.000pF, leaf=0.010pF, total=0.010pF
    wire lengths     : top=0.000um, trunk=0.000um, leaf=54.650um, total=54.650um
    hp wire lengths  : top=0.000um, trunk=0.000um, leaf=0.000um, total=0.000um
  Clock DAG net violations before polishing: none
  Clock DAG primary half-corner transition distribution before polishing:
    Leaf : target=0.150ns count=1 avg=0.003ns sd=0.000ns min=0.003ns max=0.003ns {1 <= 0.090ns, 0 <= 0.120ns, 0 <= 0.135ns, 0 <= 0.142ns, 0 <= 0.150ns}
  Primary reporting skew groups before polishing:
    skew_group CLK/func: insertion delay [min=0.000, max=0.000], skew [0.000 vs 0.223]
  Skew group summary before polishing:
    skew_group CLK/func: insertion delay [min=0.000, max=0.000], skew [0.000 vs 0.223]
  Merging balancing drivers for power...
    Tried: 2 Succeeded: 0
    Clock DAG stats after 'Merging balancing drivers for power':
      cell counts      : b=0, i=0, icg=0, dcg=0, l=0, total=0
      sink counts      : regular=6, enable_latch=0, load_capacitance=0, antenna=0, node_sink=0, total=6
      misc counts      : r=1, pp=0
      cell areas       : b=0.000um^2, i=0.000um^2, icg=0.000um^2, dcg=0.000um^2, l=0.000um^2, total=0.000um^2
      cell capacitance : b=0.000pF, i=0.000pF, icg=0.000pF, dcg=0.000pF, l=0.000pF, total=0.000pF
      sink capacitance : total=0.011pF, avg=0.002pF, sd=0.000pF, min=0.002pF, max=0.002pF
      wire capacitance : top=0.000pF, trunk=0.000pF, leaf=0.010pF, total=0.010pF
      wire lengths     : top=0.000um, trunk=0.000um, leaf=54.650um, total=54.650um
      hp wire lengths  : top=0.000um, trunk=0.000um, leaf=0.000um, total=0.000um
    Clock DAG net violations after 'Merging balancing drivers for power': none
    Clock DAG primary half-corner transition distribution after 'Merging balancing drivers for power':
      Leaf : target=0.150ns count=1 avg=0.003ns sd=0.000ns min=0.003ns max=0.003ns {1 <= 0.090ns, 0 <= 0.120ns, 0 <= 0.135ns, 0 <= 0.142ns, 0 <= 0.150ns}
    Primary reporting skew groups after 'Merging balancing drivers for power':
      skew_group CLK/func: insertion delay [min=0.000, max=0.000], skew [0.000 vs 0.223]
    Skew group summary after 'Merging balancing drivers for power':
      skew_group CLK/func: insertion delay [min=0.000, max=0.000], skew [0.000 vs 0.223]
    Legalizer API calls during this step: 0 succeeded with high effort: 0 succeeded with medium effort: 0 succeeded with low effort: 0 succeeded with basic effort: 0 succeeded with basic unbounded effort: 0
  Merging balancing drivers for power done. (took cpu=0:00:00.0 real=0:00:00.0)
  Improving clock skew...
    Clock DAG stats after 'Improving clock skew':
      cell counts      : b=0, i=0, icg=0, dcg=0, l=0, total=0
      sink counts      : regular=6, enable_latch=0, load_capacitance=0, antenna=0, node_sink=0, total=6
      misc counts      : r=1, pp=0
      cell areas       : b=0.000um^2, i=0.000um^2, icg=0.000um^2, dcg=0.000um^2, l=0.000um^2, total=0.000um^2
      cell capacitance : b=0.000pF, i=0.000pF, icg=0.000pF, dcg=0.000pF, l=0.000pF, total=0.000pF
      sink capacitance : total=0.011pF, avg=0.002pF, sd=0.000pF, min=0.002pF, max=0.002pF
      wire capacitance : top=0.000pF, trunk=0.000pF, leaf=0.010pF, total=0.010pF
      wire lengths     : top=0.000um, trunk=0.000um, leaf=54.650um, total=54.650um
      hp wire lengths  : top=0.000um, trunk=0.000um, leaf=0.000um, total=0.000um
    Clock DAG net violations after 'Improving clock skew': none
    Clock DAG primary half-corner transition distribution after 'Improving clock skew':
      Leaf : target=0.150ns count=1 avg=0.003ns sd=0.000ns min=0.003ns max=0.003ns {1 <= 0.090ns, 0 <= 0.120ns, 0 <= 0.135ns, 0 <= 0.142ns, 0 <= 0.150ns}
    Primary reporting skew groups after 'Improving clock skew':
      skew_group CLK/func: insertion delay [min=0.000, max=0.000, avg=0.000, sd=0.000], skew [0.000 vs 0.223], 100% {0.000, 0.000} (wid=0.000 ws=0.000) (gid=0.000 gs=0.000)
    Skew group summary after 'Improving clock skew':
      skew_group CLK/func: insertion delay [min=0.000, max=0.000, avg=0.000, sd=0.000], skew [0.000 vs 0.223], 100% {0.000, 0.000} (wid=0.000 ws=0.000) (gid=0.000 gs=0.000)
    Legalizer API calls during this step: 0 succeeded with high effort: 0 succeeded with medium effort: 0 succeeded with low effort: 0 succeeded with basic effort: 0 succeeded with basic unbounded effort: 0
  Improving clock skew done. (took cpu=0:00:00.0 real=0:00:00.0)
  Moving gates to reduce wire capacitance...
    Modified slew target multipliers. Leaf=(1 to 0.9) Trunk=(1 to 0.95) Top=(1 to 0.95)
    Iteration 1...
      Artificially removing short and long paths...
        Legalizer API calls during this step: 0 succeeded with high effort: 0 succeeded with medium effort: 0 succeeded with low effort: 0 succeeded with basic effort: 0 succeeded with basic unbounded effort: 0
      Artificially removing short and long paths done. (took cpu=0:00:00.0 real=0:00:00.0)
      Moving gates to reduce wire capacitance - iteration 1: WireCapReduction...
        Legalizing clock trees...
        Legalizing clock trees done. (took cpu=0:00:00.0 real=0:00:00.0)
        Legalizer API calls during this step: 0 succeeded with high effort: 0 succeeded with medium effort: 0 succeeded with low effort: 0 succeeded with basic effort: 0 succeeded with basic unbounded effort: 0
      Moving gates to reduce wire capacitance - iteration 1: WireCapReduction done. (took cpu=0:00:00.0 real=0:00:00.0)
      Moving gates to reduce wire capacitance - iteration 1: MoveGates...
        Moving gates:         ...20% ...40% ...60% ...80% ...Legalizing clock trees...
        Legalizing clock trees done. (took cpu=0:00:00.0 real=0:00:00.0)
        100% 
        Legalizer API calls during this step: 0 succeeded with high effort: 0 succeeded with medium effort: 0 succeeded with low effort: 0 succeeded with basic effort: 0 succeeded with basic unbounded effort: 0
      Moving gates to reduce wire capacitance - iteration 1: MoveGates done. (took cpu=0:00:00.0 real=0:00:00.0)
    Iteration 1 done.
    Reverted slew target multipliers. Leaf=(0.9 to 1) Trunk=(0.95 to 1) Top=(0.95 to 1)
    Clock DAG stats after 'Moving gates to reduce wire capacitance':
      cell counts      : b=0, i=0, icg=0, dcg=0, l=0, total=0
      sink counts      : regular=6, enable_latch=0, load_capacitance=0, antenna=0, node_sink=0, total=6
      misc counts      : r=1, pp=0
      cell areas       : b=0.000um^2, i=0.000um^2, icg=0.000um^2, dcg=0.000um^2, l=0.000um^2, total=0.000um^2
      cell capacitance : b=0.000pF, i=0.000pF, icg=0.000pF, dcg=0.000pF, l=0.000pF, total=0.000pF
      sink capacitance : total=0.011pF, avg=0.002pF, sd=0.000pF, min=0.002pF, max=0.002pF
      wire capacitance : top=0.000pF, trunk=0.000pF, leaf=0.010pF, total=0.010pF
      wire lengths     : top=0.000um, trunk=0.000um, leaf=54.650um, total=54.650um
      hp wire lengths  : top=0.000um, trunk=0.000um, leaf=0.000um, total=0.000um
    Clock DAG net violations after 'Moving gates to reduce wire capacitance': none
    Clock DAG primary half-corner transition distribution after 'Moving gates to reduce wire capacitance':
      Leaf : target=0.150ns count=1 avg=0.003ns sd=0.000ns min=0.003ns max=0.003ns {1 <= 0.090ns, 0 <= 0.120ns, 0 <= 0.135ns, 0 <= 0.142ns, 0 <= 0.150ns}
    Primary reporting skew groups after 'Moving gates to reduce wire capacitance':
      skew_group CLK/func: insertion delay [min=0.000, max=0.000, avg=0.000, sd=0.000], skew [0.000 vs 0.223], 100% {0.000, 0.000} (wid=0.000 ws=0.000) (gid=0.000 gs=0.000)
    Skew group summary after 'Moving gates to reduce wire capacitance':
      skew_group CLK/func: insertion delay [min=0.000, max=0.000, avg=0.000, sd=0.000], skew [0.000 vs 0.223], 100% {0.000, 0.000} (wid=0.000 ws=0.000) (gid=0.000 gs=0.000)
    Legalizer API calls during this step: 0 succeeded with high effort: 0 succeeded with medium effort: 0 succeeded with low effort: 0 succeeded with basic effort: 0 succeeded with basic unbounded effort: 0
  Moving gates to reduce wire capacitance done. (took cpu=0:00:00.0 real=0:00:00.0)
  Reducing clock tree power 3...
    Artificially removing short and long paths...
      Legalizer API calls during this step: 0 succeeded with high effort: 0 succeeded with medium effort: 0 succeeded with low effort: 0 succeeded with basic effort: 0 succeeded with basic unbounded effort: 0
    Artificially removing short and long paths done. (took cpu=0:00:00.0 real=0:00:00.0)
    Initial gate capacitance is (rise=0.011pF fall=0.011pF).
    Resizing gates:     ...20% ...40% ...60% ...80% ...Legalizing clock trees...
    Legalizing clock trees done. (took cpu=0:00:00.0 real=0:00:00.0)
    100% 
    Clock DAG stats after 'Reducing clock tree power 3':
      cell counts      : b=0, i=0, icg=0, dcg=0, l=0, total=0
      sink counts      : regular=6, enable_latch=0, load_capacitance=0, antenna=0, node_sink=0, total=6
      misc counts      : r=1, pp=0
      cell areas       : b=0.000um^2, i=0.000um^2, icg=0.000um^2, dcg=0.000um^2, l=0.000um^2, total=0.000um^2
      cell capacitance : b=0.000pF, i=0.000pF, icg=0.000pF, dcg=0.000pF, l=0.000pF, total=0.000pF
      sink capacitance : total=0.011pF, avg=0.002pF, sd=0.000pF, min=0.002pF, max=0.002pF
      wire capacitance : top=0.000pF, trunk=0.000pF, leaf=0.010pF, total=0.010pF
      wire lengths     : top=0.000um, trunk=0.000um, leaf=54.650um, total=54.650um
      hp wire lengths  : top=0.000um, trunk=0.000um, leaf=0.000um, total=0.000um
    Clock DAG net violations after 'Reducing clock tree power 3': none
    Clock DAG primary half-corner transition distribution after 'Reducing clock tree power 3':
      Leaf : target=0.150ns count=1 avg=0.003ns sd=0.000ns min=0.003ns max=0.003ns {1 <= 0.090ns, 0 <= 0.120ns, 0 <= 0.135ns, 0 <= 0.142ns, 0 <= 0.150ns}
    Primary reporting skew groups after 'Reducing clock tree power 3':
      skew_group CLK/func: insertion delay [min=0.000, max=0.000, avg=0.000, sd=0.000], skew [0.000 vs 0.223], 100% {0.000, 0.000} (wid=0.000 ws=0.000) (gid=0.000 gs=0.000)
    Skew group summary after 'Reducing clock tree power 3':
      skew_group CLK/func: insertion delay [min=0.000, max=0.000, avg=0.000, sd=0.000], skew [0.000 vs 0.223], 100% {0.000, 0.000} (wid=0.000 ws=0.000) (gid=0.000 gs=0.000)
    Legalizer API calls during this step: 0 succeeded with high effort: 0 succeeded with medium effort: 0 succeeded with low effort: 0 succeeded with basic effort: 0 succeeded with basic unbounded effort: 0
  Reducing clock tree power 3 done. (took cpu=0:00:00.0 real=0:00:00.0)
  Improving insertion delay...
    Clock DAG stats after 'Improving insertion delay':
      cell counts      : b=0, i=0, icg=0, dcg=0, l=0, total=0
      sink counts      : regular=6, enable_latch=0, load_capacitance=0, antenna=0, node_sink=0, total=6
      misc counts      : r=1, pp=0
      cell areas       : b=0.000um^2, i=0.000um^2, icg=0.000um^2, dcg=0.000um^2, l=0.000um^2, total=0.000um^2
      cell capacitance : b=0.000pF, i=0.000pF, icg=0.000pF, dcg=0.000pF, l=0.000pF, total=0.000pF
      sink capacitance : total=0.011pF, avg=0.002pF, sd=0.000pF, min=0.002pF, max=0.002pF
      wire capacitance : top=0.000pF, trunk=0.000pF, leaf=0.010pF, total=0.010pF
      wire lengths     : top=0.000um, trunk=0.000um, leaf=54.650um, total=54.650um
      hp wire lengths  : top=0.000um, trunk=0.000um, leaf=0.000um, total=0.000um
    Clock DAG net violations after 'Improving insertion delay': none
    Clock DAG primary half-corner transition distribution after 'Improving insertion delay':
      Leaf : target=0.150ns count=1 avg=0.003ns sd=0.000ns min=0.003ns max=0.003ns {1 <= 0.090ns, 0 <= 0.120ns, 0 <= 0.135ns, 0 <= 0.142ns, 0 <= 0.150ns}
    Primary reporting skew groups after 'Improving insertion delay':
      skew_group CLK/func: insertion delay [min=0.000, max=0.000, avg=0.000, sd=0.000], skew [0.000 vs 0.223], 100% {0.000, 0.000} (wid=0.000 ws=0.000) (gid=0.000 gs=0.000)
    Skew group summary after 'Improving insertion delay':
      skew_group CLK/func: insertion delay [min=0.000, max=0.000, avg=0.000, sd=0.000], skew [0.000 vs 0.223], 100% {0.000, 0.000} (wid=0.000 ws=0.000) (gid=0.000 gs=0.000)
    Legalizer API calls during this step: 0 succeeded with high effort: 0 succeeded with medium effort: 0 succeeded with low effort: 0 succeeded with basic effort: 0 succeeded with basic unbounded effort: 0
  Improving insertion delay done. (took cpu=0:00:00.0 real=0:00:00.0)
  Wire Opt OverFix...
    Wire Reduction extra effort...
      Modified slew target multipliers. Leaf=(1 to 0.95) Trunk=(1 to 1) Top=(1 to 1)
      Artificially removing short and long paths...
        Legalizer API calls during this step: 0 succeeded with high effort: 0 succeeded with medium effort: 0 succeeded with low effort: 0 succeeded with basic effort: 0 succeeded with basic unbounded effort: 0
      Artificially removing short and long paths done. (took cpu=0:00:00.0 real=0:00:00.0)
      Global shorten wires A0...
        Legalizer API calls during this step: 0 succeeded with high effort: 0 succeeded with medium effort: 0 succeeded with low effort: 0 succeeded with basic effort: 0 succeeded with basic unbounded effort: 0
      Global shorten wires A0 done. (took cpu=0:00:00.0 real=0:00:00.0)
      Move For Wirelength - core...
        Move for wirelength. considered=1, filtered=1, permitted=0, cannotCompute=0, computed=0, moveTooSmall=0, resolved=0, predictFail=0, currentlyIllegal=0, legalizationFail=0, legalizedMoveTooSmall=0, ignoredLeafDriver=0, worse=0, accepted=0
        Max accepted move=0.000um, total accepted move=0.000um
        Legalizer API calls during this step: 0 succeeded with high effort: 0 succeeded with medium effort: 0 succeeded with low effort: 0 succeeded with basic effort: 0 succeeded with basic unbounded effort: 0
      Move For Wirelength - core done. (took cpu=0:00:00.0 real=0:00:00.0)
      Global shorten wires A1...
        Legalizer API calls during this step: 0 succeeded with high effort: 0 succeeded with medium effort: 0 succeeded with low effort: 0 succeeded with basic effort: 0 succeeded with basic unbounded effort: 0
      Global shorten wires A1 done. (took cpu=0:00:00.0 real=0:00:00.0)
      Move For Wirelength - core...
        Move for wirelength. considered=1, filtered=1, permitted=0, cannotCompute=0, computed=0, moveTooSmall=0, resolved=0, predictFail=0, currentlyIllegal=0, legalizationFail=0, legalizedMoveTooSmall=0, ignoredLeafDriver=0, worse=0, accepted=0
        Max accepted move=0.000um, total accepted move=0.000um
        Legalizer API calls during this step: 0 succeeded with high effort: 0 succeeded with medium effort: 0 succeeded with low effort: 0 succeeded with basic effort: 0 succeeded with basic unbounded effort: 0
      Move For Wirelength - core done. (took cpu=0:00:00.0 real=0:00:00.0)
      Global shorten wires B...
        Legalizer API calls during this step: 0 succeeded with high effort: 0 succeeded with medium effort: 0 succeeded with low effort: 0 succeeded with basic effort: 0 succeeded with basic unbounded effort: 0
      Global shorten wires B done. (took cpu=0:00:00.0 real=0:00:00.0)
      Move For Wirelength - branch...
        Move for wirelength. considered=1, filtered=1, permitted=0, cannotCompute=0, computed=0, moveTooSmall=0, resolved=0, predictFail=0, currentlyIllegal=0, legalizationFail=0, legalizedMoveTooSmall=0, ignoredLeafDriver=0, worse=0, accepted=0
        Max accepted move=0.000um, total accepted move=0.000um
        Legalizer API calls during this step: 0 succeeded with high effort: 0 succeeded with medium effort: 0 succeeded with low effort: 0 succeeded with basic effort: 0 succeeded with basic unbounded effort: 0
      Move For Wirelength - branch done. (took cpu=0:00:00.0 real=0:00:00.0)
      Reverted slew target multipliers. Leaf=(0.95 to 1) Trunk=(1 to 1) Top=(1 to 1)
      Clock DAG stats after 'Wire Reduction extra effort':
        cell counts      : b=0, i=0, icg=0, dcg=0, l=0, total=0
        sink counts      : regular=6, enable_latch=0, load_capacitance=0, antenna=0, node_sink=0, total=6
        misc counts      : r=1, pp=0
        cell areas       : b=0.000um^2, i=0.000um^2, icg=0.000um^2, dcg=0.000um^2, l=0.000um^2, total=0.000um^2
        cell capacitance : b=0.000pF, i=0.000pF, icg=0.000pF, dcg=0.000pF, l=0.000pF, total=0.000pF
        sink capacitance : total=0.011pF, avg=0.002pF, sd=0.000pF, min=0.002pF, max=0.002pF
        wire capacitance : top=0.000pF, trunk=0.000pF, leaf=0.010pF, total=0.010pF
        wire lengths     : top=0.000um, trunk=0.000um, leaf=54.650um, total=54.650um
        hp wire lengths  : top=0.000um, trunk=0.000um, leaf=0.000um, total=0.000um
      Clock DAG net violations after 'Wire Reduction extra effort': none
      Clock DAG primary half-corner transition distribution after 'Wire Reduction extra effort':
        Leaf : target=0.150ns count=1 avg=0.003ns sd=0.000ns min=0.003ns max=0.003ns {1 <= 0.090ns, 0 <= 0.120ns, 0 <= 0.135ns, 0 <= 0.142ns, 0 <= 0.150ns}
      Primary reporting skew groups after 'Wire Reduction extra effort':
        skew_group CLK/func: insertion delay [min=0.000, max=0.000, avg=0.000, sd=0.000], skew [0.000 vs 0.223], 100% {0.000, 0.000} (wid=0.000 ws=0.000) (gid=0.000 gs=0.000)
      Skew group summary after 'Wire Reduction extra effort':
        skew_group CLK/func: insertion delay [min=0.000, max=0.000, avg=0.000, sd=0.000], skew [0.000 vs 0.223], 100% {0.000, 0.000} (wid=0.000 ws=0.000) (gid=0.000 gs=0.000)
      Legalizer API calls during this step: 0 succeeded with high effort: 0 succeeded with medium effort: 0 succeeded with low effort: 0 succeeded with basic effort: 0 succeeded with basic unbounded effort: 0
    Wire Reduction extra effort done. (took cpu=0:00:00.0 real=0:00:00.0)
    Optimizing orientation...
    FlipOpt...
    Disconnecting clock tree from netlist...
    Disconnecting clock tree from netlist done.
    Performing Single Threaded FlipOpt
    Optimizing orientation on clock cells...
      Orientation Wirelength Optimization: Attempted = 2 , Succeeded = 0 , Constraints Broken = 0 , CannotMove = 2 , Illegal = 0 , Other = 0
    Optimizing orientation on clock cells done.
    Resynthesising clock tree into netlist...
      Reset timing graph...
Ignoring AAE DB Resetting ...
      Reset timing graph done.
    Resynthesising clock tree into netlist done.
    FlipOpt done. (took cpu=0:00:00.0 real=0:00:00.0)
    Optimizing orientation done. (took cpu=0:00:00.0 real=0:00:00.0)
    Clock DAG stats after 'Wire Opt OverFix':
      cell counts      : b=0, i=0, icg=0, dcg=0, l=0, total=0
      sink counts      : regular=6, enable_latch=0, load_capacitance=0, antenna=0, node_sink=0, total=6
      misc counts      : r=1, pp=0
      cell areas       : b=0.000um^2, i=0.000um^2, icg=0.000um^2, dcg=0.000um^2, l=0.000um^2, total=0.000um^2
      cell capacitance : b=0.000pF, i=0.000pF, icg=0.000pF, dcg=0.000pF, l=0.000pF, total=0.000pF
      sink capacitance : total=0.011pF, avg=0.002pF, sd=0.000pF, min=0.002pF, max=0.002pF
      wire capacitance : top=0.000pF, trunk=0.000pF, leaf=0.011pF, total=0.011pF
      wire lengths     : top=0.000um, trunk=0.000um, leaf=59.130um, total=59.130um
      hp wire lengths  : top=0.000um, trunk=0.000um, leaf=0.000um, total=0.000um
    Clock DAG net violations after 'Wire Opt OverFix': none
    Clock DAG primary half-corner transition distribution after 'Wire Opt OverFix':
      Leaf : target=0.150ns count=1 avg=0.003ns sd=0.000ns min=0.003ns max=0.003ns {1 <= 0.090ns, 0 <= 0.120ns, 0 <= 0.135ns, 0 <= 0.142ns, 0 <= 0.150ns}
    Primary reporting skew groups after 'Wire Opt OverFix':
      skew_group CLK/func: insertion delay [min=0.000, max=0.000, avg=0.000, sd=0.000], skew [0.000 vs 0.223], 100% {0.000, 0.000} (wid=0.000 ws=0.000) (gid=0.000 gs=0.000)
    Skew group summary after 'Wire Opt OverFix':
      skew_group CLK/func: insertion delay [min=0.000, max=0.000, avg=0.000, sd=0.000], skew [0.000 vs 0.223], 100% {0.000, 0.000} (wid=0.000 ws=0.000) (gid=0.000 gs=0.000)
    Legalizer API calls during this step: 0 succeeded with high effort: 0 succeeded with medium effort: 0 succeeded with low effort: 0 succeeded with basic effort: 0 succeeded with basic unbounded effort: 0
  Wire Opt OverFix done. (took cpu=0:00:00.0 real=0:00:00.0)
  Total capacitance is (rise=0.022pF fall=0.021pF), of which (rise=0.011pF fall=0.011pF) is wire, and (rise=0.011pF fall=0.011pF) is gate.
  Stage::Polishing done. (took cpu=0:00:00.1 real=0:00:00.1)
  Stage::Updating netlist...
  Reset timing graph...
Ignoring AAE DB Resetting ...
  Reset timing graph done.
  Setting non-default rules before calling refine place.
  Leaving CCOpt scope - Cleaning up placement interface...
  Leaving CCOpt scope - Cleaning up placement interface done. (took cpu=0:00:00.0 real=0:00:00.0)
  Leaving CCOpt scope - ClockRefiner...
  Soft fixed 0 clock instances.
  Performing Clock Only Refine Place.
*** Starting refinePlace (0:00:49.3 mem=1691.8M) ***
Total net bbox length = 6.228e+02 (3.409e+02 2.820e+02) (ext = 2.657e+02)
Move report: Detail placement moves 0 insts, mean move: 0.00 um, max move: 0.00 um 
	Runtime: CPU: 0:00:00.0 REAL: 0:00:00.0 MEM: 1675.8MB
Summary Report:
Instances move: 0 (out of 25 movable)
Instances flipped: 0
Mean displacement: 0.00 um
Max displacement: 0.00 um 
Total net bbox length = 6.228e+02 (3.409e+02 2.820e+02) (ext = 2.657e+02)
Runtime: CPU: 0:00:00.0 REAL: 0:00:00.0 MEM: 1675.8MB
*** Finished refinePlace (0:00:49.3 mem=1675.8M) ***
  ClockRefiner summary
  All clock instances: Moved 0, flipped 0 and cell swapped 0 (out of a total of 6).
  Restoring pStatusCts on 0 clock instances.
  Leaving CCOpt scope - ClockRefiner done. (took cpu=0:00:00.0 real=0:00:00.0)
  Stage::Updating netlist done. (took cpu=0:00:00.0 real=0:00:00.0)
  CCOpt::Phase::Implementation done. (took cpu=0:00:00.2 real=0:00:00.2)
  CCOpt::Phase::eGRPC...
  eGR Post Conditioning loop iteration 0...
    Clock implementation routing...
      Leaving CCOpt scope - Routing Tools...
Net route status summary:
  Clock:         1 (unrouted=0, trialRouted=0, noStatus=0, routed=1, fixed=0, [crossesIlmBoundary=0, tooFewTerms=0, (crossesIlmBoundary AND tooFewTerms=0)])
  Non-clock:   136 (unrouted=109, trialRouted=27, noStatus=0, routed=0, fixed=0, [crossesIlmBoundary=0, tooFewTerms=109, (crossesIlmBoundary AND tooFewTerms=0)])
      Routing using eGR only...
        Early Global Route - eGR only step...
(ccopt eGR): There are 1 nets to be routed. 0 nets have skip routing designation.
(ccopt eGR): There are 1 nets for routing of which 1 have one or more fixed wires.
**WARN: (IMPPSP-1003):	Found use of 'setRouteMode -earlyGlobalMinRouteLayer'. This will continue to work in this release; however, it is recommended to use 'setDesignMode -bottomRoutingLayer' instead.
**WARN: (IMPPSP-1003):	Found use of 'setRouteMode -earlyGlobalMaxRouteLayer'. This will continue to work in this release; however, it is recommended to use 'setDesignMode -topRoutingLayer' instead.
(ccopt eGR): Start to route 1 all nets
**WARN: (IMPPSP-1003):	Found use of 'setRouteMode -earlyGlobalMaxRouteLayer'. This will continue to work in this release; however, it is recommended to use 'setDesignMode -topRoutingLayer' instead.
[NR-eGR] Track table information for default rule: 
[NR-eGR] met1 has single uniform track structure
[NR-eGR] met2 has single uniform track structure
[NR-eGR] met3 has single uniform track structure
[NR-eGR] met4 has single uniform track structure
[NR-eGR] met5 has single uniform track structure
[NR-eGR] Read 40 PG shapes
[NR-eGR] Read 0 clock shapes
[NR-eGR] Read 0 other shapes
[NR-eGR] #Routing Blockages  : 0
[NR-eGR] #Instance Blockages : 0
[NR-eGR] #PG Blockages       : 40
[NR-eGR] #Halo Blockages     : 0
[NR-eGR] #Boundary Blockages : 0
[NR-eGR] #Clock Blockages    : 0
[NR-eGR] #Other Blockages    : 0
[NR-eGR] Num Prerouted Nets = 0  Num Prerouted Wires = 0
[NR-eGR] Read 28 nets ( ignored 27 )
[NR-eGR] Connected 0 must-join pins/ports
[NR-eGR] There are 1 clock nets ( 1 with NDR ).
[NR-eGR] ============ Routing rule table ============
[NR-eGR] Rule id: 0  Nets: 1
[NR-eGR] ========================================
[NR-eGR] 
[NR-eGR] Layer group 1: route 1 net(s) in layer range [3, 4]
[NR-eGR] Early Global Route overflow of layer group 1: 0.00% H + 0.00% V. EstWL: 4.554000e+01um
[NR-eGR] Congestion Analysis By layer: (blocked Gcells are excluded) 
[NR-eGR]                        OverCon            
[NR-eGR]                         #Gcell     %Gcell
[NR-eGR]        Layer             (1-0)    OverCon
[NR-eGR] ----------------------------------------------
[NR-eGR]    met1 ( 1)         0( 0.00%)   ( 0.00%) 
[NR-eGR]    met2 ( 2)         0( 0.00%)   ( 0.00%) 
[NR-eGR]    met3 ( 3)         0( 0.00%)   ( 0.00%) 
[NR-eGR]    met4 ( 4)         0( 0.00%)   ( 0.00%) 
[NR-eGR]    met5 ( 5)         0( 0.00%)   ( 0.00%) 
[NR-eGR] ----------------------------------------------
[NR-eGR]        Total         0( 0.00%)   ( 0.00%) 
[NR-eGR] 
[NR-eGR] Overflow after Early Global Route 0.00% H + 0.00% V
[NR-eGR]               Length (um)  Vias 
[NR-eGR] --------------------------------
[NR-eGR]  met1  (1H)             0    90 
[NR-eGR]  met2  (2V)           227   133 
[NR-eGR]  met3  (3H)           268     2 
[NR-eGR]  met4  (4V)             1     0 
[NR-eGR]  met5  (5H)             0     0 
[NR-eGR] --------------------------------
[NR-eGR]        Total          496   225 
[NR-eGR] --------------------------------------------------------------------------
[NR-eGR] Total half perimeter of net bounding box: 623um
[NR-eGR] Total length: 496um, number of vias: 225
[NR-eGR] --------------------------------------------------------------------------
[NR-eGR] Total eGR-routed clock nets wire length: 59um, number of vias: 18
[NR-eGR] --------------------------------------------------------------------------
[NR-eGR] Report for selected net(s) only.
[NR-eGR]               Length (um)  Vias 
[NR-eGR] --------------------------------
[NR-eGR]  met1  (1H)             0     6 
[NR-eGR]  met2  (2V)            25    12 
[NR-eGR]  met3  (3H)            34     0 
[NR-eGR]  met4  (4V)             0     0 
[NR-eGR]  met5  (5H)             0     0 
[NR-eGR] --------------------------------
[NR-eGR]        Total           59    18 
[NR-eGR] --------------------------------------------------------------------------
[NR-eGR] Total half perimeter of net bounding box: 45um
[NR-eGR] Total length: 59um, number of vias: 18
[NR-eGR] --------------------------------------------------------------------------
[NR-eGR] Total routed clock nets wire length: 59um, number of vias: 18
[NR-eGR] --------------------------------------------------------------------------
[NR-eGR] Finished Early Global Route kernel ( CPU: 0.04 sec, Real: 0.04 sec, Curr Mem: 1683.82 MB )
**WARN: (IMPPSP-1003):	Found use of 'setRouteMode -earlyGlobalMaxRouteLayer'. This will continue to work in this release; however, it is recommended to use 'setDesignMode -topRoutingLayer' instead.
**WARN: (IMPPSP-1003):	Found use of 'setRouteMode -earlyGlobalMinRouteLayer'. This will continue to work in this release; however, it is recommended to use 'setDesignMode -bottomRoutingLayer' instead.
**WARN: (IMPPSP-1003):	Found use of 'setRouteMode -earlyGlobalMaxRouteLayer'. This will continue to work in this release; however, it is recommended to use 'setDesignMode -topRoutingLayer' instead.
        Early Global Route - eGR only step done. (took cpu=0:00:00.1 real=0:00:00.1)
      Routing using eGR only done.
Net route status summary:
  Clock:         1 (unrouted=0, trialRouted=0, noStatus=0, routed=1, fixed=0, [crossesIlmBoundary=0, tooFewTerms=0, (crossesIlmBoundary AND tooFewTerms=0)])
  Non-clock:   136 (unrouted=109, trialRouted=27, noStatus=0, routed=0, fixed=0, [crossesIlmBoundary=0, tooFewTerms=109, (crossesIlmBoundary AND tooFewTerms=0)])

CCOPT: Done with clock implementation routing.

      Leaving CCOpt scope - Routing Tools done. (took cpu=0:00:00.1 real=0:00:00.1)
    Clock implementation routing done.
    Leaving CCOpt scope - extractRC...
    Updating RC parasitics by calling: "extractRC -noRouteCheck"...
Extraction called for design 'RISC_V3' of instances=31 and nets=137 using extraction engine 'preRoute' .
PreRoute RC Extraction called for design RISC_V3.
RC Extraction called in multi-corner(1) mode.
RCMode: PreRoute
      RC Corner Indexes            0   
Capacitance Scaling Factor   : 1.00000 
Resistance Scaling Factor    : 1.00000 
Clock Cap. Scaling Factor    : 1.00000 
Clock Res. Scaling Factor    : 1.00000 
Shrink Factor                : 1.00000
PreRoute extraction is honoring NDR/Shielding/ExtraSpace for clock nets.
Using Quantus QRC technology file ...
Updating RC grid for preRoute extraction ...
Initializing multi-corner resistance tables ...
PreRoute RC Extraction DONE (CPU Time: 0:00:00.0  Real Time: 0:00:00.0  MEM: 1683.824M)
    Updating RC parasitics by calling: "extractRC -noRouteCheck" done.
    Leaving CCOpt scope - extractRC done. (took cpu=0:00:00.0 real=0:00:00.0)
    Leaving CCOpt scope - Initializing placement interface...
    Leaving CCOpt scope - Initializing placement interface done. (took cpu=0:00:00.0 real=0:00:00.0)
    Calling post conditioning for eGRPC...
      eGRPC...
        eGRPC active optimizations:
         - Move Down
         - Downsizing before DRV sizing
         - DRV fixing with sizing
         - Move to fanout
         - Cloning
        
        Currently running CTS, using active skew data
        Reset bufferability constraints...
        Resetting previous bufferability status on all nets so that eGRPC will attempt to fix all clock tree violations.
        Clock tree timing engine global stage delay update for rctypical_slow:setup.late...
        Clock tree timing engine global stage delay update for rctypical_slow:setup.late done. (took cpu=0:00:00.0 real=0:00:00.0)
        Reset bufferability constraints done. (took cpu=0:00:00.0 real=0:00:00.0)
        Clock DAG stats eGRPC initial state:
          cell counts      : b=0, i=0, icg=0, dcg=0, l=0, total=0
          sink counts      : regular=6, enable_latch=0, load_capacitance=0, antenna=0, node_sink=0, total=6
          misc counts      : r=1, pp=0
          cell areas       : b=0.000um^2, i=0.000um^2, icg=0.000um^2, dcg=0.000um^2, l=0.000um^2, total=0.000um^2
          cell capacitance : b=0.000pF, i=0.000pF, icg=0.000pF, dcg=0.000pF, l=0.000pF, total=0.000pF
          sink capacitance : total=0.011pF, avg=0.002pF, sd=0.000pF, min=0.002pF, max=0.002pF
          wire capacitance : top=0.000pF, trunk=0.000pF, leaf=0.011pF, total=0.011pF
          wire lengths     : top=0.000um, trunk=0.000um, leaf=59.130um, total=59.130um
          hp wire lengths  : top=0.000um, trunk=0.000um, leaf=0.000um, total=0.000um
        Clock DAG net violations eGRPC initial state: none
        Clock DAG primary half-corner transition distribution eGRPC initial state:
          Leaf : target=0.150ns count=1 avg=0.003ns sd=0.000ns min=0.003ns max=0.003ns {1 <= 0.090ns, 0 <= 0.120ns, 0 <= 0.135ns, 0 <= 0.142ns, 0 <= 0.150ns}
        Primary reporting skew groups eGRPC initial state:
          skew_group CLK/func: insertion delay [min=0.000, max=0.000, avg=0.000, sd=0.000], skew [0.000 vs 0.223], 100% {0.000, 0.000} (wid=0.000 ws=0.000) (gid=0.000 gs=0.000)
        Skew group summary eGRPC initial state:
          skew_group CLK/func: insertion delay [min=0.000, max=0.000, avg=0.000, sd=0.000], skew [0.000 vs 0.223], 100% {0.000, 0.000} (wid=0.000 ws=0.000) (gid=0.000 gs=0.000)
        eGRPC Moving buffers...
          Violation analysis...
          Violation analysis done. (took cpu=0:00:00.0 real=0:00:00.0)
          Clock DAG stats after 'eGRPC Moving buffers':
            cell counts      : b=0, i=0, icg=0, dcg=0, l=0, total=0
            sink counts      : regular=6, enable_latch=0, load_capacitance=0, antenna=0, node_sink=0, total=6
            misc counts      : r=1, pp=0
            cell areas       : b=0.000um^2, i=0.000um^2, icg=0.000um^2, dcg=0.000um^2, l=0.000um^2, total=0.000um^2
            cell capacitance : b=0.000pF, i=0.000pF, icg=0.000pF, dcg=0.000pF, l=0.000pF, total=0.000pF
            sink capacitance : total=0.011pF, avg=0.002pF, sd=0.000pF, min=0.002pF, max=0.002pF
            wire capacitance : top=0.000pF, trunk=0.000pF, leaf=0.011pF, total=0.011pF
            wire lengths     : top=0.000um, trunk=0.000um, leaf=59.130um, total=59.130um
            hp wire lengths  : top=0.000um, trunk=0.000um, leaf=0.000um, total=0.000um
          Clock DAG net violations after 'eGRPC Moving buffers': none
          Clock DAG primary half-corner transition distribution after 'eGRPC Moving buffers':
            Leaf : target=0.150ns count=1 avg=0.003ns sd=0.000ns min=0.003ns max=0.003ns {1 <= 0.090ns, 0 <= 0.120ns, 0 <= 0.135ns, 0 <= 0.142ns, 0 <= 0.150ns}
          Primary reporting skew groups after 'eGRPC Moving buffers':
            skew_group CLK/func: insertion delay [min=0.000, max=0.000], skew [0.000 vs 0.223]
          Skew group summary after 'eGRPC Moving buffers':
            skew_group CLK/func: insertion delay [min=0.000, max=0.000], skew [0.000 vs 0.223]
          Legalizer API calls during this step: 0 succeeded with high effort: 0 succeeded with medium effort: 0 succeeded with low effort: 0 succeeded with basic effort: 0 succeeded with basic unbounded effort: 0
        eGRPC Moving buffers done. (took cpu=0:00:00.0 real=0:00:00.0)
        eGRPC Initial Pass of Downsizing Clock Tree cells...
          Artificially removing long paths...
            Legalizer API calls during this step: 0 succeeded with high effort: 0 succeeded with medium effort: 0 succeeded with low effort: 0 succeeded with basic effort: 0 succeeded with basic unbounded effort: 0
          Artificially removing long paths done. (took cpu=0:00:00.0 real=0:00:00.0)
          Modifying slew-target multiplier from 1 to 0.9
          Downsizing prefiltering...
          Downsizing prefiltering done.
          Downsizing: ...20% ...40% ...60% ...80% ...100% 
          DoDownSizing Summary : numSized = 0, numUnchanged = 0, numSkippedDueToOther = 0, numSkippedDueToCloseToSlewTarget = 0, numSkippedDueToCloseToSkewTarget = 1
          CCOpt-eGRPC Downsizing: considered: 0, tested: 0, violation detected: 0, violation ignored (due to small violation): 0, cannot run: 0, attempted: 0, unsuccessful: 0, sized: 0
          Reverting slew-target multiplier from 0.9 to 1
          Clock DAG stats after 'eGRPC Initial Pass of Downsizing Clock Tree cells':
            cell counts      : b=0, i=0, icg=0, dcg=0, l=0, total=0
            sink counts      : regular=6, enable_latch=0, load_capacitance=0, antenna=0, node_sink=0, total=6
            misc counts      : r=1, pp=0
            cell areas       : b=0.000um^2, i=0.000um^2, icg=0.000um^2, dcg=0.000um^2, l=0.000um^2, total=0.000um^2
            cell capacitance : b=0.000pF, i=0.000pF, icg=0.000pF, dcg=0.000pF, l=0.000pF, total=0.000pF
            sink capacitance : total=0.011pF, avg=0.002pF, sd=0.000pF, min=0.002pF, max=0.002pF
            wire capacitance : top=0.000pF, trunk=0.000pF, leaf=0.011pF, total=0.011pF
            wire lengths     : top=0.000um, trunk=0.000um, leaf=59.130um, total=59.130um
            hp wire lengths  : top=0.000um, trunk=0.000um, leaf=0.000um, total=0.000um
          Clock DAG net violations after 'eGRPC Initial Pass of Downsizing Clock Tree cells': none
          Clock DAG primary half-corner transition distribution after 'eGRPC Initial Pass of Downsizing Clock Tree cells':
            Leaf : target=0.150ns count=1 avg=0.003ns sd=0.000ns min=0.003ns max=0.003ns {1 <= 0.090ns, 0 <= 0.120ns, 0 <= 0.135ns, 0 <= 0.142ns, 0 <= 0.150ns}
          Primary reporting skew groups after 'eGRPC Initial Pass of Downsizing Clock Tree cells':
            skew_group CLK/func: insertion delay [min=0.000, max=0.000], skew [0.000 vs 0.223]
          Skew group summary after 'eGRPC Initial Pass of Downsizing Clock Tree cells':
            skew_group CLK/func: insertion delay [min=0.000, max=0.000], skew [0.000 vs 0.223]
          Legalizer API calls during this step: 0 succeeded with high effort: 0 succeeded with medium effort: 0 succeeded with low effort: 0 succeeded with basic effort: 0 succeeded with basic unbounded effort: 0
        eGRPC Initial Pass of Downsizing Clock Tree cells done. (took cpu=0:00:00.0 real=0:00:00.0)
        eGRPC Fixing DRVs...
          Fixing clock tree DRVs: ...20% ...40% ...60% ...80% ...100% 
          CCOpt-eGRPC: considered: 1, tested: 1, violation detected: 0, violation ignored (due to small violation): 0, cannot run: 0, attempted: 0, unsuccessful: 0, sized: 0
          
          Statistics: Fix DRVs (cell sizing):
          ===================================
          
          Cell changes by Net Type:
          
          -------------------------------------------------------------------------------------------------
          Net Type    Attempted    Upsized     Downsized    Swapped Same Size    Total Changed    Not Sized
          -------------------------------------------------------------------------------------------------
          top                0            0           0            0                    0                0
          trunk              0            0           0            0                    0                0
          leaf               0            0           0            0                    0                0
          -------------------------------------------------------------------------------------------------
          Total              0            0           0            0                    0                0
          -------------------------------------------------------------------------------------------------
          
          Upsized: 0, Downsized: 0, Sized but same area: 0, Unchanged: 0, Area change: 0.000um^2
          Max. move: 0.000um, Min. move: 0.000um, Avg. move: N/A
          
          Clock DAG stats after 'eGRPC Fixing DRVs':
            cell counts      : b=0, i=0, icg=0, dcg=0, l=0, total=0
            sink counts      : regular=6, enable_latch=0, load_capacitance=0, antenna=0, node_sink=0, total=6
            misc counts      : r=1, pp=0
            cell areas       : b=0.000um^2, i=0.000um^2, icg=0.000um^2, dcg=0.000um^2, l=0.000um^2, total=0.000um^2
            cell capacitance : b=0.000pF, i=0.000pF, icg=0.000pF, dcg=0.000pF, l=0.000pF, total=0.000pF
            sink capacitance : total=0.011pF, avg=0.002pF, sd=0.000pF, min=0.002pF, max=0.002pF
            wire capacitance : top=0.000pF, trunk=0.000pF, leaf=0.011pF, total=0.011pF
            wire lengths     : top=0.000um, trunk=0.000um, leaf=59.130um, total=59.130um
            hp wire lengths  : top=0.000um, trunk=0.000um, leaf=0.000um, total=0.000um
          Clock DAG net violations after 'eGRPC Fixing DRVs': none
          Clock DAG primary half-corner transition distribution after 'eGRPC Fixing DRVs':
            Leaf : target=0.150ns count=1 avg=0.003ns sd=0.000ns min=0.003ns max=0.003ns {1 <= 0.090ns, 0 <= 0.120ns, 0 <= 0.135ns, 0 <= 0.142ns, 0 <= 0.150ns}
          Primary reporting skew groups after 'eGRPC Fixing DRVs':
            skew_group CLK/func: insertion delay [min=0.000, max=0.000], skew [0.000 vs 0.223]
          Skew group summary after 'eGRPC Fixing DRVs':
            skew_group CLK/func: insertion delay [min=0.000, max=0.000], skew [0.000 vs 0.223]
          Legalizer API calls during this step: 0 succeeded with high effort: 0 succeeded with medium effort: 0 succeeded with low effort: 0 succeeded with basic effort: 0 succeeded with basic unbounded effort: 0
        eGRPC Fixing DRVs done. (took cpu=0:00:00.0 real=0:00:00.0)
        Reconnecting optimized routes...
        Reset timing graph...
Ignoring AAE DB Resetting ...
        Reset timing graph done.
        Reconnecting optimized routes done. (took cpu=0:00:00.0 real=0:00:00.0)
        Violation analysis...
        Violation analysis done. (took cpu=0:00:00.0 real=0:00:00.0)
        Reset timing graph...
Ignoring AAE DB Resetting ...
        Reset timing graph done.
        Clock DAG stats before routing clock trees:
          cell counts      : b=0, i=0, icg=0, dcg=0, l=0, total=0
          sink counts      : regular=6, enable_latch=0, load_capacitance=0, antenna=0, node_sink=0, total=6
          misc counts      : r=1, pp=0
          cell areas       : b=0.000um^2, i=0.000um^2, icg=0.000um^2, dcg=0.000um^2, l=0.000um^2, total=0.000um^2
          cell capacitance : b=0.000pF, i=0.000pF, icg=0.000pF, dcg=0.000pF, l=0.000pF, total=0.000pF
          sink capacitance : total=0.011pF, avg=0.002pF, sd=0.000pF, min=0.002pF, max=0.002pF
          wire capacitance : top=0.000pF, trunk=0.000pF, leaf=0.011pF, total=0.011pF
          wire lengths     : top=0.000um, trunk=0.000um, leaf=59.130um, total=59.130um
          hp wire lengths  : top=0.000um, trunk=0.000um, leaf=0.000um, total=0.000um
        Clock DAG net violations before routing clock trees: none
        Clock DAG primary half-corner transition distribution before routing clock trees:
          Leaf : target=0.150ns count=1 avg=0.003ns sd=0.000ns min=0.003ns max=0.003ns {1 <= 0.090ns, 0 <= 0.120ns, 0 <= 0.135ns, 0 <= 0.142ns, 0 <= 0.150ns}
        Primary reporting skew groups before routing clock trees:
          skew_group CLK/func: insertion delay [min=0.000, max=0.000, avg=0.000, sd=0.000], skew [0.000 vs 0.223], 100% {0.000, 0.000} (wid=0.000 ws=0.000) (gid=0.000 gs=0.000)
        Skew group summary before routing clock trees:
          skew_group CLK/func: insertion delay [min=0.000, max=0.000, avg=0.000, sd=0.000], skew [0.000 vs 0.223], 100% {0.000, 0.000} (wid=0.000 ws=0.000) (gid=0.000 gs=0.000)
      eGRPC done.
    Calling post conditioning for eGRPC done.
  eGR Post Conditioning loop iteration 0 done.
  Refine place not called during Post Conditioning. Calling it now the eGR->PC Loop is complete.
  Leaving CCOpt scope - Cleaning up placement interface...
  Leaving CCOpt scope - Cleaning up placement interface done. (took cpu=0:00:00.0 real=0:00:00.0)
  Leaving CCOpt scope - ClockRefiner...
  Soft fixed 0 clock instances.
  Performing Single Pass Refine Place.
*** Starting refinePlace (0:00:49.5 mem=1700.0M) ***
Total net bbox length = 6.228e+02 (3.409e+02 2.820e+02) (ext = 2.657e+02)
Move report: Detail placement moves 0 insts, mean move: 0.00 um, max move: 0.00 um 
	Runtime: CPU: 0:00:00.0 REAL: 0:00:00.0 MEM: 1676.0MB
Summary Report:
Instances move: 0 (out of 25 movable)
Instances flipped: 0
Mean displacement: 0.00 um
Max displacement: 0.00 um 
Total net bbox length = 6.228e+02 (3.409e+02 2.820e+02) (ext = 2.657e+02)
Runtime: CPU: 0:00:00.0 REAL: 0:00:00.0 MEM: 1676.0MB
*** Finished refinePlace (0:00:49.5 mem=1676.0M) ***
  ClockRefiner summary
  All clock instances: Moved 0, flipped 0 and cell swapped 0 (out of a total of 6).
  Restoring pStatusCts on 0 clock instances.
  Leaving CCOpt scope - ClockRefiner done. (took cpu=0:00:00.0 real=0:00:00.0)
  CCOpt::Phase::eGRPC done. (took cpu=0:00:00.2 real=0:00:00.2)
  CCOpt::Phase::Routing...
  Clock implementation routing...
    Leaving CCOpt scope - Routing Tools...
Net route status summary:
  Clock:         1 (unrouted=0, trialRouted=0, noStatus=0, routed=1, fixed=0, [crossesIlmBoundary=0, tooFewTerms=0, (crossesIlmBoundary AND tooFewTerms=0)])
  Non-clock:   136 (unrouted=109, trialRouted=27, noStatus=0, routed=0, fixed=0, [crossesIlmBoundary=0, tooFewTerms=109, (crossesIlmBoundary AND tooFewTerms=0)])
    Routing using eGR in eGR->NR Step...
      Early Global Route - eGR->Nr High Frequency step...
(ccopt eGR): There are 1 nets to be routed. 0 nets have skip routing designation.
(ccopt eGR): There are 1 nets for routing of which 1 have one or more fixed wires.
**WARN: (IMPPSP-1003):	Found use of 'setRouteMode -earlyGlobalMinRouteLayer'. This will continue to work in this release; however, it is recommended to use 'setDesignMode -bottomRoutingLayer' instead.
**WARN: (IMPPSP-1003):	Found use of 'setRouteMode -earlyGlobalMaxRouteLayer'. This will continue to work in this release; however, it is recommended to use 'setDesignMode -topRoutingLayer' instead.
(ccopt eGR): Start to route 1 all nets
**WARN: (IMPPSP-1003):	Found use of 'setRouteMode -earlyGlobalMaxRouteLayer'. This will continue to work in this release; however, it is recommended to use 'setDesignMode -topRoutingLayer' instead.
[NR-eGR] Track table information for default rule: 
[NR-eGR] met1 has single uniform track structure
[NR-eGR] met2 has single uniform track structure
[NR-eGR] met3 has single uniform track structure
[NR-eGR] met4 has single uniform track structure
[NR-eGR] met5 has single uniform track structure
[NR-eGR] Read 40 PG shapes
[NR-eGR] Read 0 clock shapes
[NR-eGR] Read 0 other shapes
[NR-eGR] #Routing Blockages  : 0
[NR-eGR] #Instance Blockages : 0
[NR-eGR] #PG Blockages       : 40
[NR-eGR] #Halo Blockages     : 0
[NR-eGR] #Boundary Blockages : 0
[NR-eGR] #Clock Blockages    : 0
[NR-eGR] #Other Blockages    : 0
[NR-eGR] Num Prerouted Nets = 0  Num Prerouted Wires = 0
[NR-eGR] Read 28 nets ( ignored 27 )
[NR-eGR] Connected 0 must-join pins/ports
[NR-eGR] There are 1 clock nets ( 1 with NDR ).
[NR-eGR] ============ Routing rule table ============
[NR-eGR] Rule id: 0  Nets: 1
[NR-eGR] ========================================
[NR-eGR] 
[NR-eGR] Layer group 1: route 1 net(s) in layer range [3, 4]
[NR-eGR] Early Global Route overflow of layer group 1: 0.00% H + 0.00% V. EstWL: 4.554000e+01um
[NR-eGR] Congestion Analysis By layer: (blocked Gcells are excluded) 
[NR-eGR]                        OverCon            
[NR-eGR]                         #Gcell     %Gcell
[NR-eGR]        Layer             (1-0)    OverCon
[NR-eGR] ----------------------------------------------
[NR-eGR]    met1 ( 1)         0( 0.00%)   ( 0.00%) 
[NR-eGR]    met2 ( 2)         0( 0.00%)   ( 0.00%) 
[NR-eGR]    met3 ( 3)         0( 0.00%)   ( 0.00%) 
[NR-eGR]    met4 ( 4)         0( 0.00%)   ( 0.00%) 
[NR-eGR]    met5 ( 5)         0( 0.00%)   ( 0.00%) 
[NR-eGR] ----------------------------------------------
[NR-eGR]        Total         0( 0.00%)   ( 0.00%) 
[NR-eGR] 
[NR-eGR] Overflow after Early Global Route 0.00% H + 0.00% V
[NR-eGR]               Length (um)  Vias 
[NR-eGR] --------------------------------
[NR-eGR]  met1  (1H)             0    90 
[NR-eGR]  met2  (2V)           227   133 
[NR-eGR]  met3  (3H)           268     2 
[NR-eGR]  met4  (4V)             1     0 
[NR-eGR]  met5  (5H)             0     0 
[NR-eGR] --------------------------------
[NR-eGR]        Total          496   225 
[NR-eGR] --------------------------------------------------------------------------
[NR-eGR] Total half perimeter of net bounding box: 623um
[NR-eGR] Total length: 496um, number of vias: 225
[NR-eGR] --------------------------------------------------------------------------
[NR-eGR] Total eGR-routed clock nets wire length: 59um, number of vias: 18
[NR-eGR] --------------------------------------------------------------------------
[NR-eGR] Report for selected net(s) only.
[NR-eGR]               Length (um)  Vias 
[NR-eGR] --------------------------------
[NR-eGR]  met1  (1H)             0     6 
[NR-eGR]  met2  (2V)            25    12 
[NR-eGR]  met3  (3H)            34     0 
[NR-eGR]  met4  (4V)             0     0 
[NR-eGR]  met5  (5H)             0     0 
[NR-eGR] --------------------------------
[NR-eGR]        Total           59    18 
[NR-eGR] --------------------------------------------------------------------------
[NR-eGR] Total half perimeter of net bounding box: 45um
[NR-eGR] Total length: 59um, number of vias: 18
[NR-eGR] --------------------------------------------------------------------------
[NR-eGR] Total routed clock nets wire length: 59um, number of vias: 18
[NR-eGR] --------------------------------------------------------------------------
[NR-eGR] Finished Early Global Route kernel ( CPU: 0.04 sec, Real: 0.04 sec, Curr Mem: 1683.98 MB )
**WARN: (IMPPSP-1003):	Found use of 'setRouteMode -earlyGlobalMaxRouteLayer'. This will continue to work in this release; however, it is recommended to use 'setDesignMode -topRoutingLayer' instead.
**WARN: (IMPPSP-1003):	Found use of 'setRouteMode -earlyGlobalMinRouteLayer'. This will continue to work in this release; however, it is recommended to use 'setDesignMode -bottomRoutingLayer' instead.
**WARN: (IMPPSP-1003):	Found use of 'setRouteMode -earlyGlobalMaxRouteLayer'. This will continue to work in this release; however, it is recommended to use 'setDesignMode -topRoutingLayer' instead.
      Early Global Route - eGR->Nr High Frequency step done. (took cpu=0:00:00.1 real=0:00:00.1)
    Routing using eGR in eGR->NR Step done.
    Routing using NR in eGR->NR Step...

CCOPT: Preparing to route 1 clock nets with NanoRoute.
  All net are default rule.
  Preferred NanoRoute mode settings: Current
#WARNING (NRIF-91) Option setNanoRouteMode -routeTopRoutingLayer is obsolete. It will continue to work for the current release. To ensure compatibility with future releases, use option setDesignMode -topRoutingLayer instead.
#WARNING (NRIF-91) Option setNanoRouteMode -routeTopRoutingLayer is obsolete. It will continue to work for the current release. To ensure compatibility with future releases, use option setDesignMode -topRoutingLayer instead.
**WARN: (IMPTCM-77):	Option "-grouteExpUseNanoRoute2" for command setNanoRouteMode is obsolete and will be removed in a future release. The obsolete option still works in this release but to avoid this warning and to ensure compatibility with future releases, remove the obsolete option from your script.
**WARN: (IMPTCM-77):	Option "-routeExpDeterministicMultiThread" for command setNanoRouteMode is obsolete and will be removed in a future release. The obsolete option still works in this release but to avoid this warning and to ensure compatibility with future releases, remove the obsolete option from your script.
      Clock detailed routing...
        NanoRoute...
% Begin globalDetailRoute (date=06/15 19:33:26, mem=1210.3M)

globalDetailRoute

#Start globalDetailRoute on Mon Jun 15 19:33:26 2026
#
#create default rule from bind_ndr_rule rule=0x7f2b25b73ea0 0x7f2aefd65538
#num needed restored net=0
#need_extraction net=0 (total=137)
#NanoRoute Version 21.18-s099_1 NR230707-1955/21_18-UB
#
#Wire/Via statistics before line assignment ...
#Total number of nets with non-default rule or having extra spacing = 1
#Total wire length = 59 um.
#Total half perimeter of net bounding box = 46 um.
#Total wire length on LAYER met1 = 0 um.
#Total wire length on LAYER met2 = 25 um.
#Total wire length on LAYER met3 = 34 um.
#Total wire length on LAYER met4 = 0 um.
#Total wire length on LAYER met5 = 0 um.
#Total number of vias = 18
#Up-Via Summary (total 18):
#           
#-----------------------
# met1                6
# met2               12
#-----------------------
#                    18 
#
#Start routing data preparation on Mon Jun 15 19:33:27 2026
#
#WARNING (NRDB-2040) Rule LEF_DEFAULT doesn't specify any vias that satisfy all of the area rules for layer met3 
#Minimum voltage of a net in the design = 0.000.
#Maximum voltage of a net in the design = 1.980.
#Voltage range [0.000 - 1.980] has 33 nets.
#Voltage range [0.000 - 0.000] has 103 nets.
#Voltage range [1.620 - 1.980] has 1 net.
#Build and mark too close pins for the same net.
#Initial pin access analysis.
#Detail pin access analysis.
# met1         H   Track-Pitch = 0.4600    Line-2-Via Pitch = 0.3400
# met2         V   Track-Pitch = 0.4600    Line-2-Via Pitch = 0.3400
# met3         H   Track-Pitch = 0.6100    Line-2-Via Pitch = 0.6100
# met4         V   Track-Pitch = 0.6150    Line-2-Via Pitch = 0.6150
# met5         H   Track-Pitch = 3.6600    Line-2-Via Pitch = 3.2000
#Bottom routing layer index=1(met1), bottom routing layer for shielding=1(met1), bottom shield layer=1(met1)
#shield_bottom_stripe_layer=1(met1), shield_top_stripe_layer=5(met5)
#pin_access_rlayer=2(met2)
#shield_top_dpt_rlayer=-1 top_rlayer=5 top_trim_metal_rlayer=-1 rlayer_lowest=1 bottom_rlayer=1
#enable_trim_layer_shield=F enable_dpt_layer_shield=F has_line_end_grid=F
#cpu time = 00:00:00, elapsed time = 00:00:00, memory = 1226.60 (MB), peak = 1259.90 (MB)
#Regenerating Ggrids automatically.
#Auto generating G-grids with size=15 tracks, using layer met3's pitch = 0.6150.
#Using automatically generated G-grids.
#Done routing data preparation.
#cpu time = 00:00:00, elapsed time = 00:00:00, memory = 1230.39 (MB), peak = 1259.90 (MB)
#Minimum voltage of a net in the design = 0.000.
#Maximum voltage of a net in the design = 1.980.
#Voltage range [0.000 - 1.980] has 33 nets.
#Voltage range [0.000 - 0.000] has 103 nets.
#Voltage range [1.620 - 1.980] has 1 net.
Updating RC grid for preRoute extraction ...
Initializing multi-corner resistance tables ...
#
#Distribution of nets:
#  
# #pin range           #net       %
#------------------------------------
#          2              13 (  9.5%)
#          3               4 (  2.9%)
#          4               3 (  2.2%)
#          5               3 (  2.2%)
#          6               2 (  1.5%)
#          7               3 (  2.2%)
#     >=2000               0 (  0.0%)
#
#Total: 137 nets, 28 non-trivial nets
#                              #net       %
#-------------------------------------------
#  Fully global routed            1 ( 3.6%)
#  Clock                          1
#  Extra space                    1
#  Prefer layer range             1
#
#Nets in 1 layer range:
#  Bottom Pref.Layer    Top Pref.Layer       #net       %
#---------------------------------------------------------
#               met3             met4           1 (  3.6%)
#
#1 net selected.
#
#
#Line Assignment statistics:
#Cpu time = 00:00:00
#Elapsed time = 00:00:00
#Increased memory = 1.70 (MB)
#Total memory = 1235.24 (MB)
#Peak memory = 1259.90 (MB)
#End Line Assignment: cpu:00:00:00, real:00:00:00, mem:1.2 GB, peak:1.2 GB
#
#Wire/Via statistics after line assignment ...
#Total number of nets with non-default rule or having extra spacing = 1
#Total wire length = 63 um.
#Total half perimeter of net bounding box = 46 um.
#Total wire length on LAYER met1 = 3 um.
#Total wire length on LAYER met2 = 31 um.
#Total wire length on LAYER met3 = 30 um.
#Total wire length on LAYER met4 = 0 um.
#Total wire length on LAYER met5 = 0 um.
#Total number of vias = 10
#Up-Via Summary (total 10):
#           
#-----------------------
# met1                6
# met2                4
#-----------------------
#                    10 
#
#Routing data preparation, pin analysis, line assignment statistics:
#Cpu time = 00:00:00
#Elapsed time = 00:00:00
#Increased memory = 14.03 (MB)
#Total memory = 1233.42 (MB)
#Peak memory = 1259.90 (MB)
#Skip comparing routing design signature in db-snapshot flow
#Minimum voltage of a net in the design = 0.000.
#Maximum voltage of a net in the design = 1.980.
#Voltage range [0.000 - 1.980] has 33 nets.
#Voltage range [0.000 - 0.000] has 103 nets.
#Voltage range [1.620 - 1.980] has 1 net.
#Minimum voltage of a net in the design = 0.000.
#Maximum voltage of a net in the design = 1.980.
#Voltage range [0.000 - 1.980] has 33 nets.
#Voltage range [0.000 - 0.000] has 103 nets.
#Voltage range [1.620 - 1.980] has 1 net.
#Minimum voltage of a net in the design = 0.000.
#Maximum voltage of a net in the design = 1.980.
#Voltage range [0.000 - 1.980] has 33 nets.
#Voltage range [0.000 - 0.000] has 103 nets.
#Voltage range [1.620 - 1.980] has 1 net.
#Minimum voltage of a net in the design = 0.000.
#Maximum voltage of a net in the design = 1.980.
#Voltage range [0.000 - 1.980] has 33 nets.
#Voltage range [0.000 - 0.000] has 103 nets.
#Voltage range [1.620 - 1.980] has 1 net.
#
#Start Detail Routing..
#start initial detail routing ...
#   number of violations = 0
#cpu time = 00:00:00, elapsed time = 00:00:00, memory = 1237.52 (MB), peak = 1263.86 (MB)
#Complete Detail Routing.
#Total number of nets with non-default rule or having extra spacing = 1
#Total wire length = 64 um.
#Total half perimeter of net bounding box = 46 um.
#Total wire length on LAYER met1 = 0 um.
#Total wire length on LAYER met2 = 19 um.
#Total wire length on LAYER met3 = 37 um.
#Total wire length on LAYER met4 = 7 um.
#Total wire length on LAYER met5 = 0 um.
#Total number of vias = 14
#Up-Via Summary (total 14):
#           
#-----------------------
# met1                6
# met2                6
# met3                2
#-----------------------
#                    14 
#
#Total number of DRC violations = 0
#Cpu time = 00:00:00
#Elapsed time = 00:00:00
#Increased memory = 4.14 (MB)
#Total memory = 1237.55 (MB)
#Peak memory = 1263.86 (MB)
#Skip updating routing design signature in db-snapshot flow
#detailRoute Statistics:
#Cpu time = 00:00:00
#Elapsed time = 00:00:00
#Increased memory = 4.14 (MB)
#Total memory = 1237.56 (MB)
#Peak memory = 1263.86 (MB)
#
#globalDetailRoute statistics:
#Cpu time = 00:00:01
#Elapsed time = 00:00:01
#Increased memory = 35.17 (MB)
#Total memory = 1245.56 (MB)
#Peak memory = 1263.86 (MB)
#Number of warnings = 1
#Total number of warnings = 4
#Number of fails = 0
#Total number of fails = 0
#Complete globalDetailRoute on Mon Jun 15 19:33:27 2026
#
% End globalDetailRoute (date=06/15 19:33:27, total cpu=0:00:00.8, real=0:00:01.0, peak res=1263.9M, current mem=1245.4M)
        NanoRoute done. (took cpu=0:00:00.8 real=0:00:00.8)
      Clock detailed routing done.
#WARNING (NRIF-91) Option setNanoRouteMode -routeTopRoutingLayer is obsolete. It will continue to work for the current release. To ensure compatibility with future releases, use option setDesignMode -topRoutingLayer instead.
Skipping check of guided vs. routed net lengths.
Set FIXED routing status on 1 net(s)
      Route Remaining Unrouted Nets...
Running earlyGlobalRoute to complete any remaining unrouted nets.
[NR-eGR] Started Early Global Route kernel ( Curr Mem: 1727.77 MB )
[NR-eGR] Track table information for default rule: 
[NR-eGR] met1 has single uniform track structure
[NR-eGR] met2 has single uniform track structure
[NR-eGR] met3 has single uniform track structure
[NR-eGR] met4 has single uniform track structure
[NR-eGR] met5 has single uniform track structure
[NR-eGR] Read 286 PG shapes
[NR-eGR] Read 0 clock shapes
[NR-eGR] Read 0 other shapes
[NR-eGR] #Routing Blockages  : 0
[NR-eGR] #Instance Blockages : 0
[NR-eGR] #PG Blockages       : 286
[NR-eGR] #Halo Blockages     : 0
[NR-eGR] #Boundary Blockages : 0
[NR-eGR] #Clock Blockages    : 0
[NR-eGR] #Other Blockages    : 0
[NR-eGR] Num Prerouted Nets = 1  Num Prerouted Wires = 17
[NR-eGR] Read 28 nets ( ignored 1 )
[NR-eGR] ============ Routing rule table ============
[NR-eGR] Rule id: 1  Nets: 27
[NR-eGR] ========================================
[NR-eGR] 
[NR-eGR] Layer group 1: route 27 net(s) in layer range [2, 5]
[NR-eGR] Early Global Route overflow of layer group 1: 15.60% H + 0.00% V. EstWL: 3.933000e+02um
[NR-eGR] Congestion Analysis By layer: (blocked Gcells are excluded) 
[NR-eGR]                        OverCon           OverCon           OverCon           OverCon            
[NR-eGR]                         #Gcell            #Gcell            #Gcell            #Gcell     %Gcell
[NR-eGR]        Layer             (1-2)             (3-4)             (5-6)             (7-8)    OverCon
[NR-eGR] -------------------------------------------------------------------------------------------------
[NR-eGR]    met1 ( 1)         0( 0.00%)         0( 0.00%)         0( 0.00%)         0( 0.00%)   ( 0.00%) 
[NR-eGR]    met2 ( 2)         0( 0.00%)         0( 0.00%)         0( 0.00%)         0( 0.00%)   ( 0.00%) 
[NR-eGR]    met3 ( 3)         6( 4.92%)         3( 2.46%)         2( 1.64%)         3( 2.46%)   (11.48%) 
[NR-eGR]    met4 ( 4)         1( 0.83%)         0( 0.00%)         0( 0.00%)         0( 0.00%)   ( 0.83%) 
[NR-eGR]    met5 ( 5)         0( 0.00%)         0( 0.00%)         0( 0.00%)         0( 0.00%)   ( 0.00%) 
[NR-eGR] -------------------------------------------------------------------------------------------------
[NR-eGR]        Total         7( 1.72%)         3( 0.74%)         2( 0.49%)         3( 0.74%)   ( 3.69%) 
[NR-eGR] 
[NR-eGR] Overflow after Early Global Route 7.52% H + 0.00% V
[NR-eGR]               Length (um)  Vias 
[NR-eGR] --------------------------------
[NR-eGR]  met1  (1H)             0    90 
[NR-eGR]  met2  (2V)           225   127 
[NR-eGR]  met3  (3H)           272     4 
[NR-eGR]  met4  (4V)             8     0 
[NR-eGR]  met5  (5H)             0     0 
[NR-eGR] --------------------------------
[NR-eGR]        Total          505   221 
[NR-eGR] --------------------------------------------------------------------------
[NR-eGR] Total half perimeter of net bounding box: 623um
[NR-eGR] Total length: 505um, number of vias: 221
[NR-eGR] --------------------------------------------------------------------------
[NR-eGR] Total eGR-routed clock nets wire length: 0um, number of vias: 0
[NR-eGR] --------------------------------------------------------------------------
[NR-eGR] Finished Early Global Route kernel ( CPU: 0.05 sec, Real: 0.05 sec, Curr Mem: 1727.77 MB )
      Route Remaining Unrouted Nets done. (took cpu=0:00:00.1 real=0:00:00.1)
    Routing using NR in eGR->NR Step done.
Net route status summary:
  Clock:         1 (unrouted=0, trialRouted=0, noStatus=0, routed=0, fixed=1, [crossesIlmBoundary=0, tooFewTerms=0, (crossesIlmBoundary AND tooFewTerms=0)])
  Non-clock:   136 (unrouted=109, trialRouted=27, noStatus=0, routed=0, fixed=0, [crossesIlmBoundary=0, tooFewTerms=109, (crossesIlmBoundary AND tooFewTerms=0)])

CCOPT: Done with clock implementation routing.

    Leaving CCOpt scope - Routing Tools done. (took cpu=0:00:01.2 real=0:00:01.2)
  Clock implementation routing done.
  Leaving CCOpt scope - extractRC...
  Updating RC parasitics by calling: "extractRC -noRouteCheck"...
Extraction called for design 'RISC_V3' of instances=31 and nets=137 using extraction engine 'preRoute' .
PreRoute RC Extraction called for design RISC_V3.
RC Extraction called in multi-corner(1) mode.
RCMode: PreRoute
      RC Corner Indexes            0   
Capacitance Scaling Factor   : 1.00000 
Resistance Scaling Factor    : 1.00000 
Clock Cap. Scaling Factor    : 1.00000 
Clock Res. Scaling Factor    : 1.00000 
Shrink Factor                : 1.00000
PreRoute extraction is honoring NDR/Shielding/ExtraSpace for clock nets.
Using Quantus QRC technology file ...
Updating RC grid for preRoute extraction ...
Initializing multi-corner resistance tables ...
PreRoute RC Extraction DONE (CPU Time: 0:00:00.0  Real Time: 0:00:00.0  MEM: 1727.770M)
  Updating RC parasitics by calling: "extractRC -noRouteCheck" done.
  Leaving CCOpt scope - extractRC done. (took cpu=0:00:00.0 real=0:00:00.0)
  Clock tree timing engine global stage delay update for rctypical_slow:setup.late...
  Clock tree timing engine global stage delay update for rctypical_slow:setup.late done. (took cpu=0:00:00.0 real=0:00:00.0)
  Clock DAG stats after routing clock trees:
    cell counts      : b=0, i=0, icg=0, dcg=0, l=0, total=0
    sink counts      : regular=6, enable_latch=0, load_capacitance=0, antenna=0, node_sink=0, total=6
    misc counts      : r=1, pp=0
    cell areas       : b=0.000um^2, i=0.000um^2, icg=0.000um^2, dcg=0.000um^2, l=0.000um^2, total=0.000um^2
    cell capacitance : b=0.000pF, i=0.000pF, icg=0.000pF, dcg=0.000pF, l=0.000pF, total=0.000pF
    sink capacitance : total=0.011pF, avg=0.002pF, sd=0.000pF, min=0.002pF, max=0.002pF
    wire capacitance : top=0.000pF, trunk=0.000pF, leaf=0.011pF, total=0.011pF
    wire lengths     : top=0.000um, trunk=0.000um, leaf=63.605um, total=63.605um
    hp wire lengths  : top=0.000um, trunk=0.000um, leaf=0.000um, total=0.000um
  Clock DAG net violations after routing clock trees: none
  Clock DAG primary half-corner transition distribution after routing clock trees:
    Leaf : target=0.150ns count=1 avg=0.003ns sd=0.000ns min=0.003ns max=0.003ns {1 <= 0.090ns, 0 <= 0.120ns, 0 <= 0.135ns, 0 <= 0.142ns, 0 <= 0.150ns}
  Primary reporting skew groups after routing clock trees:
    skew_group CLK/func: insertion delay [min=0.000, max=0.000, avg=0.000, sd=0.000], skew [0.000 vs 0.223], 100% {0.000, 0.000} (wid=0.000 ws=0.000) (gid=0.000 gs=0.000)
  Skew group summary after routing clock trees:
    skew_group CLK/func: insertion delay [min=0.000, max=0.000, avg=0.000, sd=0.000], skew [0.000 vs 0.223], 100% {0.000, 0.000} (wid=0.000 ws=0.000) (gid=0.000 gs=0.000)
  CCOpt::Phase::Routing done. (took cpu=0:00:01.2 real=0:00:01.2)
  CCOpt::Phase::PostConditioning...
  Leaving CCOpt scope - Initializing placement interface...
  Leaving CCOpt scope - Initializing placement interface done. (took cpu=0:00:00.0 real=0:00:00.0)
  PostConditioning...
    PostConditioning active optimizations:
     - DRV fixing with initial upsizing, sizing and buffering
     - Skew fixing with sizing
    
    Currently running CTS, using active skew data
    Reset bufferability constraints...
    Resetting previous bufferability status on all nets so that PostConditioning will attempt to fix all clock tree violations.
    Reset bufferability constraints done. (took cpu=0:00:00.0 real=0:00:00.0)
    PostConditioning Upsizing To Fix DRVs...
      Fixing clock tree DRVs with upsizing: ...20% ...40% ...60% ...80% ...100% 
      CCOpt-PostConditioning: considered: 1, tested: 1, violation detected: 0, violation ignored (due to small violation): 0, cannot run: 0, attempted: 0, unsuccessful: 0, sized: 0
      
      Statistics: Fix DRVs (initial upsizing):
      ========================================
      
      Cell changes by Net Type:
      
      -------------------------------------------------------------------------------------------------
      Net Type    Attempted    Upsized     Downsized    Swapped Same Size    Total Changed    Not Sized
      -------------------------------------------------------------------------------------------------
      top                0            0           0            0                    0                0
      trunk              0            0           0            0                    0                0
      leaf               0            0           0            0                    0                0
      -------------------------------------------------------------------------------------------------
      Total              0            0           0            0                    0                0
      -------------------------------------------------------------------------------------------------
      
      Upsized: 0, Downsized: 0, Sized but same area: 0, Unchanged: 0, Area change: 0.000um^2
      Max. move: 0.000um, Min. move: 0.000um, Avg. move: N/A
      
      Clock DAG stats after 'PostConditioning Upsizing To Fix DRVs':
        cell counts      : b=0, i=0, icg=0, dcg=0, l=0, total=0
        sink counts      : regular=6, enable_latch=0, load_capacitance=0, antenna=0, node_sink=0, total=6
        misc counts      : r=1, pp=0
        cell areas       : b=0.000um^2, i=0.000um^2, icg=0.000um^2, dcg=0.000um^2, l=0.000um^2, total=0.000um^2
        cell capacitance : b=0.000pF, i=0.000pF, icg=0.000pF, dcg=0.000pF, l=0.000pF, total=0.000pF
        sink capacitance : total=0.011pF, avg=0.002pF, sd=0.000pF, min=0.002pF, max=0.002pF
        wire capacitance : top=0.000pF, trunk=0.000pF, leaf=0.011pF, total=0.011pF
        wire lengths     : top=0.000um, trunk=0.000um, leaf=63.605um, total=63.605um
        hp wire lengths  : top=0.000um, trunk=0.000um, leaf=0.000um, total=0.000um
      Clock DAG net violations after 'PostConditioning Upsizing To Fix DRVs': none
      Clock DAG primary half-corner transition distribution after 'PostConditioning Upsizing To Fix DRVs':
        Leaf : target=0.150ns count=1 avg=0.003ns sd=0.000ns min=0.003ns max=0.003ns {1 <= 0.090ns, 0 <= 0.120ns, 0 <= 0.135ns, 0 <= 0.142ns, 0 <= 0.150ns}
      Primary reporting skew groups after 'PostConditioning Upsizing To Fix DRVs':
        skew_group CLK/func: insertion delay [min=0.000, max=0.000], skew [0.000 vs 0.223]
      Skew group summary after 'PostConditioning Upsizing To Fix DRVs':
        skew_group CLK/func: insertion delay [min=0.000, max=0.000], skew [0.000 vs 0.223]
      Legalizer API calls during this step: 0 succeeded with high effort: 0 succeeded with medium effort: 0 succeeded with low effort: 0 succeeded with basic effort: 0 succeeded with basic unbounded effort: 0
    PostConditioning Upsizing To Fix DRVs done. (took cpu=0:00:00.0 real=0:00:00.0)
    Recomputing CTS skew targets...
    Resolving skew group constraints...
      Solving LP: 1 skew groups; 2 fragments, 2 fraglets and 3 vertices; 25 variables and 66 constraints; tolerance 1
    Resolving skew group constraints done.
    Recomputing CTS skew targets done. (took cpu=0:00:00.0 real=0:00:00.0)
    PostConditioning Fixing DRVs...
      Fixing clock tree DRVs: ...20% ...40% ...60% ...80% ...100% 
      CCOpt-PostConditioning: considered: 1, tested: 1, violation detected: 0, violation ignored (due to small violation): 0, cannot run: 0, attempted: 0, unsuccessful: 0, sized: 0
      
      Statistics: Fix DRVs (cell sizing):
      ===================================
      
      Cell changes by Net Type:
      
      -------------------------------------------------------------------------------------------------
      Net Type    Attempted    Upsized     Downsized    Swapped Same Size    Total Changed    Not Sized
      -------------------------------------------------------------------------------------------------
      top                0            0           0            0                    0                0
      trunk              0            0           0            0                    0                0
      leaf               0            0           0            0                    0                0
      -------------------------------------------------------------------------------------------------
      Total              0            0           0            0                    0                0
      -------------------------------------------------------------------------------------------------
      
      Upsized: 0, Downsized: 0, Sized but same area: 0, Unchanged: 0, Area change: 0.000um^2
      Max. move: 0.000um, Min. move: 0.000um, Avg. move: N/A
      
      Clock DAG stats after 'PostConditioning Fixing DRVs':
        cell counts      : b=0, i=0, icg=0, dcg=0, l=0, total=0
        sink counts      : regular=6, enable_latch=0, load_capacitance=0, antenna=0, node_sink=0, total=6
        misc counts      : r=1, pp=0
        cell areas       : b=0.000um^2, i=0.000um^2, icg=0.000um^2, dcg=0.000um^2, l=0.000um^2, total=0.000um^2
        cell capacitance : b=0.000pF, i=0.000pF, icg=0.000pF, dcg=0.000pF, l=0.000pF, total=0.000pF
        sink capacitance : total=0.011pF, avg=0.002pF, sd=0.000pF, min=0.002pF, max=0.002pF
        wire capacitance : top=0.000pF, trunk=0.000pF, leaf=0.011pF, total=0.011pF
        wire lengths     : top=0.000um, trunk=0.000um, leaf=63.605um, total=63.605um
        hp wire lengths  : top=0.000um, trunk=0.000um, leaf=0.000um, total=0.000um
      Clock DAG net violations after 'PostConditioning Fixing DRVs': none
      Clock DAG primary half-corner transition distribution after 'PostConditioning Fixing DRVs':
        Leaf : target=0.150ns count=1 avg=0.003ns sd=0.000ns min=0.003ns max=0.003ns {1 <= 0.090ns, 0 <= 0.120ns, 0 <= 0.135ns, 0 <= 0.142ns, 0 <= 0.150ns}
      Primary reporting skew groups after 'PostConditioning Fixing DRVs':
        skew_group CLK/func: insertion delay [min=0.000, max=0.000], skew [0.000 vs 0.223]
      Skew group summary after 'PostConditioning Fixing DRVs':
        skew_group CLK/func: insertion delay [min=0.000, max=0.000], skew [0.000 vs 0.223]
      Legalizer API calls during this step: 0 succeeded with high effort: 0 succeeded with medium effort: 0 succeeded with low effort: 0 succeeded with basic effort: 0 succeeded with basic unbounded effort: 0
    PostConditioning Fixing DRVs done. (took cpu=0:00:00.0 real=0:00:00.0)
    Buffering to fix DRVs...
    Fixing DRVs with route buffering pass 1. Quick buffering: enabled
    Rebuffering to fix clock tree DRVs: ...20% ...40% ...60% ...80% ...100% 
    Inserted 0 buffers and inverters.
    success count. Default: 0, QS: 0, QD: 0, FS: 0, MQS: 0
    CCOpt-PostConditioning: nets considered: 1, nets tested: 1, nets violation detected: 0, nets violation ignored (due to small violation): 0, nets cannot run: 0, nets attempted: 0, nets unsuccessful: 0, buffered: 0
    Clock DAG stats PostConditioning after re-buffering DRV fixing:
      cell counts      : b=0, i=0, icg=0, dcg=0, l=0, total=0
      sink counts      : regular=6, enable_latch=0, load_capacitance=0, antenna=0, node_sink=0, total=6
      misc counts      : r=1, pp=0
      cell areas       : b=0.000um^2, i=0.000um^2, icg=0.000um^2, dcg=0.000um^2, l=0.000um^2, total=0.000um^2
      cell capacitance : b=0.000pF, i=0.000pF, icg=0.000pF, dcg=0.000pF, l=0.000pF, total=0.000pF
      sink capacitance : total=0.011pF, avg=0.002pF, sd=0.000pF, min=0.002pF, max=0.002pF
      wire capacitance : top=0.000pF, trunk=0.000pF, leaf=0.011pF, total=0.011pF
      wire lengths     : top=0.000um, trunk=0.000um, leaf=63.605um, total=63.605um
      hp wire lengths  : top=0.000um, trunk=0.000um, leaf=0.000um, total=0.000um
    Clock DAG net violations PostConditioning after re-buffering DRV fixing: none
    Clock DAG primary half-corner transition distribution PostConditioning after re-buffering DRV fixing:
      Leaf : target=0.150ns count=1 avg=0.003ns sd=0.000ns min=0.003ns max=0.003ns {1 <= 0.090ns, 0 <= 0.120ns, 0 <= 0.135ns, 0 <= 0.142ns, 0 <= 0.150ns}
    Primary reporting skew groups PostConditioning after re-buffering DRV fixing:
      skew_group CLK/func: insertion delay [min=0.000, max=0.000, avg=0.000, sd=0.000], skew [0.000 vs 0.223], 100% {0.000, 0.000} (wid=0.000 ws=0.000) (gid=0.000 gs=0.000)
    Skew group summary PostConditioning after re-buffering DRV fixing:
      skew_group CLK/func: insertion delay [min=0.000, max=0.000, avg=0.000, sd=0.000], skew [0.000 vs 0.223], 100% {0.000, 0.000} (wid=0.000 ws=0.000) (gid=0.000 gs=0.000)
    Buffering to fix DRVs done. (took cpu=0:00:00.0 real=0:00:00.0)
    PostConditioning Fixing Skew by cell sizing...
      Resized 0 clock insts to decrease delay.
      Resized 0 clock insts to increase delay.
      
      Statistics: Fix Skew (cell sizing):
      ===================================
      
      Cell changes by Net Type:
      
      -------------------------------------------------------------------------------------------------
      Net Type    Attempted    Upsized     Downsized    Swapped Same Size    Total Changed    Not Sized
      -------------------------------------------------------------------------------------------------
      top                0            0           0            0                    0                0
      trunk              0            0           0            0                    0                0
      leaf               0            0           0            0                    0                0
      -------------------------------------------------------------------------------------------------
      Total              0            0           0            0                    0                0
      -------------------------------------------------------------------------------------------------
      
      Upsized: 0, Downsized: 0, Sized but same area: 0, Unchanged: 0, Area change: 0.000um^2
      Max. move: 0.000um, Min. move: 0.000um, Avg. move: N/A
      
      Clock DAG stats after 'PostConditioning Fixing Skew by cell sizing':
        cell counts      : b=0, i=0, icg=0, dcg=0, l=0, total=0
        sink counts      : regular=6, enable_latch=0, load_capacitance=0, antenna=0, node_sink=0, total=6
        misc counts      : r=1, pp=0
        cell areas       : b=0.000um^2, i=0.000um^2, icg=0.000um^2, dcg=0.000um^2, l=0.000um^2, total=0.000um^2
        cell capacitance : b=0.000pF, i=0.000pF, icg=0.000pF, dcg=0.000pF, l=0.000pF, total=0.000pF
        sink capacitance : total=0.011pF, avg=0.002pF, sd=0.000pF, min=0.002pF, max=0.002pF
        wire capacitance : top=0.000pF, trunk=0.000pF, leaf=0.011pF, total=0.011pF
        wire lengths     : top=0.000um, trunk=0.000um, leaf=63.605um, total=63.605um
        hp wire lengths  : top=0.000um, trunk=0.000um, leaf=0.000um, total=0.000um
      Clock DAG net violations after 'PostConditioning Fixing Skew by cell sizing': none
      Clock DAG primary half-corner transition distribution after 'PostConditioning Fixing Skew by cell sizing':
        Leaf : target=0.150ns count=1 avg=0.003ns sd=0.000ns min=0.003ns max=0.003ns {1 <= 0.090ns, 0 <= 0.120ns, 0 <= 0.135ns, 0 <= 0.142ns, 0 <= 0.150ns}
      Primary reporting skew groups after 'PostConditioning Fixing Skew by cell sizing':
        skew_group CLK/func: insertion delay [min=0.000, max=0.000, avg=0.000, sd=0.000], skew [0.000 vs 0.223], 100% {0.000, 0.000} (wid=0.000 ws=0.000) (gid=0.000 gs=0.000)
      Skew group summary after 'PostConditioning Fixing Skew by cell sizing':
        skew_group CLK/func: insertion delay [min=0.000, max=0.000, avg=0.000, sd=0.000], skew [0.000 vs 0.223], 100% {0.000, 0.000} (wid=0.000 ws=0.000) (gid=0.000 gs=0.000)
      Legalizer API calls during this step: 0 succeeded with high effort: 0 succeeded with medium effort: 0 succeeded with low effort: 0 succeeded with basic effort: 0 succeeded with basic unbounded effort: 0
    PostConditioning Fixing Skew by cell sizing done. (took cpu=0:00:00.0 real=0:00:00.0)
    Reconnecting optimized routes...
    Reset timing graph...
Ignoring AAE DB Resetting ...
    Reset timing graph done.
    Reconnecting optimized routes done. (took cpu=0:00:00.0 real=0:00:00.0)
Skipping refinePlace: no changes were made during DRV and/or skew fixing steps so it is unnecessary.
  PostConditioning done.
Net route status summary:
  Clock:         1 (unrouted=0, trialRouted=0, noStatus=0, routed=0, fixed=1, [crossesIlmBoundary=0, tooFewTerms=0, (crossesIlmBoundary AND tooFewTerms=0)])
  Non-clock:   136 (unrouted=109, trialRouted=27, noStatus=0, routed=0, fixed=0, [crossesIlmBoundary=0, tooFewTerms=109, (crossesIlmBoundary AND tooFewTerms=0)])
  Update timing and DAG stats after post-conditioning...
  Update timing and DAG stats after post-conditioning done. (took cpu=0:00:00.0 real=0:00:00.0)
  Clock tree timing engine global stage delay update for rctypical_slow:setup.late...
  Clock tree timing engine global stage delay update for rctypical_slow:setup.late done. (took cpu=0:00:00.0 real=0:00:00.0)
  Clock DAG stats after post-conditioning:
    cell counts      : b=0, i=0, icg=0, dcg=0, l=0, total=0
    sink counts      : regular=6, enable_latch=0, load_capacitance=0, antenna=0, node_sink=0, total=6
    misc counts      : r=1, pp=0
    cell areas       : b=0.000um^2, i=0.000um^2, icg=0.000um^2, dcg=0.000um^2, l=0.000um^2, total=0.000um^2
    cell capacitance : b=0.000pF, i=0.000pF, icg=0.000pF, dcg=0.000pF, l=0.000pF, total=0.000pF
    sink capacitance : total=0.011pF, avg=0.002pF, sd=0.000pF, min=0.002pF, max=0.002pF
    wire capacitance : top=0.000pF, trunk=0.000pF, leaf=0.011pF, total=0.011pF
    wire lengths     : top=0.000um, trunk=0.000um, leaf=63.605um, total=63.605um
    hp wire lengths  : top=0.000um, trunk=0.000um, leaf=0.000um, total=0.000um
  Clock DAG net violations after post-conditioning: none
  Clock DAG primary half-corner transition distribution after post-conditioning:
    Leaf : target=0.150ns count=1 avg=0.003ns sd=0.000ns min=0.003ns max=0.003ns {1 <= 0.090ns, 0 <= 0.120ns, 0 <= 0.135ns, 0 <= 0.142ns, 0 <= 0.150ns}
  Primary reporting skew groups after post-conditioning:
    skew_group CLK/func: insertion delay [min=0.000, max=0.000, avg=0.000, sd=0.000], skew [0.000 vs 0.223], 100% {0.000, 0.000} (wid=0.000 ws=0.000) (gid=0.000 gs=0.000)
  Skew group summary after post-conditioning:
    skew_group CLK/func: insertion delay [min=0.000, max=0.000, avg=0.000, sd=0.000], skew [0.000 vs 0.223], 100% {0.000, 0.000} (wid=0.000 ws=0.000) (gid=0.000 gs=0.000)
  CCOpt::Phase::PostConditioning done. (took cpu=0:00:00.1 real=0:00:00.1)
  Post-balance tidy up or trial balance steps...
  
  Clock DAG stats at end of CTS:
  ==============================
  
  -------------------------------------------------------
  Cell type                 Count    Area     Capacitance
  -------------------------------------------------------
  Buffers                     0      0.000       0.000
  Inverters                   0      0.000       0.000
  Integrated Clock Gates      0      0.000       0.000
  Discrete Clock Gates        0      0.000       0.000
  Clock Logic                 0      0.000       0.000
  All                         0      0.000       0.000
  -------------------------------------------------------
  
  
  Clock DAG sink counts at end of CTS:
  ====================================
  
  -------------------------
  Sink type           Count
  -------------------------
  Regular               6
  Enable Latch          0
  Load Capacitance      0
  Antenna Diode         0
  Node Sink             0
  Total                 6
  -------------------------
  
  
  Clock DAG wire lengths at end of CTS:
  =====================================
  
  --------------------
  Type     Wire Length
  --------------------
  Top         0.000
  Trunk       0.000
  Leaf       63.605
  Total      63.605
  --------------------
  
  
  Clock DAG hp wire lengths at end of CTS:
  ========================================
  
  -----------------------
  Type     hp Wire Length
  -----------------------
  Top          0.000
  Trunk        0.000
  Leaf         0.000
  Total        0.000
  -----------------------
  
  
  Clock DAG capacitances at end of CTS:
  =====================================
  
  --------------------------------
  Type     Gate     Wire     Total
  --------------------------------
  Top      0.000    0.000    0.000
  Trunk    0.000    0.000    0.000
  Leaf     0.011    0.011    0.022
  Total    0.011    0.011    0.022
  --------------------------------
  
  
  Clock DAG sink capacitances at end of CTS:
  ==========================================
  
  -----------------------------------------------
  Total    Average    Std. Dev.    Min      Max
  -----------------------------------------------
  0.011     0.002       0.000      0.002    0.002
  -----------------------------------------------
  
  
  Clock DAG net violations at end of CTS:
  =======================================
  
  None
  
  
  Clock DAG primary half-corner transition distribution at end of CTS:
  ====================================================================
  
  --------------------------------------------------------------------------------------------------------------------------------------------------------------
  Net Type    Target    Count    Average    Std. Dev.    Min      Max      Distribution                                                              Over Target
  --------------------------------------------------------------------------------------------------------------------------------------------------------------
  Leaf        0.150       1       0.003       0.000      0.003    0.003    {1 <= 0.090ns, 0 <= 0.120ns, 0 <= 0.135ns, 0 <= 0.142ns, 0 <= 0.150ns}         -
  --------------------------------------------------------------------------------------------------------------------------------------------------------------
  
  
  Primary reporting skew groups summary at end of CTS:
  ====================================================
  
  ---------------------------------------------------------------------------------------------------------------------------------------------------------------------
  Half-corner                  Skew Group    Min ID    Max ID    Skew     Skew target    Wire skew    Worst sink skew    Average ID    Std.Dev    Skew window occupancy
  ---------------------------------------------------------------------------------------------------------------------------------------------------------------------
  rctypical_slow:setup.late    CLK/func      0.000     0.000     0.000       0.223         0.000           0.000           0.000        0.000     100% {0.000, 0.000}
  ---------------------------------------------------------------------------------------------------------------------------------------------------------------------
  
  
  Skew group summary at end of CTS:
  =================================
  
  ---------------------------------------------------------------------------------------------------------------------------------------------------------------------
  Half-corner                  Skew Group    Min ID    Max ID    Skew     Skew target    Wire skew    Worst sink skew    Average ID    Std.Dev    Skew window occupancy
  ---------------------------------------------------------------------------------------------------------------------------------------------------------------------
  rctypical_slow:setup.late    CLK/func      0.000     0.000     0.000       0.223         0.000           0.000           0.000        0.000     100% {0.000, 0.000}
  ---------------------------------------------------------------------------------------------------------------------------------------------------------------------
  
  
  Found a total of 0 clock tree pins with a slew violation.
  
  Post-balance tidy up or trial balance steps done. (took cpu=0:00:00.0 real=0:00:00.0)
Synthesizing clock trees done.
Tidy Up And Update Timing...
External - Set all clocks to propagated mode...
Innovus updating I/O latencies
AAE_INFO: opIsDesignInPostRouteState() is 0
#################################################################################
# Design Stage: PreRoute
# Design Name: RISC_V3
# Design Mode: 130nm
# Analysis Mode: MMMC OCV 
# Parasitics Mode: No SPEF/RCDB 
# Signoff Settings: SI Off 
#################################################################################
Start delay calculation (fullDC) (1 T). (MEM=1819.37)
Total number of fetched objects 33
Total number of fetched objects 33
Total number of fetched objects 33
End delay calculation. (MEM=1907.74 CPU=0:00:00.1 REAL=0:00:00.0)
End delay calculation (fullDC). (MEM=1871.12 CPU=0:00:00.3 REAL=0:00:00.0)
	Clock: CLK, View: func_slow, Ideal Latency: 0, Propagated Latency: 0.00015
	 Executing: set_clock_latency -source -early -min -rise -0.00015 [get_pins SYS_CLOCK]
	Clock: CLK, View: func_slow, Ideal Latency: 0, Propagated Latency: 0.00015
	 Executing: set_clock_latency -source -late -min -rise -0.00015 [get_pins SYS_CLOCK]
	Clock: CLK, View: func_slow, Ideal Latency: 0, Propagated Latency: 0.000149965
	 Executing: set_clock_latency -source -early -min -fall -0.000149965 [get_pins SYS_CLOCK]
	Clock: CLK, View: func_slow, Ideal Latency: 0, Propagated Latency: 0.000149965
	 Executing: set_clock_latency -source -late -min -fall -0.000149965 [get_pins SYS_CLOCK]
	Clock: CLK, View: func_slow, Ideal Latency: 0, Propagated Latency: 0.00015
	 Executing: set_clock_latency -source -early -max -rise -0.00015 [get_pins SYS_CLOCK]
	Clock: CLK, View: func_slow, Ideal Latency: 0, Propagated Latency: 0.00015
	 Executing: set_clock_latency -source -late -max -rise -0.00015 [get_pins SYS_CLOCK]
	Clock: CLK, View: func_slow, Ideal Latency: 0, Propagated Latency: 0.000149965
	 Executing: set_clock_latency -source -early -max -fall -0.000149965 [get_pins SYS_CLOCK]
	Clock: CLK, View: func_slow, Ideal Latency: 0, Propagated Latency: 0.000149965
	 Executing: set_clock_latency -source -late -max -fall -0.000149965 [get_pins SYS_CLOCK]
	Clock: CLK, View: func_fast, Ideal Latency: 0, Propagated Latency: 0.00015
	 Executing: set_clock_latency -source -early -min -rise -0.00015 [get_pins SYS_CLOCK]
	Clock: CLK, View: func_fast, Ideal Latency: 0, Propagated Latency: 0.00015
	 Executing: set_clock_latency -source -late -min -rise -0.00015 [get_pins SYS_CLOCK]
	Clock: CLK, View: func_fast, Ideal Latency: 0, Propagated Latency: 0.000149965
	 Executing: set_clock_latency -source -early -min -fall -0.000149965 [get_pins SYS_CLOCK]
	Clock: CLK, View: func_fast, Ideal Latency: 0, Propagated Latency: 0.000149965
	 Executing: set_clock_latency -source -late -min -fall -0.000149965 [get_pins SYS_CLOCK]
	Clock: CLK, View: func_fast, Ideal Latency: 0, Propagated Latency: 0.00015
	 Executing: set_clock_latency -source -early -max -rise -0.00015 [get_pins SYS_CLOCK]
	Clock: CLK, View: func_fast, Ideal Latency: 0, Propagated Latency: 0.00015
	 Executing: set_clock_latency -source -late -max -rise -0.00015 [get_pins SYS_CLOCK]
	Clock: CLK, View: func_fast, Ideal Latency: 0, Propagated Latency: 0.000149965
	 Executing: set_clock_latency -source -early -max -fall -0.000149965 [get_pins SYS_CLOCK]
	Clock: CLK, View: func_fast, Ideal Latency: 0, Propagated Latency: 0.000149965
	 Executing: set_clock_latency -source -late -max -fall -0.000149965 [get_pins SYS_CLOCK]
	Clock: CLK, View: func_typical, Ideal Latency: 0, Propagated Latency: 0.00015
	 Executing: set_clock_latency -source -early -min -rise -0.00015 [get_pins SYS_CLOCK]
	Clock: CLK, View: func_typical, Ideal Latency: 0, Propagated Latency: 0.00015
	 Executing: set_clock_latency -source -late -min -rise -0.00015 [get_pins SYS_CLOCK]
	Clock: CLK, View: func_typical, Ideal Latency: 0, Propagated Latency: 0.000149965
	 Executing: set_clock_latency -source -early -min -fall -0.000149965 [get_pins SYS_CLOCK]
	Clock: CLK, View: func_typical, Ideal Latency: 0, Propagated Latency: 0.000149965
	 Executing: set_clock_latency -source -late -min -fall -0.000149965 [get_pins SYS_CLOCK]
	Clock: CLK, View: func_typical, Ideal Latency: 0, Propagated Latency: 0.00015
	 Executing: set_clock_latency -source -early -max -rise -0.00015 [get_pins SYS_CLOCK]
	Clock: CLK, View: func_typical, Ideal Latency: 0, Propagated Latency: 0.00015
	 Executing: set_clock_latency -source -late -max -rise -0.00015 [get_pins SYS_CLOCK]
	Clock: CLK, View: func_typical, Ideal Latency: 0, Propagated Latency: 0.000149965
	 Executing: set_clock_latency -source -early -max -fall -0.000149965 [get_pins SYS_CLOCK]
	Clock: CLK, View: func_typical, Ideal Latency: 0, Propagated Latency: 0.000149965
	 Executing: set_clock_latency -source -late -max -fall -0.000149965 [get_pins SYS_CLOCK]
Setting all clocks to propagated mode.
External - Set all clocks to propagated mode done. (took cpu=0:00:01.1 real=0:00:01.1)
Clock DAG stats after update timingGraph:
  cell counts      : b=0, i=0, icg=0, dcg=0, l=0, total=0
  sink counts      : regular=6, enable_latch=0, load_capacitance=0, antenna=0, node_sink=0, total=6
  misc counts      : r=1, pp=0
  cell areas       : b=0.000um^2, i=0.000um^2, icg=0.000um^2, dcg=0.000um^2, l=0.000um^2, total=0.000um^2
  cell capacitance : b=0.000pF, i=0.000pF, icg=0.000pF, dcg=0.000pF, l=0.000pF, total=0.000pF
  sink capacitance : total=0.011pF, avg=0.002pF, sd=0.000pF, min=0.002pF, max=0.002pF
  wire capacitance : top=0.000pF, trunk=0.000pF, leaf=0.011pF, total=0.011pF
  wire lengths     : top=0.000um, trunk=0.000um, leaf=63.605um, total=63.605um
  hp wire lengths  : top=0.000um, trunk=0.000um, leaf=0.000um, total=0.000um
Clock DAG net violations after update timingGraph: none
Clock DAG primary half-corner transition distribution after update timingGraph:
  Leaf : target=0.150ns count=1 avg=0.003ns sd=0.000ns min=0.003ns max=0.003ns {1 <= 0.090ns, 0 <= 0.120ns, 0 <= 0.135ns, 0 <= 0.142ns, 0 <= 0.150ns}
Primary reporting skew groups after update timingGraph:
  skew_group CLK/func: insertion delay [min=0.000, max=0.000, avg=0.000, sd=0.000], skew [0.000 vs 0.223], 100% {0.000, 0.000} (wid=0.000 ws=0.000) (gid=0.000 gs=0.000)
Skew group summary after update timingGraph:
  skew_group CLK/func: insertion delay [min=0.000, max=0.000, avg=0.000, sd=0.000], skew [0.000 vs 0.223], 100% {0.000, 0.000} (wid=0.000 ws=0.000) (gid=0.000 gs=0.000)
Logging CTS constraint violations...
  No violations found.
Logging CTS constraint violations done.
Tidy Up And Update Timing done. (took cpu=0:00:01.1 real=0:00:01.1)
Runtime done. (took cpu=0:00:05.6 real=0:00:05.6)
Runtime Summary
===============
Clock Runtime:  (41%) Core CTS           1.90 (Init 1.23, Construction 0.08, Implementation 0.17, eGRPC 0.05, PostConditioning 0.09, Other 0.29)
Clock Runtime:  (28%) CTS services       1.30 (RefinePlace 0.10, EarlyGlobalClock 0.27, NanoRoute 0.84, ExtractRC 0.09, TimingAnalysis 0.00)
Clock Runtime:  (30%) Other CTS          1.42 (Init 0.19, CongRepair/EGR-DP 0.16, TimingUpdate 1.06, Other 0.00)
Clock Runtime: (100%) Total              4.62

Leaving CCOpt scope - Cleaning up placement interface...
Leaving CCOpt scope - Cleaning up placement interface done. (took cpu=0:00:00.0 real=0:00:00.0)
*** CTS #1 [finish] (ccopt_design #1) : cpu/real = 0:00:04.7/0:00:04.7 (1.0), totSession cpu/real = 0:00:52.1/0:00:58.4 (0.9), mem = 1721.0M
Synthesizing clock trees with CCOpt done.
**WARN: (IMPSP-9025):	No scan chain specified/traced.
Type 'man IMPSP-9025' for more detail.
**optDesign ... cpu = 0:00:00, real = 0:00:00, mem = 1250.7M, totSessionCpu=0:00:52 **
**WARN: (IMPOPT-576):	6 nets have unplaced terms. 
GigaOpt running with 1 threads.
*** InitOpt #1 [begin] (ccopt_design #1) : totSession cpu/real = 0:00:52.1/0:00:58.4 (0.9), mem = 1721.0M
**INFO: setDesignMode -flowEffort standard -> setting 'setOptMode -allEndPoints true' for the duration of this command.
Need call spDPlaceInit before registerPrioInstLoc.
**WARN: (IMPOPT-665):	PC[3] : Net has unplaced terms or is connected to uplaced instances in design. 
Type 'man IMPOPT-665' for more detail.
**WARN: (IMPOPT-665):	PC[2] : Net has unplaced terms or is connected to uplaced instances in design. 
Type 'man IMPOPT-665' for more detail.
**WARN: (IMPOPT-665):	PC[1] : Net has unplaced terms or is connected to uplaced instances in design. 
Type 'man IMPOPT-665' for more detail.
**WARN: (IMPOPT-665):	PC[0] : Net has unplaced terms or is connected to uplaced instances in design. 
Type 'man IMPOPT-665' for more detail.
**WARN: (IMPOPT-665):	PSTATE[1] : Net has unplaced terms or is connected to uplaced instances in design. 
Type 'man IMPOPT-665' for more detail.
**WARN: (IMPOPT-665):	PSTATE[0] : Net has unplaced terms or is connected to uplaced instances in design. 
Type 'man IMPOPT-665' for more detail.
**optDesign ... cpu = 0:00:01, real = 0:00:01, mem = 1312.0M, totSessionCpu=0:00:53 **
*** optDesign -postCTS ***
DRC Margin: user margin 0.0; extra margin 0.2
Hold Target Slack: user slack 0
Setup Target Slack: user slack 0; extra slack 0.0
setUsefulSkewMode -ecoRoute false
No user sequential activity specified, applying default sequential activity of "0.2" for Dynamic Power reporting.
'set_default_switching_activity' finished successfully.
Multi-VT timing optimization disabled based on library information.
Start to check current routing status for nets...
All nets are already routed correctly.
End to check current routing status for nets (mem=1796.0M)

Footprint cell information for calculating maxBufDist
*info: There are 4 candidate Buffer cells
*info: There are 5 candidate Inverter cells

Compute RC Scale Done ...
Starting delay calculation for Setup views
AAE_INFO: opIsDesignInPostRouteState() is 0
#################################################################################
# Design Stage: PreRoute
# Design Name: RISC_V3
# Design Mode: 130nm
# Analysis Mode: MMMC OCV 
# Parasitics Mode: No SPEF/RCDB 
# Signoff Settings: SI Off 
#################################################################################
Start delay calculation (fullDC) (1 T). (MEM=1912.8)
Total number of fetched objects 33
Total number of fetched objects 33
End delay calculation. (MEM=1916.81 CPU=0:00:00.0 REAL=0:00:00.0)
End delay calculation (fullDC). (MEM=1916.81 CPU=0:00:00.2 REAL=0:00:00.0)
*** Done Building Timing Graph (cpu=0:00:00.4 real=0:00:00.0 totSessionCpu=0:00:54.3 mem=1916.8M)

------------------------------------------------------------------
             Initial Summary
------------------------------------------------------------------

Setup views included:
 func_slow func_typical 

+--------------------+---------+---------+---------+
|     Setup mode     |   all   | reg2reg | default |
+--------------------+---------+---------+---------+
|           WNS (ns):|  3.021  |  3.021  |  4.443  |
|           TNS (ns):|  0.000  |  0.000  |  0.000  |
|    Violating Paths:|    0    |    0    |    0    |
|          All Paths:|   20    |   10    |   12    |
+--------------------+---------+---------+---------+

+----------------+-------------------------------+------------------+
|                |              Real             |       Total      |
|    DRVs        +------------------+------------+------------------|
|                |  Nr nets(terms)  | Worst Vio  |  Nr nets(terms)  |
+----------------+------------------+------------+------------------+
|   max_cap      |      0 (0)       |   0.000    |      0 (0)       |
|   max_tran     |      0 (0)       |   0.000    |      0 (0)       |
|   max_fanout   |      0 (0)       |     0      |      0 (0)       |
|   max_length   |      0 (0)       |     0      |      0 (0)       |
+----------------+------------------+------------+------------------+

Density: 63.690%
------------------------------------------------------------------
**optDesign ... cpu = 0:00:02, real = 0:00:02, mem = 1404.8M, totSessionCpu=0:00:54 **
*** InitOpt #1 [finish] (ccopt_design #1) : cpu/real = 0:00:02.3/0:00:02.3 (1.0), totSession cpu/real = 0:00:54.4/0:01:00.7 (0.9), mem = 1887.8M
** INFO : this run is activating low effort ccoptDesign flow
OPTC: m1 20.0 20.0
-congRepairInPostCTS false                 # bool, default=false, private
Begin: GigaOpt Route Type Constraints Refinement
*** CongRefineRouteType #1 [begin] (ccopt_design #1) : totSession cpu/real = 0:00:54.5/0:01:00.8 (0.9), mem = 1887.8M
Updated routing constraints on 0 nets.
Bottom Preferred Layer:
+-------------+------------+----------+
|    Layer    |    CLK     |   Rule   |
+-------------+------------+----------+
| met3 (z=3)  |          1 | default  |
+-------------+------------+----------+
Via Pillar Rule:
    None
*** CongRefineRouteType #1 [finish] (ccopt_design #1) : cpu/real = 0:00:00.0/0:00:00.0 (0.0), totSession cpu/real = 0:00:54.5/0:01:00.8 (0.9), mem = 1887.8M
End: GigaOpt Route Type Constraints Refinement
*** SimplifyNetlist #1 [begin] (ccopt_design #1) : totSession cpu/real = 0:00:54.5/0:01:00.8 (0.9), mem = 1888.8M
Info: 1 net with fixed/cover wires excluded.
Info: 1 clock net  excluded from IPO operation.
Usable buffer cells for single buffer setup transform:
BUFX2 BUFX4 BUFX8 BUFX16 
Number of usable buffer cells above: 4

Netlist preparation processing... 
Removed 0 instance
*info: Marking 0 isolation instances dont touch
*info: Marking 0 level shifter instances dont touch
*** SimplifyNetlist #1 [finish] (ccopt_design #1) : cpu/real = 0:00:00.9/0:00:00.9 (1.0), totSession cpu/real = 0:00:55.4/0:01:01.7 (0.9), mem = 1909.1M
*** Starting optimizing excluded clock nets MEM= 1909.1M) ***
*info: No excluded clock nets to be optimized.
*** Finished optimizing excluded clock nets (CPU Time= 0:00:00.0  MEM= 1909.1M) ***
*** Starting optimizing excluded clock nets MEM= 1909.1M) ***
*info: No excluded clock nets to be optimized.
*** Finished optimizing excluded clock nets (CPU Time= 0:00:00.0  MEM= 1909.1M) ***
Info: Done creating the CCOpt slew target map.
Begin: GigaOpt high fanout net optimization
*** DrvOpt #1 [begin] (ccopt_design #1) : totSession cpu/real = 0:00:55.4/0:01:01.7 (0.9), mem = 1909.1M
Info: 1 net with fixed/cover wires excluded.
Info: 1 clock net  excluded from IPO operation.
*** DrvOpt #1 [finish] (ccopt_design #1) : cpu/real = 0:00:00.0/0:00:00.0 (0.7), totSession cpu/real = 0:00:55.4/0:01:01.7 (0.9), mem = 1909.3M
End: GigaOpt high fanout net optimization

Optimization is working on the following views:
  Setup views: func_slow 
  Hold  views: func_fast 
Begin: GigaOpt Global Optimization
*info: use new DP (enabled)
Info: 1 net with fixed/cover wires excluded.
Info: 1 clock net  excluded from IPO operation.
*** GlobalOpt #1 [begin] (ccopt_design #1) : totSession cpu/real = 0:00:55.5/0:01:01.8 (0.9), mem = 1948.5M
*info: 1 clock net excluded
*info: 1 net with fixed/cover wires excluded.
** GigaOpt Global Opt WNS Slack 0.000  TNS Slack 0.000 
+--------+--------+---------+------------+--------+------------+---------+---------------------+
|  WNS   |  TNS   | Density |    Real    |  Mem   | Worst View |Pathgroup|      End Point      |
+--------+--------+---------+------------+--------+------------+---------+---------------------+
|   0.000|   0.000|   63.69%|   0:00:00.0| 1986.6M|   func_slow|       NA| NA                  |
+--------+--------+---------+------------+--------+------------+---------+---------------------+

*** Finish post-CTS Global Setup Fixing (cpu=0:00:00.0 real=0:00:00.0 mem=1986.6M) ***

*** Finish post-CTS Setup Fixing (cpu=0:00:00.0 real=0:00:00.0 mem=1986.6M) ***
Bottom Preferred Layer:
+-------------+------------+----------+
|    Layer    |    CLK     |   Rule   |
+-------------+------------+----------+
| met3 (z=3)  |          1 | default  |
+-------------+------------+----------+
Via Pillar Rule:
    None
** GigaOpt Global Opt End WNS Slack 0.000  TNS Slack 0.000 
*** GlobalOpt #1 [finish] (ccopt_design #1) : cpu/real = 0:00:00.6/0:00:00.6 (1.0), totSession cpu/real = 0:00:56.2/0:01:02.4 (0.9), mem = 1918.5M
End: GigaOpt Global Optimization
*** Timing Is met
*** Check timing (0:00:00.0)
Info: 1 net with fixed/cover wires excluded.
Info: 1 clock net  excluded from IPO operation.

Active setup views:
 func_slow
  Dominating endpoints: 0
  Dominating TNS: -0.000

Info: 1 net with fixed/cover wires excluded.
Info: 1 clock net  excluded from IPO operation.
Begin: Area Reclaim Optimization
*** AreaOpt #1 [begin] (ccopt_design #1) : totSession cpu/real = 0:00:56.3/0:01:02.6 (0.9), mem = 1973.9M
Usable buffer cells for single buffer setup transform:
BUFX2 BUFX4 BUFX8 BUFX16 
Number of usable buffer cells above: 4
Reclaim Optimization WNS Slack 0.100  TNS Slack 0.000 Density 63.69
+---------+---------+--------+--------+------------+--------+
| Density | Commits |  WNS   |  TNS   |    Real    |  Mem   |
+---------+---------+--------+--------+------------+--------+
|   63.69%|        -|   0.100|   0.000|   0:00:00.0| 1977.9M|
|   63.69%|        0|   0.100|   0.000|   0:00:00.0| 1978.9M|
|   63.69%|        0|   0.100|   0.000|   0:00:00.0| 1978.9M|
|   63.69%|        0|   0.100|   0.000|   0:00:00.0| 1978.9M|
|   63.69%|        0|   0.100|   0.000|   0:00:00.0| 1978.9M|
|   63.69%|        0|   0.100|   0.000|   0:00:00.0| 1978.9M|
+---------+---------+--------+--------+------------+--------+
Reclaim Optimization End WNS Slack 0.100  TNS Slack 0.000 Density 63.69
Bottom Preferred Layer:
+-------------+------------+----------+
|    Layer    |    CLK     |   Rule   |
+-------------+------------+----------+
| met3 (z=3)  |          1 | default  |
+-------------+------------+----------+
Via Pillar Rule:
    None

Number of times islegalLocAvaiable called = 0 skipped = 0, called in commitmove = 0, skipped in commitmove = 0
End: Core Area Reclaim Optimization (cpu = 0:00:00.8) (real = 0:00:01.0) **
*** Starting refinePlace (0:00:57.1 mem=1978.9M) ***
Total net bbox length = 6.228e+02 (3.409e+02 2.820e+02) (ext = 2.657e+02)
Move report: Detail placement moves 0 insts, mean move: 0.00 um, max move: 0.00 um 
	Runtime: CPU: 0:00:00.0 REAL: 0:00:00.0 MEM: 1962.9MB
Summary Report:
Instances move: 0 (out of 25 movable)
Instances flipped: 0
Mean displacement: 0.00 um
Max displacement: 0.00 um 
Total net bbox length = 6.228e+02 (3.409e+02 2.820e+02) (ext = 2.657e+02)
Runtime: CPU: 0:00:00.0 REAL: 0:00:00.0 MEM: 1962.9MB
*** Finished refinePlace (0:00:57.2 mem=1962.9M) ***
*** maximum move = 0.00 um ***
*** Finished re-routing un-routed nets (1962.9M) ***

*** Finish Physical Update (cpu=0:00:00.1 real=0:00:00.0 mem=1978.9M) ***
*** AreaOpt #1 [finish] (ccopt_design #1) : cpu/real = 0:00:00.9/0:00:00.8 (1.0), totSession cpu/real = 0:00:57.2/0:01:03.5 (0.9), mem = 1978.9M
End: Area Reclaim Optimization (cpu=0:00:01, real=0:00:01, mem=1921.86M, totSessionCpu=0:00:57).
postCtsLateCongRepair #1 0
postCtsLateCongRepair #1 0
postCtsLateCongRepair #1 0
postCtsLateCongRepair #1 0
Starting local wire reclaim
*** Starting refinePlace (0:00:57.3 mem=1921.9M) ***
**WARN: [IO pin not placed] DM_IN[31]
**WARN: [IO pin not placed] DM_IN[30]
**WARN: [IO pin not placed] DM_IN[29]
**WARN: [IO pin not placed] DM_IN[28]
**WARN: [IO pin not placed] DM_IN[27]
**WARN: [IO pin not placed] DM_IN[26]
**WARN: [IO pin not placed] DM_IN[25]
**WARN: [IO pin not placed] DM_IN[24]
**WARN: [IO pin not placed] DM_IN[23]
**WARN: [IO pin not placed] DM_IN[22]
**WARN: [IO pin not placed] ...
**WARN: [IO pin not placed] The ratio of IO pins are not placed: 71 / 110 = 64.55%
*** Finished SKP initialization (cpu=0:00:00.0, real=0:00:00.0)***
Timing cost in AAE based: 5.4542407799490320
Move report: Detail placement moves 5 insts, mean move: 4.88 um, max move: 7.82 um 
	Max move on inst (g22271__1705): (22.54, 26.68) --> (18.86, 22.54)
	Runtime: CPU: 0:00:00.1 REAL: 0:00:00.0 MEM: 1905.9MB
Summary Report:
Instances move: 5 (out of 25 movable)
Instances flipped: 0
Mean displacement: 4.88 um
Max displacement: 7.82 um (Instance: g22271__1705) (22.54, 26.68) -> (18.86, 22.54)
	Length: 4 sites, height: 1 rows, site name: CoreSite, cell type: NOR2X1
Runtime: CPU: 0:00:00.1 REAL: 0:00:00.0 MEM: 1905.9MB
*** Finished refinePlace (0:00:57.4 mem=1905.9M) ***
AAE_INFO: opIsDesignInPostRouteState() is 0
#################################################################################
# Design Stage: PreRoute
# Design Name: RISC_V3
# Design Mode: 130nm
# Analysis Mode: MMMC OCV 
# Parasitics Mode: No SPEF/RCDB 
# Signoff Settings: SI Off 
#################################################################################
Start delay calculation (fullDC) (1 T). (MEM=1885.85)
Total number of fetched objects 33
End delay calculation. (MEM=1953.55 CPU=0:00:00.0 REAL=0:00:00.0)
End delay calculation (fullDC). (MEM=1953.55 CPU=0:00:00.1 REAL=0:00:00.0)
eGR doReRoute: optGuide
[NR-eGR] Track table information for default rule: 
[NR-eGR] met1 has single uniform track structure
[NR-eGR] met2 has single uniform track structure
[NR-eGR] met3 has single uniform track structure
[NR-eGR] met4 has single uniform track structure
[NR-eGR] met5 has single uniform track structure
[NR-eGR] Read 286 PG shapes
[NR-eGR] Read 0 clock shapes
[NR-eGR] Read 0 other shapes
[NR-eGR] #Routing Blockages  : 0
[NR-eGR] #Instance Blockages : 0
[NR-eGR] #PG Blockages       : 286
[NR-eGR] #Halo Blockages     : 0
[NR-eGR] #Boundary Blockages : 0
[NR-eGR] #Clock Blockages    : 0
[NR-eGR] #Other Blockages    : 0
[NR-eGR] Num Prerouted Nets = 1  Num Prerouted Wires = 17
[NR-eGR] Read 28 nets ( ignored 1 )
[NR-eGR] ============ Routing rule table ============
[NR-eGR] Rule id: 1  Nets: 27
[NR-eGR] ========================================
[NR-eGR] 
[NR-eGR] Layer group 1: route 27 net(s) in layer range [2, 5]
[NR-eGR] Early Global Route overflow of layer group 1: 12.84% H + 0.00% V. EstWL: 3.643200e+02um
[NR-eGR] Congestion Analysis By layer: (blocked Gcells are excluded) 
[NR-eGR]                        OverCon           OverCon           OverCon           OverCon            
[NR-eGR]                         #Gcell            #Gcell            #Gcell            #Gcell     %Gcell
[NR-eGR]        Layer             (1-2)             (3-4)             (5-6)               (7)    OverCon
[NR-eGR] -------------------------------------------------------------------------------------------------
[NR-eGR]    met1 ( 1)         0( 0.00%)         0( 0.00%)         0( 0.00%)         0( 0.00%)   ( 0.00%) 
[NR-eGR]    met2 ( 2)         0( 0.00%)         0( 0.00%)         0( 0.00%)         0( 0.00%)   ( 0.00%) 
[NR-eGR]    met3 ( 3)         6( 4.92%)         3( 2.46%)         2( 1.64%)         1( 0.82%)   ( 9.84%) 
[NR-eGR]    met4 ( 4)         2( 1.65%)         0( 0.00%)         0( 0.00%)         0( 0.00%)   ( 1.65%) 
[NR-eGR]    met5 ( 5)         0( 0.00%)         0( 0.00%)         0( 0.00%)         0( 0.00%)   ( 0.00%) 
[NR-eGR] -------------------------------------------------------------------------------------------------
[NR-eGR]        Total         8( 1.97%)         3( 0.74%)         2( 0.49%)         1( 0.25%)   ( 3.44%) 
[NR-eGR] 
[NR-eGR] Overflow after Early Global Route 6.77% H + 0.00% V
[NR-eGR]               Length (um)  Vias 
[NR-eGR] --------------------------------
[NR-eGR]  met1  (1H)             0    90 
[NR-eGR]  met2  (2V)           207   133 
[NR-eGR]  met3  (3H)           252     8 
[NR-eGR]  met4  (4V)            15     2 
[NR-eGR]  met5  (5H)             4     0 
[NR-eGR] --------------------------------
[NR-eGR]        Total          478   233 
[NR-eGR] --------------------------------------------------------------------------
[NR-eGR] Total half perimeter of net bounding box: 619um
[NR-eGR] Total length: 478um, number of vias: 233
[NR-eGR] --------------------------------------------------------------------------
[NR-eGR] Total eGR-routed clock nets wire length: 0um, number of vias: 0
[NR-eGR] --------------------------------------------------------------------------
[NR-eGR] Finished Early Global Route kernel ( CPU: 0.10 sec, Real: 0.10 sec, Curr Mem: 1864.55 MB )
Extraction called for design 'RISC_V3' of instances=31 and nets=137 using extraction engine 'preRoute' .
PreRoute RC Extraction called for design RISC_V3.
RC Extraction called in multi-corner(1) mode.
RCMode: PreRoute
      RC Corner Indexes            0   
Capacitance Scaling Factor   : 1.00000 
Resistance Scaling Factor    : 1.00000 
Clock Cap. Scaling Factor    : 1.00000 
Clock Res. Scaling Factor    : 1.00000 
Shrink Factor                : 1.00000
PreRoute extraction is honoring NDR/Shielding/ExtraSpace for clock nets.
Using Quantus QRC technology file ...
Updating RC grid for preRoute extraction ...
Initializing multi-corner resistance tables ...
PreRoute RC Extraction DONE (CPU Time: 0:00:00.0  Real Time: 0:00:00.0  MEM: 1864.551M)
Compute RC Scale Done ...
[hotspot] +------------+---------------+---------------+
[hotspot] |            |   max hotspot | total hotspot |
[hotspot] +------------+---------------+---------------+
[hotspot] | normalized |          1.00 |          1.00 |
[hotspot] +------------+---------------+---------------+
Local HotSpot Analysis: normalized max congestion hotspot area = 1.00, normalized total congestion hotspot area = 1.00 (area is in unit of 4 std-cell row bins)
[hotspot] top 1 congestion hotspot bounding boxes and scores of normalized hotspot
[hotspot] +-----+-------------------------------------+---------------+
[hotspot] | top |            hotspot bbox             | hotspot score |
[hotspot] +-----+-------------------------------------+---------------+
[hotspot] |  1  |    18.40    18.40    34.96    34.96 |        1.00   |
[hotspot] +-----+-------------------------------------+---------------+
Begin: GigaOpt Route Type Constraints Refinement
*** CongRefineRouteType #2 [begin] (ccopt_design #1) : totSession cpu/real = 0:00:58.0/0:01:04.3 (0.9), mem = 1899.6M
Updated routing constraints on 0 nets.
Bottom Preferred Layer:
+-------------+------------+----------+
|    Layer    |    CLK     |   Rule   |
+-------------+------------+----------+
| met3 (z=3)  |          1 | default  |
+-------------+------------+----------+
Via Pillar Rule:
    None
*** CongRefineRouteType #2 [finish] (ccopt_design #1) : cpu/real = 0:00:00.0/0:00:00.0 (0.0), totSession cpu/real = 0:00:58.0/0:01:04.3 (0.9), mem = 1899.6M
End: GigaOpt Route Type Constraints Refinement
skip EGR on cluster skew clock nets.
OPTC: user 20.0
AAE_INFO: opIsDesignInPostRouteState() is 0
#################################################################################
# Design Stage: PreRoute
# Design Name: RISC_V3
# Design Mode: 130nm
# Analysis Mode: MMMC OCV 
# Parasitics Mode: No SPEF/RCDB 
# Signoff Settings: SI Off 
#################################################################################
Start delay calculation (fullDC) (1 T). (MEM=1901.91)
Total number of fetched objects 33
End delay calculation. (MEM=1952.63 CPU=0:00:00.0 REAL=0:00:00.0)
End delay calculation (fullDC). (MEM=1952.63 CPU=0:00:00.1 REAL=0:00:00.0)
Begin: GigaOpt postEco DRV Optimization
*** DrvOpt #2 [begin] (ccopt_design #1) : totSession cpu/real = 0:00:58.2/0:01:04.5 (0.9), mem = 1952.6M
Info: 1 net with fixed/cover wires excluded.
Info: 1 clock net  excluded from IPO operation.
+-------------------------------------------------------------------------------------------------------------------------------------------------------+
|        max-tran       |        max-cap        |  max-fanout |  max-length |       setup       |        |        |        |       |          |         |
+-------------------------------------------------------------------------------------------------------------------------------------------------------+
| nets | terms|  wViol  | nets | terms|  wViol  | nets | terms| nets | terms|   WNS   |   TNS   |  #Buf  |  #Inv  | #Resize|Density|   Real   |   Mem   |
+-------------------------------------------------------------------------------------------------------------------------------------------------------+
|     0|     0|     0.00|     0|     0|     0.00|     0|     0|     0|     0|     3.04|     0.00|       0|       0|       0| 63.69%|          |         |
|     0|     0|     0.00|     0|     0|     0.00|     0|     0|     0|     0|     3.04|     0.00|       0|       0|       0| 63.69%| 0:00:00.0|  2003.7M|
+-------------------------------------------------------------------------------------------------------------------------------------------------------+
Bottom Preferred Layer:
+-------------+------------+----------+
|    Layer    |    CLK     |   Rule   |
+-------------+------------+----------+
| met3 (z=3)  |          1 | default  |
+-------------+------------+----------+
Via Pillar Rule:
    None

*** Finish DRV Fixing (cpu=0:00:00.0 real=0:00:00.0 mem=2003.7M) ***

*** DrvOpt #2 [finish] (ccopt_design #1) : cpu/real = 0:00:00.0/0:00:00.0 (1.0), totSession cpu/real = 0:00:58.3/0:01:04.6 (0.9), mem = 1946.6M
End: GigaOpt postEco DRV Optimization
**INFO: Skipping refine place as no non-legal commits were detected
Register exp ratio and priority group on 0 nets on 33 nets : 

Active setup views:
 func_slow
  Dominating endpoints: 0
  Dominating TNS: -0.000

Extraction called for design 'RISC_V3' of instances=31 and nets=137 using extraction engine 'preRoute' .
PreRoute RC Extraction called for design RISC_V3.
RC Extraction called in multi-corner(1) mode.
RCMode: PreRoute
      RC Corner Indexes            0   
Capacitance Scaling Factor   : 1.00000 
Resistance Scaling Factor    : 1.00000 
Clock Cap. Scaling Factor    : 1.00000 
Clock Res. Scaling Factor    : 1.00000 
Shrink Factor                : 1.00000
PreRoute extraction is honoring NDR/Shielding/ExtraSpace for clock nets.
Using Quantus QRC technology file ...
Updating RC grid for preRoute extraction ...
Initializing multi-corner resistance tables ...
PreRoute RC Extraction DONE (CPU Time: 0:00:00.0  Real Time: 0:00:00.0  MEM: 1895.789M)
Starting delay calculation for Setup views
AAE_INFO: opIsDesignInPostRouteState() is 0
#################################################################################
# Design Stage: PreRoute
# Design Name: RISC_V3
# Design Mode: 130nm
# Analysis Mode: MMMC OCV 
# Parasitics Mode: No SPEF/RCDB 
# Signoff Settings: SI Off 
#################################################################################
Start delay calculation (fullDC) (1 T). (MEM=1913.88)
Total number of fetched objects 33
End delay calculation. (MEM=1956.61 CPU=0:00:00.0 REAL=0:00:00.0)
End delay calculation (fullDC). (MEM=1956.61 CPU=0:00:00.1 REAL=0:00:00.0)
*** Done Building Timing Graph (cpu=0:00:00.3 real=0:00:00.0 totSessionCpu=0:00:58.7 mem=1956.6M)
OPTC: user 20.0
Reported timing to dir ./timingReports
**optDesign ... cpu = 0:00:07, real = 0:00:06, mem = 1432.2M, totSessionCpu=0:00:59 **

------------------------------------------------------------------
     optDesign Final Summary
------------------------------------------------------------------

Setup views included:
 func_slow 

+--------------------+---------+---------+---------+
|     Setup mode     |   all   | reg2reg | default |
+--------------------+---------+---------+---------+
|           WNS (ns):|  3.043  |  3.043  |  4.450  |
|           TNS (ns):|  0.000  |  0.000  |  0.000  |
|    Violating Paths:|    0    |    0    |    0    |
|          All Paths:|   20    |   10    |   12    |
+--------------------+---------+---------+---------+

+----------------+-------------------------------+------------------+
|                |              Real             |       Total      |
|    DRVs        +------------------+------------+------------------|
|                |  Nr nets(terms)  | Worst Vio  |  Nr nets(terms)  |
+----------------+------------------+------------+------------------+
|   max_cap      |      0 (0)       |   0.000    |      0 (0)       |
|   max_tran     |      0 (0)       |   0.000    |      0 (0)       |
|   max_fanout   |      0 (0)       |     0      |      0 (0)       |
|   max_length   |      0 (0)       |     0      |      0 (0)       |
+----------------+------------------+------------+------------------+

Density: 63.690%
Routing Overflow: 6.77% H and 0.00% V
------------------------------------------------------------------
**optDesign ... cpu = 0:00:07, real = 0:00:16, mem = 1435.0M, totSessionCpu=0:00:59 **
*** Finished optDesign ***
Info: Destroy the CCOpt slew target map.
Set place::cacheFPlanSiteMark to 0

*** Summary of all messages that are not suppressed in this session:
Severity  ID               Count  Summary                                  
WARNING   IMPSP-9025           1  No scan chain specified/traced.          
WARNING   IMPSP-362            1  Site '%s' has %s std.Cell height, so ign...
WARNING   IMPOPT-576           1  %d nets have unplaced terms.             
WARNING   IMPOPT-665           6  %s : Net has unplaced terms or is connec...
WARNING   IMPCCOPT-1182        1  The clock_gating_cells property has no u...
WARNING   IMPTCM-77            2  Option "%s" for command %s is obsolete a...
WARNING   IMPPSP-1003         17  Found use of '%s'. This will continue to...
*** Message Summary: 29 warning(s), 0 error(s)

*** ccopt_design #1 [finish] : cpu/real = 0:00:12.8/0:00:21.8 (0.6), totSession cpu/real = 0:00:59.2/0:01:14.6 (0.8), mem = 1936.8M
#% End ccopt_design (date=06/15 19:33:45, total cpu=0:00:12.9, real=0:00:22.0, peak res=1435.4M, current mem=1382.7M)
<CMD> timeDesign -prects -prefix cts -outDir RPT/cts
*** timeDesign #1 [begin] : totSession cpu/real = 0:00:59.2/0:01:14.6 (0.8), mem = 1886.8M
Start to check current routing status for nets...
All nets are already routed correctly.
End to check current routing status for nets (mem=1840.8M)
Starting delay calculation for Setup views
AAE_INFO: opIsDesignInPostRouteState() is 0
#################################################################################
# Design Stage: PreRoute
# Design Name: RISC_V3
# Design Mode: 130nm
# Analysis Mode: MMMC OCV 
# Parasitics Mode: No SPEF/RCDB 
# Signoff Settings: SI Off 
#################################################################################
Start delay calculation (fullDC) (1 T). (MEM=1861.88)
Total number of fetched objects 33
End delay calculation. (MEM=1913.57 CPU=0:00:00.0 REAL=0:00:00.0)
End delay calculation (fullDC). (MEM=1913.57 CPU=0:00:00.1 REAL=0:00:01.0)
*** Done Building Timing Graph (cpu=0:00:00.5 real=0:00:01.0 totSessionCpu=0:01:00.0 mem=1913.6M)

------------------------------------------------------------------
          timeDesign Summary
------------------------------------------------------------------

Setup views included:
 func_slow 

+--------------------+---------+---------+---------+
|     Setup mode     |   all   | reg2reg | default |
+--------------------+---------+---------+---------+
|           WNS (ns):|  3.041  |  3.041  |  4.450  |
|           TNS (ns):|  0.000  |  0.000  |  0.000  |
|    Violating Paths:|    0    |    0    |    0    |
|          All Paths:|   20    |   10    |   12    |
+--------------------+---------+---------+---------+

+----------------+-------------------------------+------------------+
|                |              Real             |       Total      |
|    DRVs        +------------------+------------+------------------|
|                |  Nr nets(terms)  | Worst Vio  |  Nr nets(terms)  |
+----------------+------------------+------------+------------------+
|   max_cap      |      0 (0)       |   0.000    |      0 (0)       |
|   max_tran     |      0 (0)       |   0.000    |      0 (0)       |
|   max_fanout   |      0 (0)       |     0      |      0 (0)       |
|   max_length   |      0 (0)       |     0      |      0 (0)       |
+----------------+------------------+------------+------------------+

Density: 63.690%
Routing Overflow: 6.77% H and 0.00% V
------------------------------------------------------------------
Reported timing to dir RPT/cts
Total CPU time: 0.98 sec
Total Real time: 10.0 sec
Total Memory Usage: 1889.730469 Mbytes
*** timeDesign #1 [finish] : cpu/real = 0:00:01.0/0:00:10.2 (0.1), totSession cpu/real = 0:01:00.2/0:01:24.8 (0.7), mem = 1889.7M
<CMD> saveDesign DBS/cts.enc
#% Begin save design ... (date=06/15 19:33:55, mem=1389.1M)
% Begin Save ccopt configuration ... (date=06/15 19:33:55, mem=1389.1M)
% End Save ccopt configuration ... (date=06/15 19:33:55, total cpu=0:00:00.0, real=0:00:00.0, peak res=1390.2M, current mem=1390.2M)
% Begin Save netlist data ... (date=06/15 19:33:55, mem=1390.2M)
Writing Binary DB to DBS/cts.enc.dat/RISC_V3.v.bin in single-threaded mode...
% End Save netlist data ... (date=06/15 19:33:55, total cpu=0:00:00.0, real=0:00:00.0, peak res=1390.3M, current mem=1390.3M)
Saving symbol-table file ...
Saving congestion map file DBS/cts.enc.dat/RISC_V3.route.congmap.gz ...
% Begin Save AAE data ... (date=06/15 19:33:57, mem=1390.5M)
Saving AAE Data ...
% End Save AAE data ... (date=06/15 19:33:58, total cpu=0:00:00.1, real=0:00:00.0, peak res=1390.6M, current mem=1390.6M)
Saving preference file DBS/cts.enc.dat/gui.pref.tcl ...
Saving mode setting ...
Saving global file ...
% Begin Save floorplan data ... (date=06/15 19:33:59, mem=1391.8M)
Saving floorplan file ...
Convert 0 swires and 0 svias from compressed groups
% End Save floorplan data ... (date=06/15 19:34:00, total cpu=0:00:00.0, real=0:00:01.0, peak res=1392.2M, current mem=1392.2M)
Saving PG file DBS/cts.enc.dat/RISC_V3.pg.gz, version#2, (Created by Innovus v21.18-s099_1 on Mon Jun 15 19:34:00 2026)
*** Completed savePGFile (cpu=0:00:00.0 real=0:00:01.0 mem=1894.3M) ***
Saving Drc markers ...
... No Drc file written since there is no markers found.
% Begin Save placement data ... (date=06/15 19:34:01, mem=1392.3M)
** Saving stdCellPlacement_binary (version# 2) ...
Save Adaptive View Pruning View Names to Binary file
% End Save placement data ... (date=06/15 19:34:01, total cpu=0:00:00.0, real=0:00:00.0, peak res=1392.3M, current mem=1392.3M)
% Begin Save routing data ... (date=06/15 19:34:01, mem=1392.3M)
Saving route file ...
*** Completed saveRoute (cpu=0:00:00.0 real=0:00:02.0 mem=1894.3M) ***
% End Save routing data ... (date=06/15 19:34:03, total cpu=0:00:00.0, real=0:00:02.0, peak res=1392.6M, current mem=1392.6M)
Saving property file DBS/cts.enc.dat/RISC_V3.prop
*** Completed saveProperty (cpu=0:00:00.0 real=0:00:00.0 mem=1897.3M) ***
#Saving pin access data to file DBS/cts.enc.dat/RISC_V3.apa ...
#
Saving preRoute extracted patterns in file 'DBS/cts.enc.dat/RISC_V3.techData.gz' ...
Saving preRoute extraction data in directory 'DBS/cts.enc.dat/extraction/' ...
% Begin Save power constraints data ... (date=06/15 19:34:04, mem=1394.4M)
% End Save power constraints data ... (date=06/15 19:34:04, total cpu=0:00:00.0, real=0:00:00.0, peak res=1394.5M, current mem=1394.5M)
rctypical
rctypical
rctypical
Generated self-contained design cts.enc.dat
#% End save design ... (date=06/15 19:34:05, total cpu=0:00:01.5, real=0:00:10.0, peak res=1422.6M, current mem=1397.6M)
*** Message Summary: 0 warning(s), 0 error(s)


*** Memory Usage v#1 (Current mem = 1955.684M, initial mem = 478.109M) ***
*** Message Summary: 40 warning(s), 0 error(s)

--- Ending "Innovus" (totcpu=0:01:02, real=0:01:37, mem=1955.7M) ---
